id_evento,codigo,nombre,fecha_inicio,fecha_fin,departamento_pcode,municipio_pcode,lugar_detallado,organizador
1,EVT_GT0401_0000,Feria de la Artesanía Tradicional en Chimaltenango - Edición 2024 - Ref 1,2024-11-12,2024-11-15,GT04,GT0401,Plaza Central de Chimaltenango,Municipalidad de Chimaltenango y Comité de Cultura
2,EVT_GT0402_0001,Festival del Tejido Maya y Jaspe en San José Poaquil - Edición 2025 - Ref 2,2025-11-12,2025-11-15,GT04,GT0402,Plaza Central de San José Poaquil,Municipalidad de San José Poaquil y Comité de Cultura
3,EVT_GT0403_0002,Encuentro Regional de Pintores en San Martín Jilotepeque - Edición 2020 - Ref 3,2020-11-12,2020-11-15,GT04,GT0403,Plaza Central de San Martín Jilotepeque,Municipalidad de San Martín Jilotepeque y Comité de Cultura
4,EVT_GT0404_0003,Festival Nacional de la Marimba en Comalapa - Edición 2022 - Ref 4,2022-11-12,2022-11-15,GT04,GT0404,Plaza Central de Comalapa,Municipalidad de Comalapa y Comité de Cultura
5,EVT_GT0405_0004,Exposición Colectiva de Escultura en Santa Apolonia - Edición 2025 - Ref 5,2025-11-12,2025-11-15,GT04,GT0405,Plaza Central de Santa Apolonia,Municipalidad de Santa Apolonia y Comité de Cultura
6,EVT_GT0406_0005,Feria de la Artesanía Tradicional en Tecpán Guatemala - Edición 2025 - Ref 6,2025-11-12,2025-11-15,GT04,GT0406,Plaza Central de Tecpán Guatemala,Municipalidad de Tecpán Guatemala y Comité de Cultura
7,EVT_GT0407_0006,Festival del Tejido Maya y Jaspe en Patzún - Edición 2018 - Ref 7,2018-11-12,2018-11-15,GT04,GT0407,Plaza Central de Patzún,Municipalidad de Patzún y Comité de Cultura
8,EVT_GT0408_0007,Encuentro Regional de Pintores en Pochuta - Edición 2021 - Ref 8,2021-11-12,2021-11-15,GT04,GT0408,Plaza Central de Pochuta,Municipalidad de Pochuta y Comité de Cultura
9,EVT_GT0409_0008,Festival Nacional de la Marimba en Patzicía - Edición 2025 - Ref 9,2025-11-12,2025-11-15,GT04,GT0409,Plaza Central de Patzicía,Municipalidad de Patzicía y Comité de Cultura
10,EVT_GT0410_0009,Exposición Colectiva de Escultura en Santa Cruz Balanyá - Edición 2018 - Ref 10,2018-11-12,2018-11-15,GT04,GT0410,Plaza Central de Santa Cruz Balanyá,Municipalidad de Santa Cruz Balanyá y Comité de Cultura
11,EVT_GT0411_0010,Feria de la Artesanía Tradicional en Acatenango - Edición 2018 - Ref 11,2018-11-12,2018-11-15,GT04,GT0411,Plaza Central de Acatenango,Municipalidad de Acatenango y Comité de Cultura
12,EVT_GT0412_0011,Festival del Tejido Maya y Jaspe en Yepocapa - Edición 2025 - Ref 12,2025-11-12,2025-11-15,GT04,GT0412,Plaza Central de Yepocapa,Municipalidad de Yepocapa y Comité de Cultura
13,EVT_GT0413_0012,Encuentro Regional de Pintores en San Andrés Itzapa - Edición 2023 - Ref 13,2023-11-12,2023-11-15,GT04,GT0413,Plaza Central de San Andrés Itzapa,Municipalidad de San Andrés Itzapa y Comité de Cultura
14,EVT_GT0414_0013,Festival Nacional de la Marimba en Parramos - Edición 2025 - Ref 14,2025-11-12,2025-11-15,GT04,GT0414,Plaza Central de Parramos,Municipalidad de Parramos y Comité de Cultura
15,EVT_GT0415_0014,Exposición Colectiva de Escultura en Zaragoza - Edición 2018 - Ref 15,2018-11-12,2018-11-15,GT04,GT0415,Plaza Central de Zaragoza,Municipalidad de Zaragoza y Comité de Cultura
16,EVT_GT0416_0015,Feria de la Artesanía Tradicional en El Tejar - Edición 2020 - Ref 16,2020-11-12,2020-11-15,GT04,GT0416,Plaza Central de El Tejar,Municipalidad de El Tejar y Comité de Cultura
17,EVT_GT0700_0016,Festival del Tejido Maya y Jaspe en Lago De Atitlan - Edición 2022 - Ref 17,2022-11-12,2022-11-15,GT07,GT0700,Plaza Central de Lago De Atitlan,Municipalidad de Lago De Atitlan y Comité de Cultura
18,EVT_GT0701_0017,Encuentro Regional de Pintores en Sololá - Edición 2025 - Ref 18,2025-11-12,2025-11-15,GT07,GT0701,Plaza Central de Sololá,Municipalidad de Sololá y Comité de Cultura
19,EVT_GT0702_0018,Festival Nacional de la Marimba en San José Chacayá - Edición 2018 - Ref 19,2018-11-12,2018-11-15,GT07,GT0702,Plaza Central de San José Chacayá,Municipalidad de San José Chacayá y Comité de Cultura
20,EVT_GT0703_0019,Exposición Colectiva de Escultura en Santa María Visitación - Edición 2018 - Ref 20,2018-11-12,2018-11-15,GT07,GT0703,Plaza Central de Santa María Visitación,Municipalidad de Santa María Visitación y Comité de Cultura
21,EVT_GT0704_0020,Feria de la Artesanía Tradicional en Santa Lucía Utatlán - Edición 2021 - Ref 21,2021-11-12,2021-11-15,GT07,GT0704,Plaza Central de Santa Lucía Utatlán,Municipalidad de Santa Lucía Utatlán y Comité de Cultura
22,EVT_GT0705_0021,Festival del Tejido Maya y Jaspe en Nahualá - Edición 2024 - Ref 22,2024-11-12,2024-11-15,GT07,GT0705,Plaza Central de Nahualá,Municipalidad de Nahualá y Comité de Cultura
23,EVT_GT0706_0022,Encuentro Regional de Pintores en Santa Catarina Ixtahuacán - Edición 2022 - Ref 23,2022-11-12,2022-11-15,GT07,GT0706,Plaza Central de Santa Catarina Ixtahuacán,Municipalidad de Santa Catarina Ixtahuacán y Comité de Cultura
24,EVT_GT0707_0023,Festival Nacional de la Marimba en Santa Clara La Laguna - Edición 2020 - Ref 24,2020-11-12,2020-11-15,GT07,GT0707,Plaza Central de Santa Clara La Laguna,Municipalidad de Santa Clara La Laguna y Comité de Cultura
25,EVT_GT0708_0024,Exposición Colectiva de Escultura en Concepción - Edición 2020 - Ref 25,2020-11-12,2020-11-15,GT07,GT0708,Plaza Central de Concepción,Municipalidad de Concepción y Comité de Cultura
26,EVT_GT0709_0025,Feria de la Artesanía Tradicional en San Andrés Semetabaj - Edición 2018 - Ref 26,2018-11-12,2018-11-15,GT07,GT0709,Plaza Central de San Andrés Semetabaj,Municipalidad de San Andrés Semetabaj y Comité de Cultura
27,EVT_GT0710_0026,Festival del Tejido Maya y Jaspe en Panajachel - Edición 2018 - Ref 27,2018-11-12,2018-11-15,GT07,GT0710,Plaza Central de Panajachel,Municipalidad de Panajachel y Comité de Cultura
28,EVT_GT0711_0027,Encuentro Regional de Pintores en Santa Catarina Palopó - Edición 2024 - Ref 28,2024-11-12,2024-11-15,GT07,GT0711,Plaza Central de Santa Catarina Palopó,Municipalidad de Santa Catarina Palopó y Comité de Cultura
29,EVT_GT0712_0028,Festival Nacional de la Marimba en San Antonio Palopó - Edición 2021 - Ref 29,2021-11-12,2021-11-15,GT07,GT0712,Plaza Central de San Antonio Palopó,Municipalidad de San Antonio Palopó y Comité de Cultura
30,EVT_GT0713_0029,Exposición Colectiva de Escultura en San Lucas Tolimán - Edición 2020 - Ref 30,2020-11-12,2020-11-15,GT07,GT0713,Plaza Central de San Lucas Tolimán,Municipalidad de San Lucas Tolimán y Comité de Cultura
31,EVT_GT0714_0030,Feria de la Artesanía Tradicional en Santa Cruz La Laguna - Edición 2019 - Ref 31,2019-11-12,2019-11-15,GT07,GT0714,Plaza Central de Santa Cruz La Laguna,Municipalidad de Santa Cruz La Laguna y Comité de Cultura
32,EVT_GT0715_0031,Festival del Tejido Maya y Jaspe en San Pablo La Laguna - Edición 2024 - Ref 32,2024-11-12,2024-11-15,GT07,GT0715,Plaza Central de San Pablo La Laguna,Municipalidad de San Pablo La Laguna y Comité de Cultura
33,EVT_GT0716_0032,Encuentro Regional de Pintores en San Marcos La Laguna - Edición 2025 - Ref 33,2025-11-12,2025-11-15,GT07,GT0716,Plaza Central de San Marcos La Laguna,Municipalidad de San Marcos La Laguna y Comité de Cultura
34,EVT_GT0717_0033,Festival Nacional de la Marimba en San Juan La Laguna - Edición 2019 - Ref 34,2019-11-12,2019-11-15,GT07,GT0717,Plaza Central de San Juan La Laguna,Municipalidad de San Juan La Laguna y Comité de Cultura
35,EVT_GT0718_0034,Exposición Colectiva de Escultura en San Pedro La Laguna - Edición 2022 - Ref 35,2022-11-12,2022-11-15,GT07,GT0718,Plaza Central de San Pedro La Laguna,Municipalidad de San Pedro La Laguna y Comité de Cultura
36,EVT_GT0719_0035,Feria de la Artesanía Tradicional en Santiago Atitlán - Edición 2025 - Ref 36,2025-11-12,2025-11-15,GT07,GT0719,Plaza Central de Santiago Atitlán,Municipalidad de Santiago Atitlán y Comité de Cultura
37,EVT_GT0801_0036,Festival del Tejido Maya y Jaspe en Totonicapán - Edición 2019 - Ref 37,2019-11-12,2019-11-15,GT08,GT0801,Plaza Central de Totonicapán,Municipalidad de Totonicapán y Comité de Cultura
38,EVT_GT0802_0037,Encuentro Regional de Pintores en San Cristóbal Totonicapán - Edición 2020 - Ref 38,2020-11-12,2020-11-15,GT08,GT0802,Plaza Central de San Cristóbal Totonicapán,Municipalidad de San Cristóbal Totonicapán y Comité de Cultura
39,EVT_GT0803_0038,Festival Nacional de la Marimba en San Francisco El Alto - Edición 2019 - Ref 39,2019-11-12,2019-11-15,GT08,GT0803,Plaza Central de San Francisco El Alto,Municipalidad de San Francisco El Alto y Comité de Cultura
40,EVT_GT0804_0039,Exposición Colectiva de Escultura en San Andrés Xecul - Edición 2018 - Ref 40,2018-11-12,2018-11-15,GT08,GT0804,Plaza Central de San Andrés Xecul,Municipalidad de San Andrés Xecul y Comité de Cultura
41,EVT_GT0805_0040,Feria de la Artesanía Tradicional en Momostenango - Edición 2023 - Ref 41,2023-11-12,2023-11-15,GT08,GT0805,Plaza Central de Momostenango,Municipalidad de Momostenango y Comité de Cultura
42,EVT_GT0806_0041,Festival del Tejido Maya y Jaspe en Santa María Chiquimula - Edición 2023 - Ref 42,2023-11-12,2023-11-15,GT08,GT0806,Plaza Central de Santa María Chiquimula,Municipalidad de Santa María Chiquimula y Comité de Cultura
43,EVT_GT0807_0042,Encuentro Regional de Pintores en Santa Lucía La Reforma - Edición 2018 - Ref 43,2018-11-12,2018-11-15,GT08,GT0807,Plaza Central de Santa Lucía La Reforma,Municipalidad de Santa Lucía La Reforma y Comité de Cultura
44,EVT_GT0808_0043,Festival Nacional de la Marimba en San Bartolo - Edición 2024 - Ref 44,2024-11-12,2024-11-15,GT08,GT0808,Plaza Central de San Bartolo,Municipalidad de San Bartolo y Comité de Cultura
45,EVT_GT0901_0044,Exposición Colectiva de Escultura en Quetzaltenango - Edición 2020 - Ref 45,2020-11-12,2020-11-15,GT09,GT0901,Plaza Central de Quetzaltenango,Municipalidad de Quetzaltenango y Comité de Cultura
46,EVT_GT0902_0045,Feria de la Artesanía Tradicional en Salcajá - Edición 2018 - Ref 46,2018-11-12,2018-11-15,GT09,GT0902,Plaza Central de Salcajá,Municipalidad de Salcajá y Comité de Cultura
47,EVT_GT0903_0046,Festival del Tejido Maya y Jaspe en Olintepeque - Edición 2024 - Ref 47,2024-11-12,2024-11-15,GT09,GT0903,Plaza Central de Olintepeque,Municipalidad de Olintepeque y Comité de Cultura
48,EVT_GT0904_0047,Encuentro Regional de Pintores en San Carlos Sija - Edición 2025 - Ref 48,2025-11-12,2025-11-15,GT09,GT0904,Plaza Central de San Carlos Sija,Municipalidad de San Carlos Sija y Comité de Cultura
49,EVT_GT0905_0048,Festival Nacional de la Marimba en Sibilia - Edición 2018 - Ref 49,2018-11-12,2018-11-15,GT09,GT0905,Plaza Central de Sibilia,Municipalidad de Sibilia y Comité de Cultura
50,EVT_GT0906_0049,Exposición Colectiva de Escultura en Cabricán - Edición 2018 - Ref 50,2018-11-12,2018-11-15,GT09,GT0906,Plaza Central de Cabricán,Municipalidad de Cabricán y Comité de Cultura
51,EVT_GT0907_0050,Feria de la Artesanía Tradicional en Cajolá - Edición 2018 - Ref 51,2018-11-12,2018-11-15,GT09,GT0907,Plaza Central de Cajolá,Municipalidad de Cajolá y Comité de Cultura
52,EVT_GT0908_0051,Festival del Tejido Maya y Jaspe en San Miguel Sigüila - Edición 2021 - Ref 52,2021-11-12,2021-11-15,GT09,GT0908,Plaza Central de San Miguel Sigüila,Municipalidad de San Miguel Sigüila y Comité de Cultura
53,EVT_GT0909_0052,Encuentro Regional de Pintores en Ostuncalco - Edición 2023 - Ref 53,2023-11-12,2023-11-15,GT09,GT0909,Plaza Central de Ostuncalco,Municipalidad de Ostuncalco y Comité de Cultura
54,EVT_GT0910_0053,Festival Nacional de la Marimba en San Mateo - Edición 2025 - Ref 54,2025-11-12,2025-11-15,GT09,GT0910,Plaza Central de San Mateo,Municipalidad de San Mateo y Comité de Cultura
55,EVT_GT0911_0054,Exposición Colectiva de Escultura en Concepción Chiquirichapa - Edición 2020 - Ref 55,2020-11-12,2020-11-15,GT09,GT0911,Plaza Central de Concepción Chiquirichapa,Municipalidad de Concepción Chiquirichapa y Comité de Cultura
56,EVT_GT0912_0055,Feria de la Artesanía Tradicional en San Martín Sacatepéquez - Edición 2025 - Ref 56,2025-11-12,2025-11-15,GT09,GT0912,Plaza Central de San Martín Sacatepéquez,Municipalidad de San Martín Sacatepéquez y Comité de Cultura
57,EVT_GT0913_0056,Festival del Tejido Maya y Jaspe en Almolonga - Edición 2018 - Ref 57,2018-11-12,2018-11-15,GT09,GT0913,Plaza Central de Almolonga,Municipalidad de Almolonga y Comité de Cultura
58,EVT_GT0914_0057,Encuentro Regional de Pintores en Cantel - Edición 2024 - Ref 58,2024-11-12,2024-11-15,GT09,GT0914,Plaza Central de Cantel,Municipalidad de Cantel y Comité de Cultura
59,EVT_GT0915_0058,Festival Nacional de la Marimba en Huitán - Edición 2020 - Ref 59,2020-11-12,2020-11-15,GT09,GT0915,Plaza Central de Huitán,Municipalidad de Huitán y Comité de Cultura
60,EVT_GT0916_0059,Exposición Colectiva de Escultura en Zunil - Edición 2024 - Ref 60,2024-11-12,2024-11-15,GT09,GT0916,Plaza Central de Zunil,Municipalidad de Zunil y Comité de Cultura
61,EVT_GT0917_0060,Feria de la Artesanía Tradicional en Colomba - Edición 2023 - Ref 61,2023-11-12,2023-11-15,GT09,GT0917,Plaza Central de Colomba,Municipalidad de Colomba y Comité de Cultura
62,EVT_GT0918_0061,Festival del Tejido Maya y Jaspe en San Francisco La Unión - Edición 2023 - Ref 62,2023-11-12,2023-11-15,GT09,GT0918,Plaza Central de San Francisco La Unión,Municipalidad de San Francisco La Unión y Comité de Cultura
63,EVT_GT0919_0062,Encuentro Regional de Pintores en El Palmar - Edición 2019 - Ref 63,2019-11-12,2019-11-15,GT09,GT0919,Plaza Central de El Palmar,Municipalidad de El Palmar y Comité de Cultura
64,EVT_GT0920_0063,Festival Nacional de la Marimba en Coatepeque - Edición 2025 - Ref 64,2025-11-12,2025-11-15,GT09,GT0920,Plaza Central de Coatepeque,Municipalidad de Coatepeque y Comité de Cultura
65,EVT_GT0921_0064,Exposición Colectiva de Escultura en Génova - Edición 2024 - Ref 65,2024-11-12,2024-11-15,GT09,GT0921,Plaza Central de Génova,Municipalidad de Génova y Comité de Cultura
66,EVT_GT0922_0065,Feria de la Artesanía Tradicional en Flores Costa Cuca - Edición 2019 - Ref 66,2019-11-12,2019-11-15,GT09,GT0922,Plaza Central de Flores Costa Cuca,Municipalidad de Flores Costa Cuca y Comité de Cultura
67,EVT_GT0923_0066,Festival del Tejido Maya y Jaspe en La Esperanza - Edición 2024 - Ref 67,2024-11-12,2024-11-15,GT09,GT0923,Plaza Central de La Esperanza,Municipalidad de La Esperanza y Comité de Cultura
68,EVT_GT0924_0067,Encuentro Regional de Pintores en Palestina de Los Altos - Edición 2022 - Ref 68,2022-11-12,2022-11-15,GT09,GT0924,Plaza Central de Palestina de Los Altos,Municipalidad de Palestina de Los Altos y Comité de Cultura
69,EVT_GT1201_0068,Festival Nacional de la Marimba en San Marcos - Edición 2020 - Ref 69,2020-11-12,2020-11-15,GT12,GT1201,Plaza Central de San Marcos,Municipalidad de San Marcos y Comité de Cultura
70,EVT_GT1202_0069,Exposición Colectiva de Escultura en San Pedro Sacatepéquez - Edición 2022 - Ref 70,2022-11-12,2022-11-15,GT12,GT1202,Plaza Central de San Pedro Sacatepéquez,Municipalidad de San Pedro Sacatepéquez y Comité de Cultura
71,EVT_GT1203_0070,Feria de la Artesanía Tradicional en San Antonio Sacatepéquez - Edición 2024 - Ref 71,2024-11-12,2024-11-15,GT12,GT1203,Plaza Central de San Antonio Sacatepéquez,Municipalidad de San Antonio Sacatepéquez y Comité de Cultura
72,EVT_GT1204_0071,Festival del Tejido Maya y Jaspe en Comitancillo - Edición 2019 - Ref 72,2019-11-12,2019-11-15,GT12,GT1204,Plaza Central de Comitancillo,Municipalidad de Comitancillo y Comité de Cultura
73,EVT_GT1205_0072,Encuentro Regional de Pintores en San Miguel Ixtahuacán - Edición 2023 - Ref 73,2023-11-12,2023-11-15,GT12,GT1205,Plaza Central de San Miguel Ixtahuacán,Municipalidad de San Miguel Ixtahuacán y Comité de Cultura
74,EVT_GT1206_0073,Festival Nacional de la Marimba en Concepción Tutuapa - Edición 2024 - Ref 74,2024-11-12,2024-11-15,GT12,GT1206,Plaza Central de Concepción Tutuapa,Municipalidad de Concepción Tutuapa y Comité de Cultura
75,EVT_GT1207_0074,Exposición Colectiva de Escultura en Tacaná - Edición 2018 - Ref 75,2018-11-12,2018-11-15,GT12,GT1207,Plaza Central de Tacaná,Municipalidad de Tacaná y Comité de Cultura
76,EVT_GT1208_0075,Feria de la Artesanía Tradicional en Sibinal - Edición 2018 - Ref 76,2018-11-12,2018-11-15,GT12,GT1208,Plaza Central de Sibinal,Municipalidad de Sibinal y Comité de Cultura
77,EVT_GT1209_0076,Festival del Tejido Maya y Jaspe en Tajumulco - Edición 2022 - Ref 77,2022-11-12,2022-11-15,GT12,GT1209,Plaza Central de Tajumulco,Municipalidad de Tajumulco y Comité de Cultura
78,EVT_GT1210_0077,Encuentro Regional de Pintores en Tejutla - Edición 2020 - Ref 78,2020-11-12,2020-11-15,GT12,GT1210,Plaza Central de Tejutla,Municipalidad de Tejutla y Comité de Cultura
79,EVT_GT1211_0078,Festival Nacional de la Marimba en San Rafael Pie de la Cuesta - Edición 2022 - Ref 79,2022-11-12,2022-11-15,GT12,GT1211,Plaza Central de San Rafael Pie de la Cuesta,Municipalidad de San Rafael Pie de la Cuesta y Comité de Cultura
80,EVT_GT1212_0079,Exposición Colectiva de Escultura en Nuevo Progreso - Edición 2022 - Ref 80,2022-11-12,2022-11-15,GT12,GT1212,Plaza Central de Nuevo Progreso,Municipalidad de Nuevo Progreso y Comité de Cultura
81,EVT_GT1213_0080,Feria de la Artesanía Tradicional en El Tumbador - Edición 2022 - Ref 81,2022-11-12,2022-11-15,GT12,GT1213,Plaza Central de El Tumbador,Municipalidad de El Tumbador y Comité de Cultura
82,EVT_GT1214_0081,Festival del Tejido Maya y Jaspe en El Rodeo - Edición 2021 - Ref 82,2021-11-12,2021-11-15,GT12,GT1214,Plaza Central de El Rodeo,Municipalidad de El Rodeo y Comité de Cultura
83,EVT_GT1215_0082,Encuentro Regional de Pintores en Malacatán - Edición 2021 - Ref 83,2021-11-12,2021-11-15,GT12,GT1215,Plaza Central de Malacatán,Municipalidad de Malacatán y Comité de Cultura
84,EVT_GT1216_0083,Festival Nacional de la Marimba en Catarina - Edición 2024 - Ref 84,2024-11-12,2024-11-15,GT12,GT1216,Plaza Central de Catarina,Municipalidad de Catarina y Comité de Cultura
85,EVT_GT1217_0084,Exposición Colectiva de Escultura en Ayutla - Edición 2018 - Ref 85,2018-11-12,2018-11-15,GT12,GT1217,Plaza Central de Ayutla,Municipalidad de Ayutla y Comité de Cultura
86,EVT_GT1218_0085,Feria de la Artesanía Tradicional en Ocós - Edición 2022 - Ref 86,2022-11-12,2022-11-15,GT12,GT1218,Plaza Central de Ocós,Municipalidad de Ocós y Comité de Cultura
87,EVT_GT1219_0086,Festival del Tejido Maya y Jaspe en San Pablo - Edición 2021 - Ref 87,2021-11-12,2021-11-15,GT12,GT1219,Plaza Central de San Pablo,Municipalidad de San Pablo y Comité de Cultura
88,EVT_GT1220_0087,Encuentro Regional de Pintores en El Quetzal - Edición 2023 - Ref 88,2023-11-12,2023-11-15,GT12,GT1220,Plaza Central de El Quetzal,Municipalidad de El Quetzal y Comité de Cultura
89,EVT_GT1221_0088,Festival Nacional de la Marimba en La Reforma - Edición 2025 - Ref 89,2025-11-12,2025-11-15,GT12,GT1221,Plaza Central de La Reforma,Municipalidad de La Reforma y Comité de Cultura
90,EVT_GT1222_0089,Exposición Colectiva de Escultura en Pajapita - Edición 2024 - Ref 90,2024-11-12,2024-11-15,GT12,GT1222,Plaza Central de Pajapita,Municipalidad de Pajapita y Comité de Cultura
91,EVT_GT1223_0090,Feria de la Artesanía Tradicional en Ixchiguán - Edición 2020 - Ref 91,2020-11-12,2020-11-15,GT12,GT1223,Plaza Central de Ixchiguán,Municipalidad de Ixchiguán y Comité de Cultura
92,EVT_GT1224_0091,Festival del Tejido Maya y Jaspe en San José Ojetenam - Edición 2023 - Ref 92,2023-11-12,2023-11-15,GT12,GT1224,Plaza Central de San José Ojetenam,Municipalidad de San José Ojetenam y Comité de Cultura
93,EVT_GT1225_0092,Encuentro Regional de Pintores en San Cristóbal Cucho - Edición 2025 - Ref 93,2025-11-12,2025-11-15,GT12,GT1225,Plaza Central de San Cristóbal Cucho,Municipalidad de San Cristóbal Cucho y Comité de Cultura
94,EVT_GT1226_0093,Festival Nacional de la Marimba en Sipacapa - Edición 2020 - Ref 94,2020-11-12,2020-11-15,GT12,GT1226,Plaza Central de Sipacapa,Municipalidad de Sipacapa y Comité de Cultura
95,EVT_GT1227_0094,Exposición Colectiva de Escultura en Esquipulas Palo Gordo - Edición 2018 - Ref 95,2018-11-12,2018-11-15,GT12,GT1227,Plaza Central de Esquipulas Palo Gordo,Municipalidad de Esquipulas Palo Gordo y Comité de Cultura
96,EVT_GT1228_0095,Feria de la Artesanía Tradicional en Río Blanco - Edición 2020 - Ref 96,2020-11-12,2020-11-15,GT12,GT1228,Plaza Central de Río Blanco,Municipalidad de Río Blanco y Comité de Cultura
97,EVT_GT1229_0096,Festival del Tejido Maya y Jaspe en San Lorenzo - Edición 2024 - Ref 97,2024-11-12,2024-11-15,GT12,GT1229,Plaza Central de San Lorenzo,Municipalidad de San Lorenzo y Comité de Cultura
98,EVT_GT1230_0097,Encuentro Regional de Pintores en La Blanca - Edición 2021 - Ref 98,2021-11-12,2021-11-15,GT12,GT1230,Plaza Central de La Blanca,Municipalidad de La Blanca y Comité de Cultura
99,EVT_GT1301_0098,Festival Nacional de la Marimba en Huehuetenango - Edición 2021 - Ref 99,2021-11-12,2021-11-15,GT13,GT1301,Plaza Central de Huehuetenango,Municipalidad de Huehuetenango y Comité de Cultura
100,EVT_GT1302_0099,Exposición Colectiva de Escultura en Chiantla - Edición 2019 - Ref 100,2019-11-12,2019-11-15,GT13,GT1302,Plaza Central de Chiantla,Municipalidad de Chiantla y Comité de Cultura
101,EVT_GT1303_0100,Feria de la Artesanía Tradicional en Malacatancito - Edición 2020 - Ref 101,2020-11-12,2020-11-15,GT13,GT1303,Plaza Central de Malacatancito,Municipalidad de Malacatancito y Comité de Cultura
102,EVT_GT1304_0101,Festival del Tejido Maya y Jaspe en Cuilco - Edición 2020 - Ref 102,2020-11-12,2020-11-15,GT13,GT1304,Plaza Central de Cuilco,Municipalidad de Cuilco y Comité de Cultura
103,EVT_GT1305_0102,Encuentro Regional de Pintores en Nentón - Edición 2021 - Ref 103,2021-11-12,2021-11-15,GT13,GT1305,Plaza Central de Nentón,Municipalidad de Nentón y Comité de Cultura
104,EVT_GT1306_0103,Festival Nacional de la Marimba en San Pedro Necta - Edición 2024 - Ref 104,2024-11-12,2024-11-15,GT13,GT1306,Plaza Central de San Pedro Necta,Municipalidad de San Pedro Necta y Comité de Cultura
105,EVT_GT1307_0104,Exposición Colectiva de Escultura en Jacaltenango - Edición 2024 - Ref 105,2024-11-12,2024-11-15,GT13,GT1307,Plaza Central de Jacaltenango,Municipalidad de Jacaltenango y Comité de Cultura
106,EVT_GT1308_0105,Feria de la Artesanía Tradicional en Soloma - Edición 2020 - Ref 106,2020-11-12,2020-11-15,GT13,GT1308,Plaza Central de Soloma,Municipalidad de Soloma y Comité de Cultura
107,EVT_GT1309_0106,Festival del Tejido Maya y Jaspe en Ixtahuacán - Edición 2024 - Ref 107,2024-11-12,2024-11-15,GT13,GT1309,Plaza Central de Ixtahuacán,Municipalidad de Ixtahuacán y Comité de Cultura
108,EVT_GT1310_0107,Encuentro Regional de Pintores en Santa Bárbara - Edición 2025 - Ref 108,2025-11-12,2025-11-15,GT13,GT1310,Plaza Central de Santa Bárbara,Municipalidad de Santa Bárbara y Comité de Cultura
109,EVT_GT1311_0108,Festival Nacional de la Marimba en La Libertad - Edición 2022 - Ref 109,2022-11-12,2022-11-15,GT13,GT1311,Plaza Central de La Libertad,Municipalidad de La Libertad y Comité de Cultura
110,EVT_GT1312_0109,Exposición Colectiva de Escultura en La Democracia - Edición 2020 - Ref 110,2020-11-12,2020-11-15,GT13,GT1312,Plaza Central de La Democracia,Municipalidad de La Democracia y Comité de Cultura
111,EVT_GT1313_0110,Feria de la Artesanía Tradicional en San Miguel Acatán - Edición 2025 - Ref 111,2025-11-12,2025-11-15,GT13,GT1313,Plaza Central de San Miguel Acatán,Municipalidad de San Miguel Acatán y Comité de Cultura
112,EVT_GT1314_0111,Festival del Tejido Maya y Jaspe en San Rafael La Independencia - Edición 2020 - Ref 112,2020-11-12,2020-11-15,GT13,GT1314,Plaza Central de San Rafael La Independencia,Municipalidad de San Rafael La Independencia y Comité de Cultura
113,EVT_GT1315_0112,Encuentro Regional de Pintores en Todos Santos Cuchumatán - Edición 2021 - Ref 113,2021-11-12,2021-11-15,GT13,GT1315,Plaza Central de Todos Santos Cuchumatán,Municipalidad de Todos Santos Cuchumatán y Comité de Cultura
114,EVT_GT1316_0113,Festival Nacional de la Marimba en San Juan Atitán - Edición 2025 - Ref 114,2025-11-12,2025-11-15,GT13,GT1316,Plaza Central de San Juan Atitán,Municipalidad de San Juan Atitán y Comité de Cultura
115,EVT_GT1317_0114,Exposición Colectiva de Escultura en Santa Eulalia - Edición 2021 - Ref 115,2021-11-12,2021-11-15,GT13,GT1317,Plaza Central de Santa Eulalia,Municipalidad de Santa Eulalia y Comité de Cultura
116,EVT_GT1318_0115,Feria de la Artesanía Tradicional en San Mateo Ixtatán - Edición 2025 - Ref 116,2025-11-12,2025-11-15,GT13,GT1318,Plaza Central de San Mateo Ixtatán,Municipalidad de San Mateo Ixtatán y Comité de Cultura
117,EVT_GT1319_0116,Festival del Tejido Maya y Jaspe en Colotenango - Edición 2023 - Ref 117,2023-11-12,2023-11-15,GT13,GT1319,Plaza Central de Colotenango,Municipalidad de Colotenango y Comité de Cultura
118,EVT_GT1320_0117,Encuentro Regional de Pintores en San Sebastián Huehuetenango - Edición 2025 - Ref 118,2025-11-12,2025-11-15,GT13,GT1320,Plaza Central de San Sebastián Huehuetenango,Municipalidad de San Sebastián Huehuetenango y Comité de Cultura
119,EVT_GT1321_0118,Festival Nacional de la Marimba en Tectitán - Edición 2018 - Ref 119,2018-11-12,2018-11-15,GT13,GT1321,Plaza Central de Tectitán,Municipalidad de Tectitán y Comité de Cultura
120,EVT_GT1322_0119,Exposición Colectiva de Escultura en Concepción Huista - Edición 2025 - Ref 120,2025-11-12,2025-11-15,GT13,GT1322,Plaza Central de Concepción Huista,Municipalidad de Concepción Huista y Comité de Cultura
121,EVT_GT1323_0120,Feria de la Artesanía Tradicional en San Juan Ixcoy - Edición 2018 - Ref 121,2018-11-12,2018-11-15,GT13,GT1323,Plaza Central de San Juan Ixcoy,Municipalidad de San Juan Ixcoy y Comité de Cultura
122,EVT_GT1324_0121,Festival del Tejido Maya y Jaspe en San Antonio Huista - Edición 2021 - Ref 122,2021-11-12,2021-11-15,GT13,GT1324,Plaza Central de San Antonio Huista,Municipalidad de San Antonio Huista y Comité de Cultura
123,EVT_GT1325_0122,Encuentro Regional de Pintores en San Sebastián Coatán - Edición 2025 - Ref 123,2025-11-12,2025-11-15,GT13,GT1325,Plaza Central de San Sebastián Coatán,Municipalidad de San Sebastián Coatán y Comité de Cultura
124,EVT_GT1326_0123,Festival Nacional de la Marimba en Barillas - Edición 2018 - Ref 124,2018-11-12,2018-11-15,GT13,GT1326,Plaza Central de Barillas,Municipalidad de Barillas y Comité de Cultura
125,EVT_GT1327_0124,Exposición Colectiva de Escultura en Aguacatán - Edición 2021 - Ref 125,2021-11-12,2021-11-15,GT13,GT1327,Plaza Central de Aguacatán,Municipalidad de Aguacatán y Comité de Cultura
126,EVT_GT1328_0125,Feria de la Artesanía Tradicional en San Rafael Petzal - Edición 2022 - Ref 126,2022-11-12,2022-11-15,GT13,GT1328,Plaza Central de San Rafael Petzal,Municipalidad de San Rafael Petzal y Comité de Cultura
127,EVT_GT1329_0126,Festival del Tejido Maya y Jaspe en San Gaspar Ixchil - Edición 2020 - Ref 127,2020-11-12,2020-11-15,GT13,GT1329,Plaza Central de San Gaspar Ixchil,Municipalidad de San Gaspar Ixchil y Comité de Cultura
128,EVT_GT1330_0127,Encuentro Regional de Pintores en Santiago Chimaltenango - Edición 2019 - Ref 128,2019-11-12,2019-11-15,GT13,GT1330,Plaza Central de Santiago Chimaltenango,Municipalidad de Santiago Chimaltenango y Comité de Cultura
129,EVT_GT1331_0128,Festival Nacional de la Marimba en Santa Ana Huista - Edición 2022 - Ref 129,2022-11-12,2022-11-15,GT13,GT1331,Plaza Central de Santa Ana Huista,Municipalidad de Santa Ana Huista y Comité de Cultura
130,EVT_GT1332_0129,Exposición Colectiva de Escultura en Unión Cantinil - Edición 2021 - Ref 130,2021-11-12,2021-11-15,GT13,GT1332,Plaza Central de Unión Cantinil,Municipalidad de Unión Cantinil y Comité de Cultura
131,EVT_GT1333_0130,Feria de la Artesanía Tradicional en Petatán - Edición 2023 - Ref 131,2023-11-12,2023-11-15,GT13,GT1333,Plaza Central de Petatán,Municipalidad de Petatán y Comité de Cultura
132,EVT_GT1401_0131,Festival del Tejido Maya y Jaspe en Santa Cruz del Quiché - Edición 2021 - Ref 132,2021-11-12,2021-11-15,GT14,GT1401,Plaza Central de Santa Cruz del Quiché,Municipalidad de Santa Cruz del Quiché y Comité de Cultura
133,EVT_GT1402_0132,Encuentro Regional de Pintores en Chiché - Edición 2022 - Ref 133,2022-11-12,2022-11-15,GT14,GT1402,Plaza Central de Chiché,Municipalidad de Chiché y Comité de Cultura
134,EVT_GT1403_0133,Festival Nacional de la Marimba en Chinique - Edición 2024 - Ref 134,2024-11-12,2024-11-15,GT14,GT1403,Plaza Central de Chinique,Municipalidad de Chinique y Comité de Cultura
135,EVT_GT1404_0134,Exposición Colectiva de Escultura en Zacualpa - Edición 2021 - Ref 135,2021-11-12,2021-11-15,GT14,GT1404,Plaza Central de Zacualpa,Municipalidad de Zacualpa y Comité de Cultura
136,EVT_GT1405_0135,Feria de la Artesanía Tradicional en Chajul - Edición 2021 - Ref 136,2021-11-12,2021-11-15,GT14,GT1405,Plaza Central de Chajul,Municipalidad de Chajul y Comité de Cultura
137,EVT_GT1406_0136,Festival del Tejido Maya y Jaspe en Chichicastenango - Edición 2024 - Ref 137,2024-11-12,2024-11-15,GT14,GT1406,Plaza Central de Chichicastenango,Municipalidad de Chichicastenango y Comité de Cultura
138,EVT_GT1407_0137,Encuentro Regional de Pintores en Patzité - Edición 2025 - Ref 138,2025-11-12,2025-11-15,GT14,GT1407,Plaza Central de Patzité,Municipalidad de Patzité y Comité de Cultura
139,EVT_GT1408_0138,Festival Nacional de la Marimba en San Antonio Ilotenango - Edición 2025 - Ref 139,2025-11-12,2025-11-15,GT14,GT1408,Plaza Central de San Antonio Ilotenango,Municipalidad de San Antonio Ilotenango y Comité de Cultura
140,EVT_GT1409_0139,Exposición Colectiva de Escultura en San Pedro Jocopilas - Edición 2025 - Ref 140,2025-11-12,2025-11-15,GT14,GT1409,Plaza Central de San Pedro Jocopilas,Municipalidad de San Pedro Jocopilas y Comité de Cultura
141,EVT_GT1410_0140,Feria de la Artesanía Tradicional en Cunén - Edición 2023 - Ref 141,2023-11-12,2023-11-15,GT14,GT1410,Plaza Central de Cunén,Municipalidad de Cunén y Comité de Cultura
142,EVT_GT1411_0141,Festival del Tejido Maya y Jaspe en San Juan Cotzal - Edición 2024 - Ref 142,2024-11-12,2024-11-15,GT14,GT1411,Plaza Central de San Juan Cotzal,Municipalidad de San Juan Cotzal y Comité de Cultura
143,EVT_GT1412_0142,Encuentro Regional de Pintores en Joyabaj - Edición 2023 - Ref 143,2023-11-12,2023-11-15,GT14,GT1412,Plaza Central de Joyabaj,Municipalidad de Joyabaj y Comité de Cultura
144,EVT_GT1413_0143,Festival Nacional de la Marimba en Nebaj - Edición 2024 - Ref 144,2024-11-12,2024-11-15,GT14,GT1413,Plaza Central de Nebaj,Municipalidad de Nebaj y Comité de Cultura
145,EVT_GT1414_0144,Exposición Colectiva de Escultura en San Andrés Sajcabajá - Edición 2018 - Ref 145,2018-11-12,2018-11-15,GT14,GT1414,Plaza Central de San Andrés Sajcabajá,Municipalidad de San Andrés Sajcabajá y Comité de Cultura
146,EVT_GT1415_0145,Feria de la Artesanía Tradicional en Uspantán - Edición 2024 - Ref 146,2024-11-12,2024-11-15,GT14,GT1415,Plaza Central de Uspantán,Municipalidad de Uspantán y Comité de Cultura
147,EVT_GT1416_0146,Festival del Tejido Maya y Jaspe en Sacapulas - Edición 2024 - Ref 147,2024-11-12,2024-11-15,GT14,GT1416,Plaza Central de Sacapulas,Municipalidad de Sacapulas y Comité de Cultura
148,EVT_GT1417_0147,Encuentro Regional de Pintores en San Bartolomé Jocotenango - Edición 2020 - Ref 148,2020-11-12,2020-11-15,GT14,GT1417,Plaza Central de San Bartolomé Jocotenango,Municipalidad de San Bartolomé Jocotenango y Comité de Cultura
149,EVT_GT1418_0148,Festival Nacional de la Marimba en Canillá - Edición 2020 - Ref 149,2020-11-12,2020-11-15,GT14,GT1418,Plaza Central de Canillá,Municipalidad de Canillá y Comité de Cultura
150,EVT_GT1419_0149,Exposición Colectiva de Escultura en Chicamán - Edición 2019 - Ref 150,2019-11-12,2019-11-15,GT14,GT1419,Plaza Central de Chicamán,Municipalidad de Chicamán y Comité de Cultura
151,EVT_GT1420_0150,Feria de la Artesanía Tradicional en Ixcán - Edición 2025 - Ref 151,2025-11-12,2025-11-15,GT14,GT1420,Plaza Central de Ixcán,Municipalidad de Ixcán y Comité de Cultura
152,EVT_GT1421_0151,Festival del Tejido Maya y Jaspe en Pachalum - Edición 2023 - Ref 152,2023-11-12,2023-11-15,GT14,GT1421,Plaza Central de Pachalum,Municipalidad de Pachalum y Comité de Cultura
153,EVT_GT1501_0152,Encuentro Regional de Pintores en Salamá - Edición 2018 - Ref 153,2018-11-12,2018-11-15,GT15,GT1501,Plaza Central de Salamá,Municipalidad de Salamá y Comité de Cultura
154,EVT_GT1502_0153,Festival Nacional de la Marimba en San Miguel Chicaj - Edición 2019 - Ref 154,2019-11-12,2019-11-15,GT15,GT1502,Plaza Central de San Miguel Chicaj,Municipalidad de San Miguel Chicaj y Comité de Cultura
155,EVT_GT1503_0154,Exposición Colectiva de Escultura en Rabinal - Edición 2023 - Ref 155,2023-11-12,2023-11-15,GT15,GT1503,Plaza Central de Rabinal,Municipalidad de Rabinal y Comité de Cultura
156,EVT_GT1504_0155,Feria de la Artesanía Tradicional en Cubulco - Edición 2020 - Ref 156,2020-11-12,2020-11-15,GT15,GT1504,Plaza Central de Cubulco,Municipalidad de Cubulco y Comité de Cultura
157,EVT_GT1505_0156,Festival del Tejido Maya y Jaspe en Granados - Edición 2019 - Ref 157,2019-11-12,2019-11-15,GT15,GT1505,Plaza Central de Granados,Municipalidad de Granados y Comité de Cultura
158,EVT_GT1506_0157,Encuentro Regional de Pintores en El Chol - Edición 2019 - Ref 158,2019-11-12,2019-11-15,GT15,GT1506,Plaza Central de El Chol,Municipalidad de El Chol y Comité de Cultura
159,EVT_GT1507_0158,Festival Nacional de la Marimba en San Jerónimo - Edición 2024 - Ref 159,2024-11-12,2024-11-15,GT15,GT1507,Plaza Central de San Jerónimo,Municipalidad de San Jerónimo y Comité de Cultura
160,EVT_GT1508_0159,Exposición Colectiva de Escultura en Purulhá - Edición 2022 - Ref 160,2022-11-12,2022-11-15,GT15,GT1508,Plaza Central de Purulhá,Municipalidad de Purulhá y Comité de Cultura
161,EVT_GT0401_0160,Feria de la Artesanía Tradicional en Chimaltenango - Edición 2024 - Ref 161,2024-11-12,2024-11-15,GT04,GT0401,Plaza Central de Chimaltenango,Municipalidad de Chimaltenango y Comité de Cultura
162,EVT_GT0402_0161,Festival del Tejido Maya y Jaspe en San José Poaquil - Edición 2021 - Ref 162,2021-11-12,2021-11-15,GT04,GT0402,Plaza Central de San José Poaquil,Municipalidad de San José Poaquil y Comité de Cultura
163,EVT_GT0403_0162,Encuentro Regional de Pintores en San Martín Jilotepeque - Edición 2025 - Ref 163,2025-11-12,2025-11-15,GT04,GT0403,Plaza Central de San Martín Jilotepeque,Municipalidad de San Martín Jilotepeque y Comité de Cultura
164,EVT_GT0404_0163,Festival Nacional de la Marimba en Comalapa - Edición 2020 - Ref 164,2020-11-12,2020-11-15,GT04,GT0404,Plaza Central de Comalapa,Municipalidad de Comalapa y Comité de Cultura
165,EVT_GT0405_0164,Exposición Colectiva de Escultura en Santa Apolonia - Edición 2018 - Ref 165,2018-11-12,2018-11-15,GT04,GT0405,Plaza Central de Santa Apolonia,Municipalidad de Santa Apolonia y Comité de Cultura
166,EVT_GT0406_0165,Feria de la Artesanía Tradicional en Tecpán Guatemala - Edición 2020 - Ref 166,2020-11-12,2020-11-15,GT04,GT0406,Plaza Central de Tecpán Guatemala,Municipalidad de Tecpán Guatemala y Comité de Cultura
167,EVT_GT0407_0166,Festival del Tejido Maya y Jaspe en Patzún - Edición 2020 - Ref 167,2020-11-12,2020-11-15,GT04,GT0407,Plaza Central de Patzún,Municipalidad de Patzún y Comité de Cultura
168,EVT_GT0408_0167,Encuentro Regional de Pintores en Pochuta - Edición 2020 - Ref 168,2020-11-12,2020-11-15,GT04,GT0408,Plaza Central de Pochuta,Municipalidad de Pochuta y Comité de Cultura
169,EVT_GT0409_0168,Festival Nacional de la Marimba en Patzicía - Edición 2022 - Ref 169,2022-11-12,2022-11-15,GT04,GT0409,Plaza Central de Patzicía,Municipalidad de Patzicía y Comité de Cultura
170,EVT_GT0410_0169,Exposición Colectiva de Escultura en Santa Cruz Balanyá - Edición 2018 - Ref 170,2018-11-12,2018-11-15,GT04,GT0410,Plaza Central de Santa Cruz Balanyá,Municipalidad de Santa Cruz Balanyá y Comité de Cultura
171,EVT_GT0411_0170,Feria de la Artesanía Tradicional en Acatenango - Edición 2020 - Ref 171,2020-11-12,2020-11-15,GT04,GT0411,Plaza Central de Acatenango,Municipalidad de Acatenango y Comité de Cultura
172,EVT_GT0412_0171,Festival del Tejido Maya y Jaspe en Yepocapa - Edición 2022 - Ref 172,2022-11-12,2022-11-15,GT04,GT0412,Plaza Central de Yepocapa,Municipalidad de Yepocapa y Comité de Cultura
173,EVT_GT0413_0172,Encuentro Regional de Pintores en San Andrés Itzapa - Edición 2025 - Ref 173,2025-11-12,2025-11-15,GT04,GT0413,Plaza Central de San Andrés Itzapa,Municipalidad de San Andrés Itzapa y Comité de Cultura
174,EVT_GT0414_0173,Festival Nacional de la Marimba en Parramos - Edición 2025 - Ref 174,2025-11-12,2025-11-15,GT04,GT0414,Plaza Central de Parramos,Municipalidad de Parramos y Comité de Cultura
175,EVT_GT0415_0174,Exposición Colectiva de Escultura en Zaragoza - Edición 2024 - Ref 175,2024-11-12,2024-11-15,GT04,GT0415,Plaza Central de Zaragoza,Municipalidad de Zaragoza y Comité de Cultura
176,EVT_GT0416_0175,Feria de la Artesanía Tradicional en El Tejar - Edición 2025 - Ref 176,2025-11-12,2025-11-15,GT04,GT0416,Plaza Central de El Tejar,Municipalidad de El Tejar y Comité de Cultura
177,EVT_GT0700_0176,Festival del Tejido Maya y Jaspe en Lago De Atitlan - Edición 2025 - Ref 177,2025-11-12,2025-11-15,GT07,GT0700,Plaza Central de Lago De Atitlan,Municipalidad de Lago De Atitlan y Comité de Cultura
178,EVT_GT0701_0177,Encuentro Regional de Pintores en Sololá - Edición 2025 - Ref 178,2025-11-12,2025-11-15,GT07,GT0701,Plaza Central de Sololá,Municipalidad de Sololá y Comité de Cultura
179,EVT_GT0702_0178,Festival Nacional de la Marimba en San José Chacayá - Edición 2018 - Ref 179,2018-11-12,2018-11-15,GT07,GT0702,Plaza Central de San José Chacayá,Municipalidad de San José Chacayá y Comité de Cultura
180,EVT_GT0703_0179,Exposición Colectiva de Escultura en Santa María Visitación - Edición 2018 - Ref 180,2018-11-12,2018-11-15,GT07,GT0703,Plaza Central de Santa María Visitación,Municipalidad de Santa María Visitación y Comité de Cultura
181,EVT_GT0704_0180,Feria de la Artesanía Tradicional en Santa Lucía Utatlán - Edición 2022 - Ref 181,2022-11-12,2022-11-15,GT07,GT0704,Plaza Central de Santa Lucía Utatlán,Municipalidad de Santa Lucía Utatlán y Comité de Cultura
182,EVT_GT0705_0181,Festival del Tejido Maya y Jaspe en Nahualá - Edición 2021 - Ref 182,2021-11-12,2021-11-15,GT07,GT0705,Plaza Central de Nahualá,Municipalidad de Nahualá y Comité de Cultura
183,EVT_GT0706_0182,Encuentro Regional de Pintores en Santa Catarina Ixtahuacán - Edición 2023 - Ref 183,2023-11-12,2023-11-15,GT07,GT0706,Plaza Central de Santa Catarina Ixtahuacán,Municipalidad de Santa Catarina Ixtahuacán y Comité de Cultura
184,EVT_GT0707_0183,Festival Nacional de la Marimba en Santa Clara La Laguna - Edición 2025 - Ref 184,2025-11-12,2025-11-15,GT07,GT0707,Plaza Central de Santa Clara La Laguna,Municipalidad de Santa Clara La Laguna y Comité de Cultura
185,EVT_GT0708_0184,Exposición Colectiva de Escultura en Concepción - Edición 2025 - Ref 185,2025-11-12,2025-11-15,GT07,GT0708,Plaza Central de Concepción,Municipalidad de Concepción y Comité de Cultura
186,EVT_GT0709_0185,Feria de la Artesanía Tradicional en San Andrés Semetabaj - Edición 2021 - Ref 186,2021-11-12,2021-11-15,GT07,GT0709,Plaza Central de San Andrés Semetabaj,Municipalidad de San Andrés Semetabaj y Comité de Cultura
187,EVT_GT0710_0186,Festival del Tejido Maya y Jaspe en Panajachel - Edición 2024 - Ref 187,2024-11-12,2024-11-15,GT07,GT0710,Plaza Central de Panajachel,Municipalidad de Panajachel y Comité de Cultura
188,EVT_GT0711_0187,Encuentro Regional de Pintores en Santa Catarina Palopó - Edición 2019 - Ref 188,2019-11-12,2019-11-15,GT07,GT0711,Plaza Central de Santa Catarina Palopó,Municipalidad de Santa Catarina Palopó y Comité de Cultura
189,EVT_GT0712_0188,Festival Nacional de la Marimba en San Antonio Palopó - Edición 2019 - Ref 189,2019-11-12,2019-11-15,GT07,GT0712,Plaza Central de San Antonio Palopó,Municipalidad de San Antonio Palopó y Comité de Cultura
190,EVT_GT0713_0189,Exposición Colectiva de Escultura en San Lucas Tolimán - Edición 2018 - Ref 190,2018-11-12,2018-11-15,GT07,GT0713,Plaza Central de San Lucas Tolimán,Municipalidad de San Lucas Tolimán y Comité de Cultura
191,EVT_GT0714_0190,Feria de la Artesanía Tradicional en Santa Cruz La Laguna - Edición 2024 - Ref 191,2024-11-12,2024-11-15,GT07,GT0714,Plaza Central de Santa Cruz La Laguna,Municipalidad de Santa Cruz La Laguna y Comité de Cultura
192,EVT_GT0715_0191,Festival del Tejido Maya y Jaspe en San Pablo La Laguna - Edición 2018 - Ref 192,2018-11-12,2018-11-15,GT07,GT0715,Plaza Central de San Pablo La Laguna,Municipalidad de San Pablo La Laguna y Comité de Cultura
193,EVT_GT0716_0192,Encuentro Regional de Pintores en San Marcos La Laguna - Edición 2020 - Ref 193,2020-11-12,2020-11-15,GT07,GT0716,Plaza Central de San Marcos La Laguna,Municipalidad de San Marcos La Laguna y Comité de Cultura
194,EVT_GT0717_0193,Festival Nacional de la Marimba en San Juan La Laguna - Edición 2022 - Ref 194,2022-11-12,2022-11-15,GT07,GT0717,Plaza Central de San Juan La Laguna,Municipalidad de San Juan La Laguna y Comité de Cultura
195,EVT_GT0718_0194,Exposición Colectiva de Escultura en San Pedro La Laguna - Edición 2018 - Ref 195,2018-11-12,2018-11-15,GT07,GT0718,Plaza Central de San Pedro La Laguna,Municipalidad de San Pedro La Laguna y Comité de Cultura
196,EVT_GT0719_0195,Feria de la Artesanía Tradicional en Santiago Atitlán - Edición 2018 - Ref 196,2018-11-12,2018-11-15,GT07,GT0719,Plaza Central de Santiago Atitlán,Municipalidad de Santiago Atitlán y Comité de Cultura
197,EVT_GT0801_0196,Festival del Tejido Maya y Jaspe en Totonicapán - Edición 2023 - Ref 197,2023-11-12,2023-11-15,GT08,GT0801,Plaza Central de Totonicapán,Municipalidad de Totonicapán y Comité de Cultura
198,EVT_GT0802_0197,Encuentro Regional de Pintores en San Cristóbal Totonicapán - Edición 2020 - Ref 198,2020-11-12,2020-11-15,GT08,GT0802,Plaza Central de San Cristóbal Totonicapán,Municipalidad de San Cristóbal Totonicapán y Comité de Cultura
199,EVT_GT0803_0198,Festival Nacional de la Marimba en San Francisco El Alto - Edición 2022 - Ref 199,2022-11-12,2022-11-15,GT08,GT0803,Plaza Central de San Francisco El Alto,Municipalidad de San Francisco El Alto y Comité de Cultura
200,EVT_GT0804_0199,Exposición Colectiva de Escultura en San Andrés Xecul - Edición 2021 - Ref 200,2021-11-12,2021-11-15,GT08,GT0804,Plaza Central de San Andrés Xecul,Municipalidad de San Andrés Xecul y Comité de Cultura
201,EVT_GT0805_0200,Feria de la Artesanía Tradicional en Momostenango - Edición 2021 - Ref 201,2021-11-12,2021-11-15,GT08,GT0805,Plaza Central de Momostenango,Municipalidad de Momostenango y Comité de Cultura
202,EVT_GT0806_0201,Festival del Tejido Maya y Jaspe en Santa María Chiquimula - Edición 2020 - Ref 202,2020-11-12,2020-11-15,GT08,GT0806,Plaza Central de Santa María Chiquimula,Municipalidad de Santa María Chiquimula y Comité de Cultura
203,EVT_GT0807_0202,Encuentro Regional de Pintores en Santa Lucía La Reforma - Edición 2025 - Ref 203,2025-11-12,2025-11-15,GT08,GT0807,Plaza Central de Santa Lucía La Reforma,Municipalidad de Santa Lucía La Reforma y Comité de Cultura
204,EVT_GT0808_0203,Festival Nacional de la Marimba en San Bartolo - Edición 2018 - Ref 204,2018-11-12,2018-11-15,GT08,GT0808,Plaza Central de San Bartolo,Municipalidad de San Bartolo y Comité de Cultura
205,EVT_GT0901_0204,Exposición Colectiva de Escultura en Quetzaltenango - Edición 2024 - Ref 205,2024-11-12,2024-11-15,GT09,GT0901,Plaza Central de Quetzaltenango,Municipalidad de Quetzaltenango y Comité de Cultura
206,EVT_GT0902_0205,Feria de la Artesanía Tradicional en Salcajá - Edición 2022 - Ref 206,2022-11-12,2022-11-15,GT09,GT0902,Plaza Central de Salcajá,Municipalidad de Salcajá y Comité de Cultura
207,EVT_GT0903_0206,Festival del Tejido Maya y Jaspe en Olintepeque - Edición 2018 - Ref 207,2018-11-12,2018-11-15,GT09,GT0903,Plaza Central de Olintepeque,Municipalidad de Olintepeque y Comité de Cultura
208,EVT_GT0904_0207,Encuentro Regional de Pintores en San Carlos Sija - Edición 2022 - Ref 208,2022-11-12,2022-11-15,GT09,GT0904,Plaza Central de San Carlos Sija,Municipalidad de San Carlos Sija y Comité de Cultura
209,EVT_GT0905_0208,Festival Nacional de la Marimba en Sibilia - Edición 2018 - Ref 209,2018-11-12,2018-11-15,GT09,GT0905,Plaza Central de Sibilia,Municipalidad de Sibilia y Comité de Cultura
210,EVT_GT0906_0209,Exposición Colectiva de Escultura en Cabricán - Edición 2018 - Ref 210,2018-11-12,2018-11-15,GT09,GT0906,Plaza Central de Cabricán,Municipalidad de Cabricán y Comité de Cultura
211,EVT_GT0907_0210,Feria de la Artesanía Tradicional en Cajolá - Edición 2020 - Ref 211,2020-11-12,2020-11-15,GT09,GT0907,Plaza Central de Cajolá,Municipalidad de Cajolá y Comité de Cultura
212,EVT_GT0908_0211,Festival del Tejido Maya y Jaspe en San Miguel Sigüila - Edición 2018 - Ref 212,2018-11-12,2018-11-15,GT09,GT0908,Plaza Central de San Miguel Sigüila,Municipalidad de San Miguel Sigüila y Comité de Cultura
213,EVT_GT0909_0212,Encuentro Regional de Pintores en Ostuncalco - Edición 2018 - Ref 213,2018-11-12,2018-11-15,GT09,GT0909,Plaza Central de Ostuncalco,Municipalidad de Ostuncalco y Comité de Cultura
214,EVT_GT0910_0213,Festival Nacional de la Marimba en San Mateo - Edición 2021 - Ref 214,2021-11-12,2021-11-15,GT09,GT0910,Plaza Central de San Mateo,Municipalidad de San Mateo y Comité de Cultura
215,EVT_GT0911_0214,Exposición Colectiva de Escultura en Concepción Chiquirichapa - Edición 2020 - Ref 215,2020-11-12,2020-11-15,GT09,GT0911,Plaza Central de Concepción Chiquirichapa,Municipalidad de Concepción Chiquirichapa y Comité de Cultura
216,EVT_GT0912_0215,Feria de la Artesanía Tradicional en San Martín Sacatepéquez - Edición 2021 - Ref 216,2021-11-12,2021-11-15,GT09,GT0912,Plaza Central de San Martín Sacatepéquez,Municipalidad de San Martín Sacatepéquez y Comité de Cultura
217,EVT_GT0913_0216,Festival del Tejido Maya y Jaspe en Almolonga - Edición 2019 - Ref 217,2019-11-12,2019-11-15,GT09,GT0913,Plaza Central de Almolonga,Municipalidad de Almolonga y Comité de Cultura
218,EVT_GT0914_0217,Encuentro Regional de Pintores en Cantel - Edición 2023 - Ref 218,2023-11-12,2023-11-15,GT09,GT0914,Plaza Central de Cantel,Municipalidad de Cantel y Comité de Cultura
219,EVT_GT0915_0218,Festival Nacional de la Marimba en Huitán - Edición 2023 - Ref 219,2023-11-12,2023-11-15,GT09,GT0915,Plaza Central de Huitán,Municipalidad de Huitán y Comité de Cultura
220,EVT_GT0916_0219,Exposición Colectiva de Escultura en Zunil - Edición 2019 - Ref 220,2019-11-12,2019-11-15,GT09,GT0916,Plaza Central de Zunil,Municipalidad de Zunil y Comité de Cultura
221,EVT_GT0917_0220,Feria de la Artesanía Tradicional en Colomba - Edición 2018 - Ref 221,2018-11-12,2018-11-15,GT09,GT0917,Plaza Central de Colomba,Municipalidad de Colomba y Comité de Cultura
222,EVT_GT0918_0221,Festival del Tejido Maya y Jaspe en San Francisco La Unión - Edición 2019 - Ref 222,2019-11-12,2019-11-15,GT09,GT0918,Plaza Central de San Francisco La Unión,Municipalidad de San Francisco La Unión y Comité de Cultura
223,EVT_GT0919_0222,Encuentro Regional de Pintores en El Palmar - Edición 2021 - Ref 223,2021-11-12,2021-11-15,GT09,GT0919,Plaza Central de El Palmar,Municipalidad de El Palmar y Comité de Cultura
224,EVT_GT0920_0223,Festival Nacional de la Marimba en Coatepeque - Edición 2018 - Ref 224,2018-11-12,2018-11-15,GT09,GT0920,Plaza Central de Coatepeque,Municipalidad de Coatepeque y Comité de Cultura
225,EVT_GT0921_0224,Exposición Colectiva de Escultura en Génova - Edición 2021 - Ref 225,2021-11-12,2021-11-15,GT09,GT0921,Plaza Central de Génova,Municipalidad de Génova y Comité de Cultura
226,EVT_GT0922_0225,Feria de la Artesanía Tradicional en Flores Costa Cuca - Edición 2018 - Ref 226,2018-11-12,2018-11-15,GT09,GT0922,Plaza Central de Flores Costa Cuca,Municipalidad de Flores Costa Cuca y Comité de Cultura
227,EVT_GT0923_0226,Festival del Tejido Maya y Jaspe en La Esperanza - Edición 2024 - Ref 227,2024-11-12,2024-11-15,GT09,GT0923,Plaza Central de La Esperanza,Municipalidad de La Esperanza y Comité de Cultura
228,EVT_GT0924_0227,Encuentro Regional de Pintores en Palestina de Los Altos - Edición 2025 - Ref 228,2025-11-12,2025-11-15,GT09,GT0924,Plaza Central de Palestina de Los Altos,Municipalidad de Palestina de Los Altos y Comité de Cultura
229,EVT_GT1201_0228,Festival Nacional de la Marimba en San Marcos - Edición 2025 - Ref 229,2025-11-12,2025-11-15,GT12,GT1201,Plaza Central de San Marcos,Municipalidad de San Marcos y Comité de Cultura
230,EVT_GT1202_0229,Exposición Colectiva de Escultura en San Pedro Sacatepéquez - Edición 2023 - Ref 230,2023-11-12,2023-11-15,GT12,GT1202,Plaza Central de San Pedro Sacatepéquez,Municipalidad de San Pedro Sacatepéquez y Comité de Cultura
231,EVT_GT1203_0230,Feria de la Artesanía Tradicional en San Antonio Sacatepéquez - Edición 2020 - Ref 231,2020-11-12,2020-11-15,GT12,GT1203,Plaza Central de San Antonio Sacatepéquez,Municipalidad de San Antonio Sacatepéquez y Comité de Cultura
232,EVT_GT1204_0231,Festival del Tejido Maya y Jaspe en Comitancillo - Edición 2022 - Ref 232,2022-11-12,2022-11-15,GT12,GT1204,Plaza Central de Comitancillo,Municipalidad de Comitancillo y Comité de Cultura
233,EVT_GT1205_0232,Encuentro Regional de Pintores en San Miguel Ixtahuacán - Edición 2019 - Ref 233,2019-11-12,2019-11-15,GT12,GT1205,Plaza Central de San Miguel Ixtahuacán,Municipalidad de San Miguel Ixtahuacán y Comité de Cultura
234,EVT_GT1206_0233,Festival Nacional de la Marimba en Concepción Tutuapa - Edición 2018 - Ref 234,2018-11-12,2018-11-15,GT12,GT1206,Plaza Central de Concepción Tutuapa,Municipalidad de Concepción Tutuapa y Comité de Cultura
235,EVT_GT1207_0234,Exposición Colectiva de Escultura en Tacaná - Edición 2018 - Ref 235,2018-11-12,2018-11-15,GT12,GT1207,Plaza Central de Tacaná,Municipalidad de Tacaná y Comité de Cultura
236,EVT_GT1208_0235,Feria de la Artesanía Tradicional en Sibinal - Edición 2021 - Ref 236,2021-11-12,2021-11-15,GT12,GT1208,Plaza Central de Sibinal,Municipalidad de Sibinal y Comité de Cultura
237,EVT_GT1209_0236,Festival del Tejido Maya y Jaspe en Tajumulco - Edición 2025 - Ref 237,2025-11-12,2025-11-15,GT12,GT1209,Plaza Central de Tajumulco,Municipalidad de Tajumulco y Comité de Cultura
238,EVT_GT1210_0237,Encuentro Regional de Pintores en Tejutla - Edición 2025 - Ref 238,2025-11-12,2025-11-15,GT12,GT1210,Plaza Central de Tejutla,Municipalidad de Tejutla y Comité de Cultura
239,EVT_GT1211_0238,Festival Nacional de la Marimba en San Rafael Pie de la Cuesta - Edición 2021 - Ref 239,2021-11-12,2021-11-15,GT12,GT1211,Plaza Central de San Rafael Pie de la Cuesta,Municipalidad de San Rafael Pie de la Cuesta y Comité de Cultura
240,EVT_GT1212_0239,Exposición Colectiva de Escultura en Nuevo Progreso - Edición 2021 - Ref 240,2021-11-12,2021-11-15,GT12,GT1212,Plaza Central de Nuevo Progreso,Municipalidad de Nuevo Progreso y Comité de Cultura
241,EVT_GT1213_0240,Feria de la Artesanía Tradicional en El Tumbador - Edición 2020 - Ref 241,2020-11-12,2020-11-15,GT12,GT1213,Plaza Central de El Tumbador,Municipalidad de El Tumbador y Comité de Cultura
242,EVT_GT1214_0241,Festival del Tejido Maya y Jaspe en El Rodeo - Edición 2022 - Ref 242,2022-11-12,2022-11-15,GT12,GT1214,Plaza Central de El Rodeo,Municipalidad de El Rodeo y Comité de Cultura
243,EVT_GT1215_0242,Encuentro Regional de Pintores en Malacatán - Edición 2020 - Ref 243,2020-11-12,2020-11-15,GT12,GT1215,Plaza Central de Malacatán,Municipalidad de Malacatán y Comité de Cultura
244,EVT_GT1216_0243,Festival Nacional de la Marimba en Catarina - Edición 2021 - Ref 244,2021-11-12,2021-11-15,GT12,GT1216,Plaza Central de Catarina,Municipalidad de Catarina y Comité de Cultura
245,EVT_GT1217_0244,Exposición Colectiva de Escultura en Ayutla - Edición 2021 - Ref 245,2021-11-12,2021-11-15,GT12,GT1217,Plaza Central de Ayutla,Municipalidad de Ayutla y Comité de Cultura
246,EVT_GT1218_0245,Feria de la Artesanía Tradicional en Ocós - Edición 2025 - Ref 246,2025-11-12,2025-11-15,GT12,GT1218,Plaza Central de Ocós,Municipalidad de Ocós y Comité de Cultura
247,EVT_GT1219_0246,Festival del Tejido Maya y Jaspe en San Pablo - Edición 2020 - Ref 247,2020-11-12,2020-11-15,GT12,GT1219,Plaza Central de San Pablo,Municipalidad de San Pablo y Comité de Cultura
248,EVT_GT1220_0247,Encuentro Regional de Pintores en El Quetzal - Edición 2025 - Ref 248,2025-11-12,2025-11-15,GT12,GT1220,Plaza Central de El Quetzal,Municipalidad de El Quetzal y Comité de Cultura
249,EVT_GT1221_0248,Festival Nacional de la Marimba en La Reforma - Edición 2024 - Ref 249,2024-11-12,2024-11-15,GT12,GT1221,Plaza Central de La Reforma,Municipalidad de La Reforma y Comité de Cultura
250,EVT_GT1222_0249,Exposición Colectiva de Escultura en Pajapita - Edición 2024 - Ref 250,2024-11-12,2024-11-15,GT12,GT1222,Plaza Central de Pajapita,Municipalidad de Pajapita y Comité de Cultura
251,EVT_GT1223_0250,Feria de la Artesanía Tradicional en Ixchiguán - Edición 2020 - Ref 251,2020-11-12,2020-11-15,GT12,GT1223,Plaza Central de Ixchiguán,Municipalidad de Ixchiguán y Comité de Cultura
252,EVT_GT1224_0251,Festival del Tejido Maya y Jaspe en San José Ojetenam - Edición 2019 - Ref 252,2019-11-12,2019-11-15,GT12,GT1224,Plaza Central de San José Ojetenam,Municipalidad de San José Ojetenam y Comité de Cultura
253,EVT_GT1225_0252,Encuentro Regional de Pintores en San Cristóbal Cucho - Edición 2021 - Ref 253,2021-11-12,2021-11-15,GT12,GT1225,Plaza Central de San Cristóbal Cucho,Municipalidad de San Cristóbal Cucho y Comité de Cultura
254,EVT_GT1226_0253,Festival Nacional de la Marimba en Sipacapa - Edición 2024 - Ref 254,2024-11-12,2024-11-15,GT12,GT1226,Plaza Central de Sipacapa,Municipalidad de Sipacapa y Comité de Cultura
255,EVT_GT1227_0254,Exposición Colectiva de Escultura en Esquipulas Palo Gordo - Edición 2023 - Ref 255,2023-11-12,2023-11-15,GT12,GT1227,Plaza Central de Esquipulas Palo Gordo,Municipalidad de Esquipulas Palo Gordo y Comité de Cultura
256,EVT_GT1228_0255,Feria de la Artesanía Tradicional en Río Blanco - Edición 2018 - Ref 256,2018-11-12,2018-11-15,GT12,GT1228,Plaza Central de Río Blanco,Municipalidad de Río Blanco y Comité de Cultura
257,EVT_GT1229_0256,Festival del Tejido Maya y Jaspe en San Lorenzo - Edición 2023 - Ref 257,2023-11-12,2023-11-15,GT12,GT1229,Plaza Central de San Lorenzo,Municipalidad de San Lorenzo y Comité de Cultura
258,EVT_GT1230_0257,Encuentro Regional de Pintores en La Blanca - Edición 2024 - Ref 258,2024-11-12,2024-11-15,GT12,GT1230,Plaza Central de La Blanca,Municipalidad de La Blanca y Comité de Cultura
259,EVT_GT1301_0258,Festival Nacional de la Marimba en Huehuetenango - Edición 2022 - Ref 259,2022-11-12,2022-11-15,GT13,GT1301,Plaza Central de Huehuetenango,Municipalidad de Huehuetenango y Comité de Cultura
260,EVT_GT1302_0259,Exposición Colectiva de Escultura en Chiantla - Edición 2018 - Ref 260,2018-11-12,2018-11-15,GT13,GT1302,Plaza Central de Chiantla,Municipalidad de Chiantla y Comité de Cultura
261,EVT_GT1303_0260,Feria de la Artesanía Tradicional en Malacatancito - Edición 2020 - Ref 261,2020-11-12,2020-11-15,GT13,GT1303,Plaza Central de Malacatancito,Municipalidad de Malacatancito y Comité de Cultura
262,EVT_GT1304_0261,Festival del Tejido Maya y Jaspe en Cuilco - Edición 2022 - Ref 262,2022-11-12,2022-11-15,GT13,GT1304,Plaza Central de Cuilco,Municipalidad de Cuilco y Comité de Cultura
263,EVT_GT1305_0262,Encuentro Regional de Pintores en Nentón - Edición 2021 - Ref 263,2021-11-12,2021-11-15,GT13,GT1305,Plaza Central de Nentón,Municipalidad de Nentón y Comité de Cultura
264,EVT_GT1306_0263,Festival Nacional de la Marimba en San Pedro Necta - Edición 2018 - Ref 264,2018-11-12,2018-11-15,GT13,GT1306,Plaza Central de San Pedro Necta,Municipalidad de San Pedro Necta y Comité de Cultura
265,EVT_GT1307_0264,Exposición Colectiva de Escultura en Jacaltenango - Edición 2022 - Ref 265,2022-11-12,2022-11-15,GT13,GT1307,Plaza Central de Jacaltenango,Municipalidad de Jacaltenango y Comité de Cultura
266,EVT_GT1308_0265,Feria de la Artesanía Tradicional en Soloma - Edición 2022 - Ref 266,2022-11-12,2022-11-15,GT13,GT1308,Plaza Central de Soloma,Municipalidad de Soloma y Comité de Cultura
267,EVT_GT1309_0266,Festival del Tejido Maya y Jaspe en Ixtahuacán - Edición 2021 - Ref 267,2021-11-12,2021-11-15,GT13,GT1309,Plaza Central de Ixtahuacán,Municipalidad de Ixtahuacán y Comité de Cultura
268,EVT_GT1310_0267,Encuentro Regional de Pintores en Santa Bárbara - Edición 2018 - Ref 268,2018-11-12,2018-11-15,GT13,GT1310,Plaza Central de Santa Bárbara,Municipalidad de Santa Bárbara y Comité de Cultura
269,EVT_GT1311_0268,Festival Nacional de la Marimba en La Libertad - Edición 2019 - Ref 269,2019-11-12,2019-11-15,GT13,GT1311,Plaza Central de La Libertad,Municipalidad de La Libertad y Comité de Cultura
270,EVT_GT1312_0269,Exposición Colectiva de Escultura en La Democracia - Edición 2022 - Ref 270,2022-11-12,2022-11-15,GT13,GT1312,Plaza Central de La Democracia,Municipalidad de La Democracia y Comité de Cultura
271,EVT_GT1313_0270,Feria de la Artesanía Tradicional en San Miguel Acatán - Edición 2019 - Ref 271,2019-11-12,2019-11-15,GT13,GT1313,Plaza Central de San Miguel Acatán,Municipalidad de San Miguel Acatán y Comité de Cultura
272,EVT_GT1314_0271,Festival del Tejido Maya y Jaspe en San Rafael La Independencia - Edición 2019 - Ref 272,2019-11-12,2019-11-15,GT13,GT1314,Plaza Central de San Rafael La Independencia,Municipalidad de San Rafael La Independencia y Comité de Cultura
273,EVT_GT1315_0272,Encuentro Regional de Pintores en Todos Santos Cuchumatán - Edición 2019 - Ref 273,2019-11-12,2019-11-15,GT13,GT1315,Plaza Central de Todos Santos Cuchumatán,Municipalidad de Todos Santos Cuchumatán y Comité de Cultura
274,EVT_GT1316_0273,Festival Nacional de la Marimba en San Juan Atitán - Edición 2025 - Ref 274,2025-11-12,2025-11-15,GT13,GT1316,Plaza Central de San Juan Atitán,Municipalidad de San Juan Atitán y Comité de Cultura
275,EVT_GT1317_0274,Exposición Colectiva de Escultura en Santa Eulalia - Edición 2020 - Ref 275,2020-11-12,2020-11-15,GT13,GT1317,Plaza Central de Santa Eulalia,Municipalidad de Santa Eulalia y Comité de Cultura
276,EVT_GT1318_0275,Feria de la Artesanía Tradicional en San Mateo Ixtatán - Edición 2025 - Ref 276,2025-11-12,2025-11-15,GT13,GT1318,Plaza Central de San Mateo Ixtatán,Municipalidad de San Mateo Ixtatán y Comité de Cultura
277,EVT_GT1319_0276,Festival del Tejido Maya y Jaspe en Colotenango - Edición 2024 - Ref 277,2024-11-12,2024-11-15,GT13,GT1319,Plaza Central de Colotenango,Municipalidad de Colotenango y Comité de Cultura
278,EVT_GT1320_0277,Encuentro Regional de Pintores en San Sebastián Huehuetenango - Edición 2024 - Ref 278,2024-11-12,2024-11-15,GT13,GT1320,Plaza Central de San Sebastián Huehuetenango,Municipalidad de San Sebastián Huehuetenango y Comité de Cultura
279,EVT_GT1321_0278,Festival Nacional de la Marimba en Tectitán - Edición 2021 - Ref 279,2021-11-12,2021-11-15,GT13,GT1321,Plaza Central de Tectitán,Municipalidad de Tectitán y Comité de Cultura
280,EVT_GT1322_0279,Exposición Colectiva de Escultura en Concepción Huista - Edición 2025 - Ref 280,2025-11-12,2025-11-15,GT13,GT1322,Plaza Central de Concepción Huista,Municipalidad de Concepción Huista y Comité de Cultura
281,EVT_GT1323_0280,Feria de la Artesanía Tradicional en San Juan Ixcoy - Edición 2025 - Ref 281,2025-11-12,2025-11-15,GT13,GT1323,Plaza Central de San Juan Ixcoy,Municipalidad de San Juan Ixcoy y Comité de Cultura
282,EVT_GT1324_0281,Festival del Tejido Maya y Jaspe en San Antonio Huista - Edición 2020 - Ref 282,2020-11-12,2020-11-15,GT13,GT1324,Plaza Central de San Antonio Huista,Municipalidad de San Antonio Huista y Comité de Cultura
283,EVT_GT1325_0282,Encuentro Regional de Pintores en San Sebastián Coatán - Edición 2023 - Ref 283,2023-11-12,2023-11-15,GT13,GT1325,Plaza Central de San Sebastián Coatán,Municipalidad de San Sebastián Coatán y Comité de Cultura
284,EVT_GT1326_0283,Festival Nacional de la Marimba en Barillas - Edición 2025 - Ref 284,2025-11-12,2025-11-15,GT13,GT1326,Plaza Central de Barillas,Municipalidad de Barillas y Comité de Cultura
285,EVT_GT1327_0284,Exposición Colectiva de Escultura en Aguacatán - Edición 2019 - Ref 285,2019-11-12,2019-11-15,GT13,GT1327,Plaza Central de Aguacatán,Municipalidad de Aguacatán y Comité de Cultura
286,EVT_GT1328_0285,Feria de la Artesanía Tradicional en San Rafael Petzal - Edición 2019 - Ref 286,2019-11-12,2019-11-15,GT13,GT1328,Plaza Central de San Rafael Petzal,Municipalidad de San Rafael Petzal y Comité de Cultura
287,EVT_GT1329_0286,Festival del Tejido Maya y Jaspe en San Gaspar Ixchil - Edición 2024 - Ref 287,2024-11-12,2024-11-15,GT13,GT1329,Plaza Central de San Gaspar Ixchil,Municipalidad de San Gaspar Ixchil y Comité de Cultura
288,EVT_GT1330_0287,Encuentro Regional de Pintores en Santiago Chimaltenango - Edición 2020 - Ref 288,2020-11-12,2020-11-15,GT13,GT1330,Plaza Central de Santiago Chimaltenango,Municipalidad de Santiago Chimaltenango y Comité de Cultura
289,EVT_GT1331_0288,Festival Nacional de la Marimba en Santa Ana Huista - Edición 2024 - Ref 289,2024-11-12,2024-11-15,GT13,GT1331,Plaza Central de Santa Ana Huista,Municipalidad de Santa Ana Huista y Comité de Cultura
290,EVT_GT1332_0289,Exposición Colectiva de Escultura en Unión Cantinil - Edición 2023 - Ref 290,2023-11-12,2023-11-15,GT13,GT1332,Plaza Central de Unión Cantinil,Municipalidad de Unión Cantinil y Comité de Cultura
291,EVT_GT1333_0290,Feria de la Artesanía Tradicional en Petatán - Edición 2019 - Ref 291,2019-11-12,2019-11-15,GT13,GT1333,Plaza Central de Petatán,Municipalidad de Petatán y Comité de Cultura
292,EVT_GT1401_0291,Festival del Tejido Maya y Jaspe en Santa Cruz del Quiché - Edición 2018 - Ref 292,2018-11-12,2018-11-15,GT14,GT1401,Plaza Central de Santa Cruz del Quiché,Municipalidad de Santa Cruz del Quiché y Comité de Cultura
293,EVT_GT1402_0292,Encuentro Regional de Pintores en Chiché - Edición 2021 - Ref 293,2021-11-12,2021-11-15,GT14,GT1402,Plaza Central de Chiché,Municipalidad de Chiché y Comité de Cultura
294,EVT_GT1403_0293,Festival Nacional de la Marimba en Chinique - Edición 2018 - Ref 294,2018-11-12,2018-11-15,GT14,GT1403,Plaza Central de Chinique,Municipalidad de Chinique y Comité de Cultura
295,EVT_GT1404_0294,Exposición Colectiva de Escultura en Zacualpa - Edición 2019 - Ref 295,2019-11-12,2019-11-15,GT14,GT1404,Plaza Central de Zacualpa,Municipalidad de Zacualpa y Comité de Cultura
296,EVT_GT1405_0295,Feria de la Artesanía Tradicional en Chajul - Edición 2020 - Ref 296,2020-11-12,2020-11-15,GT14,GT1405,Plaza Central de Chajul,Municipalidad de Chajul y Comité de Cultura
297,EVT_GT1406_0296,Festival del Tejido Maya y Jaspe en Chichicastenango - Edición 2025 - Ref 297,2025-11-12,2025-11-15,GT14,GT1406,Plaza Central de Chichicastenango,Municipalidad de Chichicastenango y Comité de Cultura
298,EVT_GT1407_0297,Encuentro Regional de Pintores en Patzité - Edición 2018 - Ref 298,2018-11-12,2018-11-15,GT14,GT1407,Plaza Central de Patzité,Municipalidad de Patzité y Comité de Cultura
299,EVT_GT1408_0298,Festival Nacional de la Marimba en San Antonio Ilotenango - Edición 2018 - Ref 299,2018-11-12,2018-11-15,GT14,GT1408,Plaza Central de San Antonio Ilotenango,Municipalidad de San Antonio Ilotenango y Comité de Cultura
300,EVT_GT1409_0299,Exposición Colectiva de Escultura en San Pedro Jocopilas - Edición 2023 - Ref 300,2023-11-12,2023-11-15,GT14,GT1409,Plaza Central de San Pedro Jocopilas,Municipalidad de San Pedro Jocopilas y Comité de Cultura
301,EVT_GT1410_0300,Feria de la Artesanía Tradicional en Cunén - Edición 2025 - Ref 301,2025-11-12,2025-11-15,GT14,GT1410,Plaza Central de Cunén,Municipalidad de Cunén y Comité de Cultura
302,EVT_GT1411_0301,Festival del Tejido Maya y Jaspe en San Juan Cotzal - Edición 2024 - Ref 302,2024-11-12,2024-11-15,GT14,GT1411,Plaza Central de San Juan Cotzal,Municipalidad de San Juan Cotzal y Comité de Cultura
303,EVT_GT1412_0302,Encuentro Regional de Pintores en Joyabaj - Edición 2019 - Ref 303,2019-11-12,2019-11-15,GT14,GT1412,Plaza Central de Joyabaj,Municipalidad de Joyabaj y Comité de Cultura
304,EVT_GT1413_0303,Festival Nacional de la Marimba en Nebaj - Edición 2020 - Ref 304,2020-11-12,2020-11-15,GT14,GT1413,Plaza Central de Nebaj,Municipalidad de Nebaj y Comité de Cultura
305,EVT_GT1414_0304,Exposición Colectiva de Escultura en San Andrés Sajcabajá - Edición 2019 - Ref 305,2019-11-12,2019-11-15,GT14,GT1414,Plaza Central de San Andrés Sajcabajá,Municipalidad de San Andrés Sajcabajá y Comité de Cultura
306,EVT_GT1415_0305,Feria de la Artesanía Tradicional en Uspantán - Edición 2020 - Ref 306,2020-11-12,2020-11-15,GT14,GT1415,Plaza Central de Uspantán,Municipalidad de Uspantán y Comité de Cultura
307,EVT_GT1416_0306,Festival del Tejido Maya y Jaspe en Sacapulas - Edición 2024 - Ref 307,2024-11-12,2024-11-15,GT14,GT1416,Plaza Central de Sacapulas,Municipalidad de Sacapulas y Comité de Cultura
308,EVT_GT1417_0307,Encuentro Regional de Pintores en San Bartolomé Jocotenango - Edición 2020 - Ref 308,2020-11-12,2020-11-15,GT14,GT1417,Plaza Central de San Bartolomé Jocotenango,Municipalidad de San Bartolomé Jocotenango y Comité de Cultura
309,EVT_GT1418_0308,Festival Nacional de la Marimba en Canillá - Edición 2022 - Ref 309,2022-11-12,2022-11-15,GT14,GT1418,Plaza Central de Canillá,Municipalidad de Canillá y Comité de Cultura
310,EVT_GT1419_0309,Exposición Colectiva de Escultura en Chicamán - Edición 2024 - Ref 310,2024-11-12,2024-11-15,GT14,GT1419,Plaza Central de Chicamán,Municipalidad de Chicamán y Comité de Cultura
311,EVT_GT1420_0310,Feria de la Artesanía Tradicional en Ixcán - Edición 2025 - Ref 311,2025-11-12,2025-11-15,GT14,GT1420,Plaza Central de Ixcán,Municipalidad de Ixcán y Comité de Cultura
312,EVT_GT1421_0311,Festival del Tejido Maya y Jaspe en Pachalum - Edición 2021 - Ref 312,2021-11-12,2021-11-15,GT14,GT1421,Plaza Central de Pachalum,Municipalidad de Pachalum y Comité de Cultura
313,EVT_GT1501_0312,Encuentro Regional de Pintores en Salamá - Edición 2019 - Ref 313,2019-11-12,2019-11-15,GT15,GT1501,Plaza Central de Salamá,Municipalidad de Salamá y Comité de Cultura
314,EVT_GT1502_0313,Festival Nacional de la Marimba en San Miguel Chicaj - Edición 2023 - Ref 314,2023-11-12,2023-11-15,GT15,GT1502,Plaza Central de San Miguel Chicaj,Municipalidad de San Miguel Chicaj y Comité de Cultura
315,EVT_GT1503_0314,Exposición Colectiva de Escultura en Rabinal - Edición 2018 - Ref 315,2018-11-12,2018-11-15,GT15,GT1503,Plaza Central de Rabinal,Municipalidad de Rabinal y Comité de Cultura
316,EVT_GT1504_0315,Feria de la Artesanía Tradicional en Cubulco - Edición 2018 - Ref 316,2018-11-12,2018-11-15,GT15,GT1504,Plaza Central de Cubulco,Municipalidad de Cubulco y Comité de Cultura
317,EVT_GT1505_0316,Festival del Tejido Maya y Jaspe en Granados - Edición 2019 - Ref 317,2019-11-12,2019-11-15,GT15,GT1505,Plaza Central de Granados,Municipalidad de Granados y Comité de Cultura
318,EVT_GT1506_0317,Encuentro Regional de Pintores en El Chol - Edición 2020 - Ref 318,2020-11-12,2020-11-15,GT15,GT1506,Plaza Central de El Chol,Municipalidad de El Chol y Comité de Cultura
319,EVT_GT1507_0318,Festival Nacional de la Marimba en San Jerónimo - Edición 2018 - Ref 319,2018-11-12,2018-11-15,GT15,GT1507,Plaza Central de San Jerónimo,Municipalidad de San Jerónimo y Comité de Cultura
320,EVT_GT1508_0319,Exposición Colectiva de Escultura en Purulhá - Edición 2018 - Ref 320,2018-11-12,2018-11-15,GT15,GT1508,Plaza Central de Purulhá,Municipalidad de Purulhá y Comité de Cultura
321,EVT_GT0401_0320,Feria de la Artesanía Tradicional en Chimaltenango - Edición 2019 - Ref 321,2019-11-12,2019-11-15,GT04,GT0401,Plaza Central de Chimaltenango,Municipalidad de Chimaltenango y Comité de Cultura
322,EVT_GT0402_0321,Festival del Tejido Maya y Jaspe en San José Poaquil - Edición 2023 - Ref 322,2023-11-12,2023-11-15,GT04,GT0402,Plaza Central de San José Poaquil,Municipalidad de San José Poaquil y Comité de Cultura
323,EVT_GT0403_0322,Encuentro Regional de Pintores en San Martín Jilotepeque - Edición 2021 - Ref 323,2021-11-12,2021-11-15,GT04,GT0403,Plaza Central de San Martín Jilotepeque,Municipalidad de San Martín Jilotepeque y Comité de Cultura
324,EVT_GT0404_0323,Festival Nacional de la Marimba en Comalapa - Edición 2023 - Ref 324,2023-11-12,2023-11-15,GT04,GT0404,Plaza Central de Comalapa,Municipalidad de Comalapa y Comité de Cultura
325,EVT_GT0405_0324,Exposición Colectiva de Escultura en Santa Apolonia - Edición 2020 - Ref 325,2020-11-12,2020-11-15,GT04,GT0405,Plaza Central de Santa Apolonia,Municipalidad de Santa Apolonia y Comité de Cultura
326,EVT_GT0406_0325,Feria de la Artesanía Tradicional en Tecpán Guatemala - Edición 2023 - Ref 326,2023-11-12,2023-11-15,GT04,GT0406,Plaza Central de Tecpán Guatemala,Municipalidad de Tecpán Guatemala y Comité de Cultura
327,EVT_GT0407_0326,Festival del Tejido Maya y Jaspe en Patzún - Edición 2024 - Ref 327,2024-11-12,2024-11-15,GT04,GT0407,Plaza Central de Patzún,Municipalidad de Patzún y Comité de Cultura
328,EVT_GT0408_0327,Encuentro Regional de Pintores en Pochuta - Edición 2021 - Ref 328,2021-11-12,2021-11-15,GT04,GT0408,Plaza Central de Pochuta,Municipalidad de Pochuta y Comité de Cultura
329,EVT_GT0409_0328,Festival Nacional de la Marimba en Patzicía - Edición 2023 - Ref 329,2023-11-12,2023-11-15,GT04,GT0409,Plaza Central de Patzicía,Municipalidad de Patzicía y Comité de Cultura
330,EVT_GT0410_0329,Exposición Colectiva de Escultura en Santa Cruz Balanyá - Edición 2018 - Ref 330,2018-11-12,2018-11-15,GT04,GT0410,Plaza Central de Santa Cruz Balanyá,Municipalidad de Santa Cruz Balanyá y Comité de Cultura
331,EVT_GT0411_0330,Feria de la Artesanía Tradicional en Acatenango - Edición 2018 - Ref 331,2018-11-12,2018-11-15,GT04,GT0411,Plaza Central de Acatenango,Municipalidad de Acatenango y Comité de Cultura
332,EVT_GT0412_0331,Festival del Tejido Maya y Jaspe en Yepocapa - Edición 2018 - Ref 332,2018-11-12,2018-11-15,GT04,GT0412,Plaza Central de Yepocapa,Municipalidad de Yepocapa y Comité de Cultura
333,EVT_GT0413_0332,Encuentro Regional de Pintores en San Andrés Itzapa - Edición 2021 - Ref 333,2021-11-12,2021-11-15,GT04,GT0413,Plaza Central de San Andrés Itzapa,Municipalidad de San Andrés Itzapa y Comité de Cultura
334,EVT_GT0414_0333,Festival Nacional de la Marimba en Parramos - Edición 2020 - Ref 334,2020-11-12,2020-11-15,GT04,GT0414,Plaza Central de Parramos,Municipalidad de Parramos y Comité de Cultura
335,EVT_GT0415_0334,Exposición Colectiva de Escultura en Zaragoza - Edición 2023 - Ref 335,2023-11-12,2023-11-15,GT04,GT0415,Plaza Central de Zaragoza,Municipalidad de Zaragoza y Comité de Cultura
336,EVT_GT0416_0335,Feria de la Artesanía Tradicional en El Tejar - Edición 2018 - Ref 336,2018-11-12,2018-11-15,GT04,GT0416,Plaza Central de El Tejar,Municipalidad de El Tejar y Comité de Cultura
337,EVT_GT0700_0336,Festival del Tejido Maya y Jaspe en Lago De Atitlan - Edición 2018 - Ref 337,2018-11-12,2018-11-15,GT07,GT0700,Plaza Central de Lago De Atitlan,Municipalidad de Lago De Atitlan y Comité de Cultura
338,EVT_GT0701_0337,Encuentro Regional de Pintores en Sololá - Edición 2018 - Ref 338,2018-11-12,2018-11-15,GT07,GT0701,Plaza Central de Sololá,Municipalidad de Sololá y Comité de Cultura
339,EVT_GT0702_0338,Festival Nacional de la Marimba en San José Chacayá - Edición 2020 - Ref 339,2020-11-12,2020-11-15,GT07,GT0702,Plaza Central de San José Chacayá,Municipalidad de San José Chacayá y Comité de Cultura
340,EVT_GT0703_0339,Exposición Colectiva de Escultura en Santa María Visitación - Edición 2019 - Ref 340,2019-11-12,2019-11-15,GT07,GT0703,Plaza Central de Santa María Visitación,Municipalidad de Santa María Visitación y Comité de Cultura
341,EVT_GT0704_0340,Feria de la Artesanía Tradicional en Santa Lucía Utatlán - Edición 2019 - Ref 341,2019-11-12,2019-11-15,GT07,GT0704,Plaza Central de Santa Lucía Utatlán,Municipalidad de Santa Lucía Utatlán y Comité de Cultura
342,EVT_GT0705_0341,Festival del Tejido Maya y Jaspe en Nahualá - Edición 2022 - Ref 342,2022-11-12,2022-11-15,GT07,GT0705,Plaza Central de Nahualá,Municipalidad de Nahualá y Comité de Cultura
343,EVT_GT0706_0342,Encuentro Regional de Pintores en Santa Catarina Ixtahuacán - Edición 2020 - Ref 343,2020-11-12,2020-11-15,GT07,GT0706,Plaza Central de Santa Catarina Ixtahuacán,Municipalidad de Santa Catarina Ixtahuacán y Comité de Cultura
344,EVT_GT0707_0343,Festival Nacional de la Marimba en Santa Clara La Laguna - Edición 2025 - Ref 344,2025-11-12,2025-11-15,GT07,GT0707,Plaza Central de Santa Clara La Laguna,Municipalidad de Santa Clara La Laguna y Comité de Cultura
345,EVT_GT0708_0344,Exposición Colectiva de Escultura en Concepción - Edición 2020 - Ref 345,2020-11-12,2020-11-15,GT07,GT0708,Plaza Central de Concepción,Municipalidad de Concepción y Comité de Cultura
346,EVT_GT0709_0345,Feria de la Artesanía Tradicional en San Andrés Semetabaj - Edición 2022 - Ref 346,2022-11-12,2022-11-15,GT07,GT0709,Plaza Central de San Andrés Semetabaj,Municipalidad de San Andrés Semetabaj y Comité de Cultura
347,EVT_GT0710_0346,Festival del Tejido Maya y Jaspe en Panajachel - Edición 2022 - Ref 347,2022-11-12,2022-11-15,GT07,GT0710,Plaza Central de Panajachel,Municipalidad de Panajachel y Comité de Cultura
348,EVT_GT0711_0347,Encuentro Regional de Pintores en Santa Catarina Palopó - Edición 2025 - Ref 348,2025-11-12,2025-11-15,GT07,GT0711,Plaza Central de Santa Catarina Palopó,Municipalidad de Santa Catarina Palopó y Comité de Cultura
349,EVT_GT0712_0348,Festival Nacional de la Marimba en San Antonio Palopó - Edición 2024 - Ref 349,2024-11-12,2024-11-15,GT07,GT0712,Plaza Central de San Antonio Palopó,Municipalidad de San Antonio Palopó y Comité de Cultura
350,EVT_GT0713_0349,Exposición Colectiva de Escultura en San Lucas Tolimán - Edición 2018 - Ref 350,2018-11-12,2018-11-15,GT07,GT0713,Plaza Central de San Lucas Tolimán,Municipalidad de San Lucas Tolimán y Comité de Cultura
351,EVT_GT0714_0350,Feria de la Artesanía Tradicional en Santa Cruz La Laguna - Edición 2024 - Ref 351,2024-11-12,2024-11-15,GT07,GT0714,Plaza Central de Santa Cruz La Laguna,Municipalidad de Santa Cruz La Laguna y Comité de Cultura
352,EVT_GT0715_0351,Festival del Tejido Maya y Jaspe en San Pablo La Laguna - Edición 2022 - Ref 352,2022-11-12,2022-11-15,GT07,GT0715,Plaza Central de San Pablo La Laguna,Municipalidad de San Pablo La Laguna y Comité de Cultura
353,EVT_GT0716_0352,Encuentro Regional de Pintores en San Marcos La Laguna - Edición 2025 - Ref 353,2025-11-12,2025-11-15,GT07,GT0716,Plaza Central de San Marcos La Laguna,Municipalidad de San Marcos La Laguna y Comité de Cultura
354,EVT_GT0717_0353,Festival Nacional de la Marimba en San Juan La Laguna - Edición 2020 - Ref 354,2020-11-12,2020-11-15,GT07,GT0717,Plaza Central de San Juan La Laguna,Municipalidad de San Juan La Laguna y Comité de Cultura
355,EVT_GT0718_0354,Exposición Colectiva de Escultura en San Pedro La Laguna - Edición 2023 - Ref 355,2023-11-12,2023-11-15,GT07,GT0718,Plaza Central de San Pedro La Laguna,Municipalidad de San Pedro La Laguna y Comité de Cultura
356,EVT_GT0719_0355,Feria de la Artesanía Tradicional en Santiago Atitlán - Edición 2018 - Ref 356,2018-11-12,2018-11-15,GT07,GT0719,Plaza Central de Santiago Atitlán,Municipalidad de Santiago Atitlán y Comité de Cultura
357,EVT_GT0801_0356,Festival del Tejido Maya y Jaspe en Totonicapán - Edición 2020 - Ref 357,2020-11-12,2020-11-15,GT08,GT0801,Plaza Central de Totonicapán,Municipalidad de Totonicapán y Comité de Cultura
358,EVT_GT0802_0357,Encuentro Regional de Pintores en San Cristóbal Totonicapán - Edición 2020 - Ref 358,2020-11-12,2020-11-15,GT08,GT0802,Plaza Central de San Cristóbal Totonicapán,Municipalidad de San Cristóbal Totonicapán y Comité de Cultura
359,EVT_GT0803_0358,Festival Nacional de la Marimba en San Francisco El Alto - Edición 2024 - Ref 359,2024-11-12,2024-11-15,GT08,GT0803,Plaza Central de San Francisco El Alto,Municipalidad de San Francisco El Alto y Comité de Cultura
360,EVT_GT0804_0359,Exposición Colectiva de Escultura en San Andrés Xecul - Edición 2024 - Ref 360,2024-11-12,2024-11-15,GT08,GT0804,Plaza Central de San Andrés Xecul,Municipalidad de San Andrés Xecul y Comité de Cultura
361,EVT_GT0805_0360,Feria de la Artesanía Tradicional en Momostenango - Edición 2023 - Ref 361,2023-11-12,2023-11-15,GT08,GT0805,Plaza Central de Momostenango,Municipalidad de Momostenango y Comité de Cultura
362,EVT_GT0806_0361,Festival del Tejido Maya y Jaspe en Santa María Chiquimula - Edición 2018 - Ref 362,2018-11-12,2018-11-15,GT08,GT0806,Plaza Central de Santa María Chiquimula,Municipalidad de Santa María Chiquimula y Comité de Cultura
363,EVT_GT0807_0362,Encuentro Regional de Pintores en Santa Lucía La Reforma - Edición 2023 - Ref 363,2023-11-12,2023-11-15,GT08,GT0807,Plaza Central de Santa Lucía La Reforma,Municipalidad de Santa Lucía La Reforma y Comité de Cultura
364,EVT_GT0808_0363,Festival Nacional de la Marimba en San Bartolo - Edición 2024 - Ref 364,2024-11-12,2024-11-15,GT08,GT0808,Plaza Central de San Bartolo,Municipalidad de San Bartolo y Comité de Cultura
365,EVT_GT0901_0364,Exposición Colectiva de Escultura en Quetzaltenango - Edición 2025 - Ref 365,2025-11-12,2025-11-15,GT09,GT0901,Plaza Central de Quetzaltenango,Municipalidad de Quetzaltenango y Comité de Cultura
366,EVT_GT0902_0365,Feria de la Artesanía Tradicional en Salcajá - Edición 2024 - Ref 366,2024-11-12,2024-11-15,GT09,GT0902,Plaza Central de Salcajá,Municipalidad de Salcajá y Comité de Cultura
367,EVT_GT0903_0366,Festival del Tejido Maya y Jaspe en Olintepeque - Edición 2021 - Ref 367,2021-11-12,2021-11-15,GT09,GT0903,Plaza Central de Olintepeque,Municipalidad de Olintepeque y Comité de Cultura
368,EVT_GT0904_0367,Encuentro Regional de Pintores en San Carlos Sija - Edición 2023 - Ref 368,2023-11-12,2023-11-15,GT09,GT0904,Plaza Central de San Carlos Sija,Municipalidad de San Carlos Sija y Comité de Cultura
369,EVT_GT0905_0368,Festival Nacional de la Marimba en Sibilia - Edición 2020 - Ref 369,2020-11-12,2020-11-15,GT09,GT0905,Plaza Central de Sibilia,Municipalidad de Sibilia y Comité de Cultura
370,EVT_GT0906_0369,Exposición Colectiva de Escultura en Cabricán - Edición 2018 - Ref 370,2018-11-12,2018-11-15,GT09,GT0906,Plaza Central de Cabricán,Municipalidad de Cabricán y Comité de Cultura
371,EVT_GT0907_0370,Feria de la Artesanía Tradicional en Cajolá - Edición 2022 - Ref 371,2022-11-12,2022-11-15,GT09,GT0907,Plaza Central de Cajolá,Municipalidad de Cajolá y Comité de Cultura
372,EVT_GT0908_0371,Festival del Tejido Maya y Jaspe en San Miguel Sigüila - Edición 2024 - Ref 372,2024-11-12,2024-11-15,GT09,GT0908,Plaza Central de San Miguel Sigüila,Municipalidad de San Miguel Sigüila y Comité de Cultura
373,EVT_GT0909_0372,Encuentro Regional de Pintores en Ostuncalco - Edición 2019 - Ref 373,2019-11-12,2019-11-15,GT09,GT0909,Plaza Central de Ostuncalco,Municipalidad de Ostuncalco y Comité de Cultura
374,EVT_GT0910_0373,Festival Nacional de la Marimba en San Mateo - Edición 2020 - Ref 374,2020-11-12,2020-11-15,GT09,GT0910,Plaza Central de San Mateo,Municipalidad de San Mateo y Comité de Cultura
375,EVT_GT0911_0374,Exposición Colectiva de Escultura en Concepción Chiquirichapa - Edición 2021 - Ref 375,2021-11-12,2021-11-15,GT09,GT0911,Plaza Central de Concepción Chiquirichapa,Municipalidad de Concepción Chiquirichapa y Comité de Cultura
376,EVT_GT0912_0375,Feria de la Artesanía Tradicional en San Martín Sacatepéquez - Edición 2021 - Ref 376,2021-11-12,2021-11-15,GT09,GT0912,Plaza Central de San Martín Sacatepéquez,Municipalidad de San Martín Sacatepéquez y Comité de Cultura
377,EVT_GT0913_0376,Festival del Tejido Maya y Jaspe en Almolonga - Edición 2018 - Ref 377,2018-11-12,2018-11-15,GT09,GT0913,Plaza Central de Almolonga,Municipalidad de Almolonga y Comité de Cultura
378,EVT_GT0914_0377,Encuentro Regional de Pintores en Cantel - Edición 2025 - Ref 378,2025-11-12,2025-11-15,GT09,GT0914,Plaza Central de Cantel,Municipalidad de Cantel y Comité de Cultura
379,EVT_GT0915_0378,Festival Nacional de la Marimba en Huitán - Edición 2020 - Ref 379,2020-11-12,2020-11-15,GT09,GT0915,Plaza Central de Huitán,Municipalidad de Huitán y Comité de Cultura
380,EVT_GT0916_0379,Exposición Colectiva de Escultura en Zunil - Edición 2024 - Ref 380,2024-11-12,2024-11-15,GT09,GT0916,Plaza Central de Zunil,Municipalidad de Zunil y Comité de Cultura
381,EVT_GT0917_0380,Feria de la Artesanía Tradicional en Colomba - Edición 2024 - Ref 381,2024-11-12,2024-11-15,GT09,GT0917,Plaza Central de Colomba,Municipalidad de Colomba y Comité de Cultura
382,EVT_GT0918_0381,Festival del Tejido Maya y Jaspe en San Francisco La Unión - Edición 2025 - Ref 382,2025-11-12,2025-11-15,GT09,GT0918,Plaza Central de San Francisco La Unión,Municipalidad de San Francisco La Unión y Comité de Cultura
383,EVT_GT0919_0382,Encuentro Regional de Pintores en El Palmar - Edición 2019 - Ref 383,2019-11-12,2019-11-15,GT09,GT0919,Plaza Central de El Palmar,Municipalidad de El Palmar y Comité de Cultura
384,EVT_GT0920_0383,Festival Nacional de la Marimba en Coatepeque - Edición 2018 - Ref 384,2018-11-12,2018-11-15,GT09,GT0920,Plaza Central de Coatepeque,Municipalidad de Coatepeque y Comité de Cultura
385,EVT_GT0921_0384,Exposición Colectiva de Escultura en Génova - Edición 2021 - Ref 385,2021-11-12,2021-11-15,GT09,GT0921,Plaza Central de Génova,Municipalidad de Génova y Comité de Cultura
386,EVT_GT0922_0385,Feria de la Artesanía Tradicional en Flores Costa Cuca - Edición 2018 - Ref 386,2018-11-12,2018-11-15,GT09,GT0922,Plaza Central de Flores Costa Cuca,Municipalidad de Flores Costa Cuca y Comité de Cultura
387,EVT_GT0923_0386,Festival del Tejido Maya y Jaspe en La Esperanza - Edición 2019 - Ref 387,2019-11-12,2019-11-15,GT09,GT0923,Plaza Central de La Esperanza,Municipalidad de La Esperanza y Comité de Cultura
388,EVT_GT0924_0387,Encuentro Regional de Pintores en Palestina de Los Altos - Edición 2020 - Ref 388,2020-11-12,2020-11-15,GT09,GT0924,Plaza Central de Palestina de Los Altos,Municipalidad de Palestina de Los Altos y Comité de Cultura
389,EVT_GT1201_0388,Festival Nacional de la Marimba en San Marcos - Edición 2018 - Ref 389,2018-11-12,2018-11-15,GT12,GT1201,Plaza Central de San Marcos,Municipalidad de San Marcos y Comité de Cultura
390,EVT_GT1202_0389,Exposición Colectiva de Escultura en San Pedro Sacatepéquez - Edición 2020 - Ref 390,2020-11-12,2020-11-15,GT12,GT1202,Plaza Central de San Pedro Sacatepéquez,Municipalidad de San Pedro Sacatepéquez y Comité de Cultura
391,EVT_GT1203_0390,Feria de la Artesanía Tradicional en San Antonio Sacatepéquez - Edición 2020 - Ref 391,2020-11-12,2020-11-15,GT12,GT1203,Plaza Central de San Antonio Sacatepéquez,Municipalidad de San Antonio Sacatepéquez y Comité de Cultura
392,EVT_GT1204_0391,Festival del Tejido Maya y Jaspe en Comitancillo - Edición 2024 - Ref 392,2024-11-12,2024-11-15,GT12,GT1204,Plaza Central de Comitancillo,Municipalidad de Comitancillo y Comité de Cultura
393,EVT_GT1205_0392,Encuentro Regional de Pintores en San Miguel Ixtahuacán - Edición 2022 - Ref 393,2022-11-12,2022-11-15,GT12,GT1205,Plaza Central de San Miguel Ixtahuacán,Municipalidad de San Miguel Ixtahuacán y Comité de Cultura
394,EVT_GT1206_0393,Festival Nacional de la Marimba en Concepción Tutuapa - Edición 2024 - Ref 394,2024-11-12,2024-11-15,GT12,GT1206,Plaza Central de Concepción Tutuapa,Municipalidad de Concepción Tutuapa y Comité de Cultura
395,EVT_GT1207_0394,Exposición Colectiva de Escultura en Tacaná - Edición 2020 - Ref 395,2020-11-12,2020-11-15,GT12,GT1207,Plaza Central de Tacaná,Municipalidad de Tacaná y Comité de Cultura
396,EVT_GT1208_0395,Feria de la Artesanía Tradicional en Sibinal - Edición 2022 - Ref 396,2022-11-12,2022-11-15,GT12,GT1208,Plaza Central de Sibinal,Municipalidad de Sibinal y Comité de Cultura
397,EVT_GT1209_0396,Festival del Tejido Maya y Jaspe en Tajumulco - Edición 2025 - Ref 397,2025-11-12,2025-11-15,GT12,GT1209,Plaza Central de Tajumulco,Municipalidad de Tajumulco y Comité de Cultura
398,EVT_GT1210_0397,Encuentro Regional de Pintores en Tejutla - Edición 2020 - Ref 398,2020-11-12,2020-11-15,GT12,GT1210,Plaza Central de Tejutla,Municipalidad de Tejutla y Comité de Cultura
399,EVT_GT1211_0398,Festival Nacional de la Marimba en San Rafael Pie de la Cuesta - Edición 2024 - Ref 399,2024-11-12,2024-11-15,GT12,GT1211,Plaza Central de San Rafael Pie de la Cuesta,Municipalidad de San Rafael Pie de la Cuesta y Comité de Cultura
400,EVT_GT1212_0399,Exposición Colectiva de Escultura en Nuevo Progreso - Edición 2020 - Ref 400,2020-11-12,2020-11-15,GT12,GT1212,Plaza Central de Nuevo Progreso,Municipalidad de Nuevo Progreso y Comité de Cultura
401,EVT_GT1213_0400,Feria de la Artesanía Tradicional en El Tumbador - Edición 2018 - Ref 401,2018-11-12,2018-11-15,GT12,GT1213,Plaza Central de El Tumbador,Municipalidad de El Tumbador y Comité de Cultura
402,EVT_GT1214_0401,Festival del Tejido Maya y Jaspe en El Rodeo - Edición 2023 - Ref 402,2023-11-12,2023-11-15,GT12,GT1214,Plaza Central de El Rodeo,Municipalidad de El Rodeo y Comité de Cultura
403,EVT_GT1215_0402,Encuentro Regional de Pintores en Malacatán - Edición 2022 - Ref 403,2022-11-12,2022-11-15,GT12,GT1215,Plaza Central de Malacatán,Municipalidad de Malacatán y Comité de Cultura
404,EVT_GT1216_0403,Festival Nacional de la Marimba en Catarina - Edición 2025 - Ref 404,2025-11-12,2025-11-15,GT12,GT1216,Plaza Central de Catarina,Municipalidad de Catarina y Comité de Cultura
405,EVT_GT1217_0404,Exposición Colectiva de Escultura en Ayutla - Edición 2022 - Ref 405,2022-11-12,2022-11-15,GT12,GT1217,Plaza Central de Ayutla,Municipalidad de Ayutla y Comité de Cultura
406,EVT_GT1218_0405,Feria de la Artesanía Tradicional en Ocós - Edición 2021 - Ref 406,2021-11-12,2021-11-15,GT12,GT1218,Plaza Central de Ocós,Municipalidad de Ocós y Comité de Cultura
407,EVT_GT1219_0406,Festival del Tejido Maya y Jaspe en San Pablo - Edición 2022 - Ref 407,2022-11-12,2022-11-15,GT12,GT1219,Plaza Central de San Pablo,Municipalidad de San Pablo y Comité de Cultura
408,EVT_GT1220_0407,Encuentro Regional de Pintores en El Quetzal - Edición 2023 - Ref 408,2023-11-12,2023-11-15,GT12,GT1220,Plaza Central de El Quetzal,Municipalidad de El Quetzal y Comité de Cultura
409,EVT_GT1221_0408,Festival Nacional de la Marimba en La Reforma - Edición 2021 - Ref 409,2021-11-12,2021-11-15,GT12,GT1221,Plaza Central de La Reforma,Municipalidad de La Reforma y Comité de Cultura
410,EVT_GT1222_0409,Exposición Colectiva de Escultura en Pajapita - Edición 2020 - Ref 410,2020-11-12,2020-11-15,GT12,GT1222,Plaza Central de Pajapita,Municipalidad de Pajapita y Comité de Cultura
411,EVT_GT1223_0410,Feria de la Artesanía Tradicional en Ixchiguán - Edición 2020 - Ref 411,2020-11-12,2020-11-15,GT12,GT1223,Plaza Central de Ixchiguán,Municipalidad de Ixchiguán y Comité de Cultura
412,EVT_GT1224_0411,Festival del Tejido Maya y Jaspe en San José Ojetenam - Edición 2023 - Ref 412,2023-11-12,2023-11-15,GT12,GT1224,Plaza Central de San José Ojetenam,Municipalidad de San José Ojetenam y Comité de Cultura
413,EVT_GT1225_0412,Encuentro Regional de Pintores en San Cristóbal Cucho - Edición 2022 - Ref 413,2022-11-12,2022-11-15,GT12,GT1225,Plaza Central de San Cristóbal Cucho,Municipalidad de San Cristóbal Cucho y Comité de Cultura
414,EVT_GT1226_0413,Festival Nacional de la Marimba en Sipacapa - Edición 2020 - Ref 414,2020-11-12,2020-11-15,GT12,GT1226,Plaza Central de Sipacapa,Municipalidad de Sipacapa y Comité de Cultura
415,EVT_GT1227_0414,Exposición Colectiva de Escultura en Esquipulas Palo Gordo - Edición 2019 - Ref 415,2019-11-12,2019-11-15,GT12,GT1227,Plaza Central de Esquipulas Palo Gordo,Municipalidad de Esquipulas Palo Gordo y Comité de Cultura
416,EVT_GT1228_0415,Feria de la Artesanía Tradicional en Río Blanco - Edición 2025 - Ref 416,2025-11-12,2025-11-15,GT12,GT1228,Plaza Central de Río Blanco,Municipalidad de Río Blanco y Comité de Cultura
417,EVT_GT1229_0416,Festival del Tejido Maya y Jaspe en San Lorenzo - Edición 2019 - Ref 417,2019-11-12,2019-11-15,GT12,GT1229,Plaza Central de San Lorenzo,Municipalidad de San Lorenzo y Comité de Cultura
418,EVT_GT1230_0417,Encuentro Regional de Pintores en La Blanca - Edición 2025 - Ref 418,2025-11-12,2025-11-15,GT12,GT1230,Plaza Central de La Blanca,Municipalidad de La Blanca y Comité de Cultura
419,EVT_GT1301_0418,Festival Nacional de la Marimba en Huehuetenango - Edición 2024 - Ref 419,2024-11-12,2024-11-15,GT13,GT1301,Plaza Central de Huehuetenango,Municipalidad de Huehuetenango y Comité de Cultura
420,EVT_GT1302_0419,Exposición Colectiva de Escultura en Chiantla - Edición 2021 - Ref 420,2021-11-12,2021-11-15,GT13,GT1302,Plaza Central de Chiantla,Municipalidad de Chiantla y Comité de Cultura
421,EVT_GT1303_0420,Feria de la Artesanía Tradicional en Malacatancito - Edición 2025 - Ref 421,2025-11-12,2025-11-15,GT13,GT1303,Plaza Central de Malacatancito,Municipalidad de Malacatancito y Comité de Cultura
422,EVT_GT1304_0421,Festival del Tejido Maya y Jaspe en Cuilco - Edición 2022 - Ref 422,2022-11-12,2022-11-15,GT13,GT1304,Plaza Central de Cuilco,Municipalidad de Cuilco y Comité de Cultura
423,EVT_GT1305_0422,Encuentro Regional de Pintores en Nentón - Edición 2024 - Ref 423,2024-11-12,2024-11-15,GT13,GT1305,Plaza Central de Nentón,Municipalidad de Nentón y Comité de Cultura
424,EVT_GT1306_0423,Festival Nacional de la Marimba en San Pedro Necta - Edición 2024 - Ref 424,2024-11-12,2024-11-15,GT13,GT1306,Plaza Central de San Pedro Necta,Municipalidad de San Pedro Necta y Comité de Cultura
425,EVT_GT1307_0424,Exposición Colectiva de Escultura en Jacaltenango - Edición 2019 - Ref 425,2019-11-12,2019-11-15,GT13,GT1307,Plaza Central de Jacaltenango,Municipalidad de Jacaltenango y Comité de Cultura
426,EVT_GT1308_0425,Feria de la Artesanía Tradicional en Soloma - Edición 2021 - Ref 426,2021-11-12,2021-11-15,GT13,GT1308,Plaza Central de Soloma,Municipalidad de Soloma y Comité de Cultura
427,EVT_GT1309_0426,Festival del Tejido Maya y Jaspe en Ixtahuacán - Edición 2022 - Ref 427,2022-11-12,2022-11-15,GT13,GT1309,Plaza Central de Ixtahuacán,Municipalidad de Ixtahuacán y Comité de Cultura
428,EVT_GT1310_0427,Encuentro Regional de Pintores en Santa Bárbara - Edición 2021 - Ref 428,2021-11-12,2021-11-15,GT13,GT1310,Plaza Central de Santa Bárbara,Municipalidad de Santa Bárbara y Comité de Cultura
429,EVT_GT1311_0428,Festival Nacional de la Marimba en La Libertad - Edición 2023 - Ref 429,2023-11-12,2023-11-15,GT13,GT1311,Plaza Central de La Libertad,Municipalidad de La Libertad y Comité de Cultura
430,EVT_GT1312_0429,Exposición Colectiva de Escultura en La Democracia - Edición 2025 - Ref 430,2025-11-12,2025-11-15,GT13,GT1312,Plaza Central de La Democracia,Municipalidad de La Democracia y Comité de Cultura
431,EVT_GT1313_0430,Feria de la Artesanía Tradicional en San Miguel Acatán - Edición 2020 - Ref 431,2020-11-12,2020-11-15,GT13,GT1313,Plaza Central de San Miguel Acatán,Municipalidad de San Miguel Acatán y Comité de Cultura
432,EVT_GT1314_0431,Festival del Tejido Maya y Jaspe en San Rafael La Independencia - Edición 2022 - Ref 432,2022-11-12,2022-11-15,GT13,GT1314,Plaza Central de San Rafael La Independencia,Municipalidad de San Rafael La Independencia y Comité de Cultura
433,EVT_GT1315_0432,Encuentro Regional de Pintores en Todos Santos Cuchumatán - Edición 2023 - Ref 433,2023-11-12,2023-11-15,GT13,GT1315,Plaza Central de Todos Santos Cuchumatán,Municipalidad de Todos Santos Cuchumatán y Comité de Cultura
434,EVT_GT1316_0433,Festival Nacional de la Marimba en San Juan Atitán - Edición 2018 - Ref 434,2018-11-12,2018-11-15,GT13,GT1316,Plaza Central de San Juan Atitán,Municipalidad de San Juan Atitán y Comité de Cultura
435,EVT_GT1317_0434,Exposición Colectiva de Escultura en Santa Eulalia - Edición 2022 - Ref 435,2022-11-12,2022-11-15,GT13,GT1317,Plaza Central de Santa Eulalia,Municipalidad de Santa Eulalia y Comité de Cultura
436,EVT_GT1318_0435,Feria de la Artesanía Tradicional en San Mateo Ixtatán - Edición 2019 - Ref 436,2019-11-12,2019-11-15,GT13,GT1318,Plaza Central de San Mateo Ixtatán,Municipalidad de San Mateo Ixtatán y Comité de Cultura
437,EVT_GT1319_0436,Festival del Tejido Maya y Jaspe en Colotenango - Edición 2020 - Ref 437,2020-11-12,2020-11-15,GT13,GT1319,Plaza Central de Colotenango,Municipalidad de Colotenango y Comité de Cultura
438,EVT_GT1320_0437,Encuentro Regional de Pintores en San Sebastián Huehuetenango - Edición 2021 - Ref 438,2021-11-12,2021-11-15,GT13,GT1320,Plaza Central de San Sebastián Huehuetenango,Municipalidad de San Sebastián Huehuetenango y Comité de Cultura
439,EVT_GT1321_0438,Festival Nacional de la Marimba en Tectitán - Edición 2019 - Ref 439,2019-11-12,2019-11-15,GT13,GT1321,Plaza Central de Tectitán,Municipalidad de Tectitán y Comité de Cultura
440,EVT_GT1322_0439,Exposición Colectiva de Escultura en Concepción Huista - Edición 2018 - Ref 440,2018-11-12,2018-11-15,GT13,GT1322,Plaza Central de Concepción Huista,Municipalidad de Concepción Huista y Comité de Cultura
441,EVT_GT1323_0440,Feria de la Artesanía Tradicional en San Juan Ixcoy - Edición 2025 - Ref 441,2025-11-12,2025-11-15,GT13,GT1323,Plaza Central de San Juan Ixcoy,Municipalidad de San Juan Ixcoy y Comité de Cultura
442,EVT_GT1324_0441,Festival del Tejido Maya y Jaspe en San Antonio Huista - Edición 2025 - Ref 442,2025-11-12,2025-11-15,GT13,GT1324,Plaza Central de San Antonio Huista,Municipalidad de San Antonio Huista y Comité de Cultura
443,EVT_GT1325_0442,Encuentro Regional de Pintores en San Sebastián Coatán - Edición 2022 - Ref 443,2022-11-12,2022-11-15,GT13,GT1325,Plaza Central de San Sebastián Coatán,Municipalidad de San Sebastián Coatán y Comité de Cultura
444,EVT_GT1326_0443,Festival Nacional de la Marimba en Barillas - Edición 2024 - Ref 444,2024-11-12,2024-11-15,GT13,GT1326,Plaza Central de Barillas,Municipalidad de Barillas y Comité de Cultura
445,EVT_GT1327_0444,Exposición Colectiva de Escultura en Aguacatán - Edición 2025 - Ref 445,2025-11-12,2025-11-15,GT13,GT1327,Plaza Central de Aguacatán,Municipalidad de Aguacatán y Comité de Cultura
446,EVT_GT1328_0445,Feria de la Artesanía Tradicional en San Rafael Petzal - Edición 2019 - Ref 446,2019-11-12,2019-11-15,GT13,GT1328,Plaza Central de San Rafael Petzal,Municipalidad de San Rafael Petzal y Comité de Cultura
447,EVT_GT1329_0446,Festival del Tejido Maya y Jaspe en San Gaspar Ixchil - Edición 2019 - Ref 447,2019-11-12,2019-11-15,GT13,GT1329,Plaza Central de San Gaspar Ixchil,Municipalidad de San Gaspar Ixchil y Comité de Cultura
448,EVT_GT1330_0447,Encuentro Regional de Pintores en Santiago Chimaltenango - Edición 2020 - Ref 448,2020-11-12,2020-11-15,GT13,GT1330,Plaza Central de Santiago Chimaltenango,Municipalidad de Santiago Chimaltenango y Comité de Cultura
449,EVT_GT1331_0448,Festival Nacional de la Marimba en Santa Ana Huista - Edición 2019 - Ref 449,2019-11-12,2019-11-15,GT13,GT1331,Plaza Central de Santa Ana Huista,Municipalidad de Santa Ana Huista y Comité de Cultura
450,EVT_GT1332_0449,Exposición Colectiva de Escultura en Unión Cantinil - Edición 2023 - Ref 450,2023-11-12,2023-11-15,GT13,GT1332,Plaza Central de Unión Cantinil,Municipalidad de Unión Cantinil y Comité de Cultura
451,EVT_GT1333_0450,Feria de la Artesanía Tradicional en Petatán - Edición 2021 - Ref 451,2021-11-12,2021-11-15,GT13,GT1333,Plaza Central de Petatán,Municipalidad de Petatán y Comité de Cultura
452,EVT_GT1401_0451,Festival del Tejido Maya y Jaspe en Santa Cruz del Quiché - Edición 2023 - Ref 452,2023-11-12,2023-11-15,GT14,GT1401,Plaza Central de Santa Cruz del Quiché,Municipalidad de Santa Cruz del Quiché y Comité de Cultura
453,EVT_GT1402_0452,Encuentro Regional de Pintores en Chiché - Edición 2023 - Ref 453,2023-11-12,2023-11-15,GT14,GT1402,Plaza Central de Chiché,Municipalidad de Chiché y Comité de Cultura
454,EVT_GT1403_0453,Festival Nacional de la Marimba en Chinique - Edición 2022 - Ref 454,2022-11-12,2022-11-15,GT14,GT1403,Plaza Central de Chinique,Municipalidad de Chinique y Comité de Cultura
455,EVT_GT1404_0454,Exposición Colectiva de Escultura en Zacualpa - Edición 2021 - Ref 455,2021-11-12,2021-11-15,GT14,GT1404,Plaza Central de Zacualpa,Municipalidad de Zacualpa y Comité de Cultura
456,EVT_GT1405_0455,Feria de la Artesanía Tradicional en Chajul - Edición 2022 - Ref 456,2022-11-12,2022-11-15,GT14,GT1405,Plaza Central de Chajul,Municipalidad de Chajul y Comité de Cultura
457,EVT_GT1406_0456,Festival del Tejido Maya y Jaspe en Chichicastenango - Edición 2019 - Ref 457,2019-11-12,2019-11-15,GT14,GT1406,Plaza Central de Chichicastenango,Municipalidad de Chichicastenango y Comité de Cultura
458,EVT_GT1407_0457,Encuentro Regional de Pintores en Patzité - Edición 2020 - Ref 458,2020-11-12,2020-11-15,GT14,GT1407,Plaza Central de Patzité,Municipalidad de Patzité y Comité de Cultura
459,EVT_GT1408_0458,Festival Nacional de la Marimba en San Antonio Ilotenango - Edición 2024 - Ref 459,2024-11-12,2024-11-15,GT14,GT1408,Plaza Central de San Antonio Ilotenango,Municipalidad de San Antonio Ilotenango y Comité de Cultura
460,EVT_GT1409_0459,Exposición Colectiva de Escultura en San Pedro Jocopilas - Edición 2019 - Ref 460,2019-11-12,2019-11-15,GT14,GT1409,Plaza Central de San Pedro Jocopilas,Municipalidad de San Pedro Jocopilas y Comité de Cultura
461,EVT_GT1410_0460,Feria de la Artesanía Tradicional en Cunén - Edición 2021 - Ref 461,2021-11-12,2021-11-15,GT14,GT1410,Plaza Central de Cunén,Municipalidad de Cunén y Comité de Cultura
462,EVT_GT1411_0461,Festival del Tejido Maya y Jaspe en San Juan Cotzal - Edición 2020 - Ref 462,2020-11-12,2020-11-15,GT14,GT1411,Plaza Central de San Juan Cotzal,Municipalidad de San Juan Cotzal y Comité de Cultura
463,EVT_GT1412_0462,Encuentro Regional de Pintores en Joyabaj - Edición 2023 - Ref 463,2023-11-12,2023-11-15,GT14,GT1412,Plaza Central de Joyabaj,Municipalidad de Joyabaj y Comité de Cultura
464,EVT_GT1413_0463,Festival Nacional de la Marimba en Nebaj - Edición 2023 - Ref 464,2023-11-12,2023-11-15,GT14,GT1413,Plaza Central de Nebaj,Municipalidad de Nebaj y Comité de Cultura
465,EVT_GT1414_0464,Exposición Colectiva de Escultura en San Andrés Sajcabajá - Edición 2020 - Ref 465,2020-11-12,2020-11-15,GT14,GT1414,Plaza Central de San Andrés Sajcabajá,Municipalidad de San Andrés Sajcabajá y Comité de Cultura
466,EVT_GT1415_0465,Feria de la Artesanía Tradicional en Uspantán - Edición 2019 - Ref 466,2019-11-12,2019-11-15,GT14,GT1415,Plaza Central de Uspantán,Municipalidad de Uspantán y Comité de Cultura
467,EVT_GT1416_0466,Festival del Tejido Maya y Jaspe en Sacapulas - Edición 2021 - Ref 467,2021-11-12,2021-11-15,GT14,GT1416,Plaza Central de Sacapulas,Municipalidad de Sacapulas y Comité de Cultura
468,EVT_GT1417_0467,Encuentro Regional de Pintores en San Bartolomé Jocotenango - Edición 2024 - Ref 468,2024-11-12,2024-11-15,GT14,GT1417,Plaza Central de San Bartolomé Jocotenango,Municipalidad de San Bartolomé Jocotenango y Comité de Cultura
469,EVT_GT1418_0468,Festival Nacional de la Marimba en Canillá - Edición 2019 - Ref 469,2019-11-12,2019-11-15,GT14,GT1418,Plaza Central de Canillá,Municipalidad de Canillá y Comité de Cultura
470,EVT_GT1419_0469,Exposición Colectiva de Escultura en Chicamán - Edición 2018 - Ref 470,2018-11-12,2018-11-15,GT14,GT1419,Plaza Central de Chicamán,Municipalidad de Chicamán y Comité de Cultura
471,EVT_GT1420_0470,Feria de la Artesanía Tradicional en Ixcán - Edición 2020 - Ref 471,2020-11-12,2020-11-15,GT14,GT1420,Plaza Central de Ixcán,Municipalidad de Ixcán y Comité de Cultura
472,EVT_GT1421_0471,Festival del Tejido Maya y Jaspe en Pachalum - Edición 2018 - Ref 472,2018-11-12,2018-11-15,GT14,GT1421,Plaza Central de Pachalum,Municipalidad de Pachalum y Comité de Cultura
473,EVT_GT1501_0472,Encuentro Regional de Pintores en Salamá - Edición 2019 - Ref 473,2019-11-12,2019-11-15,GT15,GT1501,Plaza Central de Salamá,Municipalidad de Salamá y Comité de Cultura
474,EVT_GT1502_0473,Festival Nacional de la Marimba en San Miguel Chicaj - Edición 2019 - Ref 474,2019-11-12,2019-11-15,GT15,GT1502,Plaza Central de San Miguel Chicaj,Municipalidad de San Miguel Chicaj y Comité de Cultura
475,EVT_GT1503_0474,Exposición Colectiva de Escultura en Rabinal - Edición 2022 - Ref 475,2022-11-12,2022-11-15,GT15,GT1503,Plaza Central de Rabinal,Municipalidad de Rabinal y Comité de Cultura
476,EVT_GT1504_0475,Feria de la Artesanía Tradicional en Cubulco - Edición 2024 - Ref 476,2024-11-12,2024-11-15,GT15,GT1504,Plaza Central de Cubulco,Municipalidad de Cubulco y Comité de Cultura
477,EVT_GT1505_0476,Festival del Tejido Maya y Jaspe en Granados - Edición 2020 - Ref 477,2020-11-12,2020-11-15,GT15,GT1505,Plaza Central de Granados,Municipalidad de Granados y Comité de Cultura
478,EVT_GT1506_0477,Encuentro Regional de Pintores en El Chol - Edición 2019 - Ref 478,2019-11-12,2019-11-15,GT15,GT1506,Plaza Central de El Chol,Municipalidad de El Chol y Comité de Cultura
479,EVT_GT1507_0478,Festival Nacional de la Marimba en San Jerónimo - Edición 2021 - Ref 479,2021-11-12,2021-11-15,GT15,GT1507,Plaza Central de San Jerónimo,Municipalidad de San Jerónimo y Comité de Cultura
480,EVT_GT1508_0479,Exposición Colectiva de Escultura en Purulhá - Edición 2021 - Ref 480,2021-11-12,2021-11-15,GT15,GT1508,Plaza Central de Purulhá,Municipalidad de Purulhá y Comité de Cultura
481,EVT_GT0401_0480,Feria de la Artesanía Tradicional en Chimaltenango - Edición 2024 - Ref 481,2024-11-12,2024-11-15,GT04,GT0401,Plaza Central de Chimaltenango,Municipalidad de Chimaltenango y Comité de Cultura
482,EVT_GT0402_0481,Festival del Tejido Maya y Jaspe en San José Poaquil - Edición 2021 - Ref 482,2021-11-12,2021-11-15,GT04,GT0402,Plaza Central de San José Poaquil,Municipalidad de San José Poaquil y Comité de Cultura
483,EVT_GT0403_0482,Encuentro Regional de Pintores en San Martín Jilotepeque - Edición 2025 - Ref 483,2025-11-12,2025-11-15,GT04,GT0403,Plaza Central de San Martín Jilotepeque,Municipalidad de San Martín Jilotepeque y Comité de Cultura
484,EVT_GT0404_0483,Festival Nacional de la Marimba en Comalapa - Edición 2024 - Ref 484,2024-11-12,2024-11-15,GT04,GT0404,Plaza Central de Comalapa,Municipalidad de Comalapa y Comité de Cultura
485,EVT_GT0405_0484,Exposición Colectiva de Escultura en Santa Apolonia - Edición 2023 - Ref 485,2023-11-12,2023-11-15,GT04,GT0405,Plaza Central de Santa Apolonia,Municipalidad de Santa Apolonia y Comité de Cultura
486,EVT_GT0406_0485,Feria de la Artesanía Tradicional en Tecpán Guatemala - Edición 2021 - Ref 486,2021-11-12,2021-11-15,GT04,GT0406,Plaza Central de Tecpán Guatemala,Municipalidad de Tecpán Guatemala y Comité de Cultura
487,EVT_GT0407_0486,Festival del Tejido Maya y Jaspe en Patzún - Edición 2023 - Ref 487,2023-11-12,2023-11-15,GT04,GT0407,Plaza Central de Patzún,Municipalidad de Patzún y Comité de Cultura
488,EVT_GT0408_0487,Encuentro Regional de Pintores en Pochuta - Edición 2024 - Ref 488,2024-11-12,2024-11-15,GT04,GT0408,Plaza Central de Pochuta,Municipalidad de Pochuta y Comité de Cultura
489,EVT_GT0409_0488,Festival Nacional de la Marimba en Patzicía - Edición 2022 - Ref 489,2022-11-12,2022-11-15,GT04,GT0409,Plaza Central de Patzicía,Municipalidad de Patzicía y Comité de Cultura
490,EVT_GT0410_0489,Exposición Colectiva de Escultura en Santa Cruz Balanyá - Edición 2019 - Ref 490,2019-11-12,2019-11-15,GT04,GT0410,Plaza Central de Santa Cruz Balanyá,Municipalidad de Santa Cruz Balanyá y Comité de Cultura
491,EVT_GT0411_0490,Feria de la Artesanía Tradicional en Acatenango - Edición 2019 - Ref 491,2019-11-12,2019-11-15,GT04,GT0411,Plaza Central de Acatenango,Municipalidad de Acatenango y Comité de Cultura
492,EVT_GT0412_0491,Festival del Tejido Maya y Jaspe en Yepocapa - Edición 2021 - Ref 492,2021-11-12,2021-11-15,GT04,GT0412,Plaza Central de Yepocapa,Municipalidad de Yepocapa y Comité de Cultura
493,EVT_GT0413_0492,Encuentro Regional de Pintores en San Andrés Itzapa - Edición 2021 - Ref 493,2021-11-12,2021-11-15,GT04,GT0413,Plaza Central de San Andrés Itzapa,Municipalidad de San Andrés Itzapa y Comité de Cultura
494,EVT_GT0414_0493,Festival Nacional de la Marimba en Parramos - Edición 2024 - Ref 494,2024-11-12,2024-11-15,GT04,GT0414,Plaza Central de Parramos,Municipalidad de Parramos y Comité de Cultura
495,EVT_GT0415_0494,Exposición Colectiva de Escultura en Zaragoza - Edición 2018 - Ref 495,2018-11-12,2018-11-15,GT04,GT0415,Plaza Central de Zaragoza,Municipalidad de Zaragoza y Comité de Cultura
496,EVT_GT0416_0495,Feria de la Artesanía Tradicional en El Tejar - Edición 2022 - Ref 496,2022-11-12,2022-11-15,GT04,GT0416,Plaza Central de El Tejar,Municipalidad de El Tejar y Comité de Cultura
497,EVT_GT0700_0496,Festival del Tejido Maya y Jaspe en Lago De Atitlan - Edición 2019 - Ref 497,2019-11-12,2019-11-15,GT07,GT0700,Plaza Central de Lago De Atitlan,Municipalidad de Lago De Atitlan y Comité de Cultura
498,EVT_GT0701_0497,Encuentro Regional de Pintores en Sololá - Edición 2024 - Ref 498,2024-11-12,2024-11-15,GT07,GT0701,Plaza Central de Sololá,Municipalidad de Sololá y Comité de Cultura
499,EVT_GT0702_0498,Festival Nacional de la Marimba en San José Chacayá - Edición 2020 - Ref 499,2020-11-12,2020-11-15,GT07,GT0702,Plaza Central de San José Chacayá,Municipalidad de San José Chacayá y Comité de Cultura
500,EVT_GT0703_0499,Exposición Colectiva de Escultura en Santa María Visitación - Edición 2018 - Ref 500,2018-11-12,2018-11-15,GT07,GT0703,Plaza Central de Santa María Visitación,Municipalidad de Santa María Visitación y Comité de Cultura
501,EVT_GT0704_0500,Feria de la Artesanía Tradicional en Santa Lucía Utatlán - Edición 2022 - Ref 501,2022-11-12,2022-11-15,GT07,GT0704,Plaza Central de Santa Lucía Utatlán,Municipalidad de Santa Lucía Utatlán y Comité de Cultura
502,EVT_GT0705_0501,Festival del Tejido Maya y Jaspe en Nahualá - Edición 2023 - Ref 502,2023-11-12,2023-11-15,GT07,GT0705,Plaza Central de Nahualá,Municipalidad de Nahualá y Comité de Cultura
503,EVT_GT0706_0502,Encuentro Regional de Pintores en Santa Catarina Ixtahuacán - Edición 2022 - Ref 503,2022-11-12,2022-11-15,GT07,GT0706,Plaza Central de Santa Catarina Ixtahuacán,Municipalidad de Santa Catarina Ixtahuacán y Comité de Cultura
504,EVT_GT0707_0503,Festival Nacional de la Marimba en Santa Clara La Laguna - Edición 2025 - Ref 504,2025-11-12,2025-11-15,GT07,GT0707,Plaza Central de Santa Clara La Laguna,Municipalidad de Santa Clara La Laguna y Comité de Cultura
505,EVT_GT0708_0504,Exposición Colectiva de Escultura en Concepción - Edición 2018 - Ref 505,2018-11-12,2018-11-15,GT07,GT0708,Plaza Central de Concepción,Municipalidad de Concepción y Comité de Cultura
506,EVT_GT0709_0505,Feria de la Artesanía Tradicional en San Andrés Semetabaj - Edición 2018 - Ref 506,2018-11-12,2018-11-15,GT07,GT0709,Plaza Central de San Andrés Semetabaj,Municipalidad de San Andrés Semetabaj y Comité de Cultura
507,EVT_GT0710_0506,Festival del Tejido Maya y Jaspe en Panajachel - Edición 2018 - Ref 507,2018-11-12,2018-11-15,GT07,GT0710,Plaza Central de Panajachel,Municipalidad de Panajachel y Comité de Cultura
508,EVT_GT0711_0507,Encuentro Regional de Pintores en Santa Catarina Palopó - Edición 2025 - Ref 508,2025-11-12,2025-11-15,GT07,GT0711,Plaza Central de Santa Catarina Palopó,Municipalidad de Santa Catarina Palopó y Comité de Cultura
509,EVT_GT0712_0508,Festival Nacional de la Marimba en San Antonio Palopó - Edición 2020 - Ref 509,2020-11-12,2020-11-15,GT07,GT0712,Plaza Central de San Antonio Palopó,Municipalidad de San Antonio Palopó y Comité de Cultura
510,EVT_GT0713_0509,Exposición Colectiva de Escultura en San Lucas Tolimán - Edición 2022 - Ref 510,2022-11-12,2022-11-15,GT07,GT0713,Plaza Central de San Lucas Tolimán,Municipalidad de San Lucas Tolimán y Comité de Cultura
511,EVT_GT0714_0510,Feria de la Artesanía Tradicional en Santa Cruz La Laguna - Edición 2018 - Ref 511,2018-11-12,2018-11-15,GT07,GT0714,Plaza Central de Santa Cruz La Laguna,Municipalidad de Santa Cruz La Laguna y Comité de Cultura
512,EVT_GT0715_0511,Festival del Tejido Maya y Jaspe en San Pablo La Laguna - Edición 2020 - Ref 512,2020-11-12,2020-11-15,GT07,GT0715,Plaza Central de San Pablo La Laguna,Municipalidad de San Pablo La Laguna y Comité de Cultura
513,EVT_GT0716_0512,Encuentro Regional de Pintores en San Marcos La Laguna - Edición 2021 - Ref 513,2021-11-12,2021-11-15,GT07,GT0716,Plaza Central de San Marcos La Laguna,Municipalidad de San Marcos La Laguna y Comité de Cultura
514,EVT_GT0717_0513,Festival Nacional de la Marimba en San Juan La Laguna - Edición 2023 - Ref 514,2023-11-12,2023-11-15,GT07,GT0717,Plaza Central de San Juan La Laguna,Municipalidad de San Juan La Laguna y Comité de Cultura
515,EVT_GT0718_0514,Exposición Colectiva de Escultura en San Pedro La Laguna - Edición 2025 - Ref 515,2025-11-12,2025-11-15,GT07,GT0718,Plaza Central de San Pedro La Laguna,Municipalidad de San Pedro La Laguna y Comité de Cultura
516,EVT_GT0719_0515,Feria de la Artesanía Tradicional en Santiago Atitlán - Edición 2022 - Ref 516,2022-11-12,2022-11-15,GT07,GT0719,Plaza Central de Santiago Atitlán,Municipalidad de Santiago Atitlán y Comité de Cultura
517,EVT_GT0801_0516,Festival del Tejido Maya y Jaspe en Totonicapán - Edición 2025 - Ref 517,2025-11-12,2025-11-15,GT08,GT0801,Plaza Central de Totonicapán,Municipalidad de Totonicapán y Comité de Cultura
518,EVT_GT0802_0517,Encuentro Regional de Pintores en San Cristóbal Totonicapán - Edición 2021 - Ref 518,2021-11-12,2021-11-15,GT08,GT0802,Plaza Central de San Cristóbal Totonicapán,Municipalidad de San Cristóbal Totonicapán y Comité de Cultura
519,EVT_GT0803_0518,Festival Nacional de la Marimba en San Francisco El Alto - Edición 2020 - Ref 519,2020-11-12,2020-11-15,GT08,GT0803,Plaza Central de San Francisco El Alto,Municipalidad de San Francisco El Alto y Comité de Cultura
520,EVT_GT0804_0519,Exposición Colectiva de Escultura en San Andrés Xecul - Edición 2020 - Ref 520,2020-11-12,2020-11-15,GT08,GT0804,Plaza Central de San Andrés Xecul,Municipalidad de San Andrés Xecul y Comité de Cultura
521,EVT_GT0805_0520,Feria de la Artesanía Tradicional en Momostenango - Edición 2024 - Ref 521,2024-11-12,2024-11-15,GT08,GT0805,Plaza Central de Momostenango,Municipalidad de Momostenango y Comité de Cultura
522,EVT_GT0806_0521,Festival del Tejido Maya y Jaspe en Santa María Chiquimula - Edición 2018 - Ref 522,2018-11-12,2018-11-15,GT08,GT0806,Plaza Central de Santa María Chiquimula,Municipalidad de Santa María Chiquimula y Comité de Cultura
523,EVT_GT0807_0522,Encuentro Regional de Pintores en Santa Lucía La Reforma - Edición 2023 - Ref 523,2023-11-12,2023-11-15,GT08,GT0807,Plaza Central de Santa Lucía La Reforma,Municipalidad de Santa Lucía La Reforma y Comité de Cultura
524,EVT_GT0808_0523,Festival Nacional de la Marimba en San Bartolo - Edición 2018 - Ref 524,2018-11-12,2018-11-15,GT08,GT0808,Plaza Central de San Bartolo,Municipalidad de San Bartolo y Comité de Cultura
525,EVT_GT0901_0524,Exposición Colectiva de Escultura en Quetzaltenango - Edición 2018 - Ref 525,2018-11-12,2018-11-15,GT09,GT0901,Plaza Central de Quetzaltenango,Municipalidad de Quetzaltenango y Comité de Cultura
526,EVT_GT0902_0525,Feria de la Artesanía Tradicional en Salcajá - Edición 2022 - Ref 526,2022-11-12,2022-11-15,GT09,GT0902,Plaza Central de Salcajá,Municipalidad de Salcajá y Comité de Cultura
527,EVT_GT0903_0526,Festival del Tejido Maya y Jaspe en Olintepeque - Edición 2022 - Ref 527,2022-11-12,2022-11-15,GT09,GT0903,Plaza Central de Olintepeque,Municipalidad de Olintepeque y Comité de Cultura
528,EVT_GT0904_0527,Encuentro Regional de Pintores en San Carlos Sija - Edición 2020 - Ref 528,2020-11-12,2020-11-15,GT09,GT0904,Plaza Central de San Carlos Sija,Municipalidad de San Carlos Sija y Comité de Cultura
529,EVT_GT0905_0528,Festival Nacional de la Marimba en Sibilia - Edición 2025 - Ref 529,2025-11-12,2025-11-15,GT09,GT0905,Plaza Central de Sibilia,Municipalidad de Sibilia y Comité de Cultura
530,EVT_GT0906_0529,Exposición Colectiva de Escultura en Cabricán - Edición 2021 - Ref 530,2021-11-12,2021-11-15,GT09,GT0906,Plaza Central de Cabricán,Municipalidad de Cabricán y Comité de Cultura
531,EVT_GT0907_0530,Feria de la Artesanía Tradicional en Cajolá - Edición 2021 - Ref 531,2021-11-12,2021-11-15,GT09,GT0907,Plaza Central de Cajolá,Municipalidad de Cajolá y Comité de Cultura
532,EVT_GT0908_0531,Festival del Tejido Maya y Jaspe en San Miguel Sigüila - Edición 2021 - Ref 532,2021-11-12,2021-11-15,GT09,GT0908,Plaza Central de San Miguel Sigüila,Municipalidad de San Miguel Sigüila y Comité de Cultura
533,EVT_GT0909_0532,Encuentro Regional de Pintores en Ostuncalco - Edición 2019 - Ref 533,2019-11-12,2019-11-15,GT09,GT0909,Plaza Central de Ostuncalco,Municipalidad de Ostuncalco y Comité de Cultura
534,EVT_GT0910_0533,Festival Nacional de la Marimba en San Mateo - Edición 2020 - Ref 534,2020-11-12,2020-11-15,GT09,GT0910,Plaza Central de San Mateo,Municipalidad de San Mateo y Comité de Cultura
535,EVT_GT0911_0534,Exposición Colectiva de Escultura en Concepción Chiquirichapa - Edición 2018 - Ref 535,2018-11-12,2018-11-15,GT09,GT0911,Plaza Central de Concepción Chiquirichapa,Municipalidad de Concepción Chiquirichapa y Comité de Cultura
536,EVT_GT0912_0535,Feria de la Artesanía Tradicional en San Martín Sacatepéquez - Edición 2018 - Ref 536,2018-11-12,2018-11-15,GT09,GT0912,Plaza Central de San Martín Sacatepéquez,Municipalidad de San Martín Sacatepéquez y Comité de Cultura
537,EVT_GT0913_0536,Festival del Tejido Maya y Jaspe en Almolonga - Edición 2025 - Ref 537,2025-11-12,2025-11-15,GT09,GT0913,Plaza Central de Almolonga,Municipalidad de Almolonga y Comité de Cultura
538,EVT_GT0914_0537,Encuentro Regional de Pintores en Cantel - Edición 2025 - Ref 538,2025-11-12,2025-11-15,GT09,GT0914,Plaza Central de Cantel,Municipalidad de Cantel y Comité de Cultura
539,EVT_GT0915_0538,Festival Nacional de la Marimba en Huitán - Edición 2018 - Ref 539,2018-11-12,2018-11-15,GT09,GT0915,Plaza Central de Huitán,Municipalidad de Huitán y Comité de Cultura
540,EVT_GT0916_0539,Exposición Colectiva de Escultura en Zunil - Edición 2024 - Ref 540,2024-11-12,2024-11-15,GT09,GT0916,Plaza Central de Zunil,Municipalidad de Zunil y Comité de Cultura
541,EVT_GT0917_0540,Feria de la Artesanía Tradicional en Colomba - Edición 2021 - Ref 541,2021-11-12,2021-11-15,GT09,GT0917,Plaza Central de Colomba,Municipalidad de Colomba y Comité de Cultura
542,EVT_GT0918_0541,Festival del Tejido Maya y Jaspe en San Francisco La Unión - Edición 2023 - Ref 542,2023-11-12,2023-11-15,GT09,GT0918,Plaza Central de San Francisco La Unión,Municipalidad de San Francisco La Unión y Comité de Cultura
543,EVT_GT0919_0542,Encuentro Regional de Pintores en El Palmar - Edición 2025 - Ref 543,2025-11-12,2025-11-15,GT09,GT0919,Plaza Central de El Palmar,Municipalidad de El Palmar y Comité de Cultura
544,EVT_GT0920_0543,Festival Nacional de la Marimba en Coatepeque - Edición 2020 - Ref 544,2020-11-12,2020-11-15,GT09,GT0920,Plaza Central de Coatepeque,Municipalidad de Coatepeque y Comité de Cultura
545,EVT_GT0921_0544,Exposición Colectiva de Escultura en Génova - Edición 2023 - Ref 545,2023-11-12,2023-11-15,GT09,GT0921,Plaza Central de Génova,Municipalidad de Génova y Comité de Cultura
546,EVT_GT0922_0545,Feria de la Artesanía Tradicional en Flores Costa Cuca - Edición 2021 - Ref 546,2021-11-12,2021-11-15,GT09,GT0922,Plaza Central de Flores Costa Cuca,Municipalidad de Flores Costa Cuca y Comité de Cultura
547,EVT_GT0923_0546,Festival del Tejido Maya y Jaspe en La Esperanza - Edición 2020 - Ref 547,2020-11-12,2020-11-15,GT09,GT0923,Plaza Central de La Esperanza,Municipalidad de La Esperanza y Comité de Cultura
548,EVT_GT0924_0547,Encuentro Regional de Pintores en Palestina de Los Altos - Edición 2025 - Ref 548,2025-11-12,2025-11-15,GT09,GT0924,Plaza Central de Palestina de Los Altos,Municipalidad de Palestina de Los Altos y Comité de Cultura
549,EVT_GT1201_0548,Festival Nacional de la Marimba en San Marcos - Edición 2021 - Ref 549,2021-11-12,2021-11-15,GT12,GT1201,Plaza Central de San Marcos,Municipalidad de San Marcos y Comité de Cultura
550,EVT_GT1202_0549,Exposición Colectiva de Escultura en San Pedro Sacatepéquez - Edición 2022 - Ref 550,2022-11-12,2022-11-15,GT12,GT1202,Plaza Central de San Pedro Sacatepéquez,Municipalidad de San Pedro Sacatepéquez y Comité de Cultura
551,EVT_GT1203_0550,Feria de la Artesanía Tradicional en San Antonio Sacatepéquez - Edición 2020 - Ref 551,2020-11-12,2020-11-15,GT12,GT1203,Plaza Central de San Antonio Sacatepéquez,Municipalidad de San Antonio Sacatepéquez y Comité de Cultura
552,EVT_GT1204_0551,Festival del Tejido Maya y Jaspe en Comitancillo - Edición 2021 - Ref 552,2021-11-12,2021-11-15,GT12,GT1204,Plaza Central de Comitancillo,Municipalidad de Comitancillo y Comité de Cultura
553,EVT_GT1205_0552,Encuentro Regional de Pintores en San Miguel Ixtahuacán - Edición 2021 - Ref 553,2021-11-12,2021-11-15,GT12,GT1205,Plaza Central de San Miguel Ixtahuacán,Municipalidad de San Miguel Ixtahuacán y Comité de Cultura
554,EVT_GT1206_0553,Festival Nacional de la Marimba en Concepción Tutuapa - Edición 2021 - Ref 554,2021-11-12,2021-11-15,GT12,GT1206,Plaza Central de Concepción Tutuapa,Municipalidad de Concepción Tutuapa y Comité de Cultura
555,EVT_GT1207_0554,Exposición Colectiva de Escultura en Tacaná - Edición 2025 - Ref 555,2025-11-12,2025-11-15,GT12,GT1207,Plaza Central de Tacaná,Municipalidad de Tacaná y Comité de Cultura
556,EVT_GT1208_0555,Feria de la Artesanía Tradicional en Sibinal - Edición 2022 - Ref 556,2022-11-12,2022-11-15,GT12,GT1208,Plaza Central de Sibinal,Municipalidad de Sibinal y Comité de Cultura
557,EVT_GT1209_0556,Festival del Tejido Maya y Jaspe en Tajumulco - Edición 2024 - Ref 557,2024-11-12,2024-11-15,GT12,GT1209,Plaza Central de Tajumulco,Municipalidad de Tajumulco y Comité de Cultura
558,EVT_GT1210_0557,Encuentro Regional de Pintores en Tejutla - Edición 2024 - Ref 558,2024-11-12,2024-11-15,GT12,GT1210,Plaza Central de Tejutla,Municipalidad de Tejutla y Comité de Cultura
559,EVT_GT1211_0558,Festival Nacional de la Marimba en San Rafael Pie de la Cuesta - Edición 2023 - Ref 559,2023-11-12,2023-11-15,GT12,GT1211,Plaza Central de San Rafael Pie de la Cuesta,Municipalidad de San Rafael Pie de la Cuesta y Comité de Cultura
560,EVT_GT1212_0559,Exposición Colectiva de Escultura en Nuevo Progreso - Edición 2024 - Ref 560,2024-11-12,2024-11-15,GT12,GT1212,Plaza Central de Nuevo Progreso,Municipalidad de Nuevo Progreso y Comité de Cultura
561,EVT_GT1213_0560,Feria de la Artesanía Tradicional en El Tumbador - Edición 2023 - Ref 561,2023-11-12,2023-11-15,GT12,GT1213,Plaza Central de El Tumbador,Municipalidad de El Tumbador y Comité de Cultura
562,EVT_GT1214_0561,Festival del Tejido Maya y Jaspe en El Rodeo - Edición 2021 - Ref 562,2021-11-12,2021-11-15,GT12,GT1214,Plaza Central de El Rodeo,Municipalidad de El Rodeo y Comité de Cultura
563,EVT_GT1215_0562,Encuentro Regional de Pintores en Malacatán - Edición 2023 - Ref 563,2023-11-12,2023-11-15,GT12,GT1215,Plaza Central de Malacatán,Municipalidad de Malacatán y Comité de Cultura
564,EVT_GT1216_0563,Festival Nacional de la Marimba en Catarina - Edición 2019 - Ref 564,2019-11-12,2019-11-15,GT12,GT1216,Plaza Central de Catarina,Municipalidad de Catarina y Comité de Cultura
565,EVT_GT1217_0564,Exposición Colectiva de Escultura en Ayutla - Edición 2025 - Ref 565,2025-11-12,2025-11-15,GT12,GT1217,Plaza Central de Ayutla,Municipalidad de Ayutla y Comité de Cultura
566,EVT_GT1218_0565,Feria de la Artesanía Tradicional en Ocós - Edición 2022 - Ref 566,2022-11-12,2022-11-15,GT12,GT1218,Plaza Central de Ocós,Municipalidad de Ocós y Comité de Cultura
567,EVT_GT1219_0566,Festival del Tejido Maya y Jaspe en San Pablo - Edición 2018 - Ref 567,2018-11-12,2018-11-15,GT12,GT1219,Plaza Central de San Pablo,Municipalidad de San Pablo y Comité de Cultura
568,EVT_GT1220_0567,Encuentro Regional de Pintores en El Quetzal - Edición 2025 - Ref 568,2025-11-12,2025-11-15,GT12,GT1220,Plaza Central de El Quetzal,Municipalidad de El Quetzal y Comité de Cultura
569,EVT_GT1221_0568,Festival Nacional de la Marimba en La Reforma - Edición 2020 - Ref 569,2020-11-12,2020-11-15,GT12,GT1221,Plaza Central de La Reforma,Municipalidad de La Reforma y Comité de Cultura
570,EVT_GT1222_0569,Exposición Colectiva de Escultura en Pajapita - Edición 2021 - Ref 570,2021-11-12,2021-11-15,GT12,GT1222,Plaza Central de Pajapita,Municipalidad de Pajapita y Comité de Cultura
571,EVT_GT1223_0570,Feria de la Artesanía Tradicional en Ixchiguán - Edición 2024 - Ref 571,2024-11-12,2024-11-15,GT12,GT1223,Plaza Central de Ixchiguán,Municipalidad de Ixchiguán y Comité de Cultura
572,EVT_GT1224_0571,Festival del Tejido Maya y Jaspe en San José Ojetenam - Edición 2024 - Ref 572,2024-11-12,2024-11-15,GT12,GT1224,Plaza Central de San José Ojetenam,Municipalidad de San José Ojetenam y Comité de Cultura
573,EVT_GT1225_0572,Encuentro Regional de Pintores en San Cristóbal Cucho - Edición 2021 - Ref 573,2021-11-12,2021-11-15,GT12,GT1225,Plaza Central de San Cristóbal Cucho,Municipalidad de San Cristóbal Cucho y Comité de Cultura
574,EVT_GT1226_0573,Festival Nacional de la Marimba en Sipacapa - Edición 2018 - Ref 574,2018-11-12,2018-11-15,GT12,GT1226,Plaza Central de Sipacapa,Municipalidad de Sipacapa y Comité de Cultura
575,EVT_GT1227_0574,Exposición Colectiva de Escultura en Esquipulas Palo Gordo - Edición 2019 - Ref 575,2019-11-12,2019-11-15,GT12,GT1227,Plaza Central de Esquipulas Palo Gordo,Municipalidad de Esquipulas Palo Gordo y Comité de Cultura
576,EVT_GT1228_0575,Feria de la Artesanía Tradicional en Río Blanco - Edición 2020 - Ref 576,2020-11-12,2020-11-15,GT12,GT1228,Plaza Central de Río Blanco,Municipalidad de Río Blanco y Comité de Cultura
577,EVT_GT1229_0576,Festival del Tejido Maya y Jaspe en San Lorenzo - Edición 2023 - Ref 577,2023-11-12,2023-11-15,GT12,GT1229,Plaza Central de San Lorenzo,Municipalidad de San Lorenzo y Comité de Cultura
578,EVT_GT1230_0577,Encuentro Regional de Pintores en La Blanca - Edición 2025 - Ref 578,2025-11-12,2025-11-15,GT12,GT1230,Plaza Central de La Blanca,Municipalidad de La Blanca y Comité de Cultura
579,EVT_GT1301_0578,Festival Nacional de la Marimba en Huehuetenango - Edición 2022 - Ref 579,2022-11-12,2022-11-15,GT13,GT1301,Plaza Central de Huehuetenango,Municipalidad de Huehuetenango y Comité de Cultura
580,EVT_GT1302_0579,Exposición Colectiva de Escultura en Chiantla - Edición 2025 - Ref 580,2025-11-12,2025-11-15,GT13,GT1302,Plaza Central de Chiantla,Municipalidad de Chiantla y Comité de Cultura
581,EVT_GT1303_0580,Feria de la Artesanía Tradicional en Malacatancito - Edición 2020 - Ref 581,2020-11-12,2020-11-15,GT13,GT1303,Plaza Central de Malacatancito,Municipalidad de Malacatancito y Comité de Cultura
582,EVT_GT1304_0581,Festival del Tejido Maya y Jaspe en Cuilco - Edición 2023 - Ref 582,2023-11-12,2023-11-15,GT13,GT1304,Plaza Central de Cuilco,Municipalidad de Cuilco y Comité de Cultura
583,EVT_GT1305_0582,Encuentro Regional de Pintores en Nentón - Edición 2018 - Ref 583,2018-11-12,2018-11-15,GT13,GT1305,Plaza Central de Nentón,Municipalidad de Nentón y Comité de Cultura
584,EVT_GT1306_0583,Festival Nacional de la Marimba en San Pedro Necta - Edición 2022 - Ref 584,2022-11-12,2022-11-15,GT13,GT1306,Plaza Central de San Pedro Necta,Municipalidad de San Pedro Necta y Comité de Cultura
585,EVT_GT1307_0584,Exposición Colectiva de Escultura en Jacaltenango - Edición 2022 - Ref 585,2022-11-12,2022-11-15,GT13,GT1307,Plaza Central de Jacaltenango,Municipalidad de Jacaltenango y Comité de Cultura
586,EVT_GT1308_0585,Feria de la Artesanía Tradicional en Soloma - Edición 2021 - Ref 586,2021-11-12,2021-11-15,GT13,GT1308,Plaza Central de Soloma,Municipalidad de Soloma y Comité de Cultura
587,EVT_GT1309_0586,Festival del Tejido Maya y Jaspe en Ixtahuacán - Edición 2025 - Ref 587,2025-11-12,2025-11-15,GT13,GT1309,Plaza Central de Ixtahuacán,Municipalidad de Ixtahuacán y Comité de Cultura
588,EVT_GT1310_0587,Encuentro Regional de Pintores en Santa Bárbara - Edición 2025 - Ref 588,2025-11-12,2025-11-15,GT13,GT1310,Plaza Central de Santa Bárbara,Municipalidad de Santa Bárbara y Comité de Cultura
589,EVT_GT1311_0588,Festival Nacional de la Marimba en La Libertad - Edición 2022 - Ref 589,2022-11-12,2022-11-15,GT13,GT1311,Plaza Central de La Libertad,Municipalidad de La Libertad y Comité de Cultura
590,EVT_GT1312_0589,Exposición Colectiva de Escultura en La Democracia - Edición 2022 - Ref 590,2022-11-12,2022-11-15,GT13,GT1312,Plaza Central de La Democracia,Municipalidad de La Democracia y Comité de Cultura
591,EVT_GT1313_0590,Feria de la Artesanía Tradicional en San Miguel Acatán - Edición 2022 - Ref 591,2022-11-12,2022-11-15,GT13,GT1313,Plaza Central de San Miguel Acatán,Municipalidad de San Miguel Acatán y Comité de Cultura
592,EVT_GT1314_0591,Festival del Tejido Maya y Jaspe en San Rafael La Independencia - Edición 2020 - Ref 592,2020-11-12,2020-11-15,GT13,GT1314,Plaza Central de San Rafael La Independencia,Municipalidad de San Rafael La Independencia y Comité de Cultura
593,EVT_GT1315_0592,Encuentro Regional de Pintores en Todos Santos Cuchumatán - Edición 2022 - Ref 593,2022-11-12,2022-11-15,GT13,GT1315,Plaza Central de Todos Santos Cuchumatán,Municipalidad de Todos Santos Cuchumatán y Comité de Cultura
594,EVT_GT1316_0593,Festival Nacional de la Marimba en San Juan Atitán - Edición 2023 - Ref 594,2023-11-12,2023-11-15,GT13,GT1316,Plaza Central de San Juan Atitán,Municipalidad de San Juan Atitán y Comité de Cultura
595,EVT_GT1317_0594,Exposición Colectiva de Escultura en Santa Eulalia - Edición 2025 - Ref 595,2025-11-12,2025-11-15,GT13,GT1317,Plaza Central de Santa Eulalia,Municipalidad de Santa Eulalia y Comité de Cultura
596,EVT_GT1318_0595,Feria de la Artesanía Tradicional en San Mateo Ixtatán - Edición 2018 - Ref 596,2018-11-12,2018-11-15,GT13,GT1318,Plaza Central de San Mateo Ixtatán,Municipalidad de San Mateo Ixtatán y Comité de Cultura
597,EVT_GT1319_0596,Festival del Tejido Maya y Jaspe en Colotenango - Edición 2025 - Ref 597,2025-11-12,2025-11-15,GT13,GT1319,Plaza Central de Colotenango,Municipalidad de Colotenango y Comité de Cultura
598,EVT_GT1320_0597,Encuentro Regional de Pintores en San Sebastián Huehuetenango - Edición 2018 - Ref 598,2018-11-12,2018-11-15,GT13,GT1320,Plaza Central de San Sebastián Huehuetenango,Municipalidad de San Sebastián Huehuetenango y Comité de Cultura
599,EVT_GT1321_0598,Festival Nacional de la Marimba en Tectitán - Edición 2023 - Ref 599,2023-11-12,2023-11-15,GT13,GT1321,Plaza Central de Tectitán,Municipalidad de Tectitán y Comité de Cultura
600,EVT_GT1322_0599,Exposición Colectiva de Escultura en Concepción Huista - Edición 2025 - Ref 600,2025-11-12,2025-11-15,GT13,GT1322,Plaza Central de Concepción Huista,Municipalidad de Concepción Huista y Comité de Cultura
601,EVT_GT1323_0600,Feria de la Artesanía Tradicional en San Juan Ixcoy - Edición 2021 - Ref 601,2021-11-12,2021-11-15,GT13,GT1323,Plaza Central de San Juan Ixcoy,Municipalidad de San Juan Ixcoy y Comité de Cultura
602,EVT_GT1324_0601,Festival del Tejido Maya y Jaspe en San Antonio Huista - Edición 2025 - Ref 602,2025-11-12,2025-11-15,GT13,GT1324,Plaza Central de San Antonio Huista,Municipalidad de San Antonio Huista y Comité de Cultura
603,EVT_GT1325_0602,Encuentro Regional de Pintores en San Sebastián Coatán - Edición 2025 - Ref 603,2025-11-12,2025-11-15,GT13,GT1325,Plaza Central de San Sebastián Coatán,Municipalidad de San Sebastián Coatán y Comité de Cultura
604,EVT_GT1326_0603,Festival Nacional de la Marimba en Barillas - Edición 2022 - Ref 604,2022-11-12,2022-11-15,GT13,GT1326,Plaza Central de Barillas,Municipalidad de Barillas y Comité de Cultura
605,EVT_GT1327_0604,Exposición Colectiva de Escultura en Aguacatán - Edición 2025 - Ref 605,2025-11-12,2025-11-15,GT13,GT1327,Plaza Central de Aguacatán,Municipalidad de Aguacatán y Comité de Cultura
606,EVT_GT1328_0605,Feria de la Artesanía Tradicional en San Rafael Petzal - Edición 2020 - Ref 606,2020-11-12,2020-11-15,GT13,GT1328,Plaza Central de San Rafael Petzal,Municipalidad de San Rafael Petzal y Comité de Cultura
607,EVT_GT1329_0606,Festival del Tejido Maya y Jaspe en San Gaspar Ixchil - Edición 2020 - Ref 607,2020-11-12,2020-11-15,GT13,GT1329,Plaza Central de San Gaspar Ixchil,Municipalidad de San Gaspar Ixchil y Comité de Cultura
608,EVT_GT1330_0607,Encuentro Regional de Pintores en Santiago Chimaltenango - Edición 2023 - Ref 608,2023-11-12,2023-11-15,GT13,GT1330,Plaza Central de Santiago Chimaltenango,Municipalidad de Santiago Chimaltenango y Comité de Cultura
609,EVT_GT1331_0608,Festival Nacional de la Marimba en Santa Ana Huista - Edición 2022 - Ref 609,2022-11-12,2022-11-15,GT13,GT1331,Plaza Central de Santa Ana Huista,Municipalidad de Santa Ana Huista y Comité de Cultura
610,EVT_GT1332_0609,Exposición Colectiva de Escultura en Unión Cantinil - Edición 2022 - Ref 610,2022-11-12,2022-11-15,GT13,GT1332,Plaza Central de Unión Cantinil,Municipalidad de Unión Cantinil y Comité de Cultura
611,EVT_GT1333_0610,Feria de la Artesanía Tradicional en Petatán - Edición 2019 - Ref 611,2019-11-12,2019-11-15,GT13,GT1333,Plaza Central de Petatán,Municipalidad de Petatán y Comité de Cultura
612,EVT_GT1401_0611,Festival del Tejido Maya y Jaspe en Santa Cruz del Quiché - Edición 2021 - Ref 612,2021-11-12,2021-11-15,GT14,GT1401,Plaza Central de Santa Cruz del Quiché,Municipalidad de Santa Cruz del Quiché y Comité de Cultura
613,EVT_GT1402_0612,Encuentro Regional de Pintores en Chiché - Edición 2018 - Ref 613,2018-11-12,2018-11-15,GT14,GT1402,Plaza Central de Chiché,Municipalidad de Chiché y Comité de Cultura
614,EVT_GT1403_0613,Festival Nacional de la Marimba en Chinique - Edición 2024 - Ref 614,2024-11-12,2024-11-15,GT14,GT1403,Plaza Central de Chinique,Municipalidad de Chinique y Comité de Cultura
615,EVT_GT1404_0614,Exposición Colectiva de Escultura en Zacualpa - Edición 2025 - Ref 615,2025-11-12,2025-11-15,GT14,GT1404,Plaza Central de Zacualpa,Municipalidad de Zacualpa y Comité de Cultura
616,EVT_GT1405_0615,Feria de la Artesanía Tradicional en Chajul - Edición 2025 - Ref 616,2025-11-12,2025-11-15,GT14,GT1405,Plaza Central de Chajul,Municipalidad de Chajul y Comité de Cultura
617,EVT_GT1406_0616,Festival del Tejido Maya y Jaspe en Chichicastenango - Edición 2023 - Ref 617,2023-11-12,2023-11-15,GT14,GT1406,Plaza Central de Chichicastenango,Municipalidad de Chichicastenango y Comité de Cultura
618,EVT_GT1407_0617,Encuentro Regional de Pintores en Patzité - Edición 2019 - Ref 618,2019-11-12,2019-11-15,GT14,GT1407,Plaza Central de Patzité,Municipalidad de Patzité y Comité de Cultura
619,EVT_GT1408_0618,Festival Nacional de la Marimba en San Antonio Ilotenango - Edición 2019 - Ref 619,2019-11-12,2019-11-15,GT14,GT1408,Plaza Central de San Antonio Ilotenango,Municipalidad de San Antonio Ilotenango y Comité de Cultura
620,EVT_GT1409_0619,Exposición Colectiva de Escultura en San Pedro Jocopilas - Edición 2022 - Ref 620,2022-11-12,2022-11-15,GT14,GT1409,Plaza Central de San Pedro Jocopilas,Municipalidad de San Pedro Jocopilas y Comité de Cultura
621,EVT_GT1410_0620,Feria de la Artesanía Tradicional en Cunén - Edición 2021 - Ref 621,2021-11-12,2021-11-15,GT14,GT1410,Plaza Central de Cunén,Municipalidad de Cunén y Comité de Cultura
622,EVT_GT1411_0621,Festival del Tejido Maya y Jaspe en San Juan Cotzal - Edición 2024 - Ref 622,2024-11-12,2024-11-15,GT14,GT1411,Plaza Central de San Juan Cotzal,Municipalidad de San Juan Cotzal y Comité de Cultura
623,EVT_GT1412_0622,Encuentro Regional de Pintores en Joyabaj - Edición 2023 - Ref 623,2023-11-12,2023-11-15,GT14,GT1412,Plaza Central de Joyabaj,Municipalidad de Joyabaj y Comité de Cultura
624,EVT_GT1413_0623,Festival Nacional de la Marimba en Nebaj - Edición 2025 - Ref 624,2025-11-12,2025-11-15,GT14,GT1413,Plaza Central de Nebaj,Municipalidad de Nebaj y Comité de Cultura
625,EVT_GT1414_0624,Exposición Colectiva de Escultura en San Andrés Sajcabajá - Edición 2020 - Ref 625,2020-11-12,2020-11-15,GT14,GT1414,Plaza Central de San Andrés Sajcabajá,Municipalidad de San Andrés Sajcabajá y Comité de Cultura
626,EVT_GT1415_0625,Feria de la Artesanía Tradicional en Uspantán - Edición 2019 - Ref 626,2019-11-12,2019-11-15,GT14,GT1415,Plaza Central de Uspantán,Municipalidad de Uspantán y Comité de Cultura
627,EVT_GT1416_0626,Festival del Tejido Maya y Jaspe en Sacapulas - Edición 2023 - Ref 627,2023-11-12,2023-11-15,GT14,GT1416,Plaza Central de Sacapulas,Municipalidad de Sacapulas y Comité de Cultura
628,EVT_GT1417_0627,Encuentro Regional de Pintores en San Bartolomé Jocotenango - Edición 2020 - Ref 628,2020-11-12,2020-11-15,GT14,GT1417,Plaza Central de San Bartolomé Jocotenango,Municipalidad de San Bartolomé Jocotenango y Comité de Cultura
629,EVT_GT1418_0628,Festival Nacional de la Marimba en Canillá - Edición 2018 - Ref 629,2018-11-12,2018-11-15,GT14,GT1418,Plaza Central de Canillá,Municipalidad de Canillá y Comité de Cultura
630,EVT_GT1419_0629,Exposición Colectiva de Escultura en Chicamán - Edición 2019 - Ref 630,2019-11-12,2019-11-15,GT14,GT1419,Plaza Central de Chicamán,Municipalidad de Chicamán y Comité de Cultura
631,EVT_GT1420_0630,Feria de la Artesanía Tradicional en Ixcán - Edición 2024 - Ref 631,2024-11-12,2024-11-15,GT14,GT1420,Plaza Central de Ixcán,Municipalidad de Ixcán y Comité de Cultura
632,EVT_GT1421_0631,Festival del Tejido Maya y Jaspe en Pachalum - Edición 2022 - Ref 632,2022-11-12,2022-11-15,GT14,GT1421,Plaza Central de Pachalum,Municipalidad de Pachalum y Comité de Cultura
633,EVT_GT1501_0632,Encuentro Regional de Pintores en Salamá - Edición 2022 - Ref 633,2022-11-12,2022-11-15,GT15,GT1501,Plaza Central de Salamá,Municipalidad de Salamá y Comité de Cultura
634,EVT_GT1502_0633,Festival Nacional de la Marimba en San Miguel Chicaj - Edición 2023 - Ref 634,2023-11-12,2023-11-15,GT15,GT1502,Plaza Central de San Miguel Chicaj,Municipalidad de San Miguel Chicaj y Comité de Cultura
635,EVT_GT1503_0634,Exposición Colectiva de Escultura en Rabinal - Edición 2024 - Ref 635,2024-11-12,2024-11-15,GT15,GT1503,Plaza Central de Rabinal,Municipalidad de Rabinal y Comité de Cultura
636,EVT_GT1504_0635,Feria de la Artesanía Tradicional en Cubulco - Edición 2018 - Ref 636,2018-11-12,2018-11-15,GT15,GT1504,Plaza Central de Cubulco,Municipalidad de Cubulco y Comité de Cultura
637,EVT_GT1505_0636,Festival del Tejido Maya y Jaspe en Granados - Edición 2023 - Ref 637,2023-11-12,2023-11-15,GT15,GT1505,Plaza Central de Granados,Municipalidad de Granados y Comité de Cultura
638,EVT_GT1506_0637,Encuentro Regional de Pintores en El Chol - Edición 2024 - Ref 638,2024-11-12,2024-11-15,GT15,GT1506,Plaza Central de El Chol,Municipalidad de El Chol y Comité de Cultura
639,EVT_GT1507_0638,Festival Nacional de la Marimba en San Jerónimo - Edición 2018 - Ref 639,2018-11-12,2018-11-15,GT15,GT1507,Plaza Central de San Jerónimo,Municipalidad de San Jerónimo y Comité de Cultura
640,EVT_GT1508_0639,Exposición Colectiva de Escultura en Purulhá - Edición 2021 - Ref 640,2021-11-12,2021-11-15,GT15,GT1508,Plaza Central de Purulhá,Municipalidad de Purulhá y Comité de Cultura
641,EVT_GT0401_0640,Feria de la Artesanía Tradicional en Chimaltenango - Edición 2021 - Ref 641,2021-11-12,2021-11-15,GT04,GT0401,Plaza Central de Chimaltenango,Municipalidad de Chimaltenango y Comité de Cultura
642,EVT_GT0402_0641,Festival del Tejido Maya y Jaspe en San José Poaquil - Edición 2022 - Ref 642,2022-11-12,2022-11-15,GT04,GT0402,Plaza Central de San José Poaquil,Municipalidad de San José Poaquil y Comité de Cultura
643,EVT_GT0403_0642,Encuentro Regional de Pintores en San Martín Jilotepeque - Edición 2021 - Ref 643,2021-11-12,2021-11-15,GT04,GT0403,Plaza Central de San Martín Jilotepeque,Municipalidad de San Martín Jilotepeque y Comité de Cultura
644,EVT_GT0404_0643,Festival Nacional de la Marimba en Comalapa - Edición 2019 - Ref 644,2019-11-12,2019-11-15,GT04,GT0404,Plaza Central de Comalapa,Municipalidad de Comalapa y Comité de Cultura
645,EVT_GT0405_0644,Exposición Colectiva de Escultura en Santa Apolonia - Edición 2018 - Ref 645,2018-11-12,2018-11-15,GT04,GT0405,Plaza Central de Santa Apolonia,Municipalidad de Santa Apolonia y Comité de Cultura
646,EVT_GT0406_0645,Feria de la Artesanía Tradicional en Tecpán Guatemala - Edición 2020 - Ref 646,2020-11-12,2020-11-15,GT04,GT0406,Plaza Central de Tecpán Guatemala,Municipalidad de Tecpán Guatemala y Comité de Cultura
647,EVT_GT0407_0646,Festival del Tejido Maya y Jaspe en Patzún - Edición 2025 - Ref 647,2025-11-12,2025-11-15,GT04,GT0407,Plaza Central de Patzún,Municipalidad de Patzún y Comité de Cultura
648,EVT_GT0408_0647,Encuentro Regional de Pintores en Pochuta - Edición 2022 - Ref 648,2022-11-12,2022-11-15,GT04,GT0408,Plaza Central de Pochuta,Municipalidad de Pochuta y Comité de Cultura
649,EVT_GT0409_0648,Festival Nacional de la Marimba en Patzicía - Edición 2023 - Ref 649,2023-11-12,2023-11-15,GT04,GT0409,Plaza Central de Patzicía,Municipalidad de Patzicía y Comité de Cultura
650,EVT_GT0410_0649,Exposición Colectiva de Escultura en Santa Cruz Balanyá - Edición 2020 - Ref 650,2020-11-12,2020-11-15,GT04,GT0410,Plaza Central de Santa Cruz Balanyá,Municipalidad de Santa Cruz Balanyá y Comité de Cultura
651,EVT_GT0411_0650,Feria de la Artesanía Tradicional en Acatenango - Edición 2021 - Ref 651,2021-11-12,2021-11-15,GT04,GT0411,Plaza Central de Acatenango,Municipalidad de Acatenango y Comité de Cultura
652,EVT_GT0412_0651,Festival del Tejido Maya y Jaspe en Yepocapa - Edición 2018 - Ref 652,2018-11-12,2018-11-15,GT04,GT0412,Plaza Central de Yepocapa,Municipalidad de Yepocapa y Comité de Cultura
653,EVT_GT0413_0652,Encuentro Regional de Pintores en San Andrés Itzapa - Edición 2021 - Ref 653,2021-11-12,2021-11-15,GT04,GT0413,Plaza Central de San Andrés Itzapa,Municipalidad de San Andrés Itzapa y Comité de Cultura
654,EVT_GT0414_0653,Festival Nacional de la Marimba en Parramos - Edición 2020 - Ref 654,2020-11-12,2020-11-15,GT04,GT0414,Plaza Central de Parramos,Municipalidad de Parramos y Comité de Cultura
655,EVT_GT0415_0654,Exposición Colectiva de Escultura en Zaragoza - Edición 2022 - Ref 655,2022-11-12,2022-11-15,GT04,GT0415,Plaza Central de Zaragoza,Municipalidad de Zaragoza y Comité de Cultura
656,EVT_GT0416_0655,Feria de la Artesanía Tradicional en El Tejar - Edición 2025 - Ref 656,2025-11-12,2025-11-15,GT04,GT0416,Plaza Central de El Tejar,Municipalidad de El Tejar y Comité de Cultura
657,EVT_GT0700_0656,Festival del Tejido Maya y Jaspe en Lago De Atitlan - Edición 2024 - Ref 657,2024-11-12,2024-11-15,GT07,GT0700,Plaza Central de Lago De Atitlan,Municipalidad de Lago De Atitlan y Comité de Cultura
658,EVT_GT0701_0657,Encuentro Regional de Pintores en Sololá - Edición 2023 - Ref 658,2023-11-12,2023-11-15,GT07,GT0701,Plaza Central de Sololá,Municipalidad de Sololá y Comité de Cultura
659,EVT_GT0702_0658,Festival Nacional de la Marimba en San José Chacayá - Edición 2022 - Ref 659,2022-11-12,2022-11-15,GT07,GT0702,Plaza Central de San José Chacayá,Municipalidad de San José Chacayá y Comité de Cultura
660,EVT_GT0703_0659,Exposición Colectiva de Escultura en Santa María Visitación - Edición 2018 - Ref 660,2018-11-12,2018-11-15,GT07,GT0703,Plaza Central de Santa María Visitación,Municipalidad de Santa María Visitación y Comité de Cultura
661,EVT_GT0704_0660,Feria de la Artesanía Tradicional en Santa Lucía Utatlán - Edición 2020 - Ref 661,2020-11-12,2020-11-15,GT07,GT0704,Plaza Central de Santa Lucía Utatlán,Municipalidad de Santa Lucía Utatlán y Comité de Cultura
662,EVT_GT0705_0661,Festival del Tejido Maya y Jaspe en Nahualá - Edición 2024 - Ref 662,2024-11-12,2024-11-15,GT07,GT0705,Plaza Central de Nahualá,Municipalidad de Nahualá y Comité de Cultura
663,EVT_GT0706_0662,Encuentro Regional de Pintores en Santa Catarina Ixtahuacán - Edición 2025 - Ref 663,2025-11-12,2025-11-15,GT07,GT0706,Plaza Central de Santa Catarina Ixtahuacán,Municipalidad de Santa Catarina Ixtahuacán y Comité de Cultura
664,EVT_GT0707_0663,Festival Nacional de la Marimba en Santa Clara La Laguna - Edición 2025 - Ref 664,2025-11-12,2025-11-15,GT07,GT0707,Plaza Central de Santa Clara La Laguna,Municipalidad de Santa Clara La Laguna y Comité de Cultura
665,EVT_GT0708_0664,Exposición Colectiva de Escultura en Concepción - Edición 2018 - Ref 665,2018-11-12,2018-11-15,GT07,GT0708,Plaza Central de Concepción,Municipalidad de Concepción y Comité de Cultura
666,EVT_GT0709_0665,Feria de la Artesanía Tradicional en San Andrés Semetabaj - Edición 2018 - Ref 666,2018-11-12,2018-11-15,GT07,GT0709,Plaza Central de San Andrés Semetabaj,Municipalidad de San Andrés Semetabaj y Comité de Cultura
667,EVT_GT0710_0666,Festival del Tejido Maya y Jaspe en Panajachel - Edición 2023 - Ref 667,2023-11-12,2023-11-15,GT07,GT0710,Plaza Central de Panajachel,Municipalidad de Panajachel y Comité de Cultura
668,EVT_GT0711_0667,Encuentro Regional de Pintores en Santa Catarina Palopó - Edición 2020 - Ref 668,2020-11-12,2020-11-15,GT07,GT0711,Plaza Central de Santa Catarina Palopó,Municipalidad de Santa Catarina Palopó y Comité de Cultura
669,EVT_GT0712_0668,Festival Nacional de la Marimba en San Antonio Palopó - Edición 2020 - Ref 669,2020-11-12,2020-11-15,GT07,GT0712,Plaza Central de San Antonio Palopó,Municipalidad de San Antonio Palopó y Comité de Cultura
670,EVT_GT0713_0669,Exposición Colectiva de Escultura en San Lucas Tolimán - Edición 2018 - Ref 670,2018-11-12,2018-11-15,GT07,GT0713,Plaza Central de San Lucas Tolimán,Municipalidad de San Lucas Tolimán y Comité de Cultura
671,EVT_GT0714_0670,Feria de la Artesanía Tradicional en Santa Cruz La Laguna - Edición 2025 - Ref 671,2025-11-12,2025-11-15,GT07,GT0714,Plaza Central de Santa Cruz La Laguna,Municipalidad de Santa Cruz La Laguna y Comité de Cultura
672,EVT_GT0715_0671,Festival del Tejido Maya y Jaspe en San Pablo La Laguna - Edición 2020 - Ref 672,2020-11-12,2020-11-15,GT07,GT0715,Plaza Central de San Pablo La Laguna,Municipalidad de San Pablo La Laguna y Comité de Cultura
673,EVT_GT0716_0672,Encuentro Regional de Pintores en San Marcos La Laguna - Edición 2018 - Ref 673,2018-11-12,2018-11-15,GT07,GT0716,Plaza Central de San Marcos La Laguna,Municipalidad de San Marcos La Laguna y Comité de Cultura
674,EVT_GT0717_0673,Festival Nacional de la Marimba en San Juan La Laguna - Edición 2021 - Ref 674,2021-11-12,2021-11-15,GT07,GT0717,Plaza Central de San Juan La Laguna,Municipalidad de San Juan La Laguna y Comité de Cultura
675,EVT_GT0718_0674,Exposición Colectiva de Escultura en San Pedro La Laguna - Edición 2022 - Ref 675,2022-11-12,2022-11-15,GT07,GT0718,Plaza Central de San Pedro La Laguna,Municipalidad de San Pedro La Laguna y Comité de Cultura
676,EVT_GT0719_0675,Feria de la Artesanía Tradicional en Santiago Atitlán - Edición 2019 - Ref 676,2019-11-12,2019-11-15,GT07,GT0719,Plaza Central de Santiago Atitlán,Municipalidad de Santiago Atitlán y Comité de Cultura
677,EVT_GT0801_0676,Festival del Tejido Maya y Jaspe en Totonicapán - Edición 2021 - Ref 677,2021-11-12,2021-11-15,GT08,GT0801,Plaza Central de Totonicapán,Municipalidad de Totonicapán y Comité de Cultura
678,EVT_GT0802_0677,Encuentro Regional de Pintores en San Cristóbal Totonicapán - Edición 2021 - Ref 678,2021-11-12,2021-11-15,GT08,GT0802,Plaza Central de San Cristóbal Totonicapán,Municipalidad de San Cristóbal Totonicapán y Comité de Cultura
679,EVT_GT0803_0678,Festival Nacional de la Marimba en San Francisco El Alto - Edición 2023 - Ref 679,2023-11-12,2023-11-15,GT08,GT0803,Plaza Central de San Francisco El Alto,Municipalidad de San Francisco El Alto y Comité de Cultura
680,EVT_GT0804_0679,Exposición Colectiva de Escultura en San Andrés Xecul - Edición 2023 - Ref 680,2023-11-12,2023-11-15,GT08,GT0804,Plaza Central de San Andrés Xecul,Municipalidad de San Andrés Xecul y Comité de Cultura
681,EVT_GT0805_0680,Feria de la Artesanía Tradicional en Momostenango - Edición 2018 - Ref 681,2018-11-12,2018-11-15,GT08,GT0805,Plaza Central de Momostenango,Municipalidad de Momostenango y Comité de Cultura
682,EVT_GT0806_0681,Festival del Tejido Maya y Jaspe en Santa María Chiquimula - Edición 2021 - Ref 682,2021-11-12,2021-11-15,GT08,GT0806,Plaza Central de Santa María Chiquimula,Municipalidad de Santa María Chiquimula y Comité de Cultura
683,EVT_GT0807_0682,Encuentro Regional de Pintores en Santa Lucía La Reforma - Edición 2022 - Ref 683,2022-11-12,2022-11-15,GT08,GT0807,Plaza Central de Santa Lucía La Reforma,Municipalidad de Santa Lucía La Reforma y Comité de Cultura
684,EVT_GT0808_0683,Festival Nacional de la Marimba en San Bartolo - Edición 2018 - Ref 684,2018-11-12,2018-11-15,GT08,GT0808,Plaza Central de San Bartolo,Municipalidad de San Bartolo y Comité de Cultura
685,EVT_GT0901_0684,Exposición Colectiva de Escultura en Quetzaltenango - Edición 2021 - Ref 685,2021-11-12,2021-11-15,GT09,GT0901,Plaza Central de Quetzaltenango,Municipalidad de Quetzaltenango y Comité de Cultura
686,EVT_GT0902_0685,Feria de la Artesanía Tradicional en Salcajá - Edición 2018 - Ref 686,2018-11-12,2018-11-15,GT09,GT0902,Plaza Central de Salcajá,Municipalidad de Salcajá y Comité de Cultura
687,EVT_GT0903_0686,Festival del Tejido Maya y Jaspe en Olintepeque - Edición 2021 - Ref 687,2021-11-12,2021-11-15,GT09,GT0903,Plaza Central de Olintepeque,Municipalidad de Olintepeque y Comité de Cultura
688,EVT_GT0904_0687,Encuentro Regional de Pintores en San Carlos Sija - Edición 2021 - Ref 688,2021-11-12,2021-11-15,GT09,GT0904,Plaza Central de San Carlos Sija,Municipalidad de San Carlos Sija y Comité de Cultura
689,EVT_GT0905_0688,Festival Nacional de la Marimba en Sibilia - Edición 2025 - Ref 689,2025-11-12,2025-11-15,GT09,GT0905,Plaza Central de Sibilia,Municipalidad de Sibilia y Comité de Cultura
690,EVT_GT0906_0689,Exposición Colectiva de Escultura en Cabricán - Edición 2019 - Ref 690,2019-11-12,2019-11-15,GT09,GT0906,Plaza Central de Cabricán,Municipalidad de Cabricán y Comité de Cultura
691,EVT_GT0907_0690,Feria de la Artesanía Tradicional en Cajolá - Edición 2021 - Ref 691,2021-11-12,2021-11-15,GT09,GT0907,Plaza Central de Cajolá,Municipalidad de Cajolá y Comité de Cultura
692,EVT_GT0908_0691,Festival del Tejido Maya y Jaspe en San Miguel Sigüila - Edición 2023 - Ref 692,2023-11-12,2023-11-15,GT09,GT0908,Plaza Central de San Miguel Sigüila,Municipalidad de San Miguel Sigüila y Comité de Cultura
693,EVT_GT0909_0692,Encuentro Regional de Pintores en Ostuncalco - Edición 2023 - Ref 693,2023-11-12,2023-11-15,GT09,GT0909,Plaza Central de Ostuncalco,Municipalidad de Ostuncalco y Comité de Cultura
694,EVT_GT0910_0693,Festival Nacional de la Marimba en San Mateo - Edición 2025 - Ref 694,2025-11-12,2025-11-15,GT09,GT0910,Plaza Central de San Mateo,Municipalidad de San Mateo y Comité de Cultura
695,EVT_GT0911_0694,Exposición Colectiva de Escultura en Concepción Chiquirichapa - Edición 2020 - Ref 695,2020-11-12,2020-11-15,GT09,GT0911,Plaza Central de Concepción Chiquirichapa,Municipalidad de Concepción Chiquirichapa y Comité de Cultura
696,EVT_GT0912_0695,Feria de la Artesanía Tradicional en San Martín Sacatepéquez - Edición 2023 - Ref 696,2023-11-12,2023-11-15,GT09,GT0912,Plaza Central de San Martín Sacatepéquez,Municipalidad de San Martín Sacatepéquez y Comité de Cultura
697,EVT_GT0913_0696,Festival del Tejido Maya y Jaspe en Almolonga - Edición 2025 - Ref 697,2025-11-12,2025-11-15,GT09,GT0913,Plaza Central de Almolonga,Municipalidad de Almolonga y Comité de Cultura
698,EVT_GT0914_0697,Encuentro Regional de Pintores en Cantel - Edición 2019 - Ref 698,2019-11-12,2019-11-15,GT09,GT0914,Plaza Central de Cantel,Municipalidad de Cantel y Comité de Cultura
699,EVT_GT0915_0698,Festival Nacional de la Marimba en Huitán - Edición 2019 - Ref 699,2019-11-12,2019-11-15,GT09,GT0915,Plaza Central de Huitán,Municipalidad de Huitán y Comité de Cultura
700,EVT_GT0916_0699,Exposición Colectiva de Escultura en Zunil - Edición 2018 - Ref 700,2018-11-12,2018-11-15,GT09,GT0916,Plaza Central de Zunil,Municipalidad de Zunil y Comité de Cultura
701,EVT_GT0917_0700,Feria de la Artesanía Tradicional en Colomba - Edición 2018 - Ref 701,2018-11-12,2018-11-15,GT09,GT0917,Plaza Central de Colomba,Municipalidad de Colomba y Comité de Cultura
702,EVT_GT0918_0701,Festival del Tejido Maya y Jaspe en San Francisco La Unión - Edición 2025 - Ref 702,2025-11-12,2025-11-15,GT09,GT0918,Plaza Central de San Francisco La Unión,Municipalidad de San Francisco La Unión y Comité de Cultura
703,EVT_GT0919_0702,Encuentro Regional de Pintores en El Palmar - Edición 2018 - Ref 703,2018-11-12,2018-11-15,GT09,GT0919,Plaza Central de El Palmar,Municipalidad de El Palmar y Comité de Cultura
704,EVT_GT0920_0703,Festival Nacional de la Marimba en Coatepeque - Edición 2019 - Ref 704,2019-11-12,2019-11-15,GT09,GT0920,Plaza Central de Coatepeque,Municipalidad de Coatepeque y Comité de Cultura
705,EVT_GT0921_0704,Exposición Colectiva de Escultura en Génova - Edición 2022 - Ref 705,2022-11-12,2022-11-15,GT09,GT0921,Plaza Central de Génova,Municipalidad de Génova y Comité de Cultura
706,EVT_GT0922_0705,Feria de la Artesanía Tradicional en Flores Costa Cuca - Edición 2018 - Ref 706,2018-11-12,2018-11-15,GT09,GT0922,Plaza Central de Flores Costa Cuca,Municipalidad de Flores Costa Cuca y Comité de Cultura
707,EVT_GT0923_0706,Festival del Tejido Maya y Jaspe en La Esperanza - Edición 2025 - Ref 707,2025-11-12,2025-11-15,GT09,GT0923,Plaza Central de La Esperanza,Municipalidad de La Esperanza y Comité de Cultura
708,EVT_GT0924_0707,Encuentro Regional de Pintores en Palestina de Los Altos - Edición 2018 - Ref 708,2018-11-12,2018-11-15,GT09,GT0924,Plaza Central de Palestina de Los Altos,Municipalidad de Palestina de Los Altos y Comité de Cultura
709,EVT_GT1201_0708,Festival Nacional de la Marimba en San Marcos - Edición 2023 - Ref 709,2023-11-12,2023-11-15,GT12,GT1201,Plaza Central de San Marcos,Municipalidad de San Marcos y Comité de Cultura
710,EVT_GT1202_0709,Exposición Colectiva de Escultura en San Pedro Sacatepéquez - Edición 2018 - Ref 710,2018-11-12,2018-11-15,GT12,GT1202,Plaza Central de San Pedro Sacatepéquez,Municipalidad de San Pedro Sacatepéquez y Comité de Cultura
711,EVT_GT1203_0710,Feria de la Artesanía Tradicional en San Antonio Sacatepéquez - Edición 2024 - Ref 711,2024-11-12,2024-11-15,GT12,GT1203,Plaza Central de San Antonio Sacatepéquez,Municipalidad de San Antonio Sacatepéquez y Comité de Cultura
712,EVT_GT1204_0711,Festival del Tejido Maya y Jaspe en Comitancillo - Edición 2025 - Ref 712,2025-11-12,2025-11-15,GT12,GT1204,Plaza Central de Comitancillo,Municipalidad de Comitancillo y Comité de Cultura
713,EVT_GT1205_0712,Encuentro Regional de Pintores en San Miguel Ixtahuacán - Edición 2019 - Ref 713,2019-11-12,2019-11-15,GT12,GT1205,Plaza Central de San Miguel Ixtahuacán,Municipalidad de San Miguel Ixtahuacán y Comité de Cultura
714,EVT_GT1206_0713,Festival Nacional de la Marimba en Concepción Tutuapa - Edición 2019 - Ref 714,2019-11-12,2019-11-15,GT12,GT1206,Plaza Central de Concepción Tutuapa,Municipalidad de Concepción Tutuapa y Comité de Cultura
715,EVT_GT1207_0714,Exposición Colectiva de Escultura en Tacaná - Edición 2024 - Ref 715,2024-11-12,2024-11-15,GT12,GT1207,Plaza Central de Tacaná,Municipalidad de Tacaná y Comité de Cultura
716,EVT_GT1208_0715,Feria de la Artesanía Tradicional en Sibinal - Edición 2024 - Ref 716,2024-11-12,2024-11-15,GT12,GT1208,Plaza Central de Sibinal,Municipalidad de Sibinal y Comité de Cultura
717,EVT_GT1209_0716,Festival del Tejido Maya y Jaspe en Tajumulco - Edición 2025 - Ref 717,2025-11-12,2025-11-15,GT12,GT1209,Plaza Central de Tajumulco,Municipalidad de Tajumulco y Comité de Cultura
718,EVT_GT1210_0717,Encuentro Regional de Pintores en Tejutla - Edición 2019 - Ref 718,2019-11-12,2019-11-15,GT12,GT1210,Plaza Central de Tejutla,Municipalidad de Tejutla y Comité de Cultura
719,EVT_GT1211_0718,Festival Nacional de la Marimba en San Rafael Pie de la Cuesta - Edición 2024 - Ref 719,2024-11-12,2024-11-15,GT12,GT1211,Plaza Central de San Rafael Pie de la Cuesta,Municipalidad de San Rafael Pie de la Cuesta y Comité de Cultura
720,EVT_GT1212_0719,Exposición Colectiva de Escultura en Nuevo Progreso - Edición 2019 - Ref 720,2019-11-12,2019-11-15,GT12,GT1212,Plaza Central de Nuevo Progreso,Municipalidad de Nuevo Progreso y Comité de Cultura
721,EVT_GT1213_0720,Feria de la Artesanía Tradicional en El Tumbador - Edición 2019 - Ref 721,2019-11-12,2019-11-15,GT12,GT1213,Plaza Central de El Tumbador,Municipalidad de El Tumbador y Comité de Cultura
722,EVT_GT1214_0721,Festival del Tejido Maya y Jaspe en El Rodeo - Edición 2023 - Ref 722,2023-11-12,2023-11-15,GT12,GT1214,Plaza Central de El Rodeo,Municipalidad de El Rodeo y Comité de Cultura
723,EVT_GT1215_0722,Encuentro Regional de Pintores en Malacatán - Edición 2019 - Ref 723,2019-11-12,2019-11-15,GT12,GT1215,Plaza Central de Malacatán,Municipalidad de Malacatán y Comité de Cultura
724,EVT_GT1216_0723,Festival Nacional de la Marimba en Catarina - Edición 2024 - Ref 724,2024-11-12,2024-11-15,GT12,GT1216,Plaza Central de Catarina,Municipalidad de Catarina y Comité de Cultura
725,EVT_GT1217_0724,Exposición Colectiva de Escultura en Ayutla - Edición 2018 - Ref 725,2018-11-12,2018-11-15,GT12,GT1217,Plaza Central de Ayutla,Municipalidad de Ayutla y Comité de Cultura
726,EVT_GT1218_0725,Feria de la Artesanía Tradicional en Ocós - Edición 2021 - Ref 726,2021-11-12,2021-11-15,GT12,GT1218,Plaza Central de Ocós,Municipalidad de Ocós y Comité de Cultura
727,EVT_GT1219_0726,Festival del Tejido Maya y Jaspe en San Pablo - Edición 2018 - Ref 727,2018-11-12,2018-11-15,GT12,GT1219,Plaza Central de San Pablo,Municipalidad de San Pablo y Comité de Cultura
728,EVT_GT1220_0727,Encuentro Regional de Pintores en El Quetzal - Edición 2020 - Ref 728,2020-11-12,2020-11-15,GT12,GT1220,Plaza Central de El Quetzal,Municipalidad de El Quetzal y Comité de Cultura
729,EVT_GT1221_0728,Festival Nacional de la Marimba en La Reforma - Edición 2018 - Ref 729,2018-11-12,2018-11-15,GT12,GT1221,Plaza Central de La Reforma,Municipalidad de La Reforma y Comité de Cultura
730,EVT_GT1222_0729,Exposición Colectiva de Escultura en Pajapita - Edición 2023 - Ref 730,2023-11-12,2023-11-15,GT12,GT1222,Plaza Central de Pajapita,Municipalidad de Pajapita y Comité de Cultura
731,EVT_GT1223_0730,Feria de la Artesanía Tradicional en Ixchiguán - Edición 2019 - Ref 731,2019-11-12,2019-11-15,GT12,GT1223,Plaza Central de Ixchiguán,Municipalidad de Ixchiguán y Comité de Cultura
732,EVT_GT1224_0731,Festival del Tejido Maya y Jaspe en San José Ojetenam - Edición 2022 - Ref 732,2022-11-12,2022-11-15,GT12,GT1224,Plaza Central de San José Ojetenam,Municipalidad de San José Ojetenam y Comité de Cultura
733,EVT_GT1225_0732,Encuentro Regional de Pintores en San Cristóbal Cucho - Edición 2019 - Ref 733,2019-11-12,2019-11-15,GT12,GT1225,Plaza Central de San Cristóbal Cucho,Municipalidad de San Cristóbal Cucho y Comité de Cultura
734,EVT_GT1226_0733,Festival Nacional de la Marimba en Sipacapa - Edición 2023 - Ref 734,2023-11-12,2023-11-15,GT12,GT1226,Plaza Central de Sipacapa,Municipalidad de Sipacapa y Comité de Cultura
735,EVT_GT1227_0734,Exposición Colectiva de Escultura en Esquipulas Palo Gordo - Edición 2022 - Ref 735,2022-11-12,2022-11-15,GT12,GT1227,Plaza Central de Esquipulas Palo Gordo,Municipalidad de Esquipulas Palo Gordo y Comité de Cultura
736,EVT_GT1228_0735,Feria de la Artesanía Tradicional en Río Blanco - Edición 2023 - Ref 736,2023-11-12,2023-11-15,GT12,GT1228,Plaza Central de Río Blanco,Municipalidad de Río Blanco y Comité de Cultura
737,EVT_GT1229_0736,Festival del Tejido Maya y Jaspe en San Lorenzo - Edición 2023 - Ref 737,2023-11-12,2023-11-15,GT12,GT1229,Plaza Central de San Lorenzo,Municipalidad de San Lorenzo y Comité de Cultura
738,EVT_GT1230_0737,Encuentro Regional de Pintores en La Blanca - Edición 2024 - Ref 738,2024-11-12,2024-11-15,GT12,GT1230,Plaza Central de La Blanca,Municipalidad de La Blanca y Comité de Cultura
739,EVT_GT1301_0738,Festival Nacional de la Marimba en Huehuetenango - Edición 2021 - Ref 739,2021-11-12,2021-11-15,GT13,GT1301,Plaza Central de Huehuetenango,Municipalidad de Huehuetenango y Comité de Cultura
740,EVT_GT1302_0739,Exposición Colectiva de Escultura en Chiantla - Edición 2020 - Ref 740,2020-11-12,2020-11-15,GT13,GT1302,Plaza Central de Chiantla,Municipalidad de Chiantla y Comité de Cultura
741,EVT_GT1303_0740,Feria de la Artesanía Tradicional en Malacatancito - Edición 2023 - Ref 741,2023-11-12,2023-11-15,GT13,GT1303,Plaza Central de Malacatancito,Municipalidad de Malacatancito y Comité de Cultura
742,EVT_GT1304_0741,Festival del Tejido Maya y Jaspe en Cuilco - Edición 2024 - Ref 742,2024-11-12,2024-11-15,GT13,GT1304,Plaza Central de Cuilco,Municipalidad de Cuilco y Comité de Cultura
743,EVT_GT1305_0742,Encuentro Regional de Pintores en Nentón - Edición 2025 - Ref 743,2025-11-12,2025-11-15,GT13,GT1305,Plaza Central de Nentón,Municipalidad de Nentón y Comité de Cultura
744,EVT_GT1306_0743,Festival Nacional de la Marimba en San Pedro Necta - Edición 2020 - Ref 744,2020-11-12,2020-11-15,GT13,GT1306,Plaza Central de San Pedro Necta,Municipalidad de San Pedro Necta y Comité de Cultura
745,EVT_GT1307_0744,Exposición Colectiva de Escultura en Jacaltenango - Edición 2020 - Ref 745,2020-11-12,2020-11-15,GT13,GT1307,Plaza Central de Jacaltenango,Municipalidad de Jacaltenango y Comité de Cultura
746,EVT_GT1308_0745,Feria de la Artesanía Tradicional en Soloma - Edición 2018 - Ref 746,2018-11-12,2018-11-15,GT13,GT1308,Plaza Central de Soloma,Municipalidad de Soloma y Comité de Cultura
747,EVT_GT1309_0746,Festival del Tejido Maya y Jaspe en Ixtahuacán - Edición 2019 - Ref 747,2019-11-12,2019-11-15,GT13,GT1309,Plaza Central de Ixtahuacán,Municipalidad de Ixtahuacán y Comité de Cultura
748,EVT_GT1310_0747,Encuentro Regional de Pintores en Santa Bárbara - Edición 2022 - Ref 748,2022-11-12,2022-11-15,GT13,GT1310,Plaza Central de Santa Bárbara,Municipalidad de Santa Bárbara y Comité de Cultura
749,EVT_GT1311_0748,Festival Nacional de la Marimba en La Libertad - Edición 2019 - Ref 749,2019-11-12,2019-11-15,GT13,GT1311,Plaza Central de La Libertad,Municipalidad de La Libertad y Comité de Cultura
750,EVT_GT1312_0749,Exposición Colectiva de Escultura en La Democracia - Edición 2023 - Ref 750,2023-11-12,2023-11-15,GT13,GT1312,Plaza Central de La Democracia,Municipalidad de La Democracia y Comité de Cultura
751,EVT_GT1313_0750,Feria de la Artesanía Tradicional en San Miguel Acatán - Edición 2020 - Ref 751,2020-11-12,2020-11-15,GT13,GT1313,Plaza Central de San Miguel Acatán,Municipalidad de San Miguel Acatán y Comité de Cultura
752,EVT_GT1314_0751,Festival del Tejido Maya y Jaspe en San Rafael La Independencia - Edición 2018 - Ref 752,2018-11-12,2018-11-15,GT13,GT1314,Plaza Central de San Rafael La Independencia,Municipalidad de San Rafael La Independencia y Comité de Cultura
753,EVT_GT1315_0752,Encuentro Regional de Pintores en Todos Santos Cuchumatán - Edición 2018 - Ref 753,2018-11-12,2018-11-15,GT13,GT1315,Plaza Central de Todos Santos Cuchumatán,Municipalidad de Todos Santos Cuchumatán y Comité de Cultura
754,EVT_GT1316_0753,Festival Nacional de la Marimba en San Juan Atitán - Edición 2025 - Ref 754,2025-11-12,2025-11-15,GT13,GT1316,Plaza Central de San Juan Atitán,Municipalidad de San Juan Atitán y Comité de Cultura
755,EVT_GT1317_0754,Exposición Colectiva de Escultura en Santa Eulalia - Edición 2018 - Ref 755,2018-11-12,2018-11-15,GT13,GT1317,Plaza Central de Santa Eulalia,Municipalidad de Santa Eulalia y Comité de Cultura
756,EVT_GT1318_0755,Feria de la Artesanía Tradicional en San Mateo Ixtatán - Edición 2025 - Ref 756,2025-11-12,2025-11-15,GT13,GT1318,Plaza Central de San Mateo Ixtatán,Municipalidad de San Mateo Ixtatán y Comité de Cultura
757,EVT_GT1319_0756,Festival del Tejido Maya y Jaspe en Colotenango - Edición 2023 - Ref 757,2023-11-12,2023-11-15,GT13,GT1319,Plaza Central de Colotenango,Municipalidad de Colotenango y Comité de Cultura
758,EVT_GT1320_0757,Encuentro Regional de Pintores en San Sebastián Huehuetenango - Edición 2019 - Ref 758,2019-11-12,2019-11-15,GT13,GT1320,Plaza Central de San Sebastián Huehuetenango,Municipalidad de San Sebastián Huehuetenango y Comité de Cultura
759,EVT_GT1321_0758,Festival Nacional de la Marimba en Tectitán - Edición 2024 - Ref 759,2024-11-12,2024-11-15,GT13,GT1321,Plaza Central de Tectitán,Municipalidad de Tectitán y Comité de Cultura
760,EVT_GT1322_0759,Exposición Colectiva de Escultura en Concepción Huista - Edición 2023 - Ref 760,2023-11-12,2023-11-15,GT13,GT1322,Plaza Central de Concepción Huista,Municipalidad de Concepción Huista y Comité de Cultura
761,EVT_GT1323_0760,Feria de la Artesanía Tradicional en San Juan Ixcoy - Edición 2018 - Ref 761,2018-11-12,2018-11-15,GT13,GT1323,Plaza Central de San Juan Ixcoy,Municipalidad de San Juan Ixcoy y Comité de Cultura
762,EVT_GT1324_0761,Festival del Tejido Maya y Jaspe en San Antonio Huista - Edición 2024 - Ref 762,2024-11-12,2024-11-15,GT13,GT1324,Plaza Central de San Antonio Huista,Municipalidad de San Antonio Huista y Comité de Cultura
763,EVT_GT1325_0762,Encuentro Regional de Pintores en San Sebastián Coatán - Edición 2025 - Ref 763,2025-11-12,2025-11-15,GT13,GT1325,Plaza Central de San Sebastián Coatán,Municipalidad de San Sebastián Coatán y Comité de Cultura
764,EVT_GT1326_0763,Festival Nacional de la Marimba en Barillas - Edición 2022 - Ref 764,2022-11-12,2022-11-15,GT13,GT1326,Plaza Central de Barillas,Municipalidad de Barillas y Comité de Cultura
765,EVT_GT1327_0764,Exposición Colectiva de Escultura en Aguacatán - Edición 2021 - Ref 765,2021-11-12,2021-11-15,GT13,GT1327,Plaza Central de Aguacatán,Municipalidad de Aguacatán y Comité de Cultura
766,EVT_GT1328_0765,Feria de la Artesanía Tradicional en San Rafael Petzal - Edición 2021 - Ref 766,2021-11-12,2021-11-15,GT13,GT1328,Plaza Central de San Rafael Petzal,Municipalidad de San Rafael Petzal y Comité de Cultura
767,EVT_GT1329_0766,Festival del Tejido Maya y Jaspe en San Gaspar Ixchil - Edición 2018 - Ref 767,2018-11-12,2018-11-15,GT13,GT1329,Plaza Central de San Gaspar Ixchil,Municipalidad de San Gaspar Ixchil y Comité de Cultura
768,EVT_GT1330_0767,Encuentro Regional de Pintores en Santiago Chimaltenango - Edición 2022 - Ref 768,2022-11-12,2022-11-15,GT13,GT1330,Plaza Central de Santiago Chimaltenango,Municipalidad de Santiago Chimaltenango y Comité de Cultura
769,EVT_GT1331_0768,Festival Nacional de la Marimba en Santa Ana Huista - Edición 2024 - Ref 769,2024-11-12,2024-11-15,GT13,GT1331,Plaza Central de Santa Ana Huista,Municipalidad de Santa Ana Huista y Comité de Cultura
770,EVT_GT1332_0769,Exposición Colectiva de Escultura en Unión Cantinil - Edición 2021 - Ref 770,2021-11-12,2021-11-15,GT13,GT1332,Plaza Central de Unión Cantinil,Municipalidad de Unión Cantinil y Comité de Cultura
771,EVT_GT1333_0770,Feria de la Artesanía Tradicional en Petatán - Edición 2024 - Ref 771,2024-11-12,2024-11-15,GT13,GT1333,Plaza Central de Petatán,Municipalidad de Petatán y Comité de Cultura
772,EVT_GT1401_0771,Festival del Tejido Maya y Jaspe en Santa Cruz del Quiché - Edición 2018 - Ref 772,2018-11-12,2018-11-15,GT14,GT1401,Plaza Central de Santa Cruz del Quiché,Municipalidad de Santa Cruz del Quiché y Comité de Cultura
773,EVT_GT1402_0772,Encuentro Regional de Pintores en Chiché - Edición 2024 - Ref 773,2024-11-12,2024-11-15,GT14,GT1402,Plaza Central de Chiché,Municipalidad de Chiché y Comité de Cultura
774,EVT_GT1403_0773,Festival Nacional de la Marimba en Chinique - Edición 2019 - Ref 774,2019-11-12,2019-11-15,GT14,GT1403,Plaza Central de Chinique,Municipalidad de Chinique y Comité de Cultura
775,EVT_GT1404_0774,Exposición Colectiva de Escultura en Zacualpa - Edición 2024 - Ref 775,2024-11-12,2024-11-15,GT14,GT1404,Plaza Central de Zacualpa,Municipalidad de Zacualpa y Comité de Cultura
776,EVT_GT1405_0775,Feria de la Artesanía Tradicional en Chajul - Edición 2024 - Ref 776,2024-11-12,2024-11-15,GT14,GT1405,Plaza Central de Chajul,Municipalidad de Chajul y Comité de Cultura
777,EVT_GT1406_0776,Festival del Tejido Maya y Jaspe en Chichicastenango - Edición 2025 - Ref 777,2025-11-12,2025-11-15,GT14,GT1406,Plaza Central de Chichicastenango,Municipalidad de Chichicastenango y Comité de Cultura
778,EVT_GT1407_0777,Encuentro Regional de Pintores en Patzité - Edición 2022 - Ref 778,2022-11-12,2022-11-15,GT14,GT1407,Plaza Central de Patzité,Municipalidad de Patzité y Comité de Cultura
779,EVT_GT1408_0778,Festival Nacional de la Marimba en San Antonio Ilotenango - Edición 2022 - Ref 779,2022-11-12,2022-11-15,GT14,GT1408,Plaza Central de San Antonio Ilotenango,Municipalidad de San Antonio Ilotenango y Comité de Cultura
780,EVT_GT1409_0779,Exposición Colectiva de Escultura en San Pedro Jocopilas - Edición 2020 - Ref 780,2020-11-12,2020-11-15,GT14,GT1409,Plaza Central de San Pedro Jocopilas,Municipalidad de San Pedro Jocopilas y Comité de Cultura
781,EVT_GT1410_0780,Feria de la Artesanía Tradicional en Cunén - Edición 2021 - Ref 781,2021-11-12,2021-11-15,GT14,GT1410,Plaza Central de Cunén,Municipalidad de Cunén y Comité de Cultura
782,EVT_GT1411_0781,Festival del Tejido Maya y Jaspe en San Juan Cotzal - Edición 2023 - Ref 782,2023-11-12,2023-11-15,GT14,GT1411,Plaza Central de San Juan Cotzal,Municipalidad de San Juan Cotzal y Comité de Cultura
783,EVT_GT1412_0782,Encuentro Regional de Pintores en Joyabaj - Edición 2019 - Ref 783,2019-11-12,2019-11-15,GT14,GT1412,Plaza Central de Joyabaj,Municipalidad de Joyabaj y Comité de Cultura
784,EVT_GT1413_0783,Festival Nacional de la Marimba en Nebaj - Edición 2025 - Ref 784,2025-11-12,2025-11-15,GT14,GT1413,Plaza Central de Nebaj,Municipalidad de Nebaj y Comité de Cultura
785,EVT_GT1414_0784,Exposición Colectiva de Escultura en San Andrés Sajcabajá - Edición 2025 - Ref 785,2025-11-12,2025-11-15,GT14,GT1414,Plaza Central de San Andrés Sajcabajá,Municipalidad de San Andrés Sajcabajá y Comité de Cultura
786,EVT_GT1415_0785,Feria de la Artesanía Tradicional en Uspantán - Edición 2023 - Ref 786,2023-11-12,2023-11-15,GT14,GT1415,Plaza Central de Uspantán,Municipalidad de Uspantán y Comité de Cultura
787,EVT_GT1416_0786,Festival del Tejido Maya y Jaspe en Sacapulas - Edición 2025 - Ref 787,2025-11-12,2025-11-15,GT14,GT1416,Plaza Central de Sacapulas,Municipalidad de Sacapulas y Comité de Cultura
788,EVT_GT1417_0787,Encuentro Regional de Pintores en San Bartolomé Jocotenango - Edición 2024 - Ref 788,2024-11-12,2024-11-15,GT14,GT1417,Plaza Central de San Bartolomé Jocotenango,Municipalidad de San Bartolomé Jocotenango y Comité de Cultura
789,EVT_GT1418_0788,Festival Nacional de la Marimba en Canillá - Edición 2023 - Ref 789,2023-11-12,2023-11-15,GT14,GT1418,Plaza Central de Canillá,Municipalidad de Canillá y Comité de Cultura
790,EVT_GT1419_0789,Exposición Colectiva de Escultura en Chicamán - Edición 2020 - Ref 790,2020-11-12,2020-11-15,GT14,GT1419,Plaza Central de Chicamán,Municipalidad de Chicamán y Comité de Cultura
791,EVT_GT1420_0790,Feria de la Artesanía Tradicional en Ixcán - Edición 2018 - Ref 791,2018-11-12,2018-11-15,GT14,GT1420,Plaza Central de Ixcán,Municipalidad de Ixcán y Comité de Cultura
792,EVT_GT1421_0791,Festival del Tejido Maya y Jaspe en Pachalum - Edición 2023 - Ref 792,2023-11-12,2023-11-15,GT14,GT1421,Plaza Central de Pachalum,Municipalidad de Pachalum y Comité de Cultura
793,EVT_GT1501_0792,Encuentro Regional de Pintores en Salamá - Edición 2020 - Ref 793,2020-11-12,2020-11-15,GT15,GT1501,Plaza Central de Salamá,Municipalidad de Salamá y Comité de Cultura
794,EVT_GT1502_0793,Festival Nacional de la Marimba en San Miguel Chicaj - Edición 2024 - Ref 794,2024-11-12,2024-11-15,GT15,GT1502,Plaza Central de San Miguel Chicaj,Municipalidad de San Miguel Chicaj y Comité de Cultura
795,EVT_GT1503_0794,Exposición Colectiva de Escultura en Rabinal - Edición 2021 - Ref 795,2021-11-12,2021-11-15,GT15,GT1503,Plaza Central de Rabinal,Municipalidad de Rabinal y Comité de Cultura
796,EVT_GT1504_0795,Feria de la Artesanía Tradicional en Cubulco - Edición 2020 - Ref 796,2020-11-12,2020-11-15,GT15,GT1504,Plaza Central de Cubulco,Municipalidad de Cubulco y Comité de Cultura
797,EVT_GT1505_0796,Festival del Tejido Maya y Jaspe en Granados - Edición 2019 - Ref 797,2019-11-12,2019-11-15,GT15,GT1505,Plaza Central de Granados,Municipalidad de Granados y Comité de Cultura
798,EVT_GT1506_0797,Encuentro Regional de Pintores en El Chol - Edición 2020 - Ref 798,2020-11-12,2020-11-15,GT15,GT1506,Plaza Central de El Chol,Municipalidad de El Chol y Comité de Cultura
799,EVT_GT1507_0798,Festival Nacional de la Marimba en San Jerónimo - Edición 2022 - Ref 799,2022-11-12,2022-11-15,GT15,GT1507,Plaza Central de San Jerónimo,Municipalidad de San Jerónimo y Comité de Cultura
800,EVT_GT1508_0799,Exposición Colectiva de Escultura en Purulhá - Edición 2024 - Ref 800,2024-11-12,2024-11-15,GT15,GT1508,Plaza Central de Purulhá,Municipalidad de Purulhá y Comité de Cultura
801,EVT_GT0401_0800,Feria de la Artesanía Tradicional en Chimaltenango - Edición 2018 - Ref 801,2018-11-12,2018-11-15,GT04,GT0401,Plaza Central de Chimaltenango,Municipalidad de Chimaltenango y Comité de Cultura
802,EVT_GT0402_0801,Festival del Tejido Maya y Jaspe en San José Poaquil - Edición 2021 - Ref 802,2021-11-12,2021-11-15,GT04,GT0402,Plaza Central de San José Poaquil,Municipalidad de San José Poaquil y Comité de Cultura
803,EVT_GT0403_0802,Encuentro Regional de Pintores en San Martín Jilotepeque - Edición 2019 - Ref 803,2019-11-12,2019-11-15,GT04,GT0403,Plaza Central de San Martín Jilotepeque,Municipalidad de San Martín Jilotepeque y Comité de Cultura
804,EVT_GT0404_0803,Festival Nacional de la Marimba en Comalapa - Edición 2018 - Ref 804,2018-11-12,2018-11-15,GT04,GT0404,Plaza Central de Comalapa,Municipalidad de Comalapa y Comité de Cultura
805,EVT_GT0405_0804,Exposición Colectiva de Escultura en Santa Apolonia - Edición 2018 - Ref 805,2018-11-12,2018-11-15,GT04,GT0405,Plaza Central de Santa Apolonia,Municipalidad de Santa Apolonia y Comité de Cultura
806,EVT_GT0406_0805,Feria de la Artesanía Tradicional en Tecpán Guatemala - Edición 2018 - Ref 806,2018-11-12,2018-11-15,GT04,GT0406,Plaza Central de Tecpán Guatemala,Municipalidad de Tecpán Guatemala y Comité de Cultura
807,EVT_GT0407_0806,Festival del Tejido Maya y Jaspe en Patzún - Edición 2018 - Ref 807,2018-11-12,2018-11-15,GT04,GT0407,Plaza Central de Patzún,Municipalidad de Patzún y Comité de Cultura
808,EVT_GT0408_0807,Encuentro Regional de Pintores en Pochuta - Edición 2018 - Ref 808,2018-11-12,2018-11-15,GT04,GT0408,Plaza Central de Pochuta,Municipalidad de Pochuta y Comité de Cultura
809,EVT_GT0409_0808,Festival Nacional de la Marimba en Patzicía - Edición 2023 - Ref 809,2023-11-12,2023-11-15,GT04,GT0409,Plaza Central de Patzicía,Municipalidad de Patzicía y Comité de Cultura
810,EVT_GT0410_0809,Exposición Colectiva de Escultura en Santa Cruz Balanyá - Edición 2020 - Ref 810,2020-11-12,2020-11-15,GT04,GT0410,Plaza Central de Santa Cruz Balanyá,Municipalidad de Santa Cruz Balanyá y Comité de Cultura
811,EVT_GT0411_0810,Feria de la Artesanía Tradicional en Acatenango - Edición 2024 - Ref 811,2024-11-12,2024-11-15,GT04,GT0411,Plaza Central de Acatenango,Municipalidad de Acatenango y Comité de Cultura
812,EVT_GT0412_0811,Festival del Tejido Maya y Jaspe en Yepocapa - Edición 2025 - Ref 812,2025-11-12,2025-11-15,GT04,GT0412,Plaza Central de Yepocapa,Municipalidad de Yepocapa y Comité de Cultura
813,EVT_GT0413_0812,Encuentro Regional de Pintores en San Andrés Itzapa - Edición 2022 - Ref 813,2022-11-12,2022-11-15,GT04,GT0413,Plaza Central de San Andrés Itzapa,Municipalidad de San Andrés Itzapa y Comité de Cultura
814,EVT_GT0414_0813,Festival Nacional de la Marimba en Parramos - Edición 2023 - Ref 814,2023-11-12,2023-11-15,GT04,GT0414,Plaza Central de Parramos,Municipalidad de Parramos y Comité de Cultura
815,EVT_GT0415_0814,Exposición Colectiva de Escultura en Zaragoza - Edición 2021 - Ref 815,2021-11-12,2021-11-15,GT04,GT0415,Plaza Central de Zaragoza,Municipalidad de Zaragoza y Comité de Cultura
816,EVT_GT0416_0815,Feria de la Artesanía Tradicional en El Tejar - Edición 2018 - Ref 816,2018-11-12,2018-11-15,GT04,GT0416,Plaza Central de El Tejar,Municipalidad de El Tejar y Comité de Cultura
817,EVT_GT0700_0816,Festival del Tejido Maya y Jaspe en Lago De Atitlan - Edición 2018 - Ref 817,2018-11-12,2018-11-15,GT07,GT0700,Plaza Central de Lago De Atitlan,Municipalidad de Lago De Atitlan y Comité de Cultura
818,EVT_GT0701_0817,Encuentro Regional de Pintores en Sololá - Edición 2018 - Ref 818,2018-11-12,2018-11-15,GT07,GT0701,Plaza Central de Sololá,Municipalidad de Sololá y Comité de Cultura
819,EVT_GT0702_0818,Festival Nacional de la Marimba en San José Chacayá - Edición 2025 - Ref 819,2025-11-12,2025-11-15,GT07,GT0702,Plaza Central de San José Chacayá,Municipalidad de San José Chacayá y Comité de Cultura
820,EVT_GT0703_0819,Exposición Colectiva de Escultura en Santa María Visitación - Edición 2022 - Ref 820,2022-11-12,2022-11-15,GT07,GT0703,Plaza Central de Santa María Visitación,Municipalidad de Santa María Visitación y Comité de Cultura
821,EVT_GT0704_0820,Feria de la Artesanía Tradicional en Santa Lucía Utatlán - Edición 2025 - Ref 821,2025-11-12,2025-11-15,GT07,GT0704,Plaza Central de Santa Lucía Utatlán,Municipalidad de Santa Lucía Utatlán y Comité de Cultura
822,EVT_GT0705_0821,Festival del Tejido Maya y Jaspe en Nahualá - Edición 2019 - Ref 822,2019-11-12,2019-11-15,GT07,GT0705,Plaza Central de Nahualá,Municipalidad de Nahualá y Comité de Cultura
823,EVT_GT0706_0822,Encuentro Regional de Pintores en Santa Catarina Ixtahuacán - Edición 2023 - Ref 823,2023-11-12,2023-11-15,GT07,GT0706,Plaza Central de Santa Catarina Ixtahuacán,Municipalidad de Santa Catarina Ixtahuacán y Comité de Cultura
824,EVT_GT0707_0823,Festival Nacional de la Marimba en Santa Clara La Laguna - Edición 2024 - Ref 824,2024-11-12,2024-11-15,GT07,GT0707,Plaza Central de Santa Clara La Laguna,Municipalidad de Santa Clara La Laguna y Comité de Cultura
825,EVT_GT0708_0824,Exposición Colectiva de Escultura en Concepción - Edición 2022 - Ref 825,2022-11-12,2022-11-15,GT07,GT0708,Plaza Central de Concepción,Municipalidad de Concepción y Comité de Cultura
826,EVT_GT0709_0825,Feria de la Artesanía Tradicional en San Andrés Semetabaj - Edición 2020 - Ref 826,2020-11-12,2020-11-15,GT07,GT0709,Plaza Central de San Andrés Semetabaj,Municipalidad de San Andrés Semetabaj y Comité de Cultura
827,EVT_GT0710_0826,Festival del Tejido Maya y Jaspe en Panajachel - Edición 2018 - Ref 827,2018-11-12,2018-11-15,GT07,GT0710,Plaza Central de Panajachel,Municipalidad de Panajachel y Comité de Cultura
828,EVT_GT0711_0827,Encuentro Regional de Pintores en Santa Catarina Palopó - Edición 2018 - Ref 828,2018-11-12,2018-11-15,GT07,GT0711,Plaza Central de Santa Catarina Palopó,Municipalidad de Santa Catarina Palopó y Comité de Cultura
829,EVT_GT0712_0828,Festival Nacional de la Marimba en San Antonio Palopó - Edición 2024 - Ref 829,2024-11-12,2024-11-15,GT07,GT0712,Plaza Central de San Antonio Palopó,Municipalidad de San Antonio Palopó y Comité de Cultura
830,EVT_GT0713_0829,Exposición Colectiva de Escultura en San Lucas Tolimán - Edición 2025 - Ref 830,2025-11-12,2025-11-15,GT07,GT0713,Plaza Central de San Lucas Tolimán,Municipalidad de San Lucas Tolimán y Comité de Cultura
831,EVT_GT0714_0830,Feria de la Artesanía Tradicional en Santa Cruz La Laguna - Edición 2018 - Ref 831,2018-11-12,2018-11-15,GT07,GT0714,Plaza Central de Santa Cruz La Laguna,Municipalidad de Santa Cruz La Laguna y Comité de Cultura
832,EVT_GT0715_0831,Festival del Tejido Maya y Jaspe en San Pablo La Laguna - Edición 2018 - Ref 832,2018-11-12,2018-11-15,GT07,GT0715,Plaza Central de San Pablo La Laguna,Municipalidad de San Pablo La Laguna y Comité de Cultura
833,EVT_GT0716_0832,Encuentro Regional de Pintores en San Marcos La Laguna - Edición 2023 - Ref 833,2023-11-12,2023-11-15,GT07,GT0716,Plaza Central de San Marcos La Laguna,Municipalidad de San Marcos La Laguna y Comité de Cultura
834,EVT_GT0717_0833,Festival Nacional de la Marimba en San Juan La Laguna - Edición 2025 - Ref 834,2025-11-12,2025-11-15,GT07,GT0717,Plaza Central de San Juan La Laguna,Municipalidad de San Juan La Laguna y Comité de Cultura
835,EVT_GT0718_0834,Exposición Colectiva de Escultura en San Pedro La Laguna - Edición 2021 - Ref 835,2021-11-12,2021-11-15,GT07,GT0718,Plaza Central de San Pedro La Laguna,Municipalidad de San Pedro La Laguna y Comité de Cultura
836,EVT_GT0719_0835,Feria de la Artesanía Tradicional en Santiago Atitlán - Edición 2022 - Ref 836,2022-11-12,2022-11-15,GT07,GT0719,Plaza Central de Santiago Atitlán,Municipalidad de Santiago Atitlán y Comité de Cultura
837,EVT_GT0801_0836,Festival del Tejido Maya y Jaspe en Totonicapán - Edición 2019 - Ref 837,2019-11-12,2019-11-15,GT08,GT0801,Plaza Central de Totonicapán,Municipalidad de Totonicapán y Comité de Cultura
838,EVT_GT0802_0837,Encuentro Regional de Pintores en San Cristóbal Totonicapán - Edición 2024 - Ref 838,2024-11-12,2024-11-15,GT08,GT0802,Plaza Central de San Cristóbal Totonicapán,Municipalidad de San Cristóbal Totonicapán y Comité de Cultura
839,EVT_GT0803_0838,Festival Nacional de la Marimba en San Francisco El Alto - Edición 2019 - Ref 839,2019-11-12,2019-11-15,GT08,GT0803,Plaza Central de San Francisco El Alto,Municipalidad de San Francisco El Alto y Comité de Cultura
840,EVT_GT0804_0839,Exposición Colectiva de Escultura en San Andrés Xecul - Edición 2021 - Ref 840,2021-11-12,2021-11-15,GT08,GT0804,Plaza Central de San Andrés Xecul,Municipalidad de San Andrés Xecul y Comité de Cultura
841,EVT_GT0805_0840,Feria de la Artesanía Tradicional en Momostenango - Edición 2024 - Ref 841,2024-11-12,2024-11-15,GT08,GT0805,Plaza Central de Momostenango,Municipalidad de Momostenango y Comité de Cultura
842,EVT_GT0806_0841,Festival del Tejido Maya y Jaspe en Santa María Chiquimula - Edición 2019 - Ref 842,2019-11-12,2019-11-15,GT08,GT0806,Plaza Central de Santa María Chiquimula,Municipalidad de Santa María Chiquimula y Comité de Cultura
843,EVT_GT0807_0842,Encuentro Regional de Pintores en Santa Lucía La Reforma - Edición 2018 - Ref 843,2018-11-12,2018-11-15,GT08,GT0807,Plaza Central de Santa Lucía La Reforma,Municipalidad de Santa Lucía La Reforma y Comité de Cultura
844,EVT_GT0808_0843,Festival Nacional de la Marimba en San Bartolo - Edición 2019 - Ref 844,2019-11-12,2019-11-15,GT08,GT0808,Plaza Central de San Bartolo,Municipalidad de San Bartolo y Comité de Cultura
845,EVT_GT0901_0844,Exposición Colectiva de Escultura en Quetzaltenango - Edición 2023 - Ref 845,2023-11-12,2023-11-15,GT09,GT0901,Plaza Central de Quetzaltenango,Municipalidad de Quetzaltenango y Comité de Cultura
846,EVT_GT0902_0845,Feria de la Artesanía Tradicional en Salcajá - Edición 2020 - Ref 846,2020-11-12,2020-11-15,GT09,GT0902,Plaza Central de Salcajá,Municipalidad de Salcajá y Comité de Cultura
847,EVT_GT0903_0846,Festival del Tejido Maya y Jaspe en Olintepeque - Edición 2018 - Ref 847,2018-11-12,2018-11-15,GT09,GT0903,Plaza Central de Olintepeque,Municipalidad de Olintepeque y Comité de Cultura
848,EVT_GT0904_0847,Encuentro Regional de Pintores en San Carlos Sija - Edición 2019 - Ref 848,2019-11-12,2019-11-15,GT09,GT0904,Plaza Central de San Carlos Sija,Municipalidad de San Carlos Sija y Comité de Cultura
849,EVT_GT0905_0848,Festival Nacional de la Marimba en Sibilia - Edición 2020 - Ref 849,2020-11-12,2020-11-15,GT09,GT0905,Plaza Central de Sibilia,Municipalidad de Sibilia y Comité de Cultura
850,EVT_GT0906_0849,Exposición Colectiva de Escultura en Cabricán - Edición 2024 - Ref 850,2024-11-12,2024-11-15,GT09,GT0906,Plaza Central de Cabricán,Municipalidad de Cabricán y Comité de Cultura
851,EVT_GT0907_0850,Feria de la Artesanía Tradicional en Cajolá - Edición 2023 - Ref 851,2023-11-12,2023-11-15,GT09,GT0907,Plaza Central de Cajolá,Municipalidad de Cajolá y Comité de Cultura
852,EVT_GT0908_0851,Festival del Tejido Maya y Jaspe en San Miguel Sigüila - Edición 2023 - Ref 852,2023-11-12,2023-11-15,GT09,GT0908,Plaza Central de San Miguel Sigüila,Municipalidad de San Miguel Sigüila y Comité de Cultura
853,EVT_GT0909_0852,Encuentro Regional de Pintores en Ostuncalco - Edición 2023 - Ref 853,2023-11-12,2023-11-15,GT09,GT0909,Plaza Central de Ostuncalco,Municipalidad de Ostuncalco y Comité de Cultura
854,EVT_GT0910_0853,Festival Nacional de la Marimba en San Mateo - Edición 2024 - Ref 854,2024-11-12,2024-11-15,GT09,GT0910,Plaza Central de San Mateo,Municipalidad de San Mateo y Comité de Cultura
855,EVT_GT0911_0854,Exposición Colectiva de Escultura en Concepción Chiquirichapa - Edición 2025 - Ref 855,2025-11-12,2025-11-15,GT09,GT0911,Plaza Central de Concepción Chiquirichapa,Municipalidad de Concepción Chiquirichapa y Comité de Cultura
856,EVT_GT0912_0855,Feria de la Artesanía Tradicional en San Martín Sacatepéquez - Edición 2024 - Ref 856,2024-11-12,2024-11-15,GT09,GT0912,Plaza Central de San Martín Sacatepéquez,Municipalidad de San Martín Sacatepéquez y Comité de Cultura
857,EVT_GT0913_0856,Festival del Tejido Maya y Jaspe en Almolonga - Edición 2022 - Ref 857,2022-11-12,2022-11-15,GT09,GT0913,Plaza Central de Almolonga,Municipalidad de Almolonga y Comité de Cultura
858,EVT_GT0914_0857,Encuentro Regional de Pintores en Cantel - Edición 2022 - Ref 858,2022-11-12,2022-11-15,GT09,GT0914,Plaza Central de Cantel,Municipalidad de Cantel y Comité de Cultura
859,EVT_GT0915_0858,Festival Nacional de la Marimba en Huitán - Edición 2021 - Ref 859,2021-11-12,2021-11-15,GT09,GT0915,Plaza Central de Huitán,Municipalidad de Huitán y Comité de Cultura
860,EVT_GT0916_0859,Exposición Colectiva de Escultura en Zunil - Edición 2021 - Ref 860,2021-11-12,2021-11-15,GT09,GT0916,Plaza Central de Zunil,Municipalidad de Zunil y Comité de Cultura
861,EVT_GT0917_0860,Feria de la Artesanía Tradicional en Colomba - Edición 2019 - Ref 861,2019-11-12,2019-11-15,GT09,GT0917,Plaza Central de Colomba,Municipalidad de Colomba y Comité de Cultura
862,EVT_GT0918_0861,Festival del Tejido Maya y Jaspe en San Francisco La Unión - Edición 2025 - Ref 862,2025-11-12,2025-11-15,GT09,GT0918,Plaza Central de San Francisco La Unión,Municipalidad de San Francisco La Unión y Comité de Cultura
863,EVT_GT0919_0862,Encuentro Regional de Pintores en El Palmar - Edición 2020 - Ref 863,2020-11-12,2020-11-15,GT09,GT0919,Plaza Central de El Palmar,Municipalidad de El Palmar y Comité de Cultura
864,EVT_GT0920_0863,Festival Nacional de la Marimba en Coatepeque - Edición 2020 - Ref 864,2020-11-12,2020-11-15,GT09,GT0920,Plaza Central de Coatepeque,Municipalidad de Coatepeque y Comité de Cultura
865,EVT_GT0921_0864,Exposición Colectiva de Escultura en Génova - Edición 2020 - Ref 865,2020-11-12,2020-11-15,GT09,GT0921,Plaza Central de Génova,Municipalidad de Génova y Comité de Cultura
866,EVT_GT0922_0865,Feria de la Artesanía Tradicional en Flores Costa Cuca - Edición 2022 - Ref 866,2022-11-12,2022-11-15,GT09,GT0922,Plaza Central de Flores Costa Cuca,Municipalidad de Flores Costa Cuca y Comité de Cultura
867,EVT_GT0923_0866,Festival del Tejido Maya y Jaspe en La Esperanza - Edición 2024 - Ref 867,2024-11-12,2024-11-15,GT09,GT0923,Plaza Central de La Esperanza,Municipalidad de La Esperanza y Comité de Cultura
868,EVT_GT0924_0867,Encuentro Regional de Pintores en Palestina de Los Altos - Edición 2019 - Ref 868,2019-11-12,2019-11-15,GT09,GT0924,Plaza Central de Palestina de Los Altos,Municipalidad de Palestina de Los Altos y Comité de Cultura
869,EVT_GT1201_0868,Festival Nacional de la Marimba en San Marcos - Edición 2018 - Ref 869,2018-11-12,2018-11-15,GT12,GT1201,Plaza Central de San Marcos,Municipalidad de San Marcos y Comité de Cultura
870,EVT_GT1202_0869,Exposición Colectiva de Escultura en San Pedro Sacatepéquez - Edición 2022 - Ref 870,2022-11-12,2022-11-15,GT12,GT1202,Plaza Central de San Pedro Sacatepéquez,Municipalidad de San Pedro Sacatepéquez y Comité de Cultura
871,EVT_GT1203_0870,Feria de la Artesanía Tradicional en San Antonio Sacatepéquez - Edición 2024 - Ref 871,2024-11-12,2024-11-15,GT12,GT1203,Plaza Central de San Antonio Sacatepéquez,Municipalidad de San Antonio Sacatepéquez y Comité de Cultura
872,EVT_GT1204_0871,Festival del Tejido Maya y Jaspe en Comitancillo - Edición 2018 - Ref 872,2018-11-12,2018-11-15,GT12,GT1204,Plaza Central de Comitancillo,Municipalidad de Comitancillo y Comité de Cultura
873,EVT_GT1205_0872,Encuentro Regional de Pintores en San Miguel Ixtahuacán - Edición 2025 - Ref 873,2025-11-12,2025-11-15,GT12,GT1205,Plaza Central de San Miguel Ixtahuacán,Municipalidad de San Miguel Ixtahuacán y Comité de Cultura
874,EVT_GT1206_0873,Festival Nacional de la Marimba en Concepción Tutuapa - Edición 2021 - Ref 874,2021-11-12,2021-11-15,GT12,GT1206,Plaza Central de Concepción Tutuapa,Municipalidad de Concepción Tutuapa y Comité de Cultura
875,EVT_GT1207_0874,Exposición Colectiva de Escultura en Tacaná - Edición 2020 - Ref 875,2020-11-12,2020-11-15,GT12,GT1207,Plaza Central de Tacaná,Municipalidad de Tacaná y Comité de Cultura
876,EVT_GT1208_0875,Feria de la Artesanía Tradicional en Sibinal - Edición 2018 - Ref 876,2018-11-12,2018-11-15,GT12,GT1208,Plaza Central de Sibinal,Municipalidad de Sibinal y Comité de Cultura
877,EVT_GT1209_0876,Festival del Tejido Maya y Jaspe en Tajumulco - Edición 2020 - Ref 877,2020-11-12,2020-11-15,GT12,GT1209,Plaza Central de Tajumulco,Municipalidad de Tajumulco y Comité de Cultura
878,EVT_GT1210_0877,Encuentro Regional de Pintores en Tejutla - Edición 2019 - Ref 878,2019-11-12,2019-11-15,GT12,GT1210,Plaza Central de Tejutla,Municipalidad de Tejutla y Comité de Cultura
879,EVT_GT1211_0878,Festival Nacional de la Marimba en San Rafael Pie de la Cuesta - Edición 2022 - Ref 879,2022-11-12,2022-11-15,GT12,GT1211,Plaza Central de San Rafael Pie de la Cuesta,Municipalidad de San Rafael Pie de la Cuesta y Comité de Cultura
880,EVT_GT1212_0879,Exposición Colectiva de Escultura en Nuevo Progreso - Edición 2019 - Ref 880,2019-11-12,2019-11-15,GT12,GT1212,Plaza Central de Nuevo Progreso,Municipalidad de Nuevo Progreso y Comité de Cultura
881,EVT_GT1213_0880,Feria de la Artesanía Tradicional en El Tumbador - Edición 2024 - Ref 881,2024-11-12,2024-11-15,GT12,GT1213,Plaza Central de El Tumbador,Municipalidad de El Tumbador y Comité de Cultura
882,EVT_GT1214_0881,Festival del Tejido Maya y Jaspe en El Rodeo - Edición 2021 - Ref 882,2021-11-12,2021-11-15,GT12,GT1214,Plaza Central de El Rodeo,Municipalidad de El Rodeo y Comité de Cultura
883,EVT_GT1215_0882,Encuentro Regional de Pintores en Malacatán - Edición 2022 - Ref 883,2022-11-12,2022-11-15,GT12,GT1215,Plaza Central de Malacatán,Municipalidad de Malacatán y Comité de Cultura
884,EVT_GT1216_0883,Festival Nacional de la Marimba en Catarina - Edición 2025 - Ref 884,2025-11-12,2025-11-15,GT12,GT1216,Plaza Central de Catarina,Municipalidad de Catarina y Comité de Cultura
885,EVT_GT1217_0884,Exposición Colectiva de Escultura en Ayutla - Edición 2024 - Ref 885,2024-11-12,2024-11-15,GT12,GT1217,Plaza Central de Ayutla,Municipalidad de Ayutla y Comité de Cultura
886,EVT_GT1218_0885,Feria de la Artesanía Tradicional en Ocós - Edición 2025 - Ref 886,2025-11-12,2025-11-15,GT12,GT1218,Plaza Central de Ocós,Municipalidad de Ocós y Comité de Cultura
887,EVT_GT1219_0886,Festival del Tejido Maya y Jaspe en San Pablo - Edición 2020 - Ref 887,2020-11-12,2020-11-15,GT12,GT1219,Plaza Central de San Pablo,Municipalidad de San Pablo y Comité de Cultura
888,EVT_GT1220_0887,Encuentro Regional de Pintores en El Quetzal - Edición 2025 - Ref 888,2025-11-12,2025-11-15,GT12,GT1220,Plaza Central de El Quetzal,Municipalidad de El Quetzal y Comité de Cultura
889,EVT_GT1221_0888,Festival Nacional de la Marimba en La Reforma - Edición 2022 - Ref 889,2022-11-12,2022-11-15,GT12,GT1221,Plaza Central de La Reforma,Municipalidad de La Reforma y Comité de Cultura
890,EVT_GT1222_0889,Exposición Colectiva de Escultura en Pajapita - Edición 2018 - Ref 890,2018-11-12,2018-11-15,GT12,GT1222,Plaza Central de Pajapita,Municipalidad de Pajapita y Comité de Cultura
891,EVT_GT1223_0890,Feria de la Artesanía Tradicional en Ixchiguán - Edición 2018 - Ref 891,2018-11-12,2018-11-15,GT12,GT1223,Plaza Central de Ixchiguán,Municipalidad de Ixchiguán y Comité de Cultura
892,EVT_GT1224_0891,Festival del Tejido Maya y Jaspe en San José Ojetenam - Edición 2020 - Ref 892,2020-11-12,2020-11-15,GT12,GT1224,Plaza Central de San José Ojetenam,Municipalidad de San José Ojetenam y Comité de Cultura
893,EVT_GT1225_0892,Encuentro Regional de Pintores en San Cristóbal Cucho - Edición 2022 - Ref 893,2022-11-12,2022-11-15,GT12,GT1225,Plaza Central de San Cristóbal Cucho,Municipalidad de San Cristóbal Cucho y Comité de Cultura
894,EVT_GT1226_0893,Festival Nacional de la Marimba en Sipacapa - Edición 2023 - Ref 894,2023-11-12,2023-11-15,GT12,GT1226,Plaza Central de Sipacapa,Municipalidad de Sipacapa y Comité de Cultura
895,EVT_GT1227_0894,Exposición Colectiva de Escultura en Esquipulas Palo Gordo - Edición 2021 - Ref 895,2021-11-12,2021-11-15,GT12,GT1227,Plaza Central de Esquipulas Palo Gordo,Municipalidad de Esquipulas Palo Gordo y Comité de Cultura
896,EVT_GT1228_0895,Feria de la Artesanía Tradicional en Río Blanco - Edición 2018 - Ref 896,2018-11-12,2018-11-15,GT12,GT1228,Plaza Central de Río Blanco,Municipalidad de Río Blanco y Comité de Cultura
897,EVT_GT1229_0896,Festival del Tejido Maya y Jaspe en San Lorenzo - Edición 2024 - Ref 897,2024-11-12,2024-11-15,GT12,GT1229,Plaza Central de San Lorenzo,Municipalidad de San Lorenzo y Comité de Cultura
898,EVT_GT1230_0897,Encuentro Regional de Pintores en La Blanca - Edición 2024 - Ref 898,2024-11-12,2024-11-15,GT12,GT1230,Plaza Central de La Blanca,Municipalidad de La Blanca y Comité de Cultura
899,EVT_GT1301_0898,Festival Nacional de la Marimba en Huehuetenango - Edición 2022 - Ref 899,2022-11-12,2022-11-15,GT13,GT1301,Plaza Central de Huehuetenango,Municipalidad de Huehuetenango y Comité de Cultura
900,EVT_GT1302_0899,Exposición Colectiva de Escultura en Chiantla - Edición 2019 - Ref 900,2019-11-12,2019-11-15,GT13,GT1302,Plaza Central de Chiantla,Municipalidad de Chiantla y Comité de Cultura
901,EVT_GT1303_0900,Feria de la Artesanía Tradicional en Malacatancito - Edición 2022 - Ref 901,2022-11-12,2022-11-15,GT13,GT1303,Plaza Central de Malacatancito,Municipalidad de Malacatancito y Comité de Cultura
902,EVT_GT1304_0901,Festival del Tejido Maya y Jaspe en Cuilco - Edición 2019 - Ref 902,2019-11-12,2019-11-15,GT13,GT1304,Plaza Central de Cuilco,Municipalidad de Cuilco y Comité de Cultura
903,EVT_GT1305_0902,Encuentro Regional de Pintores en Nentón - Edición 2022 - Ref 903,2022-11-12,2022-11-15,GT13,GT1305,Plaza Central de Nentón,Municipalidad de Nentón y Comité de Cultura
904,EVT_GT1306_0903,Festival Nacional de la Marimba en San Pedro Necta - Edición 2023 - Ref 904,2023-11-12,2023-11-15,GT13,GT1306,Plaza Central de San Pedro Necta,Municipalidad de San Pedro Necta y Comité de Cultura
905,EVT_GT1307_0904,Exposición Colectiva de Escultura en Jacaltenango - Edición 2018 - Ref 905,2018-11-12,2018-11-15,GT13,GT1307,Plaza Central de Jacaltenango,Municipalidad de Jacaltenango y Comité de Cultura
906,EVT_GT1308_0905,Feria de la Artesanía Tradicional en Soloma - Edición 2022 - Ref 906,2022-11-12,2022-11-15,GT13,GT1308,Plaza Central de Soloma,Municipalidad de Soloma y Comité de Cultura
907,EVT_GT1309_0906,Festival del Tejido Maya y Jaspe en Ixtahuacán - Edición 2021 - Ref 907,2021-11-12,2021-11-15,GT13,GT1309,Plaza Central de Ixtahuacán,Municipalidad de Ixtahuacán y Comité de Cultura
908,EVT_GT1310_0907,Encuentro Regional de Pintores en Santa Bárbara - Edición 2018 - Ref 908,2018-11-12,2018-11-15,GT13,GT1310,Plaza Central de Santa Bárbara,Municipalidad de Santa Bárbara y Comité de Cultura
909,EVT_GT1311_0908,Festival Nacional de la Marimba en La Libertad - Edición 2023 - Ref 909,2023-11-12,2023-11-15,GT13,GT1311,Plaza Central de La Libertad,Municipalidad de La Libertad y Comité de Cultura
910,EVT_GT1312_0909,Exposición Colectiva de Escultura en La Democracia - Edición 2024 - Ref 910,2024-11-12,2024-11-15,GT13,GT1312,Plaza Central de La Democracia,Municipalidad de La Democracia y Comité de Cultura
911,EVT_GT1313_0910,Feria de la Artesanía Tradicional en San Miguel Acatán - Edición 2021 - Ref 911,2021-11-12,2021-11-15,GT13,GT1313,Plaza Central de San Miguel Acatán,Municipalidad de San Miguel Acatán y Comité de Cultura
912,EVT_GT1314_0911,Festival del Tejido Maya y Jaspe en San Rafael La Independencia - Edición 2019 - Ref 912,2019-11-12,2019-11-15,GT13,GT1314,Plaza Central de San Rafael La Independencia,Municipalidad de San Rafael La Independencia y Comité de Cultura
913,EVT_GT1315_0912,Encuentro Regional de Pintores en Todos Santos Cuchumatán - Edición 2025 - Ref 913,2025-11-12,2025-11-15,GT13,GT1315,Plaza Central de Todos Santos Cuchumatán,Municipalidad de Todos Santos Cuchumatán y Comité de Cultura
914,EVT_GT1316_0913,Festival Nacional de la Marimba en San Juan Atitán - Edición 2022 - Ref 914,2022-11-12,2022-11-15,GT13,GT1316,Plaza Central de San Juan Atitán,Municipalidad de San Juan Atitán y Comité de Cultura
915,EVT_GT1317_0914,Exposición Colectiva de Escultura en Santa Eulalia - Edición 2022 - Ref 915,2022-11-12,2022-11-15,GT13,GT1317,Plaza Central de Santa Eulalia,Municipalidad de Santa Eulalia y Comité de Cultura
916,EVT_GT1318_0915,Feria de la Artesanía Tradicional en San Mateo Ixtatán - Edición 2022 - Ref 916,2022-11-12,2022-11-15,GT13,GT1318,Plaza Central de San Mateo Ixtatán,Municipalidad de San Mateo Ixtatán y Comité de Cultura
917,EVT_GT1319_0916,Festival del Tejido Maya y Jaspe en Colotenango - Edición 2024 - Ref 917,2024-11-12,2024-11-15,GT13,GT1319,Plaza Central de Colotenango,Municipalidad de Colotenango y Comité de Cultura
918,EVT_GT1320_0917,Encuentro Regional de Pintores en San Sebastián Huehuetenango - Edición 2021 - Ref 918,2021-11-12,2021-11-15,GT13,GT1320,Plaza Central de San Sebastián Huehuetenango,Municipalidad de San Sebastián Huehuetenango y Comité de Cultura
919,EVT_GT1321_0918,Festival Nacional de la Marimba en Tectitán - Edición 2020 - Ref 919,2020-11-12,2020-11-15,GT13,GT1321,Plaza Central de Tectitán,Municipalidad de Tectitán y Comité de Cultura
920,EVT_GT1322_0919,Exposición Colectiva de Escultura en Concepción Huista - Edición 2023 - Ref 920,2023-11-12,2023-11-15,GT13,GT1322,Plaza Central de Concepción Huista,Municipalidad de Concepción Huista y Comité de Cultura
921,EVT_GT1323_0920,Feria de la Artesanía Tradicional en San Juan Ixcoy - Edición 2024 - Ref 921,2024-11-12,2024-11-15,GT13,GT1323,Plaza Central de San Juan Ixcoy,Municipalidad de San Juan Ixcoy y Comité de Cultura
922,EVT_GT1324_0921,Festival del Tejido Maya y Jaspe en San Antonio Huista - Edición 2018 - Ref 922,2018-11-12,2018-11-15,GT13,GT1324,Plaza Central de San Antonio Huista,Municipalidad de San Antonio Huista y Comité de Cultura
923,EVT_GT1325_0922,Encuentro Regional de Pintores en San Sebastián Coatán - Edición 2019 - Ref 923,2019-11-12,2019-11-15,GT13,GT1325,Plaza Central de San Sebastián Coatán,Municipalidad de San Sebastián Coatán y Comité de Cultura
924,EVT_GT1326_0923,Festival Nacional de la Marimba en Barillas - Edición 2022 - Ref 924,2022-11-12,2022-11-15,GT13,GT1326,Plaza Central de Barillas,Municipalidad de Barillas y Comité de Cultura
925,EVT_GT1327_0924,Exposición Colectiva de Escultura en Aguacatán - Edición 2018 - Ref 925,2018-11-12,2018-11-15,GT13,GT1327,Plaza Central de Aguacatán,Municipalidad de Aguacatán y Comité de Cultura
926,EVT_GT1328_0925,Feria de la Artesanía Tradicional en San Rafael Petzal - Edición 2020 - Ref 926,2020-11-12,2020-11-15,GT13,GT1328,Plaza Central de San Rafael Petzal,Municipalidad de San Rafael Petzal y Comité de Cultura
927,EVT_GT1329_0926,Festival del Tejido Maya y Jaspe en San Gaspar Ixchil - Edición 2025 - Ref 927,2025-11-12,2025-11-15,GT13,GT1329,Plaza Central de San Gaspar Ixchil,Municipalidad de San Gaspar Ixchil y Comité de Cultura
928,EVT_GT1330_0927,Encuentro Regional de Pintores en Santiago Chimaltenango - Edición 2020 - Ref 928,2020-11-12,2020-11-15,GT13,GT1330,Plaza Central de Santiago Chimaltenango,Municipalidad de Santiago Chimaltenango y Comité de Cultura
929,EVT_GT1331_0928,Festival Nacional de la Marimba en Santa Ana Huista - Edición 2018 - Ref 929,2018-11-12,2018-11-15,GT13,GT1331,Plaza Central de Santa Ana Huista,Municipalidad de Santa Ana Huista y Comité de Cultura
930,EVT_GT1332_0929,Exposición Colectiva de Escultura en Unión Cantinil - Edición 2024 - Ref 930,2024-11-12,2024-11-15,GT13,GT1332,Plaza Central de Unión Cantinil,Municipalidad de Unión Cantinil y Comité de Cultura
931,EVT_GT1333_0930,Feria de la Artesanía Tradicional en Petatán - Edición 2021 - Ref 931,2021-11-12,2021-11-15,GT13,GT1333,Plaza Central de Petatán,Municipalidad de Petatán y Comité de Cultura
932,EVT_GT1401_0931,Festival del Tejido Maya y Jaspe en Santa Cruz del Quiché - Edición 2022 - Ref 932,2022-11-12,2022-11-15,GT14,GT1401,Plaza Central de Santa Cruz del Quiché,Municipalidad de Santa Cruz del Quiché y Comité de Cultura
933,EVT_GT1402_0932,Encuentro Regional de Pintores en Chiché - Edición 2023 - Ref 933,2023-11-12,2023-11-15,GT14,GT1402,Plaza Central de Chiché,Municipalidad de Chiché y Comité de Cultura
934,EVT_GT1403_0933,Festival Nacional de la Marimba en Chinique - Edición 2019 - Ref 934,2019-11-12,2019-11-15,GT14,GT1403,Plaza Central de Chinique,Municipalidad de Chinique y Comité de Cultura
935,EVT_GT1404_0934,Exposición Colectiva de Escultura en Zacualpa - Edición 2019 - Ref 935,2019-11-12,2019-11-15,GT14,GT1404,Plaza Central de Zacualpa,Municipalidad de Zacualpa y Comité de Cultura
936,EVT_GT1405_0935,Feria de la Artesanía Tradicional en Chajul - Edición 2023 - Ref 936,2023-11-12,2023-11-15,GT14,GT1405,Plaza Central de Chajul,Municipalidad de Chajul y Comité de Cultura
937,EVT_GT1406_0936,Festival del Tejido Maya y Jaspe en Chichicastenango - Edición 2025 - Ref 937,2025-11-12,2025-11-15,GT14,GT1406,Plaza Central de Chichicastenango,Municipalidad de Chichicastenango y Comité de Cultura
938,EVT_GT1407_0937,Encuentro Regional de Pintores en Patzité - Edición 2022 - Ref 938,2022-11-12,2022-11-15,GT14,GT1407,Plaza Central de Patzité,Municipalidad de Patzité y Comité de Cultura
939,EVT_GT1408_0938,Festival Nacional de la Marimba en San Antonio Ilotenango - Edición 2024 - Ref 939,2024-11-12,2024-11-15,GT14,GT1408,Plaza Central de San Antonio Ilotenango,Municipalidad de San Antonio Ilotenango y Comité de Cultura
940,EVT_GT1409_0939,Exposición Colectiva de Escultura en San Pedro Jocopilas - Edición 2022 - Ref 940,2022-11-12,2022-11-15,GT14,GT1409,Plaza Central de San Pedro Jocopilas,Municipalidad de San Pedro Jocopilas y Comité de Cultura
941,EVT_GT1410_0940,Feria de la Artesanía Tradicional en Cunén - Edición 2018 - Ref 941,2018-11-12,2018-11-15,GT14,GT1410,Plaza Central de Cunén,Municipalidad de Cunén y Comité de Cultura
942,EVT_GT1411_0941,Festival del Tejido Maya y Jaspe en San Juan Cotzal - Edición 2018 - Ref 942,2018-11-12,2018-11-15,GT14,GT1411,Plaza Central de San Juan Cotzal,Municipalidad de San Juan Cotzal y Comité de Cultura
943,EVT_GT1412_0942,Encuentro Regional de Pintores en Joyabaj - Edición 2021 - Ref 943,2021-11-12,2021-11-15,GT14,GT1412,Plaza Central de Joyabaj,Municipalidad de Joyabaj y Comité de Cultura
944,EVT_GT1413_0943,Festival Nacional de la Marimba en Nebaj - Edición 2021 - Ref 944,2021-11-12,2021-11-15,GT14,GT1413,Plaza Central de Nebaj,Municipalidad de Nebaj y Comité de Cultura
945,EVT_GT1414_0944,Exposición Colectiva de Escultura en San Andrés Sajcabajá - Edición 2022 - Ref 945,2022-11-12,2022-11-15,GT14,GT1414,Plaza Central de San Andrés Sajcabajá,Municipalidad de San Andrés Sajcabajá y Comité de Cultura
946,EVT_GT1415_0945,Feria de la Artesanía Tradicional en Uspantán - Edición 2022 - Ref 946,2022-11-12,2022-11-15,GT14,GT1415,Plaza Central de Uspantán,Municipalidad de Uspantán y Comité de Cultura
947,EVT_GT1416_0946,Festival del Tejido Maya y Jaspe en Sacapulas - Edición 2022 - Ref 947,2022-11-12,2022-11-15,GT14,GT1416,Plaza Central de Sacapulas,Municipalidad de Sacapulas y Comité de Cultura
948,EVT_GT1417_0947,Encuentro Regional de Pintores en San Bartolomé Jocotenango - Edición 2021 - Ref 948,2021-11-12,2021-11-15,GT14,GT1417,Plaza Central de San Bartolomé Jocotenango,Municipalidad de San Bartolomé Jocotenango y Comité de Cultura
949,EVT_GT1418_0948,Festival Nacional de la Marimba en Canillá - Edición 2025 - Ref 949,2025-11-12,2025-11-15,GT14,GT1418,Plaza Central de Canillá,Municipalidad de Canillá y Comité de Cultura
950,EVT_GT1419_0949,Exposición Colectiva de Escultura en Chicamán - Edición 2023 - Ref 950,2023-11-12,2023-11-15,GT14,GT1419,Plaza Central de Chicamán,Municipalidad de Chicamán y Comité de Cultura
951,EVT_GT1420_0950,Feria de la Artesanía Tradicional en Ixcán - Edición 2024 - Ref 951,2024-11-12,2024-11-15,GT14,GT1420,Plaza Central de Ixcán,Municipalidad de Ixcán y Comité de Cultura
952,EVT_GT1421_0951,Festival del Tejido Maya y Jaspe en Pachalum - Edición 2020 - Ref 952,2020-11-12,2020-11-15,GT14,GT1421,Plaza Central de Pachalum,Municipalidad de Pachalum y Comité de Cultura
953,EVT_GT1501_0952,Encuentro Regional de Pintores en Salamá - Edición 2021 - Ref 953,2021-11-12,2021-11-15,GT15,GT1501,Plaza Central de Salamá,Municipalidad de Salamá y Comité de Cultura
954,EVT_GT1502_0953,Festival Nacional de la Marimba en San Miguel Chicaj - Edición 2024 - Ref 954,2024-11-12,2024-11-15,GT15,GT1502,Plaza Central de San Miguel Chicaj,Municipalidad de San Miguel Chicaj y Comité de Cultura
955,EVT_GT1503_0954,Exposición Colectiva de Escultura en Rabinal - Edición 2024 - Ref 955,2024-11-12,2024-11-15,GT15,GT1503,Plaza Central de Rabinal,Municipalidad de Rabinal y Comité de Cultura
956,EVT_GT1504_0955,Feria de la Artesanía Tradicional en Cubulco - Edición 2025 - Ref 956,2025-11-12,2025-11-15,GT15,GT1504,Plaza Central de Cubulco,Municipalidad de Cubulco y Comité de Cultura
957,EVT_GT1505_0956,Festival del Tejido Maya y Jaspe en Granados - Edición 2020 - Ref 957,2020-11-12,2020-11-15,GT15,GT1505,Plaza Central de Granados,Municipalidad de Granados y Comité de Cultura
958,EVT_GT1506_0957,Encuentro Regional de Pintores en El Chol - Edición 2021 - Ref 958,2021-11-12,2021-11-15,GT15,GT1506,Plaza Central de El Chol,Municipalidad de El Chol y Comité de Cultura
959,EVT_GT1507_0958,Festival Nacional de la Marimba en San Jerónimo - Edición 2025 - Ref 959,2025-11-12,2025-11-15,GT15,GT1507,Plaza Central de San Jerónimo,Municipalidad de San Jerónimo y Comité de Cultura
960,EVT_GT1508_0959,Exposición Colectiva de Escultura en Purulhá - Edición 2018 - Ref 960,2018-11-12,2018-11-15,GT15,GT1508,Plaza Central de Purulhá,Municipalidad de Purulhá y Comité de Cultura
961,EVT_GT0401_0960,Feria de la Artesanía Tradicional en Chimaltenango - Edición 2023 - Ref 961,2023-11-12,2023-11-15,GT04,GT0401,Plaza Central de Chimaltenango,Municipalidad de Chimaltenango y Comité de Cultura
962,EVT_GT0402_0961,Festival del Tejido Maya y Jaspe en San José Poaquil - Edición 2021 - Ref 962,2021-11-12,2021-11-15,GT04,GT0402,Plaza Central de San José Poaquil,Municipalidad de San José Poaquil y Comité de Cultura
963,EVT_GT0403_0962,Encuentro Regional de Pintores en San Martín Jilotepeque - Edición 2021 - Ref 963,2021-11-12,2021-11-15,GT04,GT0403,Plaza Central de San Martín Jilotepeque,Municipalidad de San Martín Jilotepeque y Comité de Cultura
964,EVT_GT0404_0963,Festival Nacional de la Marimba en Comalapa - Edición 2020 - Ref 964,2020-11-12,2020-11-15,GT04,GT0404,Plaza Central de Comalapa,Municipalidad de Comalapa y Comité de Cultura
965,EVT_GT0405_0964,Exposición Colectiva de Escultura en Santa Apolonia - Edición 2019 - Ref 965,2019-11-12,2019-11-15,GT04,GT0405,Plaza Central de Santa Apolonia,Municipalidad de Santa Apolonia y Comité de Cultura
966,EVT_GT0406_0965,Feria de la Artesanía Tradicional en Tecpán Guatemala - Edición 2021 - Ref 966,2021-11-12,2021-11-15,GT04,GT0406,Plaza Central de Tecpán Guatemala,Municipalidad de Tecpán Guatemala y Comité de Cultura
967,EVT_GT0407_0966,Festival del Tejido Maya y Jaspe en Patzún - Edición 2024 - Ref 967,2024-11-12,2024-11-15,GT04,GT0407,Plaza Central de Patzún,Municipalidad de Patzún y Comité de Cultura
968,EVT_GT0408_0967,Encuentro Regional de Pintores en Pochuta - Edición 2021 - Ref 968,2021-11-12,2021-11-15,GT04,GT0408,Plaza Central de Pochuta,Municipalidad de Pochuta y Comité de Cultura
969,EVT_GT0409_0968,Festival Nacional de la Marimba en Patzicía - Edición 2022 - Ref 969,2022-11-12,2022-11-15,GT04,GT0409,Plaza Central de Patzicía,Municipalidad de Patzicía y Comité de Cultura
970,EVT_GT0410_0969,Exposición Colectiva de Escultura en Santa Cruz Balanyá - Edición 2019 - Ref 970,2019-11-12,2019-11-15,GT04,GT0410,Plaza Central de Santa Cruz Balanyá,Municipalidad de Santa Cruz Balanyá y Comité de Cultura
971,EVT_GT0411_0970,Feria de la Artesanía Tradicional en Acatenango - Edición 2019 - Ref 971,2019-11-12,2019-11-15,GT04,GT0411,Plaza Central de Acatenango,Municipalidad de Acatenango y Comité de Cultura
972,EVT_GT0412_0971,Festival del Tejido Maya y Jaspe en Yepocapa - Edición 2018 - Ref 972,2018-11-12,2018-11-15,GT04,GT0412,Plaza Central de Yepocapa,Municipalidad de Yepocapa y Comité de Cultura
973,EVT_GT0413_0972,Encuentro Regional de Pintores en San Andrés Itzapa - Edición 2025 - Ref 973,2025-11-12,2025-11-15,GT04,GT0413,Plaza Central de San Andrés Itzapa,Municipalidad de San Andrés Itzapa y Comité de Cultura
974,EVT_GT0414_0973,Festival Nacional de la Marimba en Parramos - Edición 2022 - Ref 974,2022-11-12,2022-11-15,GT04,GT0414,Plaza Central de Parramos,Municipalidad de Parramos y Comité de Cultura
975,EVT_GT0415_0974,Exposición Colectiva de Escultura en Zaragoza - Edición 2018 - Ref 975,2018-11-12,2018-11-15,GT04,GT0415,Plaza Central de Zaragoza,Municipalidad de Zaragoza y Comité de Cultura
976,EVT_GT0416_0975,Feria de la Artesanía Tradicional en El Tejar - Edición 2020 - Ref 976,2020-11-12,2020-11-15,GT04,GT0416,Plaza Central de El Tejar,Municipalidad de El Tejar y Comité de Cultura
977,EVT_GT0700_0976,Festival del Tejido Maya y Jaspe en Lago De Atitlan - Edición 2022 - Ref 977,2022-11-12,2022-11-15,GT07,GT0700,Plaza Central de Lago De Atitlan,Municipalidad de Lago De Atitlan y Comité de Cultura
978,EVT_GT0701_0977,Encuentro Regional de Pintores en Sololá - Edición 2019 - Ref 978,2019-11-12,2019-11-15,GT07,GT0701,Plaza Central de Sololá,Municipalidad de Sololá y Comité de Cultura
979,EVT_GT0702_0978,Festival Nacional de la Marimba en San José Chacayá - Edición 2022 - Ref 979,2022-11-12,2022-11-15,GT07,GT0702,Plaza Central de San José Chacayá,Municipalidad de San José Chacayá y Comité de Cultura
980,EVT_GT0703_0979,Exposición Colectiva de Escultura en Santa María Visitación - Edición 2018 - Ref 980,2018-11-12,2018-11-15,GT07,GT0703,Plaza Central de Santa María Visitación,Municipalidad de Santa María Visitación y Comité de Cultura
981,EVT_GT0704_0980,Feria de la Artesanía Tradicional en Santa Lucía Utatlán - Edición 2020 - Ref 981,2020-11-12,2020-11-15,GT07,GT0704,Plaza Central de Santa Lucía Utatlán,Municipalidad de Santa Lucía Utatlán y Comité de Cultura
982,EVT_GT0705_0981,Festival del Tejido Maya y Jaspe en Nahualá - Edición 2023 - Ref 982,2023-11-12,2023-11-15,GT07,GT0705,Plaza Central de Nahualá,Municipalidad de Nahualá y Comité de Cultura
983,EVT_GT0706_0982,Encuentro Regional de Pintores en Santa Catarina Ixtahuacán - Edición 2024 - Ref 983,2024-11-12,2024-11-15,GT07,GT0706,Plaza Central de Santa Catarina Ixtahuacán,Municipalidad de Santa Catarina Ixtahuacán y Comité de Cultura
984,EVT_GT0707_0983,Festival Nacional de la Marimba en Santa Clara La Laguna - Edición 2018 - Ref 984,2018-11-12,2018-11-15,GT07,GT0707,Plaza Central de Santa Clara La Laguna,Municipalidad de Santa Clara La Laguna y Comité de Cultura
985,EVT_GT0708_0984,Exposición Colectiva de Escultura en Concepción - Edición 2022 - Ref 985,2022-11-12,2022-11-15,GT07,GT0708,Plaza Central de Concepción,Municipalidad de Concepción y Comité de Cultura
986,EVT_GT0709_0985,Feria de la Artesanía Tradicional en San Andrés Semetabaj - Edición 2019 - Ref 986,2019-11-12,2019-11-15,GT07,GT0709,Plaza Central de San Andrés Semetabaj,Municipalidad de San Andrés Semetabaj y Comité de Cultura
987,EVT_GT0710_0986,Festival del Tejido Maya y Jaspe en Panajachel - Edición 2019 - Ref 987,2019-11-12,2019-11-15,GT07,GT0710,Plaza Central de Panajachel,Municipalidad de Panajachel y Comité de Cultura
988,EVT_GT0711_0987,Encuentro Regional de Pintores en Santa Catarina Palopó - Edición 2018 - Ref 988,2018-11-12,2018-11-15,GT07,GT0711,Plaza Central de Santa Catarina Palopó,Municipalidad de Santa Catarina Palopó y Comité de Cultura
989,EVT_GT0712_0988,Festival Nacional de la Marimba en San Antonio Palopó - Edición 2022 - Ref 989,2022-11-12,2022-11-15,GT07,GT0712,Plaza Central de San Antonio Palopó,Municipalidad de San Antonio Palopó y Comité de Cultura
990,EVT_GT0713_0989,Exposición Colectiva de Escultura en San Lucas Tolimán - Edición 2020 - Ref 990,2020-11-12,2020-11-15,GT07,GT0713,Plaza Central de San Lucas Tolimán,Municipalidad de San Lucas Tolimán y Comité de Cultura
991,EVT_GT0714_0990,Feria de la Artesanía Tradicional en Santa Cruz La Laguna - Edición 2025 - Ref 991,2025-11-12,2025-11-15,GT07,GT0714,Plaza Central de Santa Cruz La Laguna,Municipalidad de Santa Cruz La Laguna y Comité de Cultura
992,EVT_GT0715_0991,Festival del Tejido Maya y Jaspe en San Pablo La Laguna - Edición 2025 - Ref 992,2025-11-12,2025-11-15,GT07,GT0715,Plaza Central de San Pablo La Laguna,Municipalidad de San Pablo La Laguna y Comité de Cultura
993,EVT_GT0716_0992,Encuentro Regional de Pintores en San Marcos La Laguna - Edición 2024 - Ref 993,2024-11-12,2024-11-15,GT07,GT0716,Plaza Central de San Marcos La Laguna,Municipalidad de San Marcos La Laguna y Comité de Cultura
994,EVT_GT0717_0993,Festival Nacional de la Marimba en San Juan La Laguna - Edición 2022 - Ref 994,2022-11-12,2022-11-15,GT07,GT0717,Plaza Central de San Juan La Laguna,Municipalidad de San Juan La Laguna y Comité de Cultura
995,EVT_GT0718_0994,Exposición Colectiva de Escultura en San Pedro La Laguna - Edición 2018 - Ref 995,2018-11-12,2018-11-15,GT07,GT0718,Plaza Central de San Pedro La Laguna,Municipalidad de San Pedro La Laguna y Comité de Cultura
996,EVT_GT0719_0995,Feria de la Artesanía Tradicional en Santiago Atitlán - Edición 2018 - Ref 996,2018-11-12,2018-11-15,GT07,GT0719,Plaza Central de Santiago Atitlán,Municipalidad de Santiago Atitlán y Comité de Cultura
997,EVT_GT0801_0996,Festival del Tejido Maya y Jaspe en Totonicapán - Edición 2018 - Ref 997,2018-11-12,2018-11-15,GT08,GT0801,Plaza Central de Totonicapán,Municipalidad de Totonicapán y Comité de Cultura
998,EVT_GT0802_0997,Encuentro Regional de Pintores en San Cristóbal Totonicapán - Edición 2018 - Ref 998,2018-11-12,2018-11-15,GT08,GT0802,Plaza Central de San Cristóbal Totonicapán,Municipalidad de San Cristóbal Totonicapán y Comité de Cultura
999,EVT_GT0803_0998,Festival Nacional de la Marimba en San Francisco El Alto - Edición 2023 - Ref 999,2023-11-12,2023-11-15,GT08,GT0803,Plaza Central de San Francisco El Alto,Municipalidad de San Francisco El Alto y Comité de Cultura
1000,EVT_GT0804_0999,Exposición Colectiva de Escultura en San Andrés Xecul - Edición 2025 - Ref 1000,2025-11-12,2025-11-15,GT08,GT0804,Plaza Central de San Andrés Xecul,Municipalidad de San Andrés Xecul y Comité de Cultura
1001,EVT_GT0805_1000,Feria de la Artesanía Tradicional en Momostenango - Edición 2022 - Ref 1001,2022-11-12,2022-11-15,GT08,GT0805,Plaza Central de Momostenango,Municipalidad de Momostenango y Comité de Cultura
1002,EVT_GT0806_1001,Festival del Tejido Maya y Jaspe en Santa María Chiquimula - Edición 2018 - Ref 1002,2018-11-12,2018-11-15,GT08,GT0806,Plaza Central de Santa María Chiquimula,Municipalidad de Santa María Chiquimula y Comité de Cultura
1003,EVT_GT0807_1002,Encuentro Regional de Pintores en Santa Lucía La Reforma - Edición 2020 - Ref 1003,2020-11-12,2020-11-15,GT08,GT0807,Plaza Central de Santa Lucía La Reforma,Municipalidad de Santa Lucía La Reforma y Comité de Cultura
1004,EVT_GT0808_1003,Festival Nacional de la Marimba en San Bartolo - Edición 2020 - Ref 1004,2020-11-12,2020-11-15,GT08,GT0808,Plaza Central de San Bartolo,Municipalidad de San Bartolo y Comité de Cultura
1005,EVT_GT0901_1004,Exposición Colectiva de Escultura en Quetzaltenango - Edición 2021 - Ref 1005,2021-11-12,2021-11-15,GT09,GT0901,Plaza Central de Quetzaltenango,Municipalidad de Quetzaltenango y Comité de Cultura
1006,EVT_GT0902_1005,Feria de la Artesanía Tradicional en Salcajá - Edición 2019 - Ref 1006,2019-11-12,2019-11-15,GT09,GT0902,Plaza Central de Salcajá,Municipalidad de Salcajá y Comité de Cultura
1007,EVT_GT0903_1006,Festival del Tejido Maya y Jaspe en Olintepeque - Edición 2023 - Ref 1007,2023-11-12,2023-11-15,GT09,GT0903,Plaza Central de Olintepeque,Municipalidad de Olintepeque y Comité de Cultura
1008,EVT_GT0904_1007,Encuentro Regional de Pintores en San Carlos Sija - Edición 2025 - Ref 1008,2025-11-12,2025-11-15,GT09,GT0904,Plaza Central de San Carlos Sija,Municipalidad de San Carlos Sija y Comité de Cultura
1009,EVT_GT0905_1008,Festival Nacional de la Marimba en Sibilia - Edición 2022 - Ref 1009,2022-11-12,2022-11-15,GT09,GT0905,Plaza Central de Sibilia,Municipalidad de Sibilia y Comité de Cultura
1010,EVT_GT0906_1009,Exposición Colectiva de Escultura en Cabricán - Edición 2020 - Ref 1010,2020-11-12,2020-11-15,GT09,GT0906,Plaza Central de Cabricán,Municipalidad de Cabricán y Comité de Cultura
1011,EVT_GT0907_1010,Feria de la Artesanía Tradicional en Cajolá - Edición 2019 - Ref 1011,2019-11-12,2019-11-15,GT09,GT0907,Plaza Central de Cajolá,Municipalidad de Cajolá y Comité de Cultura
1012,EVT_GT0908_1011,Festival del Tejido Maya y Jaspe en San Miguel Sigüila - Edición 2018 - Ref 1012,2018-11-12,2018-11-15,GT09,GT0908,Plaza Central de San Miguel Sigüila,Municipalidad de San Miguel Sigüila y Comité de Cultura
1013,EVT_GT0909_1012,Encuentro Regional de Pintores en Ostuncalco - Edición 2018 - Ref 1013,2018-11-12,2018-11-15,GT09,GT0909,Plaza Central de Ostuncalco,Municipalidad de Ostuncalco y Comité de Cultura
1014,EVT_GT0910_1013,Festival Nacional de la Marimba en San Mateo - Edición 2020 - Ref 1014,2020-11-12,2020-11-15,GT09,GT0910,Plaza Central de San Mateo,Municipalidad de San Mateo y Comité de Cultura
1015,EVT_GT0911_1014,Exposición Colectiva de Escultura en Concepción Chiquirichapa - Edición 2020 - Ref 1015,2020-11-12,2020-11-15,GT09,GT0911,Plaza Central de Concepción Chiquirichapa,Municipalidad de Concepción Chiquirichapa y Comité de Cultura
1016,EVT_GT0912_1015,Feria de la Artesanía Tradicional en San Martín Sacatepéquez - Edición 2022 - Ref 1016,2022-11-12,2022-11-15,GT09,GT0912,Plaza Central de San Martín Sacatepéquez,Municipalidad de San Martín Sacatepéquez y Comité de Cultura
1017,EVT_GT0913_1016,Festival del Tejido Maya y Jaspe en Almolonga - Edición 2022 - Ref 1017,2022-11-12,2022-11-15,GT09,GT0913,Plaza Central de Almolonga,Municipalidad de Almolonga y Comité de Cultura
1018,EVT_GT0914_1017,Encuentro Regional de Pintores en Cantel - Edición 2018 - Ref 1018,2018-11-12,2018-11-15,GT09,GT0914,Plaza Central de Cantel,Municipalidad de Cantel y Comité de Cultura
1019,EVT_GT0915_1018,Festival Nacional de la Marimba en Huitán - Edición 2023 - Ref 1019,2023-11-12,2023-11-15,GT09,GT0915,Plaza Central de Huitán,Municipalidad de Huitán y Comité de Cultura
1020,EVT_GT0916_1019,Exposición Colectiva de Escultura en Zunil - Edición 2018 - Ref 1020,2018-11-12,2018-11-15,GT09,GT0916,Plaza Central de Zunil,Municipalidad de Zunil y Comité de Cultura
