id_tecnica,codigo,nombre,origen_historico,descripcion
1,TELAR_CINTURA_GT0406,Telar de Cintura de Tecpán Guatemala,Técnica heredada de generación en generación en Tecpán Guatemala.,Técnica milenaria de tejido suspendida sobre la cintura del tejedor. Especialidad local desarrollada en Tecpán Guatemala.
2,TELAR_PIE_GT0406,Telar de Pie de Tecpán Guatemala,Técnica heredada de generación en generación en Tecpán Guatemala.,Técnica de tejido en telar de pedal introducido en la época colonial. Especialidad local desarrollada en Tecpán Guatemala.
3,JASPEADO_HILO_GT0406,Jaspeado de Hilos de Tecpán Guatemala,Técnica heredada de generación en generación en Tecpán Guatemala.,Técnica de teñido por reserva mediante amarrado de hilos antes de tejer. Especialidad local desarrollada en Tecpán Guatemala.
4,BARRO_MODELADO_GT0406,Barro Modelado a Mano de Tecpán Guatemala,Técnica heredada de generación en generación en Tecpán Guatemala.,"Moldeado directo de la arcilla sin torno, usando quemado al aire libre. Especialidad local desarrollada en Tecpán Guatemala."
5,BARRO_TORNO_GT0406,Barro en Torno de Tecpán Guatemala,Técnica heredada de generación en generación en Tecpán Guatemala.,Modelado de piezas cerámicas circulares y simétricas con torno tradicional. Especialidad local desarrollada en Tecpán Guatemala.
6,TALLADO_CEDRO_GT0406,Tallado en Madera de Cedro de Tecpán Guatemala,Técnica heredada de generación en generación en Tecpán Guatemala.,Cincelado artesanal de madera noble para máscaras y cofres. Especialidad local desarrollada en Tecpán Guatemala.
7,JADE_PULIDO_GT0406,Pulido de Jade de Tecpán Guatemala,Técnica heredada de generación en generación en Tecpán Guatemala.,Corte y abrasión fina de piedra de jadeita con herramientas de diamante. Especialidad local desarrollada en Tecpán Guatemala.
8,AFINACION_ACUSTICA_GT0406,Afinación Acústica de Teclados de Tecpán Guatemala,Técnica heredada de generación en generación en Tecpán Guatemala.,Técnica de desbaste de tablillas de hormigo para dar afinación precisa. Especialidad local desarrollada en Tecpán Guatemala.
9,PINTURA_PRIMITIVA_GT0406,Pintura Primitivista de Tecpán Guatemala,Técnica heredada de generación en generación en Tecpán Guatemala.,Estilo pictórico detallista y plano que muestra paisajes y ferias locales. Especialidad local desarrollada en Tecpán Guatemala.
10,TEJIDO_MIMBRE_GT0406,Tejido en Fibras de Mimbre de Tecpán Guatemala,Técnica heredada de generación en generación en Tecpán Guatemala.,Entramado artesanal de fibras flexibles para cestería y sopladores. Especialidad local desarrollada en Tecpán Guatemala.
11,TELAR_CINTURA_GT0407,Telar de Cintura de Patzún,Técnica heredada de generación en generación en Patzún.,Técnica milenaria de tejido suspendida sobre la cintura del tejedor. Especialidad local desarrollada en Patzún.
12,TELAR_PIE_GT0407,Telar de Pie de Patzún,Técnica heredada de generación en generación en Patzún.,Técnica de tejido en telar de pedal introducido en la época colonial. Especialidad local desarrollada en Patzún.
13,JASPEADO_HILO_GT0407,Jaspeado de Hilos de Patzún,Técnica heredada de generación en generación en Patzún.,Técnica de teñido por reserva mediante amarrado de hilos antes de tejer. Especialidad local desarrollada en Patzún.
14,BARRO_MODELADO_GT0407,Barro Modelado a Mano de Patzún,Técnica heredada de generación en generación en Patzún.,"Moldeado directo de la arcilla sin torno, usando quemado al aire libre. Especialidad local desarrollada en Patzún."
15,BARRO_TORNO_GT0407,Barro en Torno de Patzún,Técnica heredada de generación en generación en Patzún.,Modelado de piezas cerámicas circulares y simétricas con torno tradicional. Especialidad local desarrollada en Patzún.
16,TALLADO_CEDRO_GT0407,Tallado en Madera de Cedro de Patzún,Técnica heredada de generación en generación en Patzún.,Cincelado artesanal de madera noble para máscaras y cofres. Especialidad local desarrollada en Patzún.
17,JADE_PULIDO_GT0407,Pulido de Jade de Patzún,Técnica heredada de generación en generación en Patzún.,Corte y abrasión fina de piedra de jadeita con herramientas de diamante. Especialidad local desarrollada en Patzún.
18,AFINACION_ACUSTICA_GT0407,Afinación Acústica de Teclados de Patzún,Técnica heredada de generación en generación en Patzún.,Técnica de desbaste de tablillas de hormigo para dar afinación precisa. Especialidad local desarrollada en Patzún.
19,PINTURA_PRIMITIVA_GT0407,Pintura Primitivista de Patzún,Técnica heredada de generación en generación en Patzún.,Estilo pictórico detallista y plano que muestra paisajes y ferias locales. Especialidad local desarrollada en Patzún.
20,TEJIDO_MIMBRE_GT0407,Tejido en Fibras de Mimbre de Patzún,Técnica heredada de generación en generación en Patzún.,Entramado artesanal de fibras flexibles para cestería y sopladores. Especialidad local desarrollada en Patzún.
21,TELAR_CINTURA_GT0408,Telar de Cintura de Pochuta,Técnica heredada de generación en generación en Pochuta.,Técnica milenaria de tejido suspendida sobre la cintura del tejedor. Especialidad local desarrollada en Pochuta.
22,TELAR_PIE_GT0408,Telar de Pie de Pochuta,Técnica heredada de generación en generación en Pochuta.,Técnica de tejido en telar de pedal introducido en la época colonial. Especialidad local desarrollada en Pochuta.
23,JASPEADO_HILO_GT0408,Jaspeado de Hilos de Pochuta,Técnica heredada de generación en generación en Pochuta.,Técnica de teñido por reserva mediante amarrado de hilos antes de tejer. Especialidad local desarrollada en Pochuta.
24,BARRO_MODELADO_GT0408,Barro Modelado a Mano de Pochuta,Técnica heredada de generación en generación en Pochuta.,"Moldeado directo de la arcilla sin torno, usando quemado al aire libre. Especialidad local desarrollada en Pochuta."
25,BARRO_TORNO_GT0408,Barro en Torno de Pochuta,Técnica heredada de generación en generación en Pochuta.,Modelado de piezas cerámicas circulares y simétricas con torno tradicional. Especialidad local desarrollada en Pochuta.
26,TALLADO_CEDRO_GT0408,Tallado en Madera de Cedro de Pochuta,Técnica heredada de generación en generación en Pochuta.,Cincelado artesanal de madera noble para máscaras y cofres. Especialidad local desarrollada en Pochuta.
27,JADE_PULIDO_GT0408,Pulido de Jade de Pochuta,Técnica heredada de generación en generación en Pochuta.,Corte y abrasión fina de piedra de jadeita con herramientas de diamante. Especialidad local desarrollada en Pochuta.
28,AFINACION_ACUSTICA_GT0408,Afinación Acústica de Teclados de Pochuta,Técnica heredada de generación en generación en Pochuta.,Técnica de desbaste de tablillas de hormigo para dar afinación precisa. Especialidad local desarrollada en Pochuta.
29,PINTURA_PRIMITIVA_GT0408,Pintura Primitivista de Pochuta,Técnica heredada de generación en generación en Pochuta.,Estilo pictórico detallista y plano que muestra paisajes y ferias locales. Especialidad local desarrollada en Pochuta.
30,TEJIDO_MIMBRE_GT0408,Tejido en Fibras de Mimbre de Pochuta,Técnica heredada de generación en generación en Pochuta.,Entramado artesanal de fibras flexibles para cestería y sopladores. Especialidad local desarrollada en Pochuta.
31,TELAR_CINTURA_GT0409,Telar de Cintura de Patzicía,Técnica heredada de generación en generación en Patzicía.,Técnica milenaria de tejido suspendida sobre la cintura del tejedor. Especialidad local desarrollada en Patzicía.
32,TELAR_PIE_GT0409,Telar de Pie de Patzicía,Técnica heredada de generación en generación en Patzicía.,Técnica de tejido en telar de pedal introducido en la época colonial. Especialidad local desarrollada en Patzicía.
33,JASPEADO_HILO_GT0409,Jaspeado de Hilos de Patzicía,Técnica heredada de generación en generación en Patzicía.,Técnica de teñido por reserva mediante amarrado de hilos antes de tejer. Especialidad local desarrollada en Patzicía.
34,BARRO_MODELADO_GT0409,Barro Modelado a Mano de Patzicía,Técnica heredada de generación en generación en Patzicía.,"Moldeado directo de la arcilla sin torno, usando quemado al aire libre. Especialidad local desarrollada en Patzicía."
35,BARRO_TORNO_GT0409,Barro en Torno de Patzicía,Técnica heredada de generación en generación en Patzicía.,Modelado de piezas cerámicas circulares y simétricas con torno tradicional. Especialidad local desarrollada en Patzicía.
36,TALLADO_CEDRO_GT0409,Tallado en Madera de Cedro de Patzicía,Técnica heredada de generación en generación en Patzicía.,Cincelado artesanal de madera noble para máscaras y cofres. Especialidad local desarrollada en Patzicía.
37,JADE_PULIDO_GT0409,Pulido de Jade de Patzicía,Técnica heredada de generación en generación en Patzicía.,Corte y abrasión fina de piedra de jadeita con herramientas de diamante. Especialidad local desarrollada en Patzicía.
38,AFINACION_ACUSTICA_GT0409,Afinación Acústica de Teclados de Patzicía,Técnica heredada de generación en generación en Patzicía.,Técnica de desbaste de tablillas de hormigo para dar afinación precisa. Especialidad local desarrollada en Patzicía.
39,PINTURA_PRIMITIVA_GT0409,Pintura Primitivista de Patzicía,Técnica heredada de generación en generación en Patzicía.,Estilo pictórico detallista y plano que muestra paisajes y ferias locales. Especialidad local desarrollada en Patzicía.
40,TEJIDO_MIMBRE_GT0409,Tejido en Fibras de Mimbre de Patzicía,Técnica heredada de generación en generación en Patzicía.,Entramado artesanal de fibras flexibles para cestería y sopladores. Especialidad local desarrollada en Patzicía.
41,TELAR_CINTURA_GT0410,Telar de Cintura de Santa Cruz Balanyá,Técnica heredada de generación en generación en Santa Cruz Balanyá.,Técnica milenaria de tejido suspendida sobre la cintura del tejedor. Especialidad local desarrollada en Santa Cruz Balanyá.
42,TELAR_PIE_GT0410,Telar de Pie de Santa Cruz Balanyá,Técnica heredada de generación en generación en Santa Cruz Balanyá.,Técnica de tejido en telar de pedal introducido en la época colonial. Especialidad local desarrollada en Santa Cruz Balanyá.
43,JASPEADO_HILO_GT0410,Jaspeado de Hilos de Santa Cruz Balanyá,Técnica heredada de generación en generación en Santa Cruz Balanyá.,Técnica de teñido por reserva mediante amarrado de hilos antes de tejer. Especialidad local desarrollada en Santa Cruz Balanyá.
44,BARRO_MODELADO_GT0410,Barro Modelado a Mano de Santa Cruz Balanyá,Técnica heredada de generación en generación en Santa Cruz Balanyá.,"Moldeado directo de la arcilla sin torno, usando quemado al aire libre. Especialidad local desarrollada en Santa Cruz Balanyá."
45,BARRO_TORNO_GT0410,Barro en Torno de Santa Cruz Balanyá,Técnica heredada de generación en generación en Santa Cruz Balanyá.,Modelado de piezas cerámicas circulares y simétricas con torno tradicional. Especialidad local desarrollada en Santa Cruz Balanyá.
46,TALLADO_CEDRO_GT0410,Tallado en Madera de Cedro de Santa Cruz Balanyá,Técnica heredada de generación en generación en Santa Cruz Balanyá.,Cincelado artesanal de madera noble para máscaras y cofres. Especialidad local desarrollada en Santa Cruz Balanyá.
47,JADE_PULIDO_GT0410,Pulido de Jade de Santa Cruz Balanyá,Técnica heredada de generación en generación en Santa Cruz Balanyá.,Corte y abrasión fina de piedra de jadeita con herramientas de diamante. Especialidad local desarrollada en Santa Cruz Balanyá.
48,AFINACION_ACUSTICA_GT0410,Afinación Acústica de Teclados de Santa Cruz Balanyá,Técnica heredada de generación en generación en Santa Cruz Balanyá.,Técnica de desbaste de tablillas de hormigo para dar afinación precisa. Especialidad local desarrollada en Santa Cruz Balanyá.
49,PINTURA_PRIMITIVA_GT0410,Pintura Primitivista de Santa Cruz Balanyá,Técnica heredada de generación en generación en Santa Cruz Balanyá.,Estilo pictórico detallista y plano que muestra paisajes y ferias locales. Especialidad local desarrollada en Santa Cruz Balanyá.
50,TEJIDO_MIMBRE_GT0410,Tejido en Fibras de Mimbre de Santa Cruz Balanyá,Técnica heredada de generación en generación en Santa Cruz Balanyá.,Entramado artesanal de fibras flexibles para cestería y sopladores. Especialidad local desarrollada en Santa Cruz Balanyá.
51,TELAR_CINTURA_GT0411,Telar de Cintura de Acatenango,Técnica heredada de generación en generación en Acatenango.,Técnica milenaria de tejido suspendida sobre la cintura del tejedor. Especialidad local desarrollada en Acatenango.
52,TELAR_PIE_GT0411,Telar de Pie de Acatenango,Técnica heredada de generación en generación en Acatenango.,Técnica de tejido en telar de pedal introducido en la época colonial. Especialidad local desarrollada en Acatenango.
53,JASPEADO_HILO_GT0411,Jaspeado de Hilos de Acatenango,Técnica heredada de generación en generación en Acatenango.,Técnica de teñido por reserva mediante amarrado de hilos antes de tejer. Especialidad local desarrollada en Acatenango.
54,BARRO_MODELADO_GT0411,Barro Modelado a Mano de Acatenango,Técnica heredada de generación en generación en Acatenango.,"Moldeado directo de la arcilla sin torno, usando quemado al aire libre. Especialidad local desarrollada en Acatenango."
55,BARRO_TORNO_GT0411,Barro en Torno de Acatenango,Técnica heredada de generación en generación en Acatenango.,Modelado de piezas cerámicas circulares y simétricas con torno tradicional. Especialidad local desarrollada en Acatenango.
56,TALLADO_CEDRO_GT0411,Tallado en Madera de Cedro de Acatenango,Técnica heredada de generación en generación en Acatenango.,Cincelado artesanal de madera noble para máscaras y cofres. Especialidad local desarrollada en Acatenango.
57,JADE_PULIDO_GT0411,Pulido de Jade de Acatenango,Técnica heredada de generación en generación en Acatenango.,Corte y abrasión fina de piedra de jadeita con herramientas de diamante. Especialidad local desarrollada en Acatenango.
58,AFINACION_ACUSTICA_GT0411,Afinación Acústica de Teclados de Acatenango,Técnica heredada de generación en generación en Acatenango.,Técnica de desbaste de tablillas de hormigo para dar afinación precisa. Especialidad local desarrollada en Acatenango.
59,PINTURA_PRIMITIVA_GT0411,Pintura Primitivista de Acatenango,Técnica heredada de generación en generación en Acatenango.,Estilo pictórico detallista y plano que muestra paisajes y ferias locales. Especialidad local desarrollada en Acatenango.
60,TEJIDO_MIMBRE_GT0411,Tejido en Fibras de Mimbre de Acatenango,Técnica heredada de generación en generación en Acatenango.,Entramado artesanal de fibras flexibles para cestería y sopladores. Especialidad local desarrollada en Acatenango.
61,TELAR_CINTURA_GT0412,Telar de Cintura de Yepocapa,Técnica heredada de generación en generación en Yepocapa.,Técnica milenaria de tejido suspendida sobre la cintura del tejedor. Especialidad local desarrollada en Yepocapa.
62,TELAR_PIE_GT0412,Telar de Pie de Yepocapa,Técnica heredada de generación en generación en Yepocapa.,Técnica de tejido en telar de pedal introducido en la época colonial. Especialidad local desarrollada en Yepocapa.
63,JASPEADO_HILO_GT0412,Jaspeado de Hilos de Yepocapa,Técnica heredada de generación en generación en Yepocapa.,Técnica de teñido por reserva mediante amarrado de hilos antes de tejer. Especialidad local desarrollada en Yepocapa.
64,BARRO_MODELADO_GT0412,Barro Modelado a Mano de Yepocapa,Técnica heredada de generación en generación en Yepocapa.,"Moldeado directo de la arcilla sin torno, usando quemado al aire libre. Especialidad local desarrollada en Yepocapa."
65,BARRO_TORNO_GT0412,Barro en Torno de Yepocapa,Técnica heredada de generación en generación en Yepocapa.,Modelado de piezas cerámicas circulares y simétricas con torno tradicional. Especialidad local desarrollada en Yepocapa.
66,TALLADO_CEDRO_GT0412,Tallado en Madera de Cedro de Yepocapa,Técnica heredada de generación en generación en Yepocapa.,Cincelado artesanal de madera noble para máscaras y cofres. Especialidad local desarrollada en Yepocapa.
67,JADE_PULIDO_GT0412,Pulido de Jade de Yepocapa,Técnica heredada de generación en generación en Yepocapa.,Corte y abrasión fina de piedra de jadeita con herramientas de diamante. Especialidad local desarrollada en Yepocapa.
68,AFINACION_ACUSTICA_GT0412,Afinación Acústica de Teclados de Yepocapa,Técnica heredada de generación en generación en Yepocapa.,Técnica de desbaste de tablillas de hormigo para dar afinación precisa. Especialidad local desarrollada en Yepocapa.
69,PINTURA_PRIMITIVA_GT0412,Pintura Primitivista de Yepocapa,Técnica heredada de generación en generación en Yepocapa.,Estilo pictórico detallista y plano que muestra paisajes y ferias locales. Especialidad local desarrollada en Yepocapa.
70,TEJIDO_MIMBRE_GT0412,Tejido en Fibras de Mimbre de Yepocapa,Técnica heredada de generación en generación en Yepocapa.,Entramado artesanal de fibras flexibles para cestería y sopladores. Especialidad local desarrollada en Yepocapa.
71,TELAR_CINTURA_GT0413,Telar de Cintura de San Andrés Itzapa,Técnica heredada de generación en generación en San Andrés Itzapa.,Técnica milenaria de tejido suspendida sobre la cintura del tejedor. Especialidad local desarrollada en San Andrés Itzapa.
72,TELAR_PIE_GT0413,Telar de Pie de San Andrés Itzapa,Técnica heredada de generación en generación en San Andrés Itzapa.,Técnica de tejido en telar de pedal introducido en la época colonial. Especialidad local desarrollada en San Andrés Itzapa.
73,JASPEADO_HILO_GT0413,Jaspeado de Hilos de San Andrés Itzapa,Técnica heredada de generación en generación en San Andrés Itzapa.,Técnica de teñido por reserva mediante amarrado de hilos antes de tejer. Especialidad local desarrollada en San Andrés Itzapa.
74,BARRO_MODELADO_GT0413,Barro Modelado a Mano de San Andrés Itzapa,Técnica heredada de generación en generación en San Andrés Itzapa.,"Moldeado directo de la arcilla sin torno, usando quemado al aire libre. Especialidad local desarrollada en San Andrés Itzapa."
75,BARRO_TORNO_GT0413,Barro en Torno de San Andrés Itzapa,Técnica heredada de generación en generación en San Andrés Itzapa.,Modelado de piezas cerámicas circulares y simétricas con torno tradicional. Especialidad local desarrollada en San Andrés Itzapa.
76,TALLADO_CEDRO_GT0413,Tallado en Madera de Cedro de San Andrés Itzapa,Técnica heredada de generación en generación en San Andrés Itzapa.,Cincelado artesanal de madera noble para máscaras y cofres. Especialidad local desarrollada en San Andrés Itzapa.
77,JADE_PULIDO_GT0413,Pulido de Jade de San Andrés Itzapa,Técnica heredada de generación en generación en San Andrés Itzapa.,Corte y abrasión fina de piedra de jadeita con herramientas de diamante. Especialidad local desarrollada en San Andrés Itzapa.
78,AFINACION_ACUSTICA_GT0413,Afinación Acústica de Teclados de San Andrés Itzapa,Técnica heredada de generación en generación en San Andrés Itzapa.,Técnica de desbaste de tablillas de hormigo para dar afinación precisa. Especialidad local desarrollada en San Andrés Itzapa.
79,PINTURA_PRIMITIVA_GT0413,Pintura Primitivista de San Andrés Itzapa,Técnica heredada de generación en generación en San Andrés Itzapa.,Estilo pictórico detallista y plano que muestra paisajes y ferias locales. Especialidad local desarrollada en San Andrés Itzapa.
80,TEJIDO_MIMBRE_GT0413,Tejido en Fibras de Mimbre de San Andrés Itzapa,Técnica heredada de generación en generación en San Andrés Itzapa.,Entramado artesanal de fibras flexibles para cestería y sopladores. Especialidad local desarrollada en San Andrés Itzapa.
81,TELAR_CINTURA_GT0414,Telar de Cintura de Parramos,Técnica heredada de generación en generación en Parramos.,Técnica milenaria de tejido suspendida sobre la cintura del tejedor. Especialidad local desarrollada en Parramos.
82,TELAR_PIE_GT0414,Telar de Pie de Parramos,Técnica heredada de generación en generación en Parramos.,Técnica de tejido en telar de pedal introducido en la época colonial. Especialidad local desarrollada en Parramos.
83,JASPEADO_HILO_GT0414,Jaspeado de Hilos de Parramos,Técnica heredada de generación en generación en Parramos.,Técnica de teñido por reserva mediante amarrado de hilos antes de tejer. Especialidad local desarrollada en Parramos.
84,BARRO_MODELADO_GT0414,Barro Modelado a Mano de Parramos,Técnica heredada de generación en generación en Parramos.,"Moldeado directo de la arcilla sin torno, usando quemado al aire libre. Especialidad local desarrollada en Parramos."
85,BARRO_TORNO_GT0414,Barro en Torno de Parramos,Técnica heredada de generación en generación en Parramos.,Modelado de piezas cerámicas circulares y simétricas con torno tradicional. Especialidad local desarrollada en Parramos.
86,TALLADO_CEDRO_GT0414,Tallado en Madera de Cedro de Parramos,Técnica heredada de generación en generación en Parramos.,Cincelado artesanal de madera noble para máscaras y cofres. Especialidad local desarrollada en Parramos.
87,JADE_PULIDO_GT0414,Pulido de Jade de Parramos,Técnica heredada de generación en generación en Parramos.,Corte y abrasión fina de piedra de jadeita con herramientas de diamante. Especialidad local desarrollada en Parramos.
88,AFINACION_ACUSTICA_GT0414,Afinación Acústica de Teclados de Parramos,Técnica heredada de generación en generación en Parramos.,Técnica de desbaste de tablillas de hormigo para dar afinación precisa. Especialidad local desarrollada en Parramos.
89,PINTURA_PRIMITIVA_GT0414,Pintura Primitivista de Parramos,Técnica heredada de generación en generación en Parramos.,Estilo pictórico detallista y plano que muestra paisajes y ferias locales. Especialidad local desarrollada en Parramos.
90,TEJIDO_MIMBRE_GT0414,Tejido en Fibras de Mimbre de Parramos,Técnica heredada de generación en generación en Parramos.,Entramado artesanal de fibras flexibles para cestería y sopladores. Especialidad local desarrollada en Parramos.
91,TELAR_CINTURA_GT0415,Telar de Cintura de Zaragoza,Técnica heredada de generación en generación en Zaragoza.,Técnica milenaria de tejido suspendida sobre la cintura del tejedor. Especialidad local desarrollada en Zaragoza.
92,TELAR_PIE_GT0415,Telar de Pie de Zaragoza,Técnica heredada de generación en generación en Zaragoza.,Técnica de tejido en telar de pedal introducido en la época colonial. Especialidad local desarrollada en Zaragoza.
93,JASPEADO_HILO_GT0415,Jaspeado de Hilos de Zaragoza,Técnica heredada de generación en generación en Zaragoza.,Técnica de teñido por reserva mediante amarrado de hilos antes de tejer. Especialidad local desarrollada en Zaragoza.
94,BARRO_MODELADO_GT0415,Barro Modelado a Mano de Zaragoza,Técnica heredada de generación en generación en Zaragoza.,"Moldeado directo de la arcilla sin torno, usando quemado al aire libre. Especialidad local desarrollada en Zaragoza."
95,BARRO_TORNO_GT0415,Barro en Torno de Zaragoza,Técnica heredada de generación en generación en Zaragoza.,Modelado de piezas cerámicas circulares y simétricas con torno tradicional. Especialidad local desarrollada en Zaragoza.
96,TALLADO_CEDRO_GT0415,Tallado en Madera de Cedro de Zaragoza,Técnica heredada de generación en generación en Zaragoza.,Cincelado artesanal de madera noble para máscaras y cofres. Especialidad local desarrollada en Zaragoza.
97,JADE_PULIDO_GT0415,Pulido de Jade de Zaragoza,Técnica heredada de generación en generación en Zaragoza.,Corte y abrasión fina de piedra de jadeita con herramientas de diamante. Especialidad local desarrollada en Zaragoza.
98,AFINACION_ACUSTICA_GT0415,Afinación Acústica de Teclados de Zaragoza,Técnica heredada de generación en generación en Zaragoza.,Técnica de desbaste de tablillas de hormigo para dar afinación precisa. Especialidad local desarrollada en Zaragoza.
99,PINTURA_PRIMITIVA_GT0415,Pintura Primitivista de Zaragoza,Técnica heredada de generación en generación en Zaragoza.,Estilo pictórico detallista y plano que muestra paisajes y ferias locales. Especialidad local desarrollada en Zaragoza.
100,TEJIDO_MIMBRE_GT0415,Tejido en Fibras de Mimbre de Zaragoza,Técnica heredada de generación en generación en Zaragoza.,Entramado artesanal de fibras flexibles para cestería y sopladores. Especialidad local desarrollada en Zaragoza.
101,TELAR_CINTURA_GT0416,Telar de Cintura de El Tejar,Técnica heredada de generación en generación en El Tejar.,Técnica milenaria de tejido suspendida sobre la cintura del tejedor. Especialidad local desarrollada en El Tejar.
102,TELAR_PIE_GT0416,Telar de Pie de El Tejar,Técnica heredada de generación en generación en El Tejar.,Técnica de tejido en telar de pedal introducido en la época colonial. Especialidad local desarrollada en El Tejar.
103,JASPEADO_HILO_GT0416,Jaspeado de Hilos de El Tejar,Técnica heredada de generación en generación en El Tejar.,Técnica de teñido por reserva mediante amarrado de hilos antes de tejer. Especialidad local desarrollada en El Tejar.
104,BARRO_MODELADO_GT0416,Barro Modelado a Mano de El Tejar,Técnica heredada de generación en generación en El Tejar.,"Moldeado directo de la arcilla sin torno, usando quemado al aire libre. Especialidad local desarrollada en El Tejar."
105,BARRO_TORNO_GT0416,Barro en Torno de El Tejar,Técnica heredada de generación en generación en El Tejar.,Modelado de piezas cerámicas circulares y simétricas con torno tradicional. Especialidad local desarrollada en El Tejar.
106,TALLADO_CEDRO_GT0416,Tallado en Madera de Cedro de El Tejar,Técnica heredada de generación en generación en El Tejar.,Cincelado artesanal de madera noble para máscaras y cofres. Especialidad local desarrollada en El Tejar.
107,JADE_PULIDO_GT0416,Pulido de Jade de El Tejar,Técnica heredada de generación en generación en El Tejar.,Corte y abrasión fina de piedra de jadeita con herramientas de diamante. Especialidad local desarrollada en El Tejar.
108,AFINACION_ACUSTICA_GT0416,Afinación Acústica de Teclados de El Tejar,Técnica heredada de generación en generación en El Tejar.,Técnica de desbaste de tablillas de hormigo para dar afinación precisa. Especialidad local desarrollada en El Tejar.
109,PINTURA_PRIMITIVA_GT0416,Pintura Primitivista de El Tejar,Técnica heredada de generación en generación en El Tejar.,Estilo pictórico detallista y plano que muestra paisajes y ferias locales. Especialidad local desarrollada en El Tejar.
110,TEJIDO_MIMBRE_GT0416,Tejido en Fibras de Mimbre de El Tejar,Técnica heredada de generación en generación en El Tejar.,Entramado artesanal de fibras flexibles para cestería y sopladores. Especialidad local desarrollada en El Tejar.
111,TELAR_CINTURA_GT0700,Telar de Cintura de Lago De Atitlan,Técnica heredada de generación en generación en Lago De Atitlan.,Técnica milenaria de tejido suspendida sobre la cintura del tejedor. Especialidad local desarrollada en Lago De Atitlan.
112,TELAR_PIE_GT0700,Telar de Pie de Lago De Atitlan,Técnica heredada de generación en generación en Lago De Atitlan.,Técnica de tejido en telar de pedal introducido en la época colonial. Especialidad local desarrollada en Lago De Atitlan.
113,JASPEADO_HILO_GT0700,Jaspeado de Hilos de Lago De Atitlan,Técnica heredada de generación en generación en Lago De Atitlan.,Técnica de teñido por reserva mediante amarrado de hilos antes de tejer. Especialidad local desarrollada en Lago De Atitlan.
114,BARRO_MODELADO_GT0700,Barro Modelado a Mano de Lago De Atitlan,Técnica heredada de generación en generación en Lago De Atitlan.,"Moldeado directo de la arcilla sin torno, usando quemado al aire libre. Especialidad local desarrollada en Lago De Atitlan."
115,BARRO_TORNO_GT0700,Barro en Torno de Lago De Atitlan,Técnica heredada de generación en generación en Lago De Atitlan.,Modelado de piezas cerámicas circulares y simétricas con torno tradicional. Especialidad local desarrollada en Lago De Atitlan.
116,TALLADO_CEDRO_GT0700,Tallado en Madera de Cedro de Lago De Atitlan,Técnica heredada de generación en generación en Lago De Atitlan.,Cincelado artesanal de madera noble para máscaras y cofres. Especialidad local desarrollada en Lago De Atitlan.
117,JADE_PULIDO_GT0700,Pulido de Jade de Lago De Atitlan,Técnica heredada de generación en generación en Lago De Atitlan.,Corte y abrasión fina de piedra de jadeita con herramientas de diamante. Especialidad local desarrollada en Lago De Atitlan.
118,AFINACION_ACUSTICA_GT0700,Afinación Acústica de Teclados de Lago De Atitlan,Técnica heredada de generación en generación en Lago De Atitlan.,Técnica de desbaste de tablillas de hormigo para dar afinación precisa. Especialidad local desarrollada en Lago De Atitlan.
119,PINTURA_PRIMITIVA_GT0700,Pintura Primitivista de Lago De Atitlan,Técnica heredada de generación en generación en Lago De Atitlan.,Estilo pictórico detallista y plano que muestra paisajes y ferias locales. Especialidad local desarrollada en Lago De Atitlan.
120,TEJIDO_MIMBRE_GT0700,Tejido en Fibras de Mimbre de Lago De Atitlan,Técnica heredada de generación en generación en Lago De Atitlan.,Entramado artesanal de fibras flexibles para cestería y sopladores. Especialidad local desarrollada en Lago De Atitlan.
121,TELAR_CINTURA_GT0701,Telar de Cintura de Sololá,Técnica heredada de generación en generación en Sololá.,Técnica milenaria de tejido suspendida sobre la cintura del tejedor. Especialidad local desarrollada en Sololá.
122,TELAR_PIE_GT0701,Telar de Pie de Sololá,Técnica heredada de generación en generación en Sololá.,Técnica de tejido en telar de pedal introducido en la época colonial. Especialidad local desarrollada en Sololá.
123,JASPEADO_HILO_GT0701,Jaspeado de Hilos de Sololá,Técnica heredada de generación en generación en Sololá.,Técnica de teñido por reserva mediante amarrado de hilos antes de tejer. Especialidad local desarrollada en Sololá.
124,BARRO_MODELADO_GT0701,Barro Modelado a Mano de Sololá,Técnica heredada de generación en generación en Sololá.,"Moldeado directo de la arcilla sin torno, usando quemado al aire libre. Especialidad local desarrollada en Sololá."
125,BARRO_TORNO_GT0701,Barro en Torno de Sololá,Técnica heredada de generación en generación en Sololá.,Modelado de piezas cerámicas circulares y simétricas con torno tradicional. Especialidad local desarrollada en Sololá.
126,TALLADO_CEDRO_GT0701,Tallado en Madera de Cedro de Sololá,Técnica heredada de generación en generación en Sololá.,Cincelado artesanal de madera noble para máscaras y cofres. Especialidad local desarrollada en Sololá.
127,JADE_PULIDO_GT0701,Pulido de Jade de Sololá,Técnica heredada de generación en generación en Sololá.,Corte y abrasión fina de piedra de jadeita con herramientas de diamante. Especialidad local desarrollada en Sololá.
128,AFINACION_ACUSTICA_GT0701,Afinación Acústica de Teclados de Sololá,Técnica heredada de generación en generación en Sololá.,Técnica de desbaste de tablillas de hormigo para dar afinación precisa. Especialidad local desarrollada en Sololá.
129,PINTURA_PRIMITIVA_GT0701,Pintura Primitivista de Sololá,Técnica heredada de generación en generación en Sololá.,Estilo pictórico detallista y plano que muestra paisajes y ferias locales. Especialidad local desarrollada en Sololá.
130,TEJIDO_MIMBRE_GT0701,Tejido en Fibras de Mimbre de Sololá,Técnica heredada de generación en generación en Sololá.,Entramado artesanal de fibras flexibles para cestería y sopladores. Especialidad local desarrollada en Sololá.
131,TELAR_CINTURA_GT0702,Telar de Cintura de San José Chacayá,Técnica heredada de generación en generación en San José Chacayá.,Técnica milenaria de tejido suspendida sobre la cintura del tejedor. Especialidad local desarrollada en San José Chacayá.
132,TELAR_PIE_GT0702,Telar de Pie de San José Chacayá,Técnica heredada de generación en generación en San José Chacayá.,Técnica de tejido en telar de pedal introducido en la época colonial. Especialidad local desarrollada en San José Chacayá.
133,JASPEADO_HILO_GT0702,Jaspeado de Hilos de San José Chacayá,Técnica heredada de generación en generación en San José Chacayá.,Técnica de teñido por reserva mediante amarrado de hilos antes de tejer. Especialidad local desarrollada en San José Chacayá.
134,BARRO_MODELADO_GT0702,Barro Modelado a Mano de San José Chacayá,Técnica heredada de generación en generación en San José Chacayá.,"Moldeado directo de la arcilla sin torno, usando quemado al aire libre. Especialidad local desarrollada en San José Chacayá."
135,BARRO_TORNO_GT0702,Barro en Torno de San José Chacayá,Técnica heredada de generación en generación en San José Chacayá.,Modelado de piezas cerámicas circulares y simétricas con torno tradicional. Especialidad local desarrollada en San José Chacayá.
136,TALLADO_CEDRO_GT0702,Tallado en Madera de Cedro de San José Chacayá,Técnica heredada de generación en generación en San José Chacayá.,Cincelado artesanal de madera noble para máscaras y cofres. Especialidad local desarrollada en San José Chacayá.
137,JADE_PULIDO_GT0702,Pulido de Jade de San José Chacayá,Técnica heredada de generación en generación en San José Chacayá.,Corte y abrasión fina de piedra de jadeita con herramientas de diamante. Especialidad local desarrollada en San José Chacayá.
138,AFINACION_ACUSTICA_GT0702,Afinación Acústica de Teclados de San José Chacayá,Técnica heredada de generación en generación en San José Chacayá.,Técnica de desbaste de tablillas de hormigo para dar afinación precisa. Especialidad local desarrollada en San José Chacayá.
139,PINTURA_PRIMITIVA_GT0702,Pintura Primitivista de San José Chacayá,Técnica heredada de generación en generación en San José Chacayá.,Estilo pictórico detallista y plano que muestra paisajes y ferias locales. Especialidad local desarrollada en San José Chacayá.
140,TEJIDO_MIMBRE_GT0702,Tejido en Fibras de Mimbre de San José Chacayá,Técnica heredada de generación en generación en San José Chacayá.,Entramado artesanal de fibras flexibles para cestería y sopladores. Especialidad local desarrollada en San José Chacayá.
141,TELAR_CINTURA_GT0703,Telar de Cintura de Santa María Visitación,Técnica heredada de generación en generación en Santa María Visitación.,Técnica milenaria de tejido suspendida sobre la cintura del tejedor. Especialidad local desarrollada en Santa María Visitación.
142,TELAR_PIE_GT0703,Telar de Pie de Santa María Visitación,Técnica heredada de generación en generación en Santa María Visitación.,Técnica de tejido en telar de pedal introducido en la época colonial. Especialidad local desarrollada en Santa María Visitación.
143,JASPEADO_HILO_GT0703,Jaspeado de Hilos de Santa María Visitación,Técnica heredada de generación en generación en Santa María Visitación.,Técnica de teñido por reserva mediante amarrado de hilos antes de tejer. Especialidad local desarrollada en Santa María Visitación.
144,BARRO_MODELADO_GT0703,Barro Modelado a Mano de Santa María Visitación,Técnica heredada de generación en generación en Santa María Visitación.,"Moldeado directo de la arcilla sin torno, usando quemado al aire libre. Especialidad local desarrollada en Santa María Visitación."
145,BARRO_TORNO_GT0703,Barro en Torno de Santa María Visitación,Técnica heredada de generación en generación en Santa María Visitación.,Modelado de piezas cerámicas circulares y simétricas con torno tradicional. Especialidad local desarrollada en Santa María Visitación.
146,TALLADO_CEDRO_GT0703,Tallado en Madera de Cedro de Santa María Visitación,Técnica heredada de generación en generación en Santa María Visitación.,Cincelado artesanal de madera noble para máscaras y cofres. Especialidad local desarrollada en Santa María Visitación.
147,JADE_PULIDO_GT0703,Pulido de Jade de Santa María Visitación,Técnica heredada de generación en generación en Santa María Visitación.,Corte y abrasión fina de piedra de jadeita con herramientas de diamante. Especialidad local desarrollada en Santa María Visitación.
148,AFINACION_ACUSTICA_GT0703,Afinación Acústica de Teclados de Santa María Visitación,Técnica heredada de generación en generación en Santa María Visitación.,Técnica de desbaste de tablillas de hormigo para dar afinación precisa. Especialidad local desarrollada en Santa María Visitación.
149,PINTURA_PRIMITIVA_GT0703,Pintura Primitivista de Santa María Visitación,Técnica heredada de generación en generación en Santa María Visitación.,Estilo pictórico detallista y plano que muestra paisajes y ferias locales. Especialidad local desarrollada en Santa María Visitación.
150,TEJIDO_MIMBRE_GT0703,Tejido en Fibras de Mimbre de Santa María Visitación,Técnica heredada de generación en generación en Santa María Visitación.,Entramado artesanal de fibras flexibles para cestería y sopladores. Especialidad local desarrollada en Santa María Visitación.
151,TELAR_CINTURA_GT0704,Telar de Cintura de Santa Lucía Utatlán,Técnica heredada de generación en generación en Santa Lucía Utatlán.,Técnica milenaria de tejido suspendida sobre la cintura del tejedor. Especialidad local desarrollada en Santa Lucía Utatlán.
152,TELAR_PIE_GT0704,Telar de Pie de Santa Lucía Utatlán,Técnica heredada de generación en generación en Santa Lucía Utatlán.,Técnica de tejido en telar de pedal introducido en la época colonial. Especialidad local desarrollada en Santa Lucía Utatlán.
153,JASPEADO_HILO_GT0704,Jaspeado de Hilos de Santa Lucía Utatlán,Técnica heredada de generación en generación en Santa Lucía Utatlán.,Técnica de teñido por reserva mediante amarrado de hilos antes de tejer. Especialidad local desarrollada en Santa Lucía Utatlán.
154,BARRO_MODELADO_GT0704,Barro Modelado a Mano de Santa Lucía Utatlán,Técnica heredada de generación en generación en Santa Lucía Utatlán.,"Moldeado directo de la arcilla sin torno, usando quemado al aire libre. Especialidad local desarrollada en Santa Lucía Utatlán."
155,BARRO_TORNO_GT0704,Barro en Torno de Santa Lucía Utatlán,Técnica heredada de generación en generación en Santa Lucía Utatlán.,Modelado de piezas cerámicas circulares y simétricas con torno tradicional. Especialidad local desarrollada en Santa Lucía Utatlán.
156,TALLADO_CEDRO_GT0704,Tallado en Madera de Cedro de Santa Lucía Utatlán,Técnica heredada de generación en generación en Santa Lucía Utatlán.,Cincelado artesanal de madera noble para máscaras y cofres. Especialidad local desarrollada en Santa Lucía Utatlán.
157,JADE_PULIDO_GT0704,Pulido de Jade de Santa Lucía Utatlán,Técnica heredada de generación en generación en Santa Lucía Utatlán.,Corte y abrasión fina de piedra de jadeita con herramientas de diamante. Especialidad local desarrollada en Santa Lucía Utatlán.
158,AFINACION_ACUSTICA_GT0704,Afinación Acústica de Teclados de Santa Lucía Utatlán,Técnica heredada de generación en generación en Santa Lucía Utatlán.,Técnica de desbaste de tablillas de hormigo para dar afinación precisa. Especialidad local desarrollada en Santa Lucía Utatlán.
159,PINTURA_PRIMITIVA_GT0704,Pintura Primitivista de Santa Lucía Utatlán,Técnica heredada de generación en generación en Santa Lucía Utatlán.,Estilo pictórico detallista y plano que muestra paisajes y ferias locales. Especialidad local desarrollada en Santa Lucía Utatlán.
160,TEJIDO_MIMBRE_GT0704,Tejido en Fibras de Mimbre de Santa Lucía Utatlán,Técnica heredada de generación en generación en Santa Lucía Utatlán.,Entramado artesanal de fibras flexibles para cestería y sopladores. Especialidad local desarrollada en Santa Lucía Utatlán.
161,TELAR_CINTURA_GT0705,Telar de Cintura de Nahualá,Técnica heredada de generación en generación en Nahualá.,Técnica milenaria de tejido suspendida sobre la cintura del tejedor. Especialidad local desarrollada en Nahualá.
162,TELAR_PIE_GT0705,Telar de Pie de Nahualá,Técnica heredada de generación en generación en Nahualá.,Técnica de tejido en telar de pedal introducido en la época colonial. Especialidad local desarrollada en Nahualá.
163,JASPEADO_HILO_GT0705,Jaspeado de Hilos de Nahualá,Técnica heredada de generación en generación en Nahualá.,Técnica de teñido por reserva mediante amarrado de hilos antes de tejer. Especialidad local desarrollada en Nahualá.
164,BARRO_MODELADO_GT0705,Barro Modelado a Mano de Nahualá,Técnica heredada de generación en generación en Nahualá.,"Moldeado directo de la arcilla sin torno, usando quemado al aire libre. Especialidad local desarrollada en Nahualá."
165,BARRO_TORNO_GT0705,Barro en Torno de Nahualá,Técnica heredada de generación en generación en Nahualá.,Modelado de piezas cerámicas circulares y simétricas con torno tradicional. Especialidad local desarrollada en Nahualá.
166,TALLADO_CEDRO_GT0705,Tallado en Madera de Cedro de Nahualá,Técnica heredada de generación en generación en Nahualá.,Cincelado artesanal de madera noble para máscaras y cofres. Especialidad local desarrollada en Nahualá.
167,JADE_PULIDO_GT0705,Pulido de Jade de Nahualá,Técnica heredada de generación en generación en Nahualá.,Corte y abrasión fina de piedra de jadeita con herramientas de diamante. Especialidad local desarrollada en Nahualá.
168,AFINACION_ACUSTICA_GT0705,Afinación Acústica de Teclados de Nahualá,Técnica heredada de generación en generación en Nahualá.,Técnica de desbaste de tablillas de hormigo para dar afinación precisa. Especialidad local desarrollada en Nahualá.
169,PINTURA_PRIMITIVA_GT0705,Pintura Primitivista de Nahualá,Técnica heredada de generación en generación en Nahualá.,Estilo pictórico detallista y plano que muestra paisajes y ferias locales. Especialidad local desarrollada en Nahualá.
170,TEJIDO_MIMBRE_GT0705,Tejido en Fibras de Mimbre de Nahualá,Técnica heredada de generación en generación en Nahualá.,Entramado artesanal de fibras flexibles para cestería y sopladores. Especialidad local desarrollada en Nahualá.
171,TELAR_CINTURA_GT0706,Telar de Cintura de Santa Catarina Ixtahuacán,Técnica heredada de generación en generación en Santa Catarina Ixtahuacán.,Técnica milenaria de tejido suspendida sobre la cintura del tejedor. Especialidad local desarrollada en Santa Catarina Ixtahuacán.
172,TELAR_PIE_GT0706,Telar de Pie de Santa Catarina Ixtahuacán,Técnica heredada de generación en generación en Santa Catarina Ixtahuacán.,Técnica de tejido en telar de pedal introducido en la época colonial. Especialidad local desarrollada en Santa Catarina Ixtahuacán.
173,JASPEADO_HILO_GT0706,Jaspeado de Hilos de Santa Catarina Ixtahuacán,Técnica heredada de generación en generación en Santa Catarina Ixtahuacán.,Técnica de teñido por reserva mediante amarrado de hilos antes de tejer. Especialidad local desarrollada en Santa Catarina Ixtahuacán.
174,BARRO_MODELADO_GT0706,Barro Modelado a Mano de Santa Catarina Ixtahuacán,Técnica heredada de generación en generación en Santa Catarina Ixtahuacán.,"Moldeado directo de la arcilla sin torno, usando quemado al aire libre. Especialidad local desarrollada en Santa Catarina Ixtahuacán."
175,BARRO_TORNO_GT0706,Barro en Torno de Santa Catarina Ixtahuacán,Técnica heredada de generación en generación en Santa Catarina Ixtahuacán.,Modelado de piezas cerámicas circulares y simétricas con torno tradicional. Especialidad local desarrollada en Santa Catarina Ixtahuacán.
176,TALLADO_CEDRO_GT0706,Tallado en Madera de Cedro de Santa Catarina Ixtahuacán,Técnica heredada de generación en generación en Santa Catarina Ixtahuacán.,Cincelado artesanal de madera noble para máscaras y cofres. Especialidad local desarrollada en Santa Catarina Ixtahuacán.
177,JADE_PULIDO_GT0706,Pulido de Jade de Santa Catarina Ixtahuacán,Técnica heredada de generación en generación en Santa Catarina Ixtahuacán.,Corte y abrasión fina de piedra de jadeita con herramientas de diamante. Especialidad local desarrollada en Santa Catarina Ixtahuacán.
178,AFINACION_ACUSTICA_GT0706,Afinación Acústica de Teclados de Santa Catarina Ixtahuacán,Técnica heredada de generación en generación en Santa Catarina Ixtahuacán.,Técnica de desbaste de tablillas de hormigo para dar afinación precisa. Especialidad local desarrollada en Santa Catarina Ixtahuacán.
179,PINTURA_PRIMITIVA_GT0706,Pintura Primitivista de Santa Catarina Ixtahuacán,Técnica heredada de generación en generación en Santa Catarina Ixtahuacán.,Estilo pictórico detallista y plano que muestra paisajes y ferias locales. Especialidad local desarrollada en Santa Catarina Ixtahuacán.
180,TEJIDO_MIMBRE_GT0706,Tejido en Fibras de Mimbre de Santa Catarina Ixtahuacán,Técnica heredada de generación en generación en Santa Catarina Ixtahuacán.,Entramado artesanal de fibras flexibles para cestería y sopladores. Especialidad local desarrollada en Santa Catarina Ixtahuacán.
181,TELAR_CINTURA_GT0707,Telar de Cintura de Santa Clara La Laguna,Técnica heredada de generación en generación en Santa Clara La Laguna.,Técnica milenaria de tejido suspendida sobre la cintura del tejedor. Especialidad local desarrollada en Santa Clara La Laguna.
182,TELAR_PIE_GT0707,Telar de Pie de Santa Clara La Laguna,Técnica heredada de generación en generación en Santa Clara La Laguna.,Técnica de tejido en telar de pedal introducido en la época colonial. Especialidad local desarrollada en Santa Clara La Laguna.
183,JASPEADO_HILO_GT0707,Jaspeado de Hilos de Santa Clara La Laguna,Técnica heredada de generación en generación en Santa Clara La Laguna.,Técnica de teñido por reserva mediante amarrado de hilos antes de tejer. Especialidad local desarrollada en Santa Clara La Laguna.
184,BARRO_MODELADO_GT0707,Barro Modelado a Mano de Santa Clara La Laguna,Técnica heredada de generación en generación en Santa Clara La Laguna.,"Moldeado directo de la arcilla sin torno, usando quemado al aire libre. Especialidad local desarrollada en Santa Clara La Laguna."
185,BARRO_TORNO_GT0707,Barro en Torno de Santa Clara La Laguna,Técnica heredada de generación en generación en Santa Clara La Laguna.,Modelado de piezas cerámicas circulares y simétricas con torno tradicional. Especialidad local desarrollada en Santa Clara La Laguna.
186,TALLADO_CEDRO_GT0707,Tallado en Madera de Cedro de Santa Clara La Laguna,Técnica heredada de generación en generación en Santa Clara La Laguna.,Cincelado artesanal de madera noble para máscaras y cofres. Especialidad local desarrollada en Santa Clara La Laguna.
187,JADE_PULIDO_GT0707,Pulido de Jade de Santa Clara La Laguna,Técnica heredada de generación en generación en Santa Clara La Laguna.,Corte y abrasión fina de piedra de jadeita con herramientas de diamante. Especialidad local desarrollada en Santa Clara La Laguna.
188,AFINACION_ACUSTICA_GT0707,Afinación Acústica de Teclados de Santa Clara La Laguna,Técnica heredada de generación en generación en Santa Clara La Laguna.,Técnica de desbaste de tablillas de hormigo para dar afinación precisa. Especialidad local desarrollada en Santa Clara La Laguna.
189,PINTURA_PRIMITIVA_GT0707,Pintura Primitivista de Santa Clara La Laguna,Técnica heredada de generación en generación en Santa Clara La Laguna.,Estilo pictórico detallista y plano que muestra paisajes y ferias locales. Especialidad local desarrollada en Santa Clara La Laguna.
190,TEJIDO_MIMBRE_GT0707,Tejido en Fibras de Mimbre de Santa Clara La Laguna,Técnica heredada de generación en generación en Santa Clara La Laguna.,Entramado artesanal de fibras flexibles para cestería y sopladores. Especialidad local desarrollada en Santa Clara La Laguna.
191,TELAR_CINTURA_GT0708,Telar de Cintura de Concepción,Técnica heredada de generación en generación en Concepción.,Técnica milenaria de tejido suspendida sobre la cintura del tejedor. Especialidad local desarrollada en Concepción.
192,TELAR_PIE_GT0708,Telar de Pie de Concepción,Técnica heredada de generación en generación en Concepción.,Técnica de tejido en telar de pedal introducido en la época colonial. Especialidad local desarrollada en Concepción.
193,JASPEADO_HILO_GT0708,Jaspeado de Hilos de Concepción,Técnica heredada de generación en generación en Concepción.,Técnica de teñido por reserva mediante amarrado de hilos antes de tejer. Especialidad local desarrollada en Concepción.
194,BARRO_MODELADO_GT0708,Barro Modelado a Mano de Concepción,Técnica heredada de generación en generación en Concepción.,"Moldeado directo de la arcilla sin torno, usando quemado al aire libre. Especialidad local desarrollada en Concepción."
195,BARRO_TORNO_GT0708,Barro en Torno de Concepción,Técnica heredada de generación en generación en Concepción.,Modelado de piezas cerámicas circulares y simétricas con torno tradicional. Especialidad local desarrollada en Concepción.
196,TALLADO_CEDRO_GT0708,Tallado en Madera de Cedro de Concepción,Técnica heredada de generación en generación en Concepción.,Cincelado artesanal de madera noble para máscaras y cofres. Especialidad local desarrollada en Concepción.
197,JADE_PULIDO_GT0708,Pulido de Jade de Concepción,Técnica heredada de generación en generación en Concepción.,Corte y abrasión fina de piedra de jadeita con herramientas de diamante. Especialidad local desarrollada en Concepción.
198,AFINACION_ACUSTICA_GT0708,Afinación Acústica de Teclados de Concepción,Técnica heredada de generación en generación en Concepción.,Técnica de desbaste de tablillas de hormigo para dar afinación precisa. Especialidad local desarrollada en Concepción.
199,PINTURA_PRIMITIVA_GT0708,Pintura Primitivista de Concepción,Técnica heredada de generación en generación en Concepción.,Estilo pictórico detallista y plano que muestra paisajes y ferias locales. Especialidad local desarrollada en Concepción.
200,TEJIDO_MIMBRE_GT0708,Tejido en Fibras de Mimbre de Concepción,Técnica heredada de generación en generación en Concepción.,Entramado artesanal de fibras flexibles para cestería y sopladores. Especialidad local desarrollada en Concepción.
201,TELAR_CINTURA_GT0709,Telar de Cintura de San Andrés Semetabaj,Técnica heredada de generación en generación en San Andrés Semetabaj.,Técnica milenaria de tejido suspendida sobre la cintura del tejedor. Especialidad local desarrollada en San Andrés Semetabaj.
202,TELAR_PIE_GT0709,Telar de Pie de San Andrés Semetabaj,Técnica heredada de generación en generación en San Andrés Semetabaj.,Técnica de tejido en telar de pedal introducido en la época colonial. Especialidad local desarrollada en San Andrés Semetabaj.
203,JASPEADO_HILO_GT0709,Jaspeado de Hilos de San Andrés Semetabaj,Técnica heredada de generación en generación en San Andrés Semetabaj.,Técnica de teñido por reserva mediante amarrado de hilos antes de tejer. Especialidad local desarrollada en San Andrés Semetabaj.
204,BARRO_MODELADO_GT0709,Barro Modelado a Mano de San Andrés Semetabaj,Técnica heredada de generación en generación en San Andrés Semetabaj.,"Moldeado directo de la arcilla sin torno, usando quemado al aire libre. Especialidad local desarrollada en San Andrés Semetabaj."
205,BARRO_TORNO_GT0709,Barro en Torno de San Andrés Semetabaj,Técnica heredada de generación en generación en San Andrés Semetabaj.,Modelado de piezas cerámicas circulares y simétricas con torno tradicional. Especialidad local desarrollada en San Andrés Semetabaj.
206,TALLADO_CEDRO_GT0709,Tallado en Madera de Cedro de San Andrés Semetabaj,Técnica heredada de generación en generación en San Andrés Semetabaj.,Cincelado artesanal de madera noble para máscaras y cofres. Especialidad local desarrollada en San Andrés Semetabaj.
207,JADE_PULIDO_GT0709,Pulido de Jade de San Andrés Semetabaj,Técnica heredada de generación en generación en San Andrés Semetabaj.,Corte y abrasión fina de piedra de jadeita con herramientas de diamante. Especialidad local desarrollada en San Andrés Semetabaj.
208,AFINACION_ACUSTICA_GT0709,Afinación Acústica de Teclados de San Andrés Semetabaj,Técnica heredada de generación en generación en San Andrés Semetabaj.,Técnica de desbaste de tablillas de hormigo para dar afinación precisa. Especialidad local desarrollada en San Andrés Semetabaj.
209,PINTURA_PRIMITIVA_GT0709,Pintura Primitivista de San Andrés Semetabaj,Técnica heredada de generación en generación en San Andrés Semetabaj.,Estilo pictórico detallista y plano que muestra paisajes y ferias locales. Especialidad local desarrollada en San Andrés Semetabaj.
210,TEJIDO_MIMBRE_GT0709,Tejido en Fibras de Mimbre de San Andrés Semetabaj,Técnica heredada de generación en generación en San Andrés Semetabaj.,Entramado artesanal de fibras flexibles para cestería y sopladores. Especialidad local desarrollada en San Andrés Semetabaj.
211,TELAR_CINTURA_GT0710,Telar de Cintura de Panajachel,Técnica heredada de generación en generación en Panajachel.,Técnica milenaria de tejido suspendida sobre la cintura del tejedor. Especialidad local desarrollada en Panajachel.
212,TELAR_PIE_GT0710,Telar de Pie de Panajachel,Técnica heredada de generación en generación en Panajachel.,Técnica de tejido en telar de pedal introducido en la época colonial. Especialidad local desarrollada en Panajachel.
213,JASPEADO_HILO_GT0710,Jaspeado de Hilos de Panajachel,Técnica heredada de generación en generación en Panajachel.,Técnica de teñido por reserva mediante amarrado de hilos antes de tejer. Especialidad local desarrollada en Panajachel.
214,BARRO_MODELADO_GT0710,Barro Modelado a Mano de Panajachel,Técnica heredada de generación en generación en Panajachel.,"Moldeado directo de la arcilla sin torno, usando quemado al aire libre. Especialidad local desarrollada en Panajachel."
215,BARRO_TORNO_GT0710,Barro en Torno de Panajachel,Técnica heredada de generación en generación en Panajachel.,Modelado de piezas cerámicas circulares y simétricas con torno tradicional. Especialidad local desarrollada en Panajachel.
216,TALLADO_CEDRO_GT0710,Tallado en Madera de Cedro de Panajachel,Técnica heredada de generación en generación en Panajachel.,Cincelado artesanal de madera noble para máscaras y cofres. Especialidad local desarrollada en Panajachel.
217,JADE_PULIDO_GT0710,Pulido de Jade de Panajachel,Técnica heredada de generación en generación en Panajachel.,Corte y abrasión fina de piedra de jadeita con herramientas de diamante. Especialidad local desarrollada en Panajachel.
218,AFINACION_ACUSTICA_GT0710,Afinación Acústica de Teclados de Panajachel,Técnica heredada de generación en generación en Panajachel.,Técnica de desbaste de tablillas de hormigo para dar afinación precisa. Especialidad local desarrollada en Panajachel.
219,PINTURA_PRIMITIVA_GT0710,Pintura Primitivista de Panajachel,Técnica heredada de generación en generación en Panajachel.,Estilo pictórico detallista y plano que muestra paisajes y ferias locales. Especialidad local desarrollada en Panajachel.
220,TEJIDO_MIMBRE_GT0710,Tejido en Fibras de Mimbre de Panajachel,Técnica heredada de generación en generación en Panajachel.,Entramado artesanal de fibras flexibles para cestería y sopladores. Especialidad local desarrollada en Panajachel.
221,TELAR_CINTURA_GT0711,Telar de Cintura de Santa Catarina Palopó,Técnica heredada de generación en generación en Santa Catarina Palopó.,Técnica milenaria de tejido suspendida sobre la cintura del tejedor. Especialidad local desarrollada en Santa Catarina Palopó.
222,TELAR_PIE_GT0711,Telar de Pie de Santa Catarina Palopó,Técnica heredada de generación en generación en Santa Catarina Palopó.,Técnica de tejido en telar de pedal introducido en la época colonial. Especialidad local desarrollada en Santa Catarina Palopó.
223,JASPEADO_HILO_GT0711,Jaspeado de Hilos de Santa Catarina Palopó,Técnica heredada de generación en generación en Santa Catarina Palopó.,Técnica de teñido por reserva mediante amarrado de hilos antes de tejer. Especialidad local desarrollada en Santa Catarina Palopó.
224,BARRO_MODELADO_GT0711,Barro Modelado a Mano de Santa Catarina Palopó,Técnica heredada de generación en generación en Santa Catarina Palopó.,"Moldeado directo de la arcilla sin torno, usando quemado al aire libre. Especialidad local desarrollada en Santa Catarina Palopó."
225,BARRO_TORNO_GT0711,Barro en Torno de Santa Catarina Palopó,Técnica heredada de generación en generación en Santa Catarina Palopó.,Modelado de piezas cerámicas circulares y simétricas con torno tradicional. Especialidad local desarrollada en Santa Catarina Palopó.
226,TALLADO_CEDRO_GT0711,Tallado en Madera de Cedro de Santa Catarina Palopó,Técnica heredada de generación en generación en Santa Catarina Palopó.,Cincelado artesanal de madera noble para máscaras y cofres. Especialidad local desarrollada en Santa Catarina Palopó.
227,JADE_PULIDO_GT0711,Pulido de Jade de Santa Catarina Palopó,Técnica heredada de generación en generación en Santa Catarina Palopó.,Corte y abrasión fina de piedra de jadeita con herramientas de diamante. Especialidad local desarrollada en Santa Catarina Palopó.
228,AFINACION_ACUSTICA_GT0711,Afinación Acústica de Teclados de Santa Catarina Palopó,Técnica heredada de generación en generación en Santa Catarina Palopó.,Técnica de desbaste de tablillas de hormigo para dar afinación precisa. Especialidad local desarrollada en Santa Catarina Palopó.
229,PINTURA_PRIMITIVA_GT0711,Pintura Primitivista de Santa Catarina Palopó,Técnica heredada de generación en generación en Santa Catarina Palopó.,Estilo pictórico detallista y plano que muestra paisajes y ferias locales. Especialidad local desarrollada en Santa Catarina Palopó.
230,TEJIDO_MIMBRE_GT0711,Tejido en Fibras de Mimbre de Santa Catarina Palopó,Técnica heredada de generación en generación en Santa Catarina Palopó.,Entramado artesanal de fibras flexibles para cestería y sopladores. Especialidad local desarrollada en Santa Catarina Palopó.
231,TELAR_CINTURA_GT0712,Telar de Cintura de San Antonio Palopó,Técnica heredada de generación en generación en San Antonio Palopó.,Técnica milenaria de tejido suspendida sobre la cintura del tejedor. Especialidad local desarrollada en San Antonio Palopó.
232,TELAR_PIE_GT0712,Telar de Pie de San Antonio Palopó,Técnica heredada de generación en generación en San Antonio Palopó.,Técnica de tejido en telar de pedal introducido en la época colonial. Especialidad local desarrollada en San Antonio Palopó.
233,JASPEADO_HILO_GT0712,Jaspeado de Hilos de San Antonio Palopó,Técnica heredada de generación en generación en San Antonio Palopó.,Técnica de teñido por reserva mediante amarrado de hilos antes de tejer. Especialidad local desarrollada en San Antonio Palopó.
234,BARRO_MODELADO_GT0712,Barro Modelado a Mano de San Antonio Palopó,Técnica heredada de generación en generación en San Antonio Palopó.,"Moldeado directo de la arcilla sin torno, usando quemado al aire libre. Especialidad local desarrollada en San Antonio Palopó."
235,BARRO_TORNO_GT0712,Barro en Torno de San Antonio Palopó,Técnica heredada de generación en generación en San Antonio Palopó.,Modelado de piezas cerámicas circulares y simétricas con torno tradicional. Especialidad local desarrollada en San Antonio Palopó.
236,TALLADO_CEDRO_GT0712,Tallado en Madera de Cedro de San Antonio Palopó,Técnica heredada de generación en generación en San Antonio Palopó.,Cincelado artesanal de madera noble para máscaras y cofres. Especialidad local desarrollada en San Antonio Palopó.
237,JADE_PULIDO_GT0712,Pulido de Jade de San Antonio Palopó,Técnica heredada de generación en generación en San Antonio Palopó.,Corte y abrasión fina de piedra de jadeita con herramientas de diamante. Especialidad local desarrollada en San Antonio Palopó.
238,AFINACION_ACUSTICA_GT0712,Afinación Acústica de Teclados de San Antonio Palopó,Técnica heredada de generación en generación en San Antonio Palopó.,Técnica de desbaste de tablillas de hormigo para dar afinación precisa. Especialidad local desarrollada en San Antonio Palopó.
239,PINTURA_PRIMITIVA_GT0712,Pintura Primitivista de San Antonio Palopó,Técnica heredada de generación en generación en San Antonio Palopó.,Estilo pictórico detallista y plano que muestra paisajes y ferias locales. Especialidad local desarrollada en San Antonio Palopó.
240,TEJIDO_MIMBRE_GT0712,Tejido en Fibras de Mimbre de San Antonio Palopó,Técnica heredada de generación en generación en San Antonio Palopó.,Entramado artesanal de fibras flexibles para cestería y sopladores. Especialidad local desarrollada en San Antonio Palopó.
241,TELAR_CINTURA_GT0713,Telar de Cintura de San Lucas Tolimán,Técnica heredada de generación en generación en San Lucas Tolimán.,Técnica milenaria de tejido suspendida sobre la cintura del tejedor. Especialidad local desarrollada en San Lucas Tolimán.
242,TELAR_PIE_GT0713,Telar de Pie de San Lucas Tolimán,Técnica heredada de generación en generación en San Lucas Tolimán.,Técnica de tejido en telar de pedal introducido en la época colonial. Especialidad local desarrollada en San Lucas Tolimán.
243,JASPEADO_HILO_GT0713,Jaspeado de Hilos de San Lucas Tolimán,Técnica heredada de generación en generación en San Lucas Tolimán.,Técnica de teñido por reserva mediante amarrado de hilos antes de tejer. Especialidad local desarrollada en San Lucas Tolimán.
244,BARRO_MODELADO_GT0713,Barro Modelado a Mano de San Lucas Tolimán,Técnica heredada de generación en generación en San Lucas Tolimán.,"Moldeado directo de la arcilla sin torno, usando quemado al aire libre. Especialidad local desarrollada en San Lucas Tolimán."
245,BARRO_TORNO_GT0713,Barro en Torno de San Lucas Tolimán,Técnica heredada de generación en generación en San Lucas Tolimán.,Modelado de piezas cerámicas circulares y simétricas con torno tradicional. Especialidad local desarrollada en San Lucas Tolimán.
246,TALLADO_CEDRO_GT0713,Tallado en Madera de Cedro de San Lucas Tolimán,Técnica heredada de generación en generación en San Lucas Tolimán.,Cincelado artesanal de madera noble para máscaras y cofres. Especialidad local desarrollada en San Lucas Tolimán.
247,JADE_PULIDO_GT0713,Pulido de Jade de San Lucas Tolimán,Técnica heredada de generación en generación en San Lucas Tolimán.,Corte y abrasión fina de piedra de jadeita con herramientas de diamante. Especialidad local desarrollada en San Lucas Tolimán.
248,AFINACION_ACUSTICA_GT0713,Afinación Acústica de Teclados de San Lucas Tolimán,Técnica heredada de generación en generación en San Lucas Tolimán.,Técnica de desbaste de tablillas de hormigo para dar afinación precisa. Especialidad local desarrollada en San Lucas Tolimán.
249,PINTURA_PRIMITIVA_GT0713,Pintura Primitivista de San Lucas Tolimán,Técnica heredada de generación en generación en San Lucas Tolimán.,Estilo pictórico detallista y plano que muestra paisajes y ferias locales. Especialidad local desarrollada en San Lucas Tolimán.
250,TEJIDO_MIMBRE_GT0713,Tejido en Fibras de Mimbre de San Lucas Tolimán,Técnica heredada de generación en generación en San Lucas Tolimán.,Entramado artesanal de fibras flexibles para cestería y sopladores. Especialidad local desarrollada en San Lucas Tolimán.
251,TELAR_CINTURA_GT0714,Telar de Cintura de Santa Cruz La Laguna,Técnica heredada de generación en generación en Santa Cruz La Laguna.,Técnica milenaria de tejido suspendida sobre la cintura del tejedor. Especialidad local desarrollada en Santa Cruz La Laguna.
252,TELAR_PIE_GT0714,Telar de Pie de Santa Cruz La Laguna,Técnica heredada de generación en generación en Santa Cruz La Laguna.,Técnica de tejido en telar de pedal introducido en la época colonial. Especialidad local desarrollada en Santa Cruz La Laguna.
253,JASPEADO_HILO_GT0714,Jaspeado de Hilos de Santa Cruz La Laguna,Técnica heredada de generación en generación en Santa Cruz La Laguna.,Técnica de teñido por reserva mediante amarrado de hilos antes de tejer. Especialidad local desarrollada en Santa Cruz La Laguna.
254,BARRO_MODELADO_GT0714,Barro Modelado a Mano de Santa Cruz La Laguna,Técnica heredada de generación en generación en Santa Cruz La Laguna.,"Moldeado directo de la arcilla sin torno, usando quemado al aire libre. Especialidad local desarrollada en Santa Cruz La Laguna."
255,BARRO_TORNO_GT0714,Barro en Torno de Santa Cruz La Laguna,Técnica heredada de generación en generación en Santa Cruz La Laguna.,Modelado de piezas cerámicas circulares y simétricas con torno tradicional. Especialidad local desarrollada en Santa Cruz La Laguna.
256,TALLADO_CEDRO_GT0714,Tallado en Madera de Cedro de Santa Cruz La Laguna,Técnica heredada de generación en generación en Santa Cruz La Laguna.,Cincelado artesanal de madera noble para máscaras y cofres. Especialidad local desarrollada en Santa Cruz La Laguna.
257,JADE_PULIDO_GT0714,Pulido de Jade de Santa Cruz La Laguna,Técnica heredada de generación en generación en Santa Cruz La Laguna.,Corte y abrasión fina de piedra de jadeita con herramientas de diamante. Especialidad local desarrollada en Santa Cruz La Laguna.
258,AFINACION_ACUSTICA_GT0714,Afinación Acústica de Teclados de Santa Cruz La Laguna,Técnica heredada de generación en generación en Santa Cruz La Laguna.,Técnica de desbaste de tablillas de hormigo para dar afinación precisa. Especialidad local desarrollada en Santa Cruz La Laguna.
259,PINTURA_PRIMITIVA_GT0714,Pintura Primitivista de Santa Cruz La Laguna,Técnica heredada de generación en generación en Santa Cruz La Laguna.,Estilo pictórico detallista y plano que muestra paisajes y ferias locales. Especialidad local desarrollada en Santa Cruz La Laguna.
260,TEJIDO_MIMBRE_GT0714,Tejido en Fibras de Mimbre de Santa Cruz La Laguna,Técnica heredada de generación en generación en Santa Cruz La Laguna.,Entramado artesanal de fibras flexibles para cestería y sopladores. Especialidad local desarrollada en Santa Cruz La Laguna.
261,TELAR_CINTURA_GT0715,Telar de Cintura de San Pablo La Laguna,Técnica heredada de generación en generación en San Pablo La Laguna.,Técnica milenaria de tejido suspendida sobre la cintura del tejedor. Especialidad local desarrollada en San Pablo La Laguna.
262,TELAR_PIE_GT0715,Telar de Pie de San Pablo La Laguna,Técnica heredada de generación en generación en San Pablo La Laguna.,Técnica de tejido en telar de pedal introducido en la época colonial. Especialidad local desarrollada en San Pablo La Laguna.
263,JASPEADO_HILO_GT0715,Jaspeado de Hilos de San Pablo La Laguna,Técnica heredada de generación en generación en San Pablo La Laguna.,Técnica de teñido por reserva mediante amarrado de hilos antes de tejer. Especialidad local desarrollada en San Pablo La Laguna.
264,BARRO_MODELADO_GT0715,Barro Modelado a Mano de San Pablo La Laguna,Técnica heredada de generación en generación en San Pablo La Laguna.,"Moldeado directo de la arcilla sin torno, usando quemado al aire libre. Especialidad local desarrollada en San Pablo La Laguna."
265,BARRO_TORNO_GT0715,Barro en Torno de San Pablo La Laguna,Técnica heredada de generación en generación en San Pablo La Laguna.,Modelado de piezas cerámicas circulares y simétricas con torno tradicional. Especialidad local desarrollada en San Pablo La Laguna.
266,TALLADO_CEDRO_GT0715,Tallado en Madera de Cedro de San Pablo La Laguna,Técnica heredada de generación en generación en San Pablo La Laguna.,Cincelado artesanal de madera noble para máscaras y cofres. Especialidad local desarrollada en San Pablo La Laguna.
267,JADE_PULIDO_GT0715,Pulido de Jade de San Pablo La Laguna,Técnica heredada de generación en generación en San Pablo La Laguna.,Corte y abrasión fina de piedra de jadeita con herramientas de diamante. Especialidad local desarrollada en San Pablo La Laguna.
268,AFINACION_ACUSTICA_GT0715,Afinación Acústica de Teclados de San Pablo La Laguna,Técnica heredada de generación en generación en San Pablo La Laguna.,Técnica de desbaste de tablillas de hormigo para dar afinación precisa. Especialidad local desarrollada en San Pablo La Laguna.
269,PINTURA_PRIMITIVA_GT0715,Pintura Primitivista de San Pablo La Laguna,Técnica heredada de generación en generación en San Pablo La Laguna.,Estilo pictórico detallista y plano que muestra paisajes y ferias locales. Especialidad local desarrollada en San Pablo La Laguna.
270,TEJIDO_MIMBRE_GT0715,Tejido en Fibras de Mimbre de San Pablo La Laguna,Técnica heredada de generación en generación en San Pablo La Laguna.,Entramado artesanal de fibras flexibles para cestería y sopladores. Especialidad local desarrollada en San Pablo La Laguna.
271,TELAR_CINTURA_GT0716,Telar de Cintura de San Marcos La Laguna,Técnica heredada de generación en generación en San Marcos La Laguna.,Técnica milenaria de tejido suspendida sobre la cintura del tejedor. Especialidad local desarrollada en San Marcos La Laguna.
272,TELAR_PIE_GT0716,Telar de Pie de San Marcos La Laguna,Técnica heredada de generación en generación en San Marcos La Laguna.,Técnica de tejido en telar de pedal introducido en la época colonial. Especialidad local desarrollada en San Marcos La Laguna.
273,JASPEADO_HILO_GT0716,Jaspeado de Hilos de San Marcos La Laguna,Técnica heredada de generación en generación en San Marcos La Laguna.,Técnica de teñido por reserva mediante amarrado de hilos antes de tejer. Especialidad local desarrollada en San Marcos La Laguna.
274,BARRO_MODELADO_GT0716,Barro Modelado a Mano de San Marcos La Laguna,Técnica heredada de generación en generación en San Marcos La Laguna.,"Moldeado directo de la arcilla sin torno, usando quemado al aire libre. Especialidad local desarrollada en San Marcos La Laguna."
275,BARRO_TORNO_GT0716,Barro en Torno de San Marcos La Laguna,Técnica heredada de generación en generación en San Marcos La Laguna.,Modelado de piezas cerámicas circulares y simétricas con torno tradicional. Especialidad local desarrollada en San Marcos La Laguna.
276,TALLADO_CEDRO_GT0716,Tallado en Madera de Cedro de San Marcos La Laguna,Técnica heredada de generación en generación en San Marcos La Laguna.,Cincelado artesanal de madera noble para máscaras y cofres. Especialidad local desarrollada en San Marcos La Laguna.
277,JADE_PULIDO_GT0716,Pulido de Jade de San Marcos La Laguna,Técnica heredada de generación en generación en San Marcos La Laguna.,Corte y abrasión fina de piedra de jadeita con herramientas de diamante. Especialidad local desarrollada en San Marcos La Laguna.
278,AFINACION_ACUSTICA_GT0716,Afinación Acústica de Teclados de San Marcos La Laguna,Técnica heredada de generación en generación en San Marcos La Laguna.,Técnica de desbaste de tablillas de hormigo para dar afinación precisa. Especialidad local desarrollada en San Marcos La Laguna.
279,PINTURA_PRIMITIVA_GT0716,Pintura Primitivista de San Marcos La Laguna,Técnica heredada de generación en generación en San Marcos La Laguna.,Estilo pictórico detallista y plano que muestra paisajes y ferias locales. Especialidad local desarrollada en San Marcos La Laguna.
280,TEJIDO_MIMBRE_GT0716,Tejido en Fibras de Mimbre de San Marcos La Laguna,Técnica heredada de generación en generación en San Marcos La Laguna.,Entramado artesanal de fibras flexibles para cestería y sopladores. Especialidad local desarrollada en San Marcos La Laguna.
281,TELAR_CINTURA_GT0717,Telar de Cintura de San Juan La Laguna,Técnica heredada de generación en generación en San Juan La Laguna.,Técnica milenaria de tejido suspendida sobre la cintura del tejedor. Especialidad local desarrollada en San Juan La Laguna.
282,TELAR_PIE_GT0717,Telar de Pie de San Juan La Laguna,Técnica heredada de generación en generación en San Juan La Laguna.,Técnica de tejido en telar de pedal introducido en la época colonial. Especialidad local desarrollada en San Juan La Laguna.
283,JASPEADO_HILO_GT0717,Jaspeado de Hilos de San Juan La Laguna,Técnica heredada de generación en generación en San Juan La Laguna.,Técnica de teñido por reserva mediante amarrado de hilos antes de tejer. Especialidad local desarrollada en San Juan La Laguna.
284,BARRO_MODELADO_GT0717,Barro Modelado a Mano de San Juan La Laguna,Técnica heredada de generación en generación en San Juan La Laguna.,"Moldeado directo de la arcilla sin torno, usando quemado al aire libre. Especialidad local desarrollada en San Juan La Laguna."
285,BARRO_TORNO_GT0717,Barro en Torno de San Juan La Laguna,Técnica heredada de generación en generación en San Juan La Laguna.,Modelado de piezas cerámicas circulares y simétricas con torno tradicional. Especialidad local desarrollada en San Juan La Laguna.
286,TALLADO_CEDRO_GT0717,Tallado en Madera de Cedro de San Juan La Laguna,Técnica heredada de generación en generación en San Juan La Laguna.,Cincelado artesanal de madera noble para máscaras y cofres. Especialidad local desarrollada en San Juan La Laguna.
287,JADE_PULIDO_GT0717,Pulido de Jade de San Juan La Laguna,Técnica heredada de generación en generación en San Juan La Laguna.,Corte y abrasión fina de piedra de jadeita con herramientas de diamante. Especialidad local desarrollada en San Juan La Laguna.
288,AFINACION_ACUSTICA_GT0717,Afinación Acústica de Teclados de San Juan La Laguna,Técnica heredada de generación en generación en San Juan La Laguna.,Técnica de desbaste de tablillas de hormigo para dar afinación precisa. Especialidad local desarrollada en San Juan La Laguna.
289,PINTURA_PRIMITIVA_GT0717,Pintura Primitivista de San Juan La Laguna,Técnica heredada de generación en generación en San Juan La Laguna.,Estilo pictórico detallista y plano que muestra paisajes y ferias locales. Especialidad local desarrollada en San Juan La Laguna.
290,TEJIDO_MIMBRE_GT0717,Tejido en Fibras de Mimbre de San Juan La Laguna,Técnica heredada de generación en generación en San Juan La Laguna.,Entramado artesanal de fibras flexibles para cestería y sopladores. Especialidad local desarrollada en San Juan La Laguna.
291,TELAR_CINTURA_GT0718,Telar de Cintura de San Pedro La Laguna,Técnica heredada de generación en generación en San Pedro La Laguna.,Técnica milenaria de tejido suspendida sobre la cintura del tejedor. Especialidad local desarrollada en San Pedro La Laguna.
292,TELAR_PIE_GT0718,Telar de Pie de San Pedro La Laguna,Técnica heredada de generación en generación en San Pedro La Laguna.,Técnica de tejido en telar de pedal introducido en la época colonial. Especialidad local desarrollada en San Pedro La Laguna.
293,JASPEADO_HILO_GT0718,Jaspeado de Hilos de San Pedro La Laguna,Técnica heredada de generación en generación en San Pedro La Laguna.,Técnica de teñido por reserva mediante amarrado de hilos antes de tejer. Especialidad local desarrollada en San Pedro La Laguna.
294,BARRO_MODELADO_GT0718,Barro Modelado a Mano de San Pedro La Laguna,Técnica heredada de generación en generación en San Pedro La Laguna.,"Moldeado directo de la arcilla sin torno, usando quemado al aire libre. Especialidad local desarrollada en San Pedro La Laguna."
295,BARRO_TORNO_GT0718,Barro en Torno de San Pedro La Laguna,Técnica heredada de generación en generación en San Pedro La Laguna.,Modelado de piezas cerámicas circulares y simétricas con torno tradicional. Especialidad local desarrollada en San Pedro La Laguna.
296,TALLADO_CEDRO_GT0718,Tallado en Madera de Cedro de San Pedro La Laguna,Técnica heredada de generación en generación en San Pedro La Laguna.,Cincelado artesanal de madera noble para máscaras y cofres. Especialidad local desarrollada en San Pedro La Laguna.
297,JADE_PULIDO_GT0718,Pulido de Jade de San Pedro La Laguna,Técnica heredada de generación en generación en San Pedro La Laguna.,Corte y abrasión fina de piedra de jadeita con herramientas de diamante. Especialidad local desarrollada en San Pedro La Laguna.
298,AFINACION_ACUSTICA_GT0718,Afinación Acústica de Teclados de San Pedro La Laguna,Técnica heredada de generación en generación en San Pedro La Laguna.,Técnica de desbaste de tablillas de hormigo para dar afinación precisa. Especialidad local desarrollada en San Pedro La Laguna.
299,PINTURA_PRIMITIVA_GT0718,Pintura Primitivista de San Pedro La Laguna,Técnica heredada de generación en generación en San Pedro La Laguna.,Estilo pictórico detallista y plano que muestra paisajes y ferias locales. Especialidad local desarrollada en San Pedro La Laguna.
300,TEJIDO_MIMBRE_GT0718,Tejido en Fibras de Mimbre de San Pedro La Laguna,Técnica heredada de generación en generación en San Pedro La Laguna.,Entramado artesanal de fibras flexibles para cestería y sopladores. Especialidad local desarrollada en San Pedro La Laguna.
301,TELAR_CINTURA_GT0719,Telar de Cintura de Santiago Atitlán,Técnica heredada de generación en generación en Santiago Atitlán.,Técnica milenaria de tejido suspendida sobre la cintura del tejedor. Especialidad local desarrollada en Santiago Atitlán.
302,TELAR_PIE_GT0719,Telar de Pie de Santiago Atitlán,Técnica heredada de generación en generación en Santiago Atitlán.,Técnica de tejido en telar de pedal introducido en la época colonial. Especialidad local desarrollada en Santiago Atitlán.
303,JASPEADO_HILO_GT0719,Jaspeado de Hilos de Santiago Atitlán,Técnica heredada de generación en generación en Santiago Atitlán.,Técnica de teñido por reserva mediante amarrado de hilos antes de tejer. Especialidad local desarrollada en Santiago Atitlán.
304,BARRO_MODELADO_GT0719,Barro Modelado a Mano de Santiago Atitlán,Técnica heredada de generación en generación en Santiago Atitlán.,"Moldeado directo de la arcilla sin torno, usando quemado al aire libre. Especialidad local desarrollada en Santiago Atitlán."
305,BARRO_TORNO_GT0719,Barro en Torno de Santiago Atitlán,Técnica heredada de generación en generación en Santiago Atitlán.,Modelado de piezas cerámicas circulares y simétricas con torno tradicional. Especialidad local desarrollada en Santiago Atitlán.
306,TALLADO_CEDRO_GT0719,Tallado en Madera de Cedro de Santiago Atitlán,Técnica heredada de generación en generación en Santiago Atitlán.,Cincelado artesanal de madera noble para máscaras y cofres. Especialidad local desarrollada en Santiago Atitlán.
307,JADE_PULIDO_GT0719,Pulido de Jade de Santiago Atitlán,Técnica heredada de generación en generación en Santiago Atitlán.,Corte y abrasión fina de piedra de jadeita con herramientas de diamante. Especialidad local desarrollada en Santiago Atitlán.
308,AFINACION_ACUSTICA_GT0719,Afinación Acústica de Teclados de Santiago Atitlán,Técnica heredada de generación en generación en Santiago Atitlán.,Técnica de desbaste de tablillas de hormigo para dar afinación precisa. Especialidad local desarrollada en Santiago Atitlán.
309,PINTURA_PRIMITIVA_GT0719,Pintura Primitivista de Santiago Atitlán,Técnica heredada de generación en generación en Santiago Atitlán.,Estilo pictórico detallista y plano que muestra paisajes y ferias locales. Especialidad local desarrollada en Santiago Atitlán.
310,TEJIDO_MIMBRE_GT0719,Tejido en Fibras de Mimbre de Santiago Atitlán,Técnica heredada de generación en generación en Santiago Atitlán.,Entramado artesanal de fibras flexibles para cestería y sopladores. Especialidad local desarrollada en Santiago Atitlán.
311,TELAR_CINTURA_GT0801,Telar de Cintura de Totonicapán,Técnica heredada de generación en generación en Totonicapán.,Técnica milenaria de tejido suspendida sobre la cintura del tejedor. Especialidad local desarrollada en Totonicapán.
312,TELAR_PIE_GT0801,Telar de Pie de Totonicapán,Técnica heredada de generación en generación en Totonicapán.,Técnica de tejido en telar de pedal introducido en la época colonial. Especialidad local desarrollada en Totonicapán.
313,JASPEADO_HILO_GT0801,Jaspeado de Hilos de Totonicapán,Técnica heredada de generación en generación en Totonicapán.,Técnica de teñido por reserva mediante amarrado de hilos antes de tejer. Especialidad local desarrollada en Totonicapán.
314,BARRO_MODELADO_GT0801,Barro Modelado a Mano de Totonicapán,Técnica heredada de generación en generación en Totonicapán.,"Moldeado directo de la arcilla sin torno, usando quemado al aire libre. Especialidad local desarrollada en Totonicapán."
315,BARRO_TORNO_GT0801,Barro en Torno de Totonicapán,Técnica heredada de generación en generación en Totonicapán.,Modelado de piezas cerámicas circulares y simétricas con torno tradicional. Especialidad local desarrollada en Totonicapán.
316,TALLADO_CEDRO_GT0801,Tallado en Madera de Cedro de Totonicapán,Técnica heredada de generación en generación en Totonicapán.,Cincelado artesanal de madera noble para máscaras y cofres. Especialidad local desarrollada en Totonicapán.
317,JADE_PULIDO_GT0801,Pulido de Jade de Totonicapán,Técnica heredada de generación en generación en Totonicapán.,Corte y abrasión fina de piedra de jadeita con herramientas de diamante. Especialidad local desarrollada en Totonicapán.
318,AFINACION_ACUSTICA_GT0801,Afinación Acústica de Teclados de Totonicapán,Técnica heredada de generación en generación en Totonicapán.,Técnica de desbaste de tablillas de hormigo para dar afinación precisa. Especialidad local desarrollada en Totonicapán.
319,PINTURA_PRIMITIVA_GT0801,Pintura Primitivista de Totonicapán,Técnica heredada de generación en generación en Totonicapán.,Estilo pictórico detallista y plano que muestra paisajes y ferias locales. Especialidad local desarrollada en Totonicapán.
320,TEJIDO_MIMBRE_GT0801,Tejido en Fibras de Mimbre de Totonicapán,Técnica heredada de generación en generación en Totonicapán.,Entramado artesanal de fibras flexibles para cestería y sopladores. Especialidad local desarrollada en Totonicapán.
321,TELAR_CINTURA_GT0802,Telar de Cintura de San Cristóbal Totonicapán,Técnica heredada de generación en generación en San Cristóbal Totonicapán.,Técnica milenaria de tejido suspendida sobre la cintura del tejedor. Especialidad local desarrollada en San Cristóbal Totonicapán.
322,TELAR_PIE_GT0802,Telar de Pie de San Cristóbal Totonicapán,Técnica heredada de generación en generación en San Cristóbal Totonicapán.,Técnica de tejido en telar de pedal introducido en la época colonial. Especialidad local desarrollada en San Cristóbal Totonicapán.
323,JASPEADO_HILO_GT0802,Jaspeado de Hilos de San Cristóbal Totonicapán,Técnica heredada de generación en generación en San Cristóbal Totonicapán.,Técnica de teñido por reserva mediante amarrado de hilos antes de tejer. Especialidad local desarrollada en San Cristóbal Totonicapán.
324,BARRO_MODELADO_GT0802,Barro Modelado a Mano de San Cristóbal Totonicapán,Técnica heredada de generación en generación en San Cristóbal Totonicapán.,"Moldeado directo de la arcilla sin torno, usando quemado al aire libre. Especialidad local desarrollada en San Cristóbal Totonicapán."
325,BARRO_TORNO_GT0802,Barro en Torno de San Cristóbal Totonicapán,Técnica heredada de generación en generación en San Cristóbal Totonicapán.,Modelado de piezas cerámicas circulares y simétricas con torno tradicional. Especialidad local desarrollada en San Cristóbal Totonicapán.
326,TALLADO_CEDRO_GT0802,Tallado en Madera de Cedro de San Cristóbal Totonicapán,Técnica heredada de generación en generación en San Cristóbal Totonicapán.,Cincelado artesanal de madera noble para máscaras y cofres. Especialidad local desarrollada en San Cristóbal Totonicapán.
327,JADE_PULIDO_GT0802,Pulido de Jade de San Cristóbal Totonicapán,Técnica heredada de generación en generación en San Cristóbal Totonicapán.,Corte y abrasión fina de piedra de jadeita con herramientas de diamante. Especialidad local desarrollada en San Cristóbal Totonicapán.
328,AFINACION_ACUSTICA_GT0802,Afinación Acústica de Teclados de San Cristóbal Totonicapán,Técnica heredada de generación en generación en San Cristóbal Totonicapán.,Técnica de desbaste de tablillas de hormigo para dar afinación precisa. Especialidad local desarrollada en San Cristóbal Totonicapán.
329,PINTURA_PRIMITIVA_GT0802,Pintura Primitivista de San Cristóbal Totonicapán,Técnica heredada de generación en generación en San Cristóbal Totonicapán.,Estilo pictórico detallista y plano que muestra paisajes y ferias locales. Especialidad local desarrollada en San Cristóbal Totonicapán.
330,TEJIDO_MIMBRE_GT0802,Tejido en Fibras de Mimbre de San Cristóbal Totonicapán,Técnica heredada de generación en generación en San Cristóbal Totonicapán.,Entramado artesanal de fibras flexibles para cestería y sopladores. Especialidad local desarrollada en San Cristóbal Totonicapán.
331,TELAR_CINTURA_GT0803,Telar de Cintura de San Francisco El Alto,Técnica heredada de generación en generación en San Francisco El Alto.,Técnica milenaria de tejido suspendida sobre la cintura del tejedor. Especialidad local desarrollada en San Francisco El Alto.
332,TELAR_PIE_GT0803,Telar de Pie de San Francisco El Alto,Técnica heredada de generación en generación en San Francisco El Alto.,Técnica de tejido en telar de pedal introducido en la época colonial. Especialidad local desarrollada en San Francisco El Alto.
333,JASPEADO_HILO_GT0803,Jaspeado de Hilos de San Francisco El Alto,Técnica heredada de generación en generación en San Francisco El Alto.,Técnica de teñido por reserva mediante amarrado de hilos antes de tejer. Especialidad local desarrollada en San Francisco El Alto.
334,BARRO_MODELADO_GT0803,Barro Modelado a Mano de San Francisco El Alto,Técnica heredada de generación en generación en San Francisco El Alto.,"Moldeado directo de la arcilla sin torno, usando quemado al aire libre. Especialidad local desarrollada en San Francisco El Alto."
335,BARRO_TORNO_GT0803,Barro en Torno de San Francisco El Alto,Técnica heredada de generación en generación en San Francisco El Alto.,Modelado de piezas cerámicas circulares y simétricas con torno tradicional. Especialidad local desarrollada en San Francisco El Alto.
336,TALLADO_CEDRO_GT0803,Tallado en Madera de Cedro de San Francisco El Alto,Técnica heredada de generación en generación en San Francisco El Alto.,Cincelado artesanal de madera noble para máscaras y cofres. Especialidad local desarrollada en San Francisco El Alto.
337,JADE_PULIDO_GT0803,Pulido de Jade de San Francisco El Alto,Técnica heredada de generación en generación en San Francisco El Alto.,Corte y abrasión fina de piedra de jadeita con herramientas de diamante. Especialidad local desarrollada en San Francisco El Alto.
338,AFINACION_ACUSTICA_GT0803,Afinación Acústica de Teclados de San Francisco El Alto,Técnica heredada de generación en generación en San Francisco El Alto.,Técnica de desbaste de tablillas de hormigo para dar afinación precisa. Especialidad local desarrollada en San Francisco El Alto.
339,PINTURA_PRIMITIVA_GT0803,Pintura Primitivista de San Francisco El Alto,Técnica heredada de generación en generación en San Francisco El Alto.,Estilo pictórico detallista y plano que muestra paisajes y ferias locales. Especialidad local desarrollada en San Francisco El Alto.
340,TEJIDO_MIMBRE_GT0803,Tejido en Fibras de Mimbre de San Francisco El Alto,Técnica heredada de generación en generación en San Francisco El Alto.,Entramado artesanal de fibras flexibles para cestería y sopladores. Especialidad local desarrollada en San Francisco El Alto.
341,TELAR_CINTURA_GT0804,Telar de Cintura de San Andrés Xecul,Técnica heredada de generación en generación en San Andrés Xecul.,Técnica milenaria de tejido suspendida sobre la cintura del tejedor. Especialidad local desarrollada en San Andrés Xecul.
342,TELAR_PIE_GT0804,Telar de Pie de San Andrés Xecul,Técnica heredada de generación en generación en San Andrés Xecul.,Técnica de tejido en telar de pedal introducido en la época colonial. Especialidad local desarrollada en San Andrés Xecul.
343,JASPEADO_HILO_GT0804,Jaspeado de Hilos de San Andrés Xecul,Técnica heredada de generación en generación en San Andrés Xecul.,Técnica de teñido por reserva mediante amarrado de hilos antes de tejer. Especialidad local desarrollada en San Andrés Xecul.
344,BARRO_MODELADO_GT0804,Barro Modelado a Mano de San Andrés Xecul,Técnica heredada de generación en generación en San Andrés Xecul.,"Moldeado directo de la arcilla sin torno, usando quemado al aire libre. Especialidad local desarrollada en San Andrés Xecul."
345,BARRO_TORNO_GT0804,Barro en Torno de San Andrés Xecul,Técnica heredada de generación en generación en San Andrés Xecul.,Modelado de piezas cerámicas circulares y simétricas con torno tradicional. Especialidad local desarrollada en San Andrés Xecul.
346,TALLADO_CEDRO_GT0804,Tallado en Madera de Cedro de San Andrés Xecul,Técnica heredada de generación en generación en San Andrés Xecul.,Cincelado artesanal de madera noble para máscaras y cofres. Especialidad local desarrollada en San Andrés Xecul.
347,JADE_PULIDO_GT0804,Pulido de Jade de San Andrés Xecul,Técnica heredada de generación en generación en San Andrés Xecul.,Corte y abrasión fina de piedra de jadeita con herramientas de diamante. Especialidad local desarrollada en San Andrés Xecul.
348,AFINACION_ACUSTICA_GT0804,Afinación Acústica de Teclados de San Andrés Xecul,Técnica heredada de generación en generación en San Andrés Xecul.,Técnica de desbaste de tablillas de hormigo para dar afinación precisa. Especialidad local desarrollada en San Andrés Xecul.
349,PINTURA_PRIMITIVA_GT0804,Pintura Primitivista de San Andrés Xecul,Técnica heredada de generación en generación en San Andrés Xecul.,Estilo pictórico detallista y plano que muestra paisajes y ferias locales. Especialidad local desarrollada en San Andrés Xecul.
350,TEJIDO_MIMBRE_GT0804,Tejido en Fibras de Mimbre de San Andrés Xecul,Técnica heredada de generación en generación en San Andrés Xecul.,Entramado artesanal de fibras flexibles para cestería y sopladores. Especialidad local desarrollada en San Andrés Xecul.
351,TELAR_CINTURA_GT0805,Telar de Cintura de Momostenango,Técnica heredada de generación en generación en Momostenango.,Técnica milenaria de tejido suspendida sobre la cintura del tejedor. Especialidad local desarrollada en Momostenango.
352,TELAR_PIE_GT0805,Telar de Pie de Momostenango,Técnica heredada de generación en generación en Momostenango.,Técnica de tejido en telar de pedal introducido en la época colonial. Especialidad local desarrollada en Momostenango.
353,JASPEADO_HILO_GT0805,Jaspeado de Hilos de Momostenango,Técnica heredada de generación en generación en Momostenango.,Técnica de teñido por reserva mediante amarrado de hilos antes de tejer. Especialidad local desarrollada en Momostenango.
354,BARRO_MODELADO_GT0805,Barro Modelado a Mano de Momostenango,Técnica heredada de generación en generación en Momostenango.,"Moldeado directo de la arcilla sin torno, usando quemado al aire libre. Especialidad local desarrollada en Momostenango."
355,BARRO_TORNO_GT0805,Barro en Torno de Momostenango,Técnica heredada de generación en generación en Momostenango.,Modelado de piezas cerámicas circulares y simétricas con torno tradicional. Especialidad local desarrollada en Momostenango.
356,TALLADO_CEDRO_GT0805,Tallado en Madera de Cedro de Momostenango,Técnica heredada de generación en generación en Momostenango.,Cincelado artesanal de madera noble para máscaras y cofres. Especialidad local desarrollada en Momostenango.
357,JADE_PULIDO_GT0805,Pulido de Jade de Momostenango,Técnica heredada de generación en generación en Momostenango.,Corte y abrasión fina de piedra de jadeita con herramientas de diamante. Especialidad local desarrollada en Momostenango.
358,AFINACION_ACUSTICA_GT0805,Afinación Acústica de Teclados de Momostenango,Técnica heredada de generación en generación en Momostenango.,Técnica de desbaste de tablillas de hormigo para dar afinación precisa. Especialidad local desarrollada en Momostenango.
359,PINTURA_PRIMITIVA_GT0805,Pintura Primitivista de Momostenango,Técnica heredada de generación en generación en Momostenango.,Estilo pictórico detallista y plano que muestra paisajes y ferias locales. Especialidad local desarrollada en Momostenango.
360,TEJIDO_MIMBRE_GT0805,Tejido en Fibras de Mimbre de Momostenango,Técnica heredada de generación en generación en Momostenango.,Entramado artesanal de fibras flexibles para cestería y sopladores. Especialidad local desarrollada en Momostenango.
361,TELAR_CINTURA_GT0806,Telar de Cintura de Santa María Chiquimula,Técnica heredada de generación en generación en Santa María Chiquimula.,Técnica milenaria de tejido suspendida sobre la cintura del tejedor. Especialidad local desarrollada en Santa María Chiquimula.
362,TELAR_PIE_GT0806,Telar de Pie de Santa María Chiquimula,Técnica heredada de generación en generación en Santa María Chiquimula.,Técnica de tejido en telar de pedal introducido en la época colonial. Especialidad local desarrollada en Santa María Chiquimula.
363,JASPEADO_HILO_GT0806,Jaspeado de Hilos de Santa María Chiquimula,Técnica heredada de generación en generación en Santa María Chiquimula.,Técnica de teñido por reserva mediante amarrado de hilos antes de tejer. Especialidad local desarrollada en Santa María Chiquimula.
364,BARRO_MODELADO_GT0806,Barro Modelado a Mano de Santa María Chiquimula,Técnica heredada de generación en generación en Santa María Chiquimula.,"Moldeado directo de la arcilla sin torno, usando quemado al aire libre. Especialidad local desarrollada en Santa María Chiquimula."
365,BARRO_TORNO_GT0806,Barro en Torno de Santa María Chiquimula,Técnica heredada de generación en generación en Santa María Chiquimula.,Modelado de piezas cerámicas circulares y simétricas con torno tradicional. Especialidad local desarrollada en Santa María Chiquimula.
366,TALLADO_CEDRO_GT0806,Tallado en Madera de Cedro de Santa María Chiquimula,Técnica heredada de generación en generación en Santa María Chiquimula.,Cincelado artesanal de madera noble para máscaras y cofres. Especialidad local desarrollada en Santa María Chiquimula.
367,JADE_PULIDO_GT0806,Pulido de Jade de Santa María Chiquimula,Técnica heredada de generación en generación en Santa María Chiquimula.,Corte y abrasión fina de piedra de jadeita con herramientas de diamante. Especialidad local desarrollada en Santa María Chiquimula.
368,AFINACION_ACUSTICA_GT0806,Afinación Acústica de Teclados de Santa María Chiquimula,Técnica heredada de generación en generación en Santa María Chiquimula.,Técnica de desbaste de tablillas de hormigo para dar afinación precisa. Especialidad local desarrollada en Santa María Chiquimula.
369,PINTURA_PRIMITIVA_GT0806,Pintura Primitivista de Santa María Chiquimula,Técnica heredada de generación en generación en Santa María Chiquimula.,Estilo pictórico detallista y plano que muestra paisajes y ferias locales. Especialidad local desarrollada en Santa María Chiquimula.
370,TEJIDO_MIMBRE_GT0806,Tejido en Fibras de Mimbre de Santa María Chiquimula,Técnica heredada de generación en generación en Santa María Chiquimula.,Entramado artesanal de fibras flexibles para cestería y sopladores. Especialidad local desarrollada en Santa María Chiquimula.
371,TELAR_CINTURA_GT0807,Telar de Cintura de Santa Lucía La Reforma,Técnica heredada de generación en generación en Santa Lucía La Reforma.,Técnica milenaria de tejido suspendida sobre la cintura del tejedor. Especialidad local desarrollada en Santa Lucía La Reforma.
372,TELAR_PIE_GT0807,Telar de Pie de Santa Lucía La Reforma,Técnica heredada de generación en generación en Santa Lucía La Reforma.,Técnica de tejido en telar de pedal introducido en la época colonial. Especialidad local desarrollada en Santa Lucía La Reforma.
373,JASPEADO_HILO_GT0807,Jaspeado de Hilos de Santa Lucía La Reforma,Técnica heredada de generación en generación en Santa Lucía La Reforma.,Técnica de teñido por reserva mediante amarrado de hilos antes de tejer. Especialidad local desarrollada en Santa Lucía La Reforma.
374,BARRO_MODELADO_GT0807,Barro Modelado a Mano de Santa Lucía La Reforma,Técnica heredada de generación en generación en Santa Lucía La Reforma.,"Moldeado directo de la arcilla sin torno, usando quemado al aire libre. Especialidad local desarrollada en Santa Lucía La Reforma."
375,BARRO_TORNO_GT0807,Barro en Torno de Santa Lucía La Reforma,Técnica heredada de generación en generación en Santa Lucía La Reforma.,Modelado de piezas cerámicas circulares y simétricas con torno tradicional. Especialidad local desarrollada en Santa Lucía La Reforma.
376,TALLADO_CEDRO_GT0807,Tallado en Madera de Cedro de Santa Lucía La Reforma,Técnica heredada de generación en generación en Santa Lucía La Reforma.,Cincelado artesanal de madera noble para máscaras y cofres. Especialidad local desarrollada en Santa Lucía La Reforma.
377,JADE_PULIDO_GT0807,Pulido de Jade de Santa Lucía La Reforma,Técnica heredada de generación en generación en Santa Lucía La Reforma.,Corte y abrasión fina de piedra de jadeita con herramientas de diamante. Especialidad local desarrollada en Santa Lucía La Reforma.
378,AFINACION_ACUSTICA_GT0807,Afinación Acústica de Teclados de Santa Lucía La Reforma,Técnica heredada de generación en generación en Santa Lucía La Reforma.,Técnica de desbaste de tablillas de hormigo para dar afinación precisa. Especialidad local desarrollada en Santa Lucía La Reforma.
379,PINTURA_PRIMITIVA_GT0807,Pintura Primitivista de Santa Lucía La Reforma,Técnica heredada de generación en generación en Santa Lucía La Reforma.,Estilo pictórico detallista y plano que muestra paisajes y ferias locales. Especialidad local desarrollada en Santa Lucía La Reforma.
380,TEJIDO_MIMBRE_GT0807,Tejido en Fibras de Mimbre de Santa Lucía La Reforma,Técnica heredada de generación en generación en Santa Lucía La Reforma.,Entramado artesanal de fibras flexibles para cestería y sopladores. Especialidad local desarrollada en Santa Lucía La Reforma.
381,TELAR_CINTURA_GT0808,Telar de Cintura de San Bartolo,Técnica heredada de generación en generación en San Bartolo.,Técnica milenaria de tejido suspendida sobre la cintura del tejedor. Especialidad local desarrollada en San Bartolo.
382,TELAR_PIE_GT0808,Telar de Pie de San Bartolo,Técnica heredada de generación en generación en San Bartolo.,Técnica de tejido en telar de pedal introducido en la época colonial. Especialidad local desarrollada en San Bartolo.
383,JASPEADO_HILO_GT0808,Jaspeado de Hilos de San Bartolo,Técnica heredada de generación en generación en San Bartolo.,Técnica de teñido por reserva mediante amarrado de hilos antes de tejer. Especialidad local desarrollada en San Bartolo.
384,BARRO_MODELADO_GT0808,Barro Modelado a Mano de San Bartolo,Técnica heredada de generación en generación en San Bartolo.,"Moldeado directo de la arcilla sin torno, usando quemado al aire libre. Especialidad local desarrollada en San Bartolo."
385,BARRO_TORNO_GT0808,Barro en Torno de San Bartolo,Técnica heredada de generación en generación en San Bartolo.,Modelado de piezas cerámicas circulares y simétricas con torno tradicional. Especialidad local desarrollada en San Bartolo.
386,TALLADO_CEDRO_GT0808,Tallado en Madera de Cedro de San Bartolo,Técnica heredada de generación en generación en San Bartolo.,Cincelado artesanal de madera noble para máscaras y cofres. Especialidad local desarrollada en San Bartolo.
387,JADE_PULIDO_GT0808,Pulido de Jade de San Bartolo,Técnica heredada de generación en generación en San Bartolo.,Corte y abrasión fina de piedra de jadeita con herramientas de diamante. Especialidad local desarrollada en San Bartolo.
388,AFINACION_ACUSTICA_GT0808,Afinación Acústica de Teclados de San Bartolo,Técnica heredada de generación en generación en San Bartolo.,Técnica de desbaste de tablillas de hormigo para dar afinación precisa. Especialidad local desarrollada en San Bartolo.
389,PINTURA_PRIMITIVA_GT0808,Pintura Primitivista de San Bartolo,Técnica heredada de generación en generación en San Bartolo.,Estilo pictórico detallista y plano que muestra paisajes y ferias locales. Especialidad local desarrollada en San Bartolo.
390,TEJIDO_MIMBRE_GT0808,Tejido en Fibras de Mimbre de San Bartolo,Técnica heredada de generación en generación en San Bartolo.,Entramado artesanal de fibras flexibles para cestería y sopladores. Especialidad local desarrollada en San Bartolo.
391,TELAR_CINTURA_GT0901,Telar de Cintura de Quetzaltenango,Técnica heredada de generación en generación en Quetzaltenango.,Técnica milenaria de tejido suspendida sobre la cintura del tejedor. Especialidad local desarrollada en Quetzaltenango.
392,TELAR_PIE_GT0901,Telar de Pie de Quetzaltenango,Técnica heredada de generación en generación en Quetzaltenango.,Técnica de tejido en telar de pedal introducido en la época colonial. Especialidad local desarrollada en Quetzaltenango.
393,JASPEADO_HILO_GT0901,Jaspeado de Hilos de Quetzaltenango,Técnica heredada de generación en generación en Quetzaltenango.,Técnica de teñido por reserva mediante amarrado de hilos antes de tejer. Especialidad local desarrollada en Quetzaltenango.
394,BARRO_MODELADO_GT0901,Barro Modelado a Mano de Quetzaltenango,Técnica heredada de generación en generación en Quetzaltenango.,"Moldeado directo de la arcilla sin torno, usando quemado al aire libre. Especialidad local desarrollada en Quetzaltenango."
395,BARRO_TORNO_GT0901,Barro en Torno de Quetzaltenango,Técnica heredada de generación en generación en Quetzaltenango.,Modelado de piezas cerámicas circulares y simétricas con torno tradicional. Especialidad local desarrollada en Quetzaltenango.
396,TALLADO_CEDRO_GT0901,Tallado en Madera de Cedro de Quetzaltenango,Técnica heredada de generación en generación en Quetzaltenango.,Cincelado artesanal de madera noble para máscaras y cofres. Especialidad local desarrollada en Quetzaltenango.
397,JADE_PULIDO_GT0901,Pulido de Jade de Quetzaltenango,Técnica heredada de generación en generación en Quetzaltenango.,Corte y abrasión fina de piedra de jadeita con herramientas de diamante. Especialidad local desarrollada en Quetzaltenango.
398,AFINACION_ACUSTICA_GT0901,Afinación Acústica de Teclados de Quetzaltenango,Técnica heredada de generación en generación en Quetzaltenango.,Técnica de desbaste de tablillas de hormigo para dar afinación precisa. Especialidad local desarrollada en Quetzaltenango.
399,PINTURA_PRIMITIVA_GT0901,Pintura Primitivista de Quetzaltenango,Técnica heredada de generación en generación en Quetzaltenango.,Estilo pictórico detallista y plano que muestra paisajes y ferias locales. Especialidad local desarrollada en Quetzaltenango.
400,TEJIDO_MIMBRE_GT0901,Tejido en Fibras de Mimbre de Quetzaltenango,Técnica heredada de generación en generación en Quetzaltenango.,Entramado artesanal de fibras flexibles para cestería y sopladores. Especialidad local desarrollada en Quetzaltenango.
401,TELAR_CINTURA_GT0902,Telar de Cintura de Salcajá,Técnica heredada de generación en generación en Salcajá.,Técnica milenaria de tejido suspendida sobre la cintura del tejedor. Especialidad local desarrollada en Salcajá.
402,TELAR_PIE_GT0902,Telar de Pie de Salcajá,Técnica heredada de generación en generación en Salcajá.,Técnica de tejido en telar de pedal introducido en la época colonial. Especialidad local desarrollada en Salcajá.
403,JASPEADO_HILO_GT0902,Jaspeado de Hilos de Salcajá,Técnica heredada de generación en generación en Salcajá.,Técnica de teñido por reserva mediante amarrado de hilos antes de tejer. Especialidad local desarrollada en Salcajá.
404,BARRO_MODELADO_GT0902,Barro Modelado a Mano de Salcajá,Técnica heredada de generación en generación en Salcajá.,"Moldeado directo de la arcilla sin torno, usando quemado al aire libre. Especialidad local desarrollada en Salcajá."
405,BARRO_TORNO_GT0902,Barro en Torno de Salcajá,Técnica heredada de generación en generación en Salcajá.,Modelado de piezas cerámicas circulares y simétricas con torno tradicional. Especialidad local desarrollada en Salcajá.
406,TALLADO_CEDRO_GT0902,Tallado en Madera de Cedro de Salcajá,Técnica heredada de generación en generación en Salcajá.,Cincelado artesanal de madera noble para máscaras y cofres. Especialidad local desarrollada en Salcajá.
407,JADE_PULIDO_GT0902,Pulido de Jade de Salcajá,Técnica heredada de generación en generación en Salcajá.,Corte y abrasión fina de piedra de jadeita con herramientas de diamante. Especialidad local desarrollada en Salcajá.
408,AFINACION_ACUSTICA_GT0902,Afinación Acústica de Teclados de Salcajá,Técnica heredada de generación en generación en Salcajá.,Técnica de desbaste de tablillas de hormigo para dar afinación precisa. Especialidad local desarrollada en Salcajá.
409,PINTURA_PRIMITIVA_GT0902,Pintura Primitivista de Salcajá,Técnica heredada de generación en generación en Salcajá.,Estilo pictórico detallista y plano que muestra paisajes y ferias locales. Especialidad local desarrollada en Salcajá.
410,TEJIDO_MIMBRE_GT0902,Tejido en Fibras de Mimbre de Salcajá,Técnica heredada de generación en generación en Salcajá.,Entramado artesanal de fibras flexibles para cestería y sopladores. Especialidad local desarrollada en Salcajá.
411,TELAR_CINTURA_GT0903,Telar de Cintura de Olintepeque,Técnica heredada de generación en generación en Olintepeque.,Técnica milenaria de tejido suspendida sobre la cintura del tejedor. Especialidad local desarrollada en Olintepeque.
412,TELAR_PIE_GT0903,Telar de Pie de Olintepeque,Técnica heredada de generación en generación en Olintepeque.,Técnica de tejido en telar de pedal introducido en la época colonial. Especialidad local desarrollada en Olintepeque.
413,JASPEADO_HILO_GT0903,Jaspeado de Hilos de Olintepeque,Técnica heredada de generación en generación en Olintepeque.,Técnica de teñido por reserva mediante amarrado de hilos antes de tejer. Especialidad local desarrollada en Olintepeque.
414,BARRO_MODELADO_GT0903,Barro Modelado a Mano de Olintepeque,Técnica heredada de generación en generación en Olintepeque.,"Moldeado directo de la arcilla sin torno, usando quemado al aire libre. Especialidad local desarrollada en Olintepeque."
415,BARRO_TORNO_GT0903,Barro en Torno de Olintepeque,Técnica heredada de generación en generación en Olintepeque.,Modelado de piezas cerámicas circulares y simétricas con torno tradicional. Especialidad local desarrollada en Olintepeque.
416,TALLADO_CEDRO_GT0903,Tallado en Madera de Cedro de Olintepeque,Técnica heredada de generación en generación en Olintepeque.,Cincelado artesanal de madera noble para máscaras y cofres. Especialidad local desarrollada en Olintepeque.
417,JADE_PULIDO_GT0903,Pulido de Jade de Olintepeque,Técnica heredada de generación en generación en Olintepeque.,Corte y abrasión fina de piedra de jadeita con herramientas de diamante. Especialidad local desarrollada en Olintepeque.
418,AFINACION_ACUSTICA_GT0903,Afinación Acústica de Teclados de Olintepeque,Técnica heredada de generación en generación en Olintepeque.,Técnica de desbaste de tablillas de hormigo para dar afinación precisa. Especialidad local desarrollada en Olintepeque.
419,PINTURA_PRIMITIVA_GT0903,Pintura Primitivista de Olintepeque,Técnica heredada de generación en generación en Olintepeque.,Estilo pictórico detallista y plano que muestra paisajes y ferias locales. Especialidad local desarrollada en Olintepeque.
420,TEJIDO_MIMBRE_GT0903,Tejido en Fibras de Mimbre de Olintepeque,Técnica heredada de generación en generación en Olintepeque.,Entramado artesanal de fibras flexibles para cestería y sopladores. Especialidad local desarrollada en Olintepeque.
421,TELAR_CINTURA_GT0904,Telar de Cintura de San Carlos Sija,Técnica heredada de generación en generación en San Carlos Sija.,Técnica milenaria de tejido suspendida sobre la cintura del tejedor. Especialidad local desarrollada en San Carlos Sija.
422,TELAR_PIE_GT0904,Telar de Pie de San Carlos Sija,Técnica heredada de generación en generación en San Carlos Sija.,Técnica de tejido en telar de pedal introducido en la época colonial. Especialidad local desarrollada en San Carlos Sija.
423,JASPEADO_HILO_GT0904,Jaspeado de Hilos de San Carlos Sija,Técnica heredada de generación en generación en San Carlos Sija.,Técnica de teñido por reserva mediante amarrado de hilos antes de tejer. Especialidad local desarrollada en San Carlos Sija.
424,BARRO_MODELADO_GT0904,Barro Modelado a Mano de San Carlos Sija,Técnica heredada de generación en generación en San Carlos Sija.,"Moldeado directo de la arcilla sin torno, usando quemado al aire libre. Especialidad local desarrollada en San Carlos Sija."
425,BARRO_TORNO_GT0904,Barro en Torno de San Carlos Sija,Técnica heredada de generación en generación en San Carlos Sija.,Modelado de piezas cerámicas circulares y simétricas con torno tradicional. Especialidad local desarrollada en San Carlos Sija.
426,TALLADO_CEDRO_GT0904,Tallado en Madera de Cedro de San Carlos Sija,Técnica heredada de generación en generación en San Carlos Sija.,Cincelado artesanal de madera noble para máscaras y cofres. Especialidad local desarrollada en San Carlos Sija.
427,JADE_PULIDO_GT0904,Pulido de Jade de San Carlos Sija,Técnica heredada de generación en generación en San Carlos Sija.,Corte y abrasión fina de piedra de jadeita con herramientas de diamante. Especialidad local desarrollada en San Carlos Sija.
428,AFINACION_ACUSTICA_GT0904,Afinación Acústica de Teclados de San Carlos Sija,Técnica heredada de generación en generación en San Carlos Sija.,Técnica de desbaste de tablillas de hormigo para dar afinación precisa. Especialidad local desarrollada en San Carlos Sija.
429,PINTURA_PRIMITIVA_GT0904,Pintura Primitivista de San Carlos Sija,Técnica heredada de generación en generación en San Carlos Sija.,Estilo pictórico detallista y plano que muestra paisajes y ferias locales. Especialidad local desarrollada en San Carlos Sija.
430,TEJIDO_MIMBRE_GT0904,Tejido en Fibras de Mimbre de San Carlos Sija,Técnica heredada de generación en generación en San Carlos Sija.,Entramado artesanal de fibras flexibles para cestería y sopladores. Especialidad local desarrollada en San Carlos Sija.
431,TELAR_CINTURA_GT0905,Telar de Cintura de Sibilia,Técnica heredada de generación en generación en Sibilia.,Técnica milenaria de tejido suspendida sobre la cintura del tejedor. Especialidad local desarrollada en Sibilia.
432,TELAR_PIE_GT0905,Telar de Pie de Sibilia,Técnica heredada de generación en generación en Sibilia.,Técnica de tejido en telar de pedal introducido en la época colonial. Especialidad local desarrollada en Sibilia.
433,JASPEADO_HILO_GT0905,Jaspeado de Hilos de Sibilia,Técnica heredada de generación en generación en Sibilia.,Técnica de teñido por reserva mediante amarrado de hilos antes de tejer. Especialidad local desarrollada en Sibilia.
434,BARRO_MODELADO_GT0905,Barro Modelado a Mano de Sibilia,Técnica heredada de generación en generación en Sibilia.,"Moldeado directo de la arcilla sin torno, usando quemado al aire libre. Especialidad local desarrollada en Sibilia."
435,BARRO_TORNO_GT0905,Barro en Torno de Sibilia,Técnica heredada de generación en generación en Sibilia.,Modelado de piezas cerámicas circulares y simétricas con torno tradicional. Especialidad local desarrollada en Sibilia.
436,TALLADO_CEDRO_GT0905,Tallado en Madera de Cedro de Sibilia,Técnica heredada de generación en generación en Sibilia.,Cincelado artesanal de madera noble para máscaras y cofres. Especialidad local desarrollada en Sibilia.
437,JADE_PULIDO_GT0905,Pulido de Jade de Sibilia,Técnica heredada de generación en generación en Sibilia.,Corte y abrasión fina de piedra de jadeita con herramientas de diamante. Especialidad local desarrollada en Sibilia.
438,AFINACION_ACUSTICA_GT0905,Afinación Acústica de Teclados de Sibilia,Técnica heredada de generación en generación en Sibilia.,Técnica de desbaste de tablillas de hormigo para dar afinación precisa. Especialidad local desarrollada en Sibilia.
439,PINTURA_PRIMITIVA_GT0905,Pintura Primitivista de Sibilia,Técnica heredada de generación en generación en Sibilia.,Estilo pictórico detallista y plano que muestra paisajes y ferias locales. Especialidad local desarrollada en Sibilia.
440,TEJIDO_MIMBRE_GT0905,Tejido en Fibras de Mimbre de Sibilia,Técnica heredada de generación en generación en Sibilia.,Entramado artesanal de fibras flexibles para cestería y sopladores. Especialidad local desarrollada en Sibilia.
441,TELAR_CINTURA_GT0906,Telar de Cintura de Cabricán,Técnica heredada de generación en generación en Cabricán.,Técnica milenaria de tejido suspendida sobre la cintura del tejedor. Especialidad local desarrollada en Cabricán.
442,TELAR_PIE_GT0906,Telar de Pie de Cabricán,Técnica heredada de generación en generación en Cabricán.,Técnica de tejido en telar de pedal introducido en la época colonial. Especialidad local desarrollada en Cabricán.
443,JASPEADO_HILO_GT0906,Jaspeado de Hilos de Cabricán,Técnica heredada de generación en generación en Cabricán.,Técnica de teñido por reserva mediante amarrado de hilos antes de tejer. Especialidad local desarrollada en Cabricán.
444,BARRO_MODELADO_GT0906,Barro Modelado a Mano de Cabricán,Técnica heredada de generación en generación en Cabricán.,"Moldeado directo de la arcilla sin torno, usando quemado al aire libre. Especialidad local desarrollada en Cabricán."
445,BARRO_TORNO_GT0906,Barro en Torno de Cabricán,Técnica heredada de generación en generación en Cabricán.,Modelado de piezas cerámicas circulares y simétricas con torno tradicional. Especialidad local desarrollada en Cabricán.
446,TALLADO_CEDRO_GT0906,Tallado en Madera de Cedro de Cabricán,Técnica heredada de generación en generación en Cabricán.,Cincelado artesanal de madera noble para máscaras y cofres. Especialidad local desarrollada en Cabricán.
447,JADE_PULIDO_GT0906,Pulido de Jade de Cabricán,Técnica heredada de generación en generación en Cabricán.,Corte y abrasión fina de piedra de jadeita con herramientas de diamante. Especialidad local desarrollada en Cabricán.
448,AFINACION_ACUSTICA_GT0906,Afinación Acústica de Teclados de Cabricán,Técnica heredada de generación en generación en Cabricán.,Técnica de desbaste de tablillas de hormigo para dar afinación precisa. Especialidad local desarrollada en Cabricán.
449,PINTURA_PRIMITIVA_GT0906,Pintura Primitivista de Cabricán,Técnica heredada de generación en generación en Cabricán.,Estilo pictórico detallista y plano que muestra paisajes y ferias locales. Especialidad local desarrollada en Cabricán.
450,TEJIDO_MIMBRE_GT0906,Tejido en Fibras de Mimbre de Cabricán,Técnica heredada de generación en generación en Cabricán.,Entramado artesanal de fibras flexibles para cestería y sopladores. Especialidad local desarrollada en Cabricán.
451,TELAR_CINTURA_GT0907,Telar de Cintura de Cajolá,Técnica heredada de generación en generación en Cajolá.,Técnica milenaria de tejido suspendida sobre la cintura del tejedor. Especialidad local desarrollada en Cajolá.
452,TELAR_PIE_GT0907,Telar de Pie de Cajolá,Técnica heredada de generación en generación en Cajolá.,Técnica de tejido en telar de pedal introducido en la época colonial. Especialidad local desarrollada en Cajolá.
453,JASPEADO_HILO_GT0907,Jaspeado de Hilos de Cajolá,Técnica heredada de generación en generación en Cajolá.,Técnica de teñido por reserva mediante amarrado de hilos antes de tejer. Especialidad local desarrollada en Cajolá.
454,BARRO_MODELADO_GT0907,Barro Modelado a Mano de Cajolá,Técnica heredada de generación en generación en Cajolá.,"Moldeado directo de la arcilla sin torno, usando quemado al aire libre. Especialidad local desarrollada en Cajolá."
455,BARRO_TORNO_GT0907,Barro en Torno de Cajolá,Técnica heredada de generación en generación en Cajolá.,Modelado de piezas cerámicas circulares y simétricas con torno tradicional. Especialidad local desarrollada en Cajolá.
456,TALLADO_CEDRO_GT0907,Tallado en Madera de Cedro de Cajolá,Técnica heredada de generación en generación en Cajolá.,Cincelado artesanal de madera noble para máscaras y cofres. Especialidad local desarrollada en Cajolá.
457,JADE_PULIDO_GT0907,Pulido de Jade de Cajolá,Técnica heredada de generación en generación en Cajolá.,Corte y abrasión fina de piedra de jadeita con herramientas de diamante. Especialidad local desarrollada en Cajolá.
458,AFINACION_ACUSTICA_GT0907,Afinación Acústica de Teclados de Cajolá,Técnica heredada de generación en generación en Cajolá.,Técnica de desbaste de tablillas de hormigo para dar afinación precisa. Especialidad local desarrollada en Cajolá.
459,PINTURA_PRIMITIVA_GT0907,Pintura Primitivista de Cajolá,Técnica heredada de generación en generación en Cajolá.,Estilo pictórico detallista y plano que muestra paisajes y ferias locales. Especialidad local desarrollada en Cajolá.
460,TEJIDO_MIMBRE_GT0907,Tejido en Fibras de Mimbre de Cajolá,Técnica heredada de generación en generación en Cajolá.,Entramado artesanal de fibras flexibles para cestería y sopladores. Especialidad local desarrollada en Cajolá.
461,TELAR_CINTURA_GT0908,Telar de Cintura de San Miguel Sigüila,Técnica heredada de generación en generación en San Miguel Sigüila.,Técnica milenaria de tejido suspendida sobre la cintura del tejedor. Especialidad local desarrollada en San Miguel Sigüila.
462,TELAR_PIE_GT0908,Telar de Pie de San Miguel Sigüila,Técnica heredada de generación en generación en San Miguel Sigüila.,Técnica de tejido en telar de pedal introducido en la época colonial. Especialidad local desarrollada en San Miguel Sigüila.
463,JASPEADO_HILO_GT0908,Jaspeado de Hilos de San Miguel Sigüila,Técnica heredada de generación en generación en San Miguel Sigüila.,Técnica de teñido por reserva mediante amarrado de hilos antes de tejer. Especialidad local desarrollada en San Miguel Sigüila.
464,BARRO_MODELADO_GT0908,Barro Modelado a Mano de San Miguel Sigüila,Técnica heredada de generación en generación en San Miguel Sigüila.,"Moldeado directo de la arcilla sin torno, usando quemado al aire libre. Especialidad local desarrollada en San Miguel Sigüila."
465,BARRO_TORNO_GT0908,Barro en Torno de San Miguel Sigüila,Técnica heredada de generación en generación en San Miguel Sigüila.,Modelado de piezas cerámicas circulares y simétricas con torno tradicional. Especialidad local desarrollada en San Miguel Sigüila.
466,TALLADO_CEDRO_GT0908,Tallado en Madera de Cedro de San Miguel Sigüila,Técnica heredada de generación en generación en San Miguel Sigüila.,Cincelado artesanal de madera noble para máscaras y cofres. Especialidad local desarrollada en San Miguel Sigüila.
467,JADE_PULIDO_GT0908,Pulido de Jade de San Miguel Sigüila,Técnica heredada de generación en generación en San Miguel Sigüila.,Corte y abrasión fina de piedra de jadeita con herramientas de diamante. Especialidad local desarrollada en San Miguel Sigüila.
468,AFINACION_ACUSTICA_GT0908,Afinación Acústica de Teclados de San Miguel Sigüila,Técnica heredada de generación en generación en San Miguel Sigüila.,Técnica de desbaste de tablillas de hormigo para dar afinación precisa. Especialidad local desarrollada en San Miguel Sigüila.
469,PINTURA_PRIMITIVA_GT0908,Pintura Primitivista de San Miguel Sigüila,Técnica heredada de generación en generación en San Miguel Sigüila.,Estilo pictórico detallista y plano que muestra paisajes y ferias locales. Especialidad local desarrollada en San Miguel Sigüila.
470,TEJIDO_MIMBRE_GT0908,Tejido en Fibras de Mimbre de San Miguel Sigüila,Técnica heredada de generación en generación en San Miguel Sigüila.,Entramado artesanal de fibras flexibles para cestería y sopladores. Especialidad local desarrollada en San Miguel Sigüila.
471,TELAR_CINTURA_GT0909,Telar de Cintura de Ostuncalco,Técnica heredada de generación en generación en Ostuncalco.,Técnica milenaria de tejido suspendida sobre la cintura del tejedor. Especialidad local desarrollada en Ostuncalco.
472,TELAR_PIE_GT0909,Telar de Pie de Ostuncalco,Técnica heredada de generación en generación en Ostuncalco.,Técnica de tejido en telar de pedal introducido en la época colonial. Especialidad local desarrollada en Ostuncalco.
473,JASPEADO_HILO_GT0909,Jaspeado de Hilos de Ostuncalco,Técnica heredada de generación en generación en Ostuncalco.,Técnica de teñido por reserva mediante amarrado de hilos antes de tejer. Especialidad local desarrollada en Ostuncalco.
474,BARRO_MODELADO_GT0909,Barro Modelado a Mano de Ostuncalco,Técnica heredada de generación en generación en Ostuncalco.,"Moldeado directo de la arcilla sin torno, usando quemado al aire libre. Especialidad local desarrollada en Ostuncalco."
475,BARRO_TORNO_GT0909,Barro en Torno de Ostuncalco,Técnica heredada de generación en generación en Ostuncalco.,Modelado de piezas cerámicas circulares y simétricas con torno tradicional. Especialidad local desarrollada en Ostuncalco.
476,TALLADO_CEDRO_GT0909,Tallado en Madera de Cedro de Ostuncalco,Técnica heredada de generación en generación en Ostuncalco.,Cincelado artesanal de madera noble para máscaras y cofres. Especialidad local desarrollada en Ostuncalco.
477,JADE_PULIDO_GT0909,Pulido de Jade de Ostuncalco,Técnica heredada de generación en generación en Ostuncalco.,Corte y abrasión fina de piedra de jadeita con herramientas de diamante. Especialidad local desarrollada en Ostuncalco.
478,AFINACION_ACUSTICA_GT0909,Afinación Acústica de Teclados de Ostuncalco,Técnica heredada de generación en generación en Ostuncalco.,Técnica de desbaste de tablillas de hormigo para dar afinación precisa. Especialidad local desarrollada en Ostuncalco.
479,PINTURA_PRIMITIVA_GT0909,Pintura Primitivista de Ostuncalco,Técnica heredada de generación en generación en Ostuncalco.,Estilo pictórico detallista y plano que muestra paisajes y ferias locales. Especialidad local desarrollada en Ostuncalco.
480,TEJIDO_MIMBRE_GT0909,Tejido en Fibras de Mimbre de Ostuncalco,Técnica heredada de generación en generación en Ostuncalco.,Entramado artesanal de fibras flexibles para cestería y sopladores. Especialidad local desarrollada en Ostuncalco.
481,TELAR_CINTURA_GT0910,Telar de Cintura de San Mateo,Técnica heredada de generación en generación en San Mateo.,Técnica milenaria de tejido suspendida sobre la cintura del tejedor. Especialidad local desarrollada en San Mateo.
482,TELAR_PIE_GT0910,Telar de Pie de San Mateo,Técnica heredada de generación en generación en San Mateo.,Técnica de tejido en telar de pedal introducido en la época colonial. Especialidad local desarrollada en San Mateo.
483,JASPEADO_HILO_GT0910,Jaspeado de Hilos de San Mateo,Técnica heredada de generación en generación en San Mateo.,Técnica de teñido por reserva mediante amarrado de hilos antes de tejer. Especialidad local desarrollada en San Mateo.
484,BARRO_MODELADO_GT0910,Barro Modelado a Mano de San Mateo,Técnica heredada de generación en generación en San Mateo.,"Moldeado directo de la arcilla sin torno, usando quemado al aire libre. Especialidad local desarrollada en San Mateo."
485,BARRO_TORNO_GT0910,Barro en Torno de San Mateo,Técnica heredada de generación en generación en San Mateo.,Modelado de piezas cerámicas circulares y simétricas con torno tradicional. Especialidad local desarrollada en San Mateo.
486,TALLADO_CEDRO_GT0910,Tallado en Madera de Cedro de San Mateo,Técnica heredada de generación en generación en San Mateo.,Cincelado artesanal de madera noble para máscaras y cofres. Especialidad local desarrollada en San Mateo.
487,JADE_PULIDO_GT0910,Pulido de Jade de San Mateo,Técnica heredada de generación en generación en San Mateo.,Corte y abrasión fina de piedra de jadeita con herramientas de diamante. Especialidad local desarrollada en San Mateo.
488,AFINACION_ACUSTICA_GT0910,Afinación Acústica de Teclados de San Mateo,Técnica heredada de generación en generación en San Mateo.,Técnica de desbaste de tablillas de hormigo para dar afinación precisa. Especialidad local desarrollada en San Mateo.
489,PINTURA_PRIMITIVA_GT0910,Pintura Primitivista de San Mateo,Técnica heredada de generación en generación en San Mateo.,Estilo pictórico detallista y plano que muestra paisajes y ferias locales. Especialidad local desarrollada en San Mateo.
490,TEJIDO_MIMBRE_GT0910,Tejido en Fibras de Mimbre de San Mateo,Técnica heredada de generación en generación en San Mateo.,Entramado artesanal de fibras flexibles para cestería y sopladores. Especialidad local desarrollada en San Mateo.
491,TELAR_CINTURA_GT0911,Telar de Cintura de Concepción Chiquirichapa,Técnica heredada de generación en generación en Concepción Chiquirichapa.,Técnica milenaria de tejido suspendida sobre la cintura del tejedor. Especialidad local desarrollada en Concepción Chiquirichapa.
492,TELAR_PIE_GT0911,Telar de Pie de Concepción Chiquirichapa,Técnica heredada de generación en generación en Concepción Chiquirichapa.,Técnica de tejido en telar de pedal introducido en la época colonial. Especialidad local desarrollada en Concepción Chiquirichapa.
493,JASPEADO_HILO_GT0911,Jaspeado de Hilos de Concepción Chiquirichapa,Técnica heredada de generación en generación en Concepción Chiquirichapa.,Técnica de teñido por reserva mediante amarrado de hilos antes de tejer. Especialidad local desarrollada en Concepción Chiquirichapa.
494,BARRO_MODELADO_GT0911,Barro Modelado a Mano de Concepción Chiquirichapa,Técnica heredada de generación en generación en Concepción Chiquirichapa.,"Moldeado directo de la arcilla sin torno, usando quemado al aire libre. Especialidad local desarrollada en Concepción Chiquirichapa."
495,BARRO_TORNO_GT0911,Barro en Torno de Concepción Chiquirichapa,Técnica heredada de generación en generación en Concepción Chiquirichapa.,Modelado de piezas cerámicas circulares y simétricas con torno tradicional. Especialidad local desarrollada en Concepción Chiquirichapa.
496,TALLADO_CEDRO_GT0911,Tallado en Madera de Cedro de Concepción Chiquirichapa,Técnica heredada de generación en generación en Concepción Chiquirichapa.,Cincelado artesanal de madera noble para máscaras y cofres. Especialidad local desarrollada en Concepción Chiquirichapa.
497,JADE_PULIDO_GT0911,Pulido de Jade de Concepción Chiquirichapa,Técnica heredada de generación en generación en Concepción Chiquirichapa.,Corte y abrasión fina de piedra de jadeita con herramientas de diamante. Especialidad local desarrollada en Concepción Chiquirichapa.
498,AFINACION_ACUSTICA_GT0911,Afinación Acústica de Teclados de Concepción Chiquirichapa,Técnica heredada de generación en generación en Concepción Chiquirichapa.,Técnica de desbaste de tablillas de hormigo para dar afinación precisa. Especialidad local desarrollada en Concepción Chiquirichapa.
499,PINTURA_PRIMITIVA_GT0911,Pintura Primitivista de Concepción Chiquirichapa,Técnica heredada de generación en generación en Concepción Chiquirichapa.,Estilo pictórico detallista y plano que muestra paisajes y ferias locales. Especialidad local desarrollada en Concepción Chiquirichapa.
500,TEJIDO_MIMBRE_GT0911,Tejido en Fibras de Mimbre de Concepción Chiquirichapa,Técnica heredada de generación en generación en Concepción Chiquirichapa.,Entramado artesanal de fibras flexibles para cestería y sopladores. Especialidad local desarrollada en Concepción Chiquirichapa.
501,TELAR_CINTURA_GT0912,Telar de Cintura de San Martín Sacatepéquez,Técnica heredada de generación en generación en San Martín Sacatepéquez.,Técnica milenaria de tejido suspendida sobre la cintura del tejedor. Especialidad local desarrollada en San Martín Sacatepéquez.
502,TELAR_PIE_GT0912,Telar de Pie de San Martín Sacatepéquez,Técnica heredada de generación en generación en San Martín Sacatepéquez.,Técnica de tejido en telar de pedal introducido en la época colonial. Especialidad local desarrollada en San Martín Sacatepéquez.
503,JASPEADO_HILO_GT0912,Jaspeado de Hilos de San Martín Sacatepéquez,Técnica heredada de generación en generación en San Martín Sacatepéquez.,Técnica de teñido por reserva mediante amarrado de hilos antes de tejer. Especialidad local desarrollada en San Martín Sacatepéquez.
504,BARRO_MODELADO_GT0912,Barro Modelado a Mano de San Martín Sacatepéquez,Técnica heredada de generación en generación en San Martín Sacatepéquez.,"Moldeado directo de la arcilla sin torno, usando quemado al aire libre. Especialidad local desarrollada en San Martín Sacatepéquez."
505,BARRO_TORNO_GT0912,Barro en Torno de San Martín Sacatepéquez,Técnica heredada de generación en generación en San Martín Sacatepéquez.,Modelado de piezas cerámicas circulares y simétricas con torno tradicional. Especialidad local desarrollada en San Martín Sacatepéquez.
506,TALLADO_CEDRO_GT0912,Tallado en Madera de Cedro de San Martín Sacatepéquez,Técnica heredada de generación en generación en San Martín Sacatepéquez.,Cincelado artesanal de madera noble para máscaras y cofres. Especialidad local desarrollada en San Martín Sacatepéquez.
507,JADE_PULIDO_GT0912,Pulido de Jade de San Martín Sacatepéquez,Técnica heredada de generación en generación en San Martín Sacatepéquez.,Corte y abrasión fina de piedra de jadeita con herramientas de diamante. Especialidad local desarrollada en San Martín Sacatepéquez.
508,AFINACION_ACUSTICA_GT0912,Afinación Acústica de Teclados de San Martín Sacatepéquez,Técnica heredada de generación en generación en San Martín Sacatepéquez.,Técnica de desbaste de tablillas de hormigo para dar afinación precisa. Especialidad local desarrollada en San Martín Sacatepéquez.
509,PINTURA_PRIMITIVA_GT0912,Pintura Primitivista de San Martín Sacatepéquez,Técnica heredada de generación en generación en San Martín Sacatepéquez.,Estilo pictórico detallista y plano que muestra paisajes y ferias locales. Especialidad local desarrollada en San Martín Sacatepéquez.
510,TEJIDO_MIMBRE_GT0912,Tejido en Fibras de Mimbre de San Martín Sacatepéquez,Técnica heredada de generación en generación en San Martín Sacatepéquez.,Entramado artesanal de fibras flexibles para cestería y sopladores. Especialidad local desarrollada en San Martín Sacatepéquez.
511,TELAR_CINTURA_GT0913,Telar de Cintura de Almolonga,Técnica heredada de generación en generación en Almolonga.,Técnica milenaria de tejido suspendida sobre la cintura del tejedor. Especialidad local desarrollada en Almolonga.
512,TELAR_PIE_GT0913,Telar de Pie de Almolonga,Técnica heredada de generación en generación en Almolonga.,Técnica de tejido en telar de pedal introducido en la época colonial. Especialidad local desarrollada en Almolonga.
513,JASPEADO_HILO_GT0913,Jaspeado de Hilos de Almolonga,Técnica heredada de generación en generación en Almolonga.,Técnica de teñido por reserva mediante amarrado de hilos antes de tejer. Especialidad local desarrollada en Almolonga.
514,BARRO_MODELADO_GT0913,Barro Modelado a Mano de Almolonga,Técnica heredada de generación en generación en Almolonga.,"Moldeado directo de la arcilla sin torno, usando quemado al aire libre. Especialidad local desarrollada en Almolonga."
515,BARRO_TORNO_GT0913,Barro en Torno de Almolonga,Técnica heredada de generación en generación en Almolonga.,Modelado de piezas cerámicas circulares y simétricas con torno tradicional. Especialidad local desarrollada en Almolonga.
516,TALLADO_CEDRO_GT0913,Tallado en Madera de Cedro de Almolonga,Técnica heredada de generación en generación en Almolonga.,Cincelado artesanal de madera noble para máscaras y cofres. Especialidad local desarrollada en Almolonga.
517,JADE_PULIDO_GT0913,Pulido de Jade de Almolonga,Técnica heredada de generación en generación en Almolonga.,Corte y abrasión fina de piedra de jadeita con herramientas de diamante. Especialidad local desarrollada en Almolonga.
518,AFINACION_ACUSTICA_GT0913,Afinación Acústica de Teclados de Almolonga,Técnica heredada de generación en generación en Almolonga.,Técnica de desbaste de tablillas de hormigo para dar afinación precisa. Especialidad local desarrollada en Almolonga.
519,PINTURA_PRIMITIVA_GT0913,Pintura Primitivista de Almolonga,Técnica heredada de generación en generación en Almolonga.,Estilo pictórico detallista y plano que muestra paisajes y ferias locales. Especialidad local desarrollada en Almolonga.
520,TEJIDO_MIMBRE_GT0913,Tejido en Fibras de Mimbre de Almolonga,Técnica heredada de generación en generación en Almolonga.,Entramado artesanal de fibras flexibles para cestería y sopladores. Especialidad local desarrollada en Almolonga.
521,TELAR_CINTURA_GT0914,Telar de Cintura de Cantel,Técnica heredada de generación en generación en Cantel.,Técnica milenaria de tejido suspendida sobre la cintura del tejedor. Especialidad local desarrollada en Cantel.
522,TELAR_PIE_GT0914,Telar de Pie de Cantel,Técnica heredada de generación en generación en Cantel.,Técnica de tejido en telar de pedal introducido en la época colonial. Especialidad local desarrollada en Cantel.
523,JASPEADO_HILO_GT0914,Jaspeado de Hilos de Cantel,Técnica heredada de generación en generación en Cantel.,Técnica de teñido por reserva mediante amarrado de hilos antes de tejer. Especialidad local desarrollada en Cantel.
524,BARRO_MODELADO_GT0914,Barro Modelado a Mano de Cantel,Técnica heredada de generación en generación en Cantel.,"Moldeado directo de la arcilla sin torno, usando quemado al aire libre. Especialidad local desarrollada en Cantel."
525,BARRO_TORNO_GT0914,Barro en Torno de Cantel,Técnica heredada de generación en generación en Cantel.,Modelado de piezas cerámicas circulares y simétricas con torno tradicional. Especialidad local desarrollada en Cantel.
526,TALLADO_CEDRO_GT0914,Tallado en Madera de Cedro de Cantel,Técnica heredada de generación en generación en Cantel.,Cincelado artesanal de madera noble para máscaras y cofres. Especialidad local desarrollada en Cantel.
527,JADE_PULIDO_GT0914,Pulido de Jade de Cantel,Técnica heredada de generación en generación en Cantel.,Corte y abrasión fina de piedra de jadeita con herramientas de diamante. Especialidad local desarrollada en Cantel.
528,AFINACION_ACUSTICA_GT0914,Afinación Acústica de Teclados de Cantel,Técnica heredada de generación en generación en Cantel.,Técnica de desbaste de tablillas de hormigo para dar afinación precisa. Especialidad local desarrollada en Cantel.
529,PINTURA_PRIMITIVA_GT0914,Pintura Primitivista de Cantel,Técnica heredada de generación en generación en Cantel.,Estilo pictórico detallista y plano que muestra paisajes y ferias locales. Especialidad local desarrollada en Cantel.
530,TEJIDO_MIMBRE_GT0914,Tejido en Fibras de Mimbre de Cantel,Técnica heredada de generación en generación en Cantel.,Entramado artesanal de fibras flexibles para cestería y sopladores. Especialidad local desarrollada en Cantel.
531,TELAR_CINTURA_GT0915,Telar de Cintura de Huitán,Técnica heredada de generación en generación en Huitán.,Técnica milenaria de tejido suspendida sobre la cintura del tejedor. Especialidad local desarrollada en Huitán.
532,TELAR_PIE_GT0915,Telar de Pie de Huitán,Técnica heredada de generación en generación en Huitán.,Técnica de tejido en telar de pedal introducido en la época colonial. Especialidad local desarrollada en Huitán.
533,JASPEADO_HILO_GT0915,Jaspeado de Hilos de Huitán,Técnica heredada de generación en generación en Huitán.,Técnica de teñido por reserva mediante amarrado de hilos antes de tejer. Especialidad local desarrollada en Huitán.
534,BARRO_MODELADO_GT0915,Barro Modelado a Mano de Huitán,Técnica heredada de generación en generación en Huitán.,"Moldeado directo de la arcilla sin torno, usando quemado al aire libre. Especialidad local desarrollada en Huitán."
535,BARRO_TORNO_GT0915,Barro en Torno de Huitán,Técnica heredada de generación en generación en Huitán.,Modelado de piezas cerámicas circulares y simétricas con torno tradicional. Especialidad local desarrollada en Huitán.
536,TALLADO_CEDRO_GT0915,Tallado en Madera de Cedro de Huitán,Técnica heredada de generación en generación en Huitán.,Cincelado artesanal de madera noble para máscaras y cofres. Especialidad local desarrollada en Huitán.
537,JADE_PULIDO_GT0915,Pulido de Jade de Huitán,Técnica heredada de generación en generación en Huitán.,Corte y abrasión fina de piedra de jadeita con herramientas de diamante. Especialidad local desarrollada en Huitán.
538,AFINACION_ACUSTICA_GT0915,Afinación Acústica de Teclados de Huitán,Técnica heredada de generación en generación en Huitán.,Técnica de desbaste de tablillas de hormigo para dar afinación precisa. Especialidad local desarrollada en Huitán.
539,PINTURA_PRIMITIVA_GT0915,Pintura Primitivista de Huitán,Técnica heredada de generación en generación en Huitán.,Estilo pictórico detallista y plano que muestra paisajes y ferias locales. Especialidad local desarrollada en Huitán.
540,TEJIDO_MIMBRE_GT0915,Tejido en Fibras de Mimbre de Huitán,Técnica heredada de generación en generación en Huitán.,Entramado artesanal de fibras flexibles para cestería y sopladores. Especialidad local desarrollada en Huitán.
541,TELAR_CINTURA_GT0916,Telar de Cintura de Zunil,Técnica heredada de generación en generación en Zunil.,Técnica milenaria de tejido suspendida sobre la cintura del tejedor. Especialidad local desarrollada en Zunil.
542,TELAR_PIE_GT0916,Telar de Pie de Zunil,Técnica heredada de generación en generación en Zunil.,Técnica de tejido en telar de pedal introducido en la época colonial. Especialidad local desarrollada en Zunil.
543,JASPEADO_HILO_GT0916,Jaspeado de Hilos de Zunil,Técnica heredada de generación en generación en Zunil.,Técnica de teñido por reserva mediante amarrado de hilos antes de tejer. Especialidad local desarrollada en Zunil.
544,BARRO_MODELADO_GT0916,Barro Modelado a Mano de Zunil,Técnica heredada de generación en generación en Zunil.,"Moldeado directo de la arcilla sin torno, usando quemado al aire libre. Especialidad local desarrollada en Zunil."
545,BARRO_TORNO_GT0916,Barro en Torno de Zunil,Técnica heredada de generación en generación en Zunil.,Modelado de piezas cerámicas circulares y simétricas con torno tradicional. Especialidad local desarrollada en Zunil.
546,TALLADO_CEDRO_GT0916,Tallado en Madera de Cedro de Zunil,Técnica heredada de generación en generación en Zunil.,Cincelado artesanal de madera noble para máscaras y cofres. Especialidad local desarrollada en Zunil.
547,JADE_PULIDO_GT0916,Pulido de Jade de Zunil,Técnica heredada de generación en generación en Zunil.,Corte y abrasión fina de piedra de jadeita con herramientas de diamante. Especialidad local desarrollada en Zunil.
548,AFINACION_ACUSTICA_GT0916,Afinación Acústica de Teclados de Zunil,Técnica heredada de generación en generación en Zunil.,Técnica de desbaste de tablillas de hormigo para dar afinación precisa. Especialidad local desarrollada en Zunil.
549,PINTURA_PRIMITIVA_GT0916,Pintura Primitivista de Zunil,Técnica heredada de generación en generación en Zunil.,Estilo pictórico detallista y plano que muestra paisajes y ferias locales. Especialidad local desarrollada en Zunil.
550,TEJIDO_MIMBRE_GT0916,Tejido en Fibras de Mimbre de Zunil,Técnica heredada de generación en generación en Zunil.,Entramado artesanal de fibras flexibles para cestería y sopladores. Especialidad local desarrollada en Zunil.
551,TELAR_CINTURA_GT0917,Telar de Cintura de Colomba,Técnica heredada de generación en generación en Colomba.,Técnica milenaria de tejido suspendida sobre la cintura del tejedor. Especialidad local desarrollada en Colomba.
552,TELAR_PIE_GT0917,Telar de Pie de Colomba,Técnica heredada de generación en generación en Colomba.,Técnica de tejido en telar de pedal introducido en la época colonial. Especialidad local desarrollada en Colomba.
553,JASPEADO_HILO_GT0917,Jaspeado de Hilos de Colomba,Técnica heredada de generación en generación en Colomba.,Técnica de teñido por reserva mediante amarrado de hilos antes de tejer. Especialidad local desarrollada en Colomba.
554,BARRO_MODELADO_GT0917,Barro Modelado a Mano de Colomba,Técnica heredada de generación en generación en Colomba.,"Moldeado directo de la arcilla sin torno, usando quemado al aire libre. Especialidad local desarrollada en Colomba."
555,BARRO_TORNO_GT0917,Barro en Torno de Colomba,Técnica heredada de generación en generación en Colomba.,Modelado de piezas cerámicas circulares y simétricas con torno tradicional. Especialidad local desarrollada en Colomba.
556,TALLADO_CEDRO_GT0917,Tallado en Madera de Cedro de Colomba,Técnica heredada de generación en generación en Colomba.,Cincelado artesanal de madera noble para máscaras y cofres. Especialidad local desarrollada en Colomba.
557,JADE_PULIDO_GT0917,Pulido de Jade de Colomba,Técnica heredada de generación en generación en Colomba.,Corte y abrasión fina de piedra de jadeita con herramientas de diamante. Especialidad local desarrollada en Colomba.
558,AFINACION_ACUSTICA_GT0917,Afinación Acústica de Teclados de Colomba,Técnica heredada de generación en generación en Colomba.,Técnica de desbaste de tablillas de hormigo para dar afinación precisa. Especialidad local desarrollada en Colomba.
559,PINTURA_PRIMITIVA_GT0917,Pintura Primitivista de Colomba,Técnica heredada de generación en generación en Colomba.,Estilo pictórico detallista y plano que muestra paisajes y ferias locales. Especialidad local desarrollada en Colomba.
560,TEJIDO_MIMBRE_GT0917,Tejido en Fibras de Mimbre de Colomba,Técnica heredada de generación en generación en Colomba.,Entramado artesanal de fibras flexibles para cestería y sopladores. Especialidad local desarrollada en Colomba.
561,TELAR_CINTURA_GT0918,Telar de Cintura de San Francisco La Unión,Técnica heredada de generación en generación en San Francisco La Unión.,Técnica milenaria de tejido suspendida sobre la cintura del tejedor. Especialidad local desarrollada en San Francisco La Unión.
562,TELAR_PIE_GT0918,Telar de Pie de San Francisco La Unión,Técnica heredada de generación en generación en San Francisco La Unión.,Técnica de tejido en telar de pedal introducido en la época colonial. Especialidad local desarrollada en San Francisco La Unión.
563,JASPEADO_HILO_GT0918,Jaspeado de Hilos de San Francisco La Unión,Técnica heredada de generación en generación en San Francisco La Unión.,Técnica de teñido por reserva mediante amarrado de hilos antes de tejer. Especialidad local desarrollada en San Francisco La Unión.
564,BARRO_MODELADO_GT0918,Barro Modelado a Mano de San Francisco La Unión,Técnica heredada de generación en generación en San Francisco La Unión.,"Moldeado directo de la arcilla sin torno, usando quemado al aire libre. Especialidad local desarrollada en San Francisco La Unión."
565,BARRO_TORNO_GT0918,Barro en Torno de San Francisco La Unión,Técnica heredada de generación en generación en San Francisco La Unión.,Modelado de piezas cerámicas circulares y simétricas con torno tradicional. Especialidad local desarrollada en San Francisco La Unión.
566,TALLADO_CEDRO_GT0918,Tallado en Madera de Cedro de San Francisco La Unión,Técnica heredada de generación en generación en San Francisco La Unión.,Cincelado artesanal de madera noble para máscaras y cofres. Especialidad local desarrollada en San Francisco La Unión.
567,JADE_PULIDO_GT0918,Pulido de Jade de San Francisco La Unión,Técnica heredada de generación en generación en San Francisco La Unión.,Corte y abrasión fina de piedra de jadeita con herramientas de diamante. Especialidad local desarrollada en San Francisco La Unión.
568,AFINACION_ACUSTICA_GT0918,Afinación Acústica de Teclados de San Francisco La Unión,Técnica heredada de generación en generación en San Francisco La Unión.,Técnica de desbaste de tablillas de hormigo para dar afinación precisa. Especialidad local desarrollada en San Francisco La Unión.
569,PINTURA_PRIMITIVA_GT0918,Pintura Primitivista de San Francisco La Unión,Técnica heredada de generación en generación en San Francisco La Unión.,Estilo pictórico detallista y plano que muestra paisajes y ferias locales. Especialidad local desarrollada en San Francisco La Unión.
570,TEJIDO_MIMBRE_GT0918,Tejido en Fibras de Mimbre de San Francisco La Unión,Técnica heredada de generación en generación en San Francisco La Unión.,Entramado artesanal de fibras flexibles para cestería y sopladores. Especialidad local desarrollada en San Francisco La Unión.
571,TELAR_CINTURA_GT0919,Telar de Cintura de El Palmar,Técnica heredada de generación en generación en El Palmar.,Técnica milenaria de tejido suspendida sobre la cintura del tejedor. Especialidad local desarrollada en El Palmar.
572,TELAR_PIE_GT0919,Telar de Pie de El Palmar,Técnica heredada de generación en generación en El Palmar.,Técnica de tejido en telar de pedal introducido en la época colonial. Especialidad local desarrollada en El Palmar.
573,JASPEADO_HILO_GT0919,Jaspeado de Hilos de El Palmar,Técnica heredada de generación en generación en El Palmar.,Técnica de teñido por reserva mediante amarrado de hilos antes de tejer. Especialidad local desarrollada en El Palmar.
574,BARRO_MODELADO_GT0919,Barro Modelado a Mano de El Palmar,Técnica heredada de generación en generación en El Palmar.,"Moldeado directo de la arcilla sin torno, usando quemado al aire libre. Especialidad local desarrollada en El Palmar."
575,BARRO_TORNO_GT0919,Barro en Torno de El Palmar,Técnica heredada de generación en generación en El Palmar.,Modelado de piezas cerámicas circulares y simétricas con torno tradicional. Especialidad local desarrollada en El Palmar.
576,TALLADO_CEDRO_GT0919,Tallado en Madera de Cedro de El Palmar,Técnica heredada de generación en generación en El Palmar.,Cincelado artesanal de madera noble para máscaras y cofres. Especialidad local desarrollada en El Palmar.
577,JADE_PULIDO_GT0919,Pulido de Jade de El Palmar,Técnica heredada de generación en generación en El Palmar.,Corte y abrasión fina de piedra de jadeita con herramientas de diamante. Especialidad local desarrollada en El Palmar.
578,AFINACION_ACUSTICA_GT0919,Afinación Acústica de Teclados de El Palmar,Técnica heredada de generación en generación en El Palmar.,Técnica de desbaste de tablillas de hormigo para dar afinación precisa. Especialidad local desarrollada en El Palmar.
579,PINTURA_PRIMITIVA_GT0919,Pintura Primitivista de El Palmar,Técnica heredada de generación en generación en El Palmar.,Estilo pictórico detallista y plano que muestra paisajes y ferias locales. Especialidad local desarrollada en El Palmar.
580,TEJIDO_MIMBRE_GT0919,Tejido en Fibras de Mimbre de El Palmar,Técnica heredada de generación en generación en El Palmar.,Entramado artesanal de fibras flexibles para cestería y sopladores. Especialidad local desarrollada en El Palmar.
581,TELAR_CINTURA_GT0920,Telar de Cintura de Coatepeque,Técnica heredada de generación en generación en Coatepeque.,Técnica milenaria de tejido suspendida sobre la cintura del tejedor. Especialidad local desarrollada en Coatepeque.
582,TELAR_PIE_GT0920,Telar de Pie de Coatepeque,Técnica heredada de generación en generación en Coatepeque.,Técnica de tejido en telar de pedal introducido en la época colonial. Especialidad local desarrollada en Coatepeque.
583,JASPEADO_HILO_GT0920,Jaspeado de Hilos de Coatepeque,Técnica heredada de generación en generación en Coatepeque.,Técnica de teñido por reserva mediante amarrado de hilos antes de tejer. Especialidad local desarrollada en Coatepeque.
584,BARRO_MODELADO_GT0920,Barro Modelado a Mano de Coatepeque,Técnica heredada de generación en generación en Coatepeque.,"Moldeado directo de la arcilla sin torno, usando quemado al aire libre. Especialidad local desarrollada en Coatepeque."
585,BARRO_TORNO_GT0920,Barro en Torno de Coatepeque,Técnica heredada de generación en generación en Coatepeque.,Modelado de piezas cerámicas circulares y simétricas con torno tradicional. Especialidad local desarrollada en Coatepeque.
586,TALLADO_CEDRO_GT0920,Tallado en Madera de Cedro de Coatepeque,Técnica heredada de generación en generación en Coatepeque.,Cincelado artesanal de madera noble para máscaras y cofres. Especialidad local desarrollada en Coatepeque.
587,JADE_PULIDO_GT0920,Pulido de Jade de Coatepeque,Técnica heredada de generación en generación en Coatepeque.,Corte y abrasión fina de piedra de jadeita con herramientas de diamante. Especialidad local desarrollada en Coatepeque.
588,AFINACION_ACUSTICA_GT0920,Afinación Acústica de Teclados de Coatepeque,Técnica heredada de generación en generación en Coatepeque.,Técnica de desbaste de tablillas de hormigo para dar afinación precisa. Especialidad local desarrollada en Coatepeque.
589,PINTURA_PRIMITIVA_GT0920,Pintura Primitivista de Coatepeque,Técnica heredada de generación en generación en Coatepeque.,Estilo pictórico detallista y plano que muestra paisajes y ferias locales. Especialidad local desarrollada en Coatepeque.
590,TEJIDO_MIMBRE_GT0920,Tejido en Fibras de Mimbre de Coatepeque,Técnica heredada de generación en generación en Coatepeque.,Entramado artesanal de fibras flexibles para cestería y sopladores. Especialidad local desarrollada en Coatepeque.
591,TELAR_CINTURA_GT0921,Telar de Cintura de Génova,Técnica heredada de generación en generación en Génova.,Técnica milenaria de tejido suspendida sobre la cintura del tejedor. Especialidad local desarrollada en Génova.
592,TELAR_PIE_GT0921,Telar de Pie de Génova,Técnica heredada de generación en generación en Génova.,Técnica de tejido en telar de pedal introducido en la época colonial. Especialidad local desarrollada en Génova.
593,JASPEADO_HILO_GT0921,Jaspeado de Hilos de Génova,Técnica heredada de generación en generación en Génova.,Técnica de teñido por reserva mediante amarrado de hilos antes de tejer. Especialidad local desarrollada en Génova.
594,BARRO_MODELADO_GT0921,Barro Modelado a Mano de Génova,Técnica heredada de generación en generación en Génova.,"Moldeado directo de la arcilla sin torno, usando quemado al aire libre. Especialidad local desarrollada en Génova."
595,BARRO_TORNO_GT0921,Barro en Torno de Génova,Técnica heredada de generación en generación en Génova.,Modelado de piezas cerámicas circulares y simétricas con torno tradicional. Especialidad local desarrollada en Génova.
596,TALLADO_CEDRO_GT0921,Tallado en Madera de Cedro de Génova,Técnica heredada de generación en generación en Génova.,Cincelado artesanal de madera noble para máscaras y cofres. Especialidad local desarrollada en Génova.
597,JADE_PULIDO_GT0921,Pulido de Jade de Génova,Técnica heredada de generación en generación en Génova.,Corte y abrasión fina de piedra de jadeita con herramientas de diamante. Especialidad local desarrollada en Génova.
598,AFINACION_ACUSTICA_GT0921,Afinación Acústica de Teclados de Génova,Técnica heredada de generación en generación en Génova.,Técnica de desbaste de tablillas de hormigo para dar afinación precisa. Especialidad local desarrollada en Génova.
599,PINTURA_PRIMITIVA_GT0921,Pintura Primitivista de Génova,Técnica heredada de generación en generación en Génova.,Estilo pictórico detallista y plano que muestra paisajes y ferias locales. Especialidad local desarrollada en Génova.
600,TEJIDO_MIMBRE_GT0921,Tejido en Fibras de Mimbre de Génova,Técnica heredada de generación en generación en Génova.,Entramado artesanal de fibras flexibles para cestería y sopladores. Especialidad local desarrollada en Génova.
601,TELAR_CINTURA_GT0922,Telar de Cintura de Flores Costa Cuca,Técnica heredada de generación en generación en Flores Costa Cuca.,Técnica milenaria de tejido suspendida sobre la cintura del tejedor. Especialidad local desarrollada en Flores Costa Cuca.
602,TELAR_PIE_GT0922,Telar de Pie de Flores Costa Cuca,Técnica heredada de generación en generación en Flores Costa Cuca.,Técnica de tejido en telar de pedal introducido en la época colonial. Especialidad local desarrollada en Flores Costa Cuca.
603,JASPEADO_HILO_GT0922,Jaspeado de Hilos de Flores Costa Cuca,Técnica heredada de generación en generación en Flores Costa Cuca.,Técnica de teñido por reserva mediante amarrado de hilos antes de tejer. Especialidad local desarrollada en Flores Costa Cuca.
604,BARRO_MODELADO_GT0922,Barro Modelado a Mano de Flores Costa Cuca,Técnica heredada de generación en generación en Flores Costa Cuca.,"Moldeado directo de la arcilla sin torno, usando quemado al aire libre. Especialidad local desarrollada en Flores Costa Cuca."
605,BARRO_TORNO_GT0922,Barro en Torno de Flores Costa Cuca,Técnica heredada de generación en generación en Flores Costa Cuca.,Modelado de piezas cerámicas circulares y simétricas con torno tradicional. Especialidad local desarrollada en Flores Costa Cuca.
606,TALLADO_CEDRO_GT0922,Tallado en Madera de Cedro de Flores Costa Cuca,Técnica heredada de generación en generación en Flores Costa Cuca.,Cincelado artesanal de madera noble para máscaras y cofres. Especialidad local desarrollada en Flores Costa Cuca.
607,JADE_PULIDO_GT0922,Pulido de Jade de Flores Costa Cuca,Técnica heredada de generación en generación en Flores Costa Cuca.,Corte y abrasión fina de piedra de jadeita con herramientas de diamante. Especialidad local desarrollada en Flores Costa Cuca.
608,AFINACION_ACUSTICA_GT0922,Afinación Acústica de Teclados de Flores Costa Cuca,Técnica heredada de generación en generación en Flores Costa Cuca.,Técnica de desbaste de tablillas de hormigo para dar afinación precisa. Especialidad local desarrollada en Flores Costa Cuca.
609,PINTURA_PRIMITIVA_GT0922,Pintura Primitivista de Flores Costa Cuca,Técnica heredada de generación en generación en Flores Costa Cuca.,Estilo pictórico detallista y plano que muestra paisajes y ferias locales. Especialidad local desarrollada en Flores Costa Cuca.
610,TEJIDO_MIMBRE_GT0922,Tejido en Fibras de Mimbre de Flores Costa Cuca,Técnica heredada de generación en generación en Flores Costa Cuca.,Entramado artesanal de fibras flexibles para cestería y sopladores. Especialidad local desarrollada en Flores Costa Cuca.
611,TELAR_CINTURA_GT0923,Telar de Cintura de La Esperanza,Técnica heredada de generación en generación en La Esperanza.,Técnica milenaria de tejido suspendida sobre la cintura del tejedor. Especialidad local desarrollada en La Esperanza.
612,TELAR_PIE_GT0923,Telar de Pie de La Esperanza,Técnica heredada de generación en generación en La Esperanza.,Técnica de tejido en telar de pedal introducido en la época colonial. Especialidad local desarrollada en La Esperanza.
613,JASPEADO_HILO_GT0923,Jaspeado de Hilos de La Esperanza,Técnica heredada de generación en generación en La Esperanza.,Técnica de teñido por reserva mediante amarrado de hilos antes de tejer. Especialidad local desarrollada en La Esperanza.
614,BARRO_MODELADO_GT0923,Barro Modelado a Mano de La Esperanza,Técnica heredada de generación en generación en La Esperanza.,"Moldeado directo de la arcilla sin torno, usando quemado al aire libre. Especialidad local desarrollada en La Esperanza."
615,BARRO_TORNO_GT0923,Barro en Torno de La Esperanza,Técnica heredada de generación en generación en La Esperanza.,Modelado de piezas cerámicas circulares y simétricas con torno tradicional. Especialidad local desarrollada en La Esperanza.
616,TALLADO_CEDRO_GT0923,Tallado en Madera de Cedro de La Esperanza,Técnica heredada de generación en generación en La Esperanza.,Cincelado artesanal de madera noble para máscaras y cofres. Especialidad local desarrollada en La Esperanza.
617,JADE_PULIDO_GT0923,Pulido de Jade de La Esperanza,Técnica heredada de generación en generación en La Esperanza.,Corte y abrasión fina de piedra de jadeita con herramientas de diamante. Especialidad local desarrollada en La Esperanza.
618,AFINACION_ACUSTICA_GT0923,Afinación Acústica de Teclados de La Esperanza,Técnica heredada de generación en generación en La Esperanza.,Técnica de desbaste de tablillas de hormigo para dar afinación precisa. Especialidad local desarrollada en La Esperanza.
619,PINTURA_PRIMITIVA_GT0923,Pintura Primitivista de La Esperanza,Técnica heredada de generación en generación en La Esperanza.,Estilo pictórico detallista y plano que muestra paisajes y ferias locales. Especialidad local desarrollada en La Esperanza.
620,TEJIDO_MIMBRE_GT0923,Tejido en Fibras de Mimbre de La Esperanza,Técnica heredada de generación en generación en La Esperanza.,Entramado artesanal de fibras flexibles para cestería y sopladores. Especialidad local desarrollada en La Esperanza.
621,TELAR_CINTURA_GT0924,Telar de Cintura de Palestina de Los Altos,Técnica heredada de generación en generación en Palestina de Los Altos.,Técnica milenaria de tejido suspendida sobre la cintura del tejedor. Especialidad local desarrollada en Palestina de Los Altos.
622,TELAR_PIE_GT0924,Telar de Pie de Palestina de Los Altos,Técnica heredada de generación en generación en Palestina de Los Altos.,Técnica de tejido en telar de pedal introducido en la época colonial. Especialidad local desarrollada en Palestina de Los Altos.
623,JASPEADO_HILO_GT0924,Jaspeado de Hilos de Palestina de Los Altos,Técnica heredada de generación en generación en Palestina de Los Altos.,Técnica de teñido por reserva mediante amarrado de hilos antes de tejer. Especialidad local desarrollada en Palestina de Los Altos.
624,BARRO_MODELADO_GT0924,Barro Modelado a Mano de Palestina de Los Altos,Técnica heredada de generación en generación en Palestina de Los Altos.,"Moldeado directo de la arcilla sin torno, usando quemado al aire libre. Especialidad local desarrollada en Palestina de Los Altos."
625,BARRO_TORNO_GT0924,Barro en Torno de Palestina de Los Altos,Técnica heredada de generación en generación en Palestina de Los Altos.,Modelado de piezas cerámicas circulares y simétricas con torno tradicional. Especialidad local desarrollada en Palestina de Los Altos.
626,TALLADO_CEDRO_GT0924,Tallado en Madera de Cedro de Palestina de Los Altos,Técnica heredada de generación en generación en Palestina de Los Altos.,Cincelado artesanal de madera noble para máscaras y cofres. Especialidad local desarrollada en Palestina de Los Altos.
627,JADE_PULIDO_GT0924,Pulido de Jade de Palestina de Los Altos,Técnica heredada de generación en generación en Palestina de Los Altos.,Corte y abrasión fina de piedra de jadeita con herramientas de diamante. Especialidad local desarrollada en Palestina de Los Altos.
628,AFINACION_ACUSTICA_GT0924,Afinación Acústica de Teclados de Palestina de Los Altos,Técnica heredada de generación en generación en Palestina de Los Altos.,Técnica de desbaste de tablillas de hormigo para dar afinación precisa. Especialidad local desarrollada en Palestina de Los Altos.
629,PINTURA_PRIMITIVA_GT0924,Pintura Primitivista de Palestina de Los Altos,Técnica heredada de generación en generación en Palestina de Los Altos.,Estilo pictórico detallista y plano que muestra paisajes y ferias locales. Especialidad local desarrollada en Palestina de Los Altos.
630,TEJIDO_MIMBRE_GT0924,Tejido en Fibras de Mimbre de Palestina de Los Altos,Técnica heredada de generación en generación en Palestina de Los Altos.,Entramado artesanal de fibras flexibles para cestería y sopladores. Especialidad local desarrollada en Palestina de Los Altos.
631,TELAR_CINTURA_GT1201,Telar de Cintura de San Marcos,Técnica heredada de generación en generación en San Marcos.,Técnica milenaria de tejido suspendida sobre la cintura del tejedor. Especialidad local desarrollada en San Marcos.
632,TELAR_PIE_GT1201,Telar de Pie de San Marcos,Técnica heredada de generación en generación en San Marcos.,Técnica de tejido en telar de pedal introducido en la época colonial. Especialidad local desarrollada en San Marcos.
633,JASPEADO_HILO_GT1201,Jaspeado de Hilos de San Marcos,Técnica heredada de generación en generación en San Marcos.,Técnica de teñido por reserva mediante amarrado de hilos antes de tejer. Especialidad local desarrollada en San Marcos.
634,BARRO_MODELADO_GT1201,Barro Modelado a Mano de San Marcos,Técnica heredada de generación en generación en San Marcos.,"Moldeado directo de la arcilla sin torno, usando quemado al aire libre. Especialidad local desarrollada en San Marcos."
635,BARRO_TORNO_GT1201,Barro en Torno de San Marcos,Técnica heredada de generación en generación en San Marcos.,Modelado de piezas cerámicas circulares y simétricas con torno tradicional. Especialidad local desarrollada en San Marcos.
636,TALLADO_CEDRO_GT1201,Tallado en Madera de Cedro de San Marcos,Técnica heredada de generación en generación en San Marcos.,Cincelado artesanal de madera noble para máscaras y cofres. Especialidad local desarrollada en San Marcos.
637,JADE_PULIDO_GT1201,Pulido de Jade de San Marcos,Técnica heredada de generación en generación en San Marcos.,Corte y abrasión fina de piedra de jadeita con herramientas de diamante. Especialidad local desarrollada en San Marcos.
638,AFINACION_ACUSTICA_GT1201,Afinación Acústica de Teclados de San Marcos,Técnica heredada de generación en generación en San Marcos.,Técnica de desbaste de tablillas de hormigo para dar afinación precisa. Especialidad local desarrollada en San Marcos.
639,PINTURA_PRIMITIVA_GT1201,Pintura Primitivista de San Marcos,Técnica heredada de generación en generación en San Marcos.,Estilo pictórico detallista y plano que muestra paisajes y ferias locales. Especialidad local desarrollada en San Marcos.
640,TEJIDO_MIMBRE_GT1201,Tejido en Fibras de Mimbre de San Marcos,Técnica heredada de generación en generación en San Marcos.,Entramado artesanal de fibras flexibles para cestería y sopladores. Especialidad local desarrollada en San Marcos.
641,TELAR_CINTURA_GT1202,Telar de Cintura de San Pedro Sacatepéquez,Técnica heredada de generación en generación en San Pedro Sacatepéquez.,Técnica milenaria de tejido suspendida sobre la cintura del tejedor. Especialidad local desarrollada en San Pedro Sacatepéquez.
642,TELAR_PIE_GT1202,Telar de Pie de San Pedro Sacatepéquez,Técnica heredada de generación en generación en San Pedro Sacatepéquez.,Técnica de tejido en telar de pedal introducido en la época colonial. Especialidad local desarrollada en San Pedro Sacatepéquez.
643,JASPEADO_HILO_GT1202,Jaspeado de Hilos de San Pedro Sacatepéquez,Técnica heredada de generación en generación en San Pedro Sacatepéquez.,Técnica de teñido por reserva mediante amarrado de hilos antes de tejer. Especialidad local desarrollada en San Pedro Sacatepéquez.
644,BARRO_MODELADO_GT1202,Barro Modelado a Mano de San Pedro Sacatepéquez,Técnica heredada de generación en generación en San Pedro Sacatepéquez.,"Moldeado directo de la arcilla sin torno, usando quemado al aire libre. Especialidad local desarrollada en San Pedro Sacatepéquez."
645,BARRO_TORNO_GT1202,Barro en Torno de San Pedro Sacatepéquez,Técnica heredada de generación en generación en San Pedro Sacatepéquez.,Modelado de piezas cerámicas circulares y simétricas con torno tradicional. Especialidad local desarrollada en San Pedro Sacatepéquez.
646,TALLADO_CEDRO_GT1202,Tallado en Madera de Cedro de San Pedro Sacatepéquez,Técnica heredada de generación en generación en San Pedro Sacatepéquez.,Cincelado artesanal de madera noble para máscaras y cofres. Especialidad local desarrollada en San Pedro Sacatepéquez.
647,JADE_PULIDO_GT1202,Pulido de Jade de San Pedro Sacatepéquez,Técnica heredada de generación en generación en San Pedro Sacatepéquez.,Corte y abrasión fina de piedra de jadeita con herramientas de diamante. Especialidad local desarrollada en San Pedro Sacatepéquez.
648,AFINACION_ACUSTICA_GT1202,Afinación Acústica de Teclados de San Pedro Sacatepéquez,Técnica heredada de generación en generación en San Pedro Sacatepéquez.,Técnica de desbaste de tablillas de hormigo para dar afinación precisa. Especialidad local desarrollada en San Pedro Sacatepéquez.
649,PINTURA_PRIMITIVA_GT1202,Pintura Primitivista de San Pedro Sacatepéquez,Técnica heredada de generación en generación en San Pedro Sacatepéquez.,Estilo pictórico detallista y plano que muestra paisajes y ferias locales. Especialidad local desarrollada en San Pedro Sacatepéquez.
650,TEJIDO_MIMBRE_GT1202,Tejido en Fibras de Mimbre de San Pedro Sacatepéquez,Técnica heredada de generación en generación en San Pedro Sacatepéquez.,Entramado artesanal de fibras flexibles para cestería y sopladores. Especialidad local desarrollada en San Pedro Sacatepéquez.
651,TELAR_CINTURA_GT1203,Telar de Cintura de San Antonio Sacatepéquez,Técnica heredada de generación en generación en San Antonio Sacatepéquez.,Técnica milenaria de tejido suspendida sobre la cintura del tejedor. Especialidad local desarrollada en San Antonio Sacatepéquez.
652,TELAR_PIE_GT1203,Telar de Pie de San Antonio Sacatepéquez,Técnica heredada de generación en generación en San Antonio Sacatepéquez.,Técnica de tejido en telar de pedal introducido en la época colonial. Especialidad local desarrollada en San Antonio Sacatepéquez.
653,JASPEADO_HILO_GT1203,Jaspeado de Hilos de San Antonio Sacatepéquez,Técnica heredada de generación en generación en San Antonio Sacatepéquez.,Técnica de teñido por reserva mediante amarrado de hilos antes de tejer. Especialidad local desarrollada en San Antonio Sacatepéquez.
654,BARRO_MODELADO_GT1203,Barro Modelado a Mano de San Antonio Sacatepéquez,Técnica heredada de generación en generación en San Antonio Sacatepéquez.,"Moldeado directo de la arcilla sin torno, usando quemado al aire libre. Especialidad local desarrollada en San Antonio Sacatepéquez."
655,BARRO_TORNO_GT1203,Barro en Torno de San Antonio Sacatepéquez,Técnica heredada de generación en generación en San Antonio Sacatepéquez.,Modelado de piezas cerámicas circulares y simétricas con torno tradicional. Especialidad local desarrollada en San Antonio Sacatepéquez.
656,TALLADO_CEDRO_GT1203,Tallado en Madera de Cedro de San Antonio Sacatepéquez,Técnica heredada de generación en generación en San Antonio Sacatepéquez.,Cincelado artesanal de madera noble para máscaras y cofres. Especialidad local desarrollada en San Antonio Sacatepéquez.
657,JADE_PULIDO_GT1203,Pulido de Jade de San Antonio Sacatepéquez,Técnica heredada de generación en generación en San Antonio Sacatepéquez.,Corte y abrasión fina de piedra de jadeita con herramientas de diamante. Especialidad local desarrollada en San Antonio Sacatepéquez.
658,AFINACION_ACUSTICA_GT1203,Afinación Acústica de Teclados de San Antonio Sacatepéquez,Técnica heredada de generación en generación en San Antonio Sacatepéquez.,Técnica de desbaste de tablillas de hormigo para dar afinación precisa. Especialidad local desarrollada en San Antonio Sacatepéquez.
659,PINTURA_PRIMITIVA_GT1203,Pintura Primitivista de San Antonio Sacatepéquez,Técnica heredada de generación en generación en San Antonio Sacatepéquez.,Estilo pictórico detallista y plano que muestra paisajes y ferias locales. Especialidad local desarrollada en San Antonio Sacatepéquez.
660,TEJIDO_MIMBRE_GT1203,Tejido en Fibras de Mimbre de San Antonio Sacatepéquez,Técnica heredada de generación en generación en San Antonio Sacatepéquez.,Entramado artesanal de fibras flexibles para cestería y sopladores. Especialidad local desarrollada en San Antonio Sacatepéquez.
661,TELAR_CINTURA_GT1204,Telar de Cintura de Comitancillo,Técnica heredada de generación en generación en Comitancillo.,Técnica milenaria de tejido suspendida sobre la cintura del tejedor. Especialidad local desarrollada en Comitancillo.
662,TELAR_PIE_GT1204,Telar de Pie de Comitancillo,Técnica heredada de generación en generación en Comitancillo.,Técnica de tejido en telar de pedal introducido en la época colonial. Especialidad local desarrollada en Comitancillo.
663,JASPEADO_HILO_GT1204,Jaspeado de Hilos de Comitancillo,Técnica heredada de generación en generación en Comitancillo.,Técnica de teñido por reserva mediante amarrado de hilos antes de tejer. Especialidad local desarrollada en Comitancillo.
664,BARRO_MODELADO_GT1204,Barro Modelado a Mano de Comitancillo,Técnica heredada de generación en generación en Comitancillo.,"Moldeado directo de la arcilla sin torno, usando quemado al aire libre. Especialidad local desarrollada en Comitancillo."
665,BARRO_TORNO_GT1204,Barro en Torno de Comitancillo,Técnica heredada de generación en generación en Comitancillo.,Modelado de piezas cerámicas circulares y simétricas con torno tradicional. Especialidad local desarrollada en Comitancillo.
666,TALLADO_CEDRO_GT1204,Tallado en Madera de Cedro de Comitancillo,Técnica heredada de generación en generación en Comitancillo.,Cincelado artesanal de madera noble para máscaras y cofres. Especialidad local desarrollada en Comitancillo.
667,JADE_PULIDO_GT1204,Pulido de Jade de Comitancillo,Técnica heredada de generación en generación en Comitancillo.,Corte y abrasión fina de piedra de jadeita con herramientas de diamante. Especialidad local desarrollada en Comitancillo.
668,AFINACION_ACUSTICA_GT1204,Afinación Acústica de Teclados de Comitancillo,Técnica heredada de generación en generación en Comitancillo.,Técnica de desbaste de tablillas de hormigo para dar afinación precisa. Especialidad local desarrollada en Comitancillo.
669,PINTURA_PRIMITIVA_GT1204,Pintura Primitivista de Comitancillo,Técnica heredada de generación en generación en Comitancillo.,Estilo pictórico detallista y plano que muestra paisajes y ferias locales. Especialidad local desarrollada en Comitancillo.
670,TEJIDO_MIMBRE_GT1204,Tejido en Fibras de Mimbre de Comitancillo,Técnica heredada de generación en generación en Comitancillo.,Entramado artesanal de fibras flexibles para cestería y sopladores. Especialidad local desarrollada en Comitancillo.
671,TELAR_CINTURA_GT1205,Telar de Cintura de San Miguel Ixtahuacán,Técnica heredada de generación en generación en San Miguel Ixtahuacán.,Técnica milenaria de tejido suspendida sobre la cintura del tejedor. Especialidad local desarrollada en San Miguel Ixtahuacán.
672,TELAR_PIE_GT1205,Telar de Pie de San Miguel Ixtahuacán,Técnica heredada de generación en generación en San Miguel Ixtahuacán.,Técnica de tejido en telar de pedal introducido en la época colonial. Especialidad local desarrollada en San Miguel Ixtahuacán.
673,JASPEADO_HILO_GT1205,Jaspeado de Hilos de San Miguel Ixtahuacán,Técnica heredada de generación en generación en San Miguel Ixtahuacán.,Técnica de teñido por reserva mediante amarrado de hilos antes de tejer. Especialidad local desarrollada en San Miguel Ixtahuacán.
674,BARRO_MODELADO_GT1205,Barro Modelado a Mano de San Miguel Ixtahuacán,Técnica heredada de generación en generación en San Miguel Ixtahuacán.,"Moldeado directo de la arcilla sin torno, usando quemado al aire libre. Especialidad local desarrollada en San Miguel Ixtahuacán."
675,BARRO_TORNO_GT1205,Barro en Torno de San Miguel Ixtahuacán,Técnica heredada de generación en generación en San Miguel Ixtahuacán.,Modelado de piezas cerámicas circulares y simétricas con torno tradicional. Especialidad local desarrollada en San Miguel Ixtahuacán.
676,TALLADO_CEDRO_GT1205,Tallado en Madera de Cedro de San Miguel Ixtahuacán,Técnica heredada de generación en generación en San Miguel Ixtahuacán.,Cincelado artesanal de madera noble para máscaras y cofres. Especialidad local desarrollada en San Miguel Ixtahuacán.
677,JADE_PULIDO_GT1205,Pulido de Jade de San Miguel Ixtahuacán,Técnica heredada de generación en generación en San Miguel Ixtahuacán.,Corte y abrasión fina de piedra de jadeita con herramientas de diamante. Especialidad local desarrollada en San Miguel Ixtahuacán.
678,AFINACION_ACUSTICA_GT1205,Afinación Acústica de Teclados de San Miguel Ixtahuacán,Técnica heredada de generación en generación en San Miguel Ixtahuacán.,Técnica de desbaste de tablillas de hormigo para dar afinación precisa. Especialidad local desarrollada en San Miguel Ixtahuacán.
679,PINTURA_PRIMITIVA_GT1205,Pintura Primitivista de San Miguel Ixtahuacán,Técnica heredada de generación en generación en San Miguel Ixtahuacán.,Estilo pictórico detallista y plano que muestra paisajes y ferias locales. Especialidad local desarrollada en San Miguel Ixtahuacán.
680,TEJIDO_MIMBRE_GT1205,Tejido en Fibras de Mimbre de San Miguel Ixtahuacán,Técnica heredada de generación en generación en San Miguel Ixtahuacán.,Entramado artesanal de fibras flexibles para cestería y sopladores. Especialidad local desarrollada en San Miguel Ixtahuacán.
681,TELAR_CINTURA_GT1206,Telar de Cintura de Concepción Tutuapa,Técnica heredada de generación en generación en Concepción Tutuapa.,Técnica milenaria de tejido suspendida sobre la cintura del tejedor. Especialidad local desarrollada en Concepción Tutuapa.
682,TELAR_PIE_GT1206,Telar de Pie de Concepción Tutuapa,Técnica heredada de generación en generación en Concepción Tutuapa.,Técnica de tejido en telar de pedal introducido en la época colonial. Especialidad local desarrollada en Concepción Tutuapa.
683,JASPEADO_HILO_GT1206,Jaspeado de Hilos de Concepción Tutuapa,Técnica heredada de generación en generación en Concepción Tutuapa.,Técnica de teñido por reserva mediante amarrado de hilos antes de tejer. Especialidad local desarrollada en Concepción Tutuapa.
684,BARRO_MODELADO_GT1206,Barro Modelado a Mano de Concepción Tutuapa,Técnica heredada de generación en generación en Concepción Tutuapa.,"Moldeado directo de la arcilla sin torno, usando quemado al aire libre. Especialidad local desarrollada en Concepción Tutuapa."
685,BARRO_TORNO_GT1206,Barro en Torno de Concepción Tutuapa,Técnica heredada de generación en generación en Concepción Tutuapa.,Modelado de piezas cerámicas circulares y simétricas con torno tradicional. Especialidad local desarrollada en Concepción Tutuapa.
686,TALLADO_CEDRO_GT1206,Tallado en Madera de Cedro de Concepción Tutuapa,Técnica heredada de generación en generación en Concepción Tutuapa.,Cincelado artesanal de madera noble para máscaras y cofres. Especialidad local desarrollada en Concepción Tutuapa.
687,JADE_PULIDO_GT1206,Pulido de Jade de Concepción Tutuapa,Técnica heredada de generación en generación en Concepción Tutuapa.,Corte y abrasión fina de piedra de jadeita con herramientas de diamante. Especialidad local desarrollada en Concepción Tutuapa.
688,AFINACION_ACUSTICA_GT1206,Afinación Acústica de Teclados de Concepción Tutuapa,Técnica heredada de generación en generación en Concepción Tutuapa.,Técnica de desbaste de tablillas de hormigo para dar afinación precisa. Especialidad local desarrollada en Concepción Tutuapa.
689,PINTURA_PRIMITIVA_GT1206,Pintura Primitivista de Concepción Tutuapa,Técnica heredada de generación en generación en Concepción Tutuapa.,Estilo pictórico detallista y plano que muestra paisajes y ferias locales. Especialidad local desarrollada en Concepción Tutuapa.
690,TEJIDO_MIMBRE_GT1206,Tejido en Fibras de Mimbre de Concepción Tutuapa,Técnica heredada de generación en generación en Concepción Tutuapa.,Entramado artesanal de fibras flexibles para cestería y sopladores. Especialidad local desarrollada en Concepción Tutuapa.
691,TELAR_CINTURA_GT1207,Telar de Cintura de Tacaná,Técnica heredada de generación en generación en Tacaná.,Técnica milenaria de tejido suspendida sobre la cintura del tejedor. Especialidad local desarrollada en Tacaná.
692,TELAR_PIE_GT1207,Telar de Pie de Tacaná,Técnica heredada de generación en generación en Tacaná.,Técnica de tejido en telar de pedal introducido en la época colonial. Especialidad local desarrollada en Tacaná.
693,JASPEADO_HILO_GT1207,Jaspeado de Hilos de Tacaná,Técnica heredada de generación en generación en Tacaná.,Técnica de teñido por reserva mediante amarrado de hilos antes de tejer. Especialidad local desarrollada en Tacaná.
694,BARRO_MODELADO_GT1207,Barro Modelado a Mano de Tacaná,Técnica heredada de generación en generación en Tacaná.,"Moldeado directo de la arcilla sin torno, usando quemado al aire libre. Especialidad local desarrollada en Tacaná."
695,BARRO_TORNO_GT1207,Barro en Torno de Tacaná,Técnica heredada de generación en generación en Tacaná.,Modelado de piezas cerámicas circulares y simétricas con torno tradicional. Especialidad local desarrollada en Tacaná.
696,TALLADO_CEDRO_GT1207,Tallado en Madera de Cedro de Tacaná,Técnica heredada de generación en generación en Tacaná.,Cincelado artesanal de madera noble para máscaras y cofres. Especialidad local desarrollada en Tacaná.
697,JADE_PULIDO_GT1207,Pulido de Jade de Tacaná,Técnica heredada de generación en generación en Tacaná.,Corte y abrasión fina de piedra de jadeita con herramientas de diamante. Especialidad local desarrollada en Tacaná.
698,AFINACION_ACUSTICA_GT1207,Afinación Acústica de Teclados de Tacaná,Técnica heredada de generación en generación en Tacaná.,Técnica de desbaste de tablillas de hormigo para dar afinación precisa. Especialidad local desarrollada en Tacaná.
699,PINTURA_PRIMITIVA_GT1207,Pintura Primitivista de Tacaná,Técnica heredada de generación en generación en Tacaná.,Estilo pictórico detallista y plano que muestra paisajes y ferias locales. Especialidad local desarrollada en Tacaná.
700,TEJIDO_MIMBRE_GT1207,Tejido en Fibras de Mimbre de Tacaná,Técnica heredada de generación en generación en Tacaná.,Entramado artesanal de fibras flexibles para cestería y sopladores. Especialidad local desarrollada en Tacaná.
701,TELAR_CINTURA_GT1208,Telar de Cintura de Sibinal,Técnica heredada de generación en generación en Sibinal.,Técnica milenaria de tejido suspendida sobre la cintura del tejedor. Especialidad local desarrollada en Sibinal.
702,TELAR_PIE_GT1208,Telar de Pie de Sibinal,Técnica heredada de generación en generación en Sibinal.,Técnica de tejido en telar de pedal introducido en la época colonial. Especialidad local desarrollada en Sibinal.
703,JASPEADO_HILO_GT1208,Jaspeado de Hilos de Sibinal,Técnica heredada de generación en generación en Sibinal.,Técnica de teñido por reserva mediante amarrado de hilos antes de tejer. Especialidad local desarrollada en Sibinal.
704,BARRO_MODELADO_GT1208,Barro Modelado a Mano de Sibinal,Técnica heredada de generación en generación en Sibinal.,"Moldeado directo de la arcilla sin torno, usando quemado al aire libre. Especialidad local desarrollada en Sibinal."
705,BARRO_TORNO_GT1208,Barro en Torno de Sibinal,Técnica heredada de generación en generación en Sibinal.,Modelado de piezas cerámicas circulares y simétricas con torno tradicional. Especialidad local desarrollada en Sibinal.
706,TALLADO_CEDRO_GT1208,Tallado en Madera de Cedro de Sibinal,Técnica heredada de generación en generación en Sibinal.,Cincelado artesanal de madera noble para máscaras y cofres. Especialidad local desarrollada en Sibinal.
707,JADE_PULIDO_GT1208,Pulido de Jade de Sibinal,Técnica heredada de generación en generación en Sibinal.,Corte y abrasión fina de piedra de jadeita con herramientas de diamante. Especialidad local desarrollada en Sibinal.
708,AFINACION_ACUSTICA_GT1208,Afinación Acústica de Teclados de Sibinal,Técnica heredada de generación en generación en Sibinal.,Técnica de desbaste de tablillas de hormigo para dar afinación precisa. Especialidad local desarrollada en Sibinal.
709,PINTURA_PRIMITIVA_GT1208,Pintura Primitivista de Sibinal,Técnica heredada de generación en generación en Sibinal.,Estilo pictórico detallista y plano que muestra paisajes y ferias locales. Especialidad local desarrollada en Sibinal.
710,TEJIDO_MIMBRE_GT1208,Tejido en Fibras de Mimbre de Sibinal,Técnica heredada de generación en generación en Sibinal.,Entramado artesanal de fibras flexibles para cestería y sopladores. Especialidad local desarrollada en Sibinal.
711,TELAR_CINTURA_GT1209,Telar de Cintura de Tajumulco,Técnica heredada de generación en generación en Tajumulco.,Técnica milenaria de tejido suspendida sobre la cintura del tejedor. Especialidad local desarrollada en Tajumulco.
712,TELAR_PIE_GT1209,Telar de Pie de Tajumulco,Técnica heredada de generación en generación en Tajumulco.,Técnica de tejido en telar de pedal introducido en la época colonial. Especialidad local desarrollada en Tajumulco.
713,JASPEADO_HILO_GT1209,Jaspeado de Hilos de Tajumulco,Técnica heredada de generación en generación en Tajumulco.,Técnica de teñido por reserva mediante amarrado de hilos antes de tejer. Especialidad local desarrollada en Tajumulco.
714,BARRO_MODELADO_GT1209,Barro Modelado a Mano de Tajumulco,Técnica heredada de generación en generación en Tajumulco.,"Moldeado directo de la arcilla sin torno, usando quemado al aire libre. Especialidad local desarrollada en Tajumulco."
715,BARRO_TORNO_GT1209,Barro en Torno de Tajumulco,Técnica heredada de generación en generación en Tajumulco.,Modelado de piezas cerámicas circulares y simétricas con torno tradicional. Especialidad local desarrollada en Tajumulco.
716,TALLADO_CEDRO_GT1209,Tallado en Madera de Cedro de Tajumulco,Técnica heredada de generación en generación en Tajumulco.,Cincelado artesanal de madera noble para máscaras y cofres. Especialidad local desarrollada en Tajumulco.
717,JADE_PULIDO_GT1209,Pulido de Jade de Tajumulco,Técnica heredada de generación en generación en Tajumulco.,Corte y abrasión fina de piedra de jadeita con herramientas de diamante. Especialidad local desarrollada en Tajumulco.
718,AFINACION_ACUSTICA_GT1209,Afinación Acústica de Teclados de Tajumulco,Técnica heredada de generación en generación en Tajumulco.,Técnica de desbaste de tablillas de hormigo para dar afinación precisa. Especialidad local desarrollada en Tajumulco.
719,PINTURA_PRIMITIVA_GT1209,Pintura Primitivista de Tajumulco,Técnica heredada de generación en generación en Tajumulco.,Estilo pictórico detallista y plano que muestra paisajes y ferias locales. Especialidad local desarrollada en Tajumulco.
720,TEJIDO_MIMBRE_GT1209,Tejido en Fibras de Mimbre de Tajumulco,Técnica heredada de generación en generación en Tajumulco.,Entramado artesanal de fibras flexibles para cestería y sopladores. Especialidad local desarrollada en Tajumulco.
721,TELAR_CINTURA_GT1210,Telar de Cintura de Tejutla,Técnica heredada de generación en generación en Tejutla.,Técnica milenaria de tejido suspendida sobre la cintura del tejedor. Especialidad local desarrollada en Tejutla.
722,TELAR_PIE_GT1210,Telar de Pie de Tejutla,Técnica heredada de generación en generación en Tejutla.,Técnica de tejido en telar de pedal introducido en la época colonial. Especialidad local desarrollada en Tejutla.
723,JASPEADO_HILO_GT1210,Jaspeado de Hilos de Tejutla,Técnica heredada de generación en generación en Tejutla.,Técnica de teñido por reserva mediante amarrado de hilos antes de tejer. Especialidad local desarrollada en Tejutla.
724,BARRO_MODELADO_GT1210,Barro Modelado a Mano de Tejutla,Técnica heredada de generación en generación en Tejutla.,"Moldeado directo de la arcilla sin torno, usando quemado al aire libre. Especialidad local desarrollada en Tejutla."
725,BARRO_TORNO_GT1210,Barro en Torno de Tejutla,Técnica heredada de generación en generación en Tejutla.,Modelado de piezas cerámicas circulares y simétricas con torno tradicional. Especialidad local desarrollada en Tejutla.
726,TALLADO_CEDRO_GT1210,Tallado en Madera de Cedro de Tejutla,Técnica heredada de generación en generación en Tejutla.,Cincelado artesanal de madera noble para máscaras y cofres. Especialidad local desarrollada en Tejutla.
727,JADE_PULIDO_GT1210,Pulido de Jade de Tejutla,Técnica heredada de generación en generación en Tejutla.,Corte y abrasión fina de piedra de jadeita con herramientas de diamante. Especialidad local desarrollada en Tejutla.
728,AFINACION_ACUSTICA_GT1210,Afinación Acústica de Teclados de Tejutla,Técnica heredada de generación en generación en Tejutla.,Técnica de desbaste de tablillas de hormigo para dar afinación precisa. Especialidad local desarrollada en Tejutla.
729,PINTURA_PRIMITIVA_GT1210,Pintura Primitivista de Tejutla,Técnica heredada de generación en generación en Tejutla.,Estilo pictórico detallista y plano que muestra paisajes y ferias locales. Especialidad local desarrollada en Tejutla.
730,TEJIDO_MIMBRE_GT1210,Tejido en Fibras de Mimbre de Tejutla,Técnica heredada de generación en generación en Tejutla.,Entramado artesanal de fibras flexibles para cestería y sopladores. Especialidad local desarrollada en Tejutla.
731,TELAR_CINTURA_GT1211,Telar de Cintura de San Rafael Pie de la Cuesta,Técnica heredada de generación en generación en San Rafael Pie de la Cuesta.,Técnica milenaria de tejido suspendida sobre la cintura del tejedor. Especialidad local desarrollada en San Rafael Pie de la Cuesta.
732,TELAR_PIE_GT1211,Telar de Pie de San Rafael Pie de la Cuesta,Técnica heredada de generación en generación en San Rafael Pie de la Cuesta.,Técnica de tejido en telar de pedal introducido en la época colonial. Especialidad local desarrollada en San Rafael Pie de la Cuesta.
733,JASPEADO_HILO_GT1211,Jaspeado de Hilos de San Rafael Pie de la Cuesta,Técnica heredada de generación en generación en San Rafael Pie de la Cuesta.,Técnica de teñido por reserva mediante amarrado de hilos antes de tejer. Especialidad local desarrollada en San Rafael Pie de la Cuesta.
734,BARRO_MODELADO_GT1211,Barro Modelado a Mano de San Rafael Pie de la Cuesta,Técnica heredada de generación en generación en San Rafael Pie de la Cuesta.,"Moldeado directo de la arcilla sin torno, usando quemado al aire libre. Especialidad local desarrollada en San Rafael Pie de la Cuesta."
735,BARRO_TORNO_GT1211,Barro en Torno de San Rafael Pie de la Cuesta,Técnica heredada de generación en generación en San Rafael Pie de la Cuesta.,Modelado de piezas cerámicas circulares y simétricas con torno tradicional. Especialidad local desarrollada en San Rafael Pie de la Cuesta.
736,TALLADO_CEDRO_GT1211,Tallado en Madera de Cedro de San Rafael Pie de la Cuesta,Técnica heredada de generación en generación en San Rafael Pie de la Cuesta.,Cincelado artesanal de madera noble para máscaras y cofres. Especialidad local desarrollada en San Rafael Pie de la Cuesta.
737,JADE_PULIDO_GT1211,Pulido de Jade de San Rafael Pie de la Cuesta,Técnica heredada de generación en generación en San Rafael Pie de la Cuesta.,Corte y abrasión fina de piedra de jadeita con herramientas de diamante. Especialidad local desarrollada en San Rafael Pie de la Cuesta.
738,AFINACION_ACUSTICA_GT1211,Afinación Acústica de Teclados de San Rafael Pie de la Cuesta,Técnica heredada de generación en generación en San Rafael Pie de la Cuesta.,Técnica de desbaste de tablillas de hormigo para dar afinación precisa. Especialidad local desarrollada en San Rafael Pie de la Cuesta.
739,PINTURA_PRIMITIVA_GT1211,Pintura Primitivista de San Rafael Pie de la Cuesta,Técnica heredada de generación en generación en San Rafael Pie de la Cuesta.,Estilo pictórico detallista y plano que muestra paisajes y ferias locales. Especialidad local desarrollada en San Rafael Pie de la Cuesta.
740,TEJIDO_MIMBRE_GT1211,Tejido en Fibras de Mimbre de San Rafael Pie de la Cuesta,Técnica heredada de generación en generación en San Rafael Pie de la Cuesta.,Entramado artesanal de fibras flexibles para cestería y sopladores. Especialidad local desarrollada en San Rafael Pie de la Cuesta.
741,TELAR_CINTURA_GT1212,Telar de Cintura de Nuevo Progreso,Técnica heredada de generación en generación en Nuevo Progreso.,Técnica milenaria de tejido suspendida sobre la cintura del tejedor. Especialidad local desarrollada en Nuevo Progreso.
742,TELAR_PIE_GT1212,Telar de Pie de Nuevo Progreso,Técnica heredada de generación en generación en Nuevo Progreso.,Técnica de tejido en telar de pedal introducido en la época colonial. Especialidad local desarrollada en Nuevo Progreso.
743,JASPEADO_HILO_GT1212,Jaspeado de Hilos de Nuevo Progreso,Técnica heredada de generación en generación en Nuevo Progreso.,Técnica de teñido por reserva mediante amarrado de hilos antes de tejer. Especialidad local desarrollada en Nuevo Progreso.
744,BARRO_MODELADO_GT1212,Barro Modelado a Mano de Nuevo Progreso,Técnica heredada de generación en generación en Nuevo Progreso.,"Moldeado directo de la arcilla sin torno, usando quemado al aire libre. Especialidad local desarrollada en Nuevo Progreso."
745,BARRO_TORNO_GT1212,Barro en Torno de Nuevo Progreso,Técnica heredada de generación en generación en Nuevo Progreso.,Modelado de piezas cerámicas circulares y simétricas con torno tradicional. Especialidad local desarrollada en Nuevo Progreso.
746,TALLADO_CEDRO_GT1212,Tallado en Madera de Cedro de Nuevo Progreso,Técnica heredada de generación en generación en Nuevo Progreso.,Cincelado artesanal de madera noble para máscaras y cofres. Especialidad local desarrollada en Nuevo Progreso.
747,JADE_PULIDO_GT1212,Pulido de Jade de Nuevo Progreso,Técnica heredada de generación en generación en Nuevo Progreso.,Corte y abrasión fina de piedra de jadeita con herramientas de diamante. Especialidad local desarrollada en Nuevo Progreso.
748,AFINACION_ACUSTICA_GT1212,Afinación Acústica de Teclados de Nuevo Progreso,Técnica heredada de generación en generación en Nuevo Progreso.,Técnica de desbaste de tablillas de hormigo para dar afinación precisa. Especialidad local desarrollada en Nuevo Progreso.
749,PINTURA_PRIMITIVA_GT1212,Pintura Primitivista de Nuevo Progreso,Técnica heredada de generación en generación en Nuevo Progreso.,Estilo pictórico detallista y plano que muestra paisajes y ferias locales. Especialidad local desarrollada en Nuevo Progreso.
750,TEJIDO_MIMBRE_GT1212,Tejido en Fibras de Mimbre de Nuevo Progreso,Técnica heredada de generación en generación en Nuevo Progreso.,Entramado artesanal de fibras flexibles para cestería y sopladores. Especialidad local desarrollada en Nuevo Progreso.
751,TELAR_CINTURA_GT1213,Telar de Cintura de El Tumbador,Técnica heredada de generación en generación en El Tumbador.,Técnica milenaria de tejido suspendida sobre la cintura del tejedor. Especialidad local desarrollada en El Tumbador.
752,TELAR_PIE_GT1213,Telar de Pie de El Tumbador,Técnica heredada de generación en generación en El Tumbador.,Técnica de tejido en telar de pedal introducido en la época colonial. Especialidad local desarrollada en El Tumbador.
753,JASPEADO_HILO_GT1213,Jaspeado de Hilos de El Tumbador,Técnica heredada de generación en generación en El Tumbador.,Técnica de teñido por reserva mediante amarrado de hilos antes de tejer. Especialidad local desarrollada en El Tumbador.
754,BARRO_MODELADO_GT1213,Barro Modelado a Mano de El Tumbador,Técnica heredada de generación en generación en El Tumbador.,"Moldeado directo de la arcilla sin torno, usando quemado al aire libre. Especialidad local desarrollada en El Tumbador."
755,BARRO_TORNO_GT1213,Barro en Torno de El Tumbador,Técnica heredada de generación en generación en El Tumbador.,Modelado de piezas cerámicas circulares y simétricas con torno tradicional. Especialidad local desarrollada en El Tumbador.
756,TALLADO_CEDRO_GT1213,Tallado en Madera de Cedro de El Tumbador,Técnica heredada de generación en generación en El Tumbador.,Cincelado artesanal de madera noble para máscaras y cofres. Especialidad local desarrollada en El Tumbador.
757,JADE_PULIDO_GT1213,Pulido de Jade de El Tumbador,Técnica heredada de generación en generación en El Tumbador.,Corte y abrasión fina de piedra de jadeita con herramientas de diamante. Especialidad local desarrollada en El Tumbador.
758,AFINACION_ACUSTICA_GT1213,Afinación Acústica de Teclados de El Tumbador,Técnica heredada de generación en generación en El Tumbador.,Técnica de desbaste de tablillas de hormigo para dar afinación precisa. Especialidad local desarrollada en El Tumbador.
759,PINTURA_PRIMITIVA_GT1213,Pintura Primitivista de El Tumbador,Técnica heredada de generación en generación en El Tumbador.,Estilo pictórico detallista y plano que muestra paisajes y ferias locales. Especialidad local desarrollada en El Tumbador.
760,TEJIDO_MIMBRE_GT1213,Tejido en Fibras de Mimbre de El Tumbador,Técnica heredada de generación en generación en El Tumbador.,Entramado artesanal de fibras flexibles para cestería y sopladores. Especialidad local desarrollada en El Tumbador.
761,TELAR_CINTURA_GT1214,Telar de Cintura de El Rodeo,Técnica heredada de generación en generación en El Rodeo.,Técnica milenaria de tejido suspendida sobre la cintura del tejedor. Especialidad local desarrollada en El Rodeo.
762,TELAR_PIE_GT1214,Telar de Pie de El Rodeo,Técnica heredada de generación en generación en El Rodeo.,Técnica de tejido en telar de pedal introducido en la época colonial. Especialidad local desarrollada en El Rodeo.
763,JASPEADO_HILO_GT1214,Jaspeado de Hilos de El Rodeo,Técnica heredada de generación en generación en El Rodeo.,Técnica de teñido por reserva mediante amarrado de hilos antes de tejer. Especialidad local desarrollada en El Rodeo.
764,BARRO_MODELADO_GT1214,Barro Modelado a Mano de El Rodeo,Técnica heredada de generación en generación en El Rodeo.,"Moldeado directo de la arcilla sin torno, usando quemado al aire libre. Especialidad local desarrollada en El Rodeo."
765,BARRO_TORNO_GT1214,Barro en Torno de El Rodeo,Técnica heredada de generación en generación en El Rodeo.,Modelado de piezas cerámicas circulares y simétricas con torno tradicional. Especialidad local desarrollada en El Rodeo.
766,TALLADO_CEDRO_GT1214,Tallado en Madera de Cedro de El Rodeo,Técnica heredada de generación en generación en El Rodeo.,Cincelado artesanal de madera noble para máscaras y cofres. Especialidad local desarrollada en El Rodeo.
767,JADE_PULIDO_GT1214,Pulido de Jade de El Rodeo,Técnica heredada de generación en generación en El Rodeo.,Corte y abrasión fina de piedra de jadeita con herramientas de diamante. Especialidad local desarrollada en El Rodeo.
768,AFINACION_ACUSTICA_GT1214,Afinación Acústica de Teclados de El Rodeo,Técnica heredada de generación en generación en El Rodeo.,Técnica de desbaste de tablillas de hormigo para dar afinación precisa. Especialidad local desarrollada en El Rodeo.
769,PINTURA_PRIMITIVA_GT1214,Pintura Primitivista de El Rodeo,Técnica heredada de generación en generación en El Rodeo.,Estilo pictórico detallista y plano que muestra paisajes y ferias locales. Especialidad local desarrollada en El Rodeo.
770,TEJIDO_MIMBRE_GT1214,Tejido en Fibras de Mimbre de El Rodeo,Técnica heredada de generación en generación en El Rodeo.,Entramado artesanal de fibras flexibles para cestería y sopladores. Especialidad local desarrollada en El Rodeo.
771,TELAR_CINTURA_GT1215,Telar de Cintura de Malacatán,Técnica heredada de generación en generación en Malacatán.,Técnica milenaria de tejido suspendida sobre la cintura del tejedor. Especialidad local desarrollada en Malacatán.
772,TELAR_PIE_GT1215,Telar de Pie de Malacatán,Técnica heredada de generación en generación en Malacatán.,Técnica de tejido en telar de pedal introducido en la época colonial. Especialidad local desarrollada en Malacatán.
773,JASPEADO_HILO_GT1215,Jaspeado de Hilos de Malacatán,Técnica heredada de generación en generación en Malacatán.,Técnica de teñido por reserva mediante amarrado de hilos antes de tejer. Especialidad local desarrollada en Malacatán.
774,BARRO_MODELADO_GT1215,Barro Modelado a Mano de Malacatán,Técnica heredada de generación en generación en Malacatán.,"Moldeado directo de la arcilla sin torno, usando quemado al aire libre. Especialidad local desarrollada en Malacatán."
775,BARRO_TORNO_GT1215,Barro en Torno de Malacatán,Técnica heredada de generación en generación en Malacatán.,Modelado de piezas cerámicas circulares y simétricas con torno tradicional. Especialidad local desarrollada en Malacatán.
776,TALLADO_CEDRO_GT1215,Tallado en Madera de Cedro de Malacatán,Técnica heredada de generación en generación en Malacatán.,Cincelado artesanal de madera noble para máscaras y cofres. Especialidad local desarrollada en Malacatán.
777,JADE_PULIDO_GT1215,Pulido de Jade de Malacatán,Técnica heredada de generación en generación en Malacatán.,Corte y abrasión fina de piedra de jadeita con herramientas de diamante. Especialidad local desarrollada en Malacatán.
778,AFINACION_ACUSTICA_GT1215,Afinación Acústica de Teclados de Malacatán,Técnica heredada de generación en generación en Malacatán.,Técnica de desbaste de tablillas de hormigo para dar afinación precisa. Especialidad local desarrollada en Malacatán.
779,PINTURA_PRIMITIVA_GT1215,Pintura Primitivista de Malacatán,Técnica heredada de generación en generación en Malacatán.,Estilo pictórico detallista y plano que muestra paisajes y ferias locales. Especialidad local desarrollada en Malacatán.
780,TEJIDO_MIMBRE_GT1215,Tejido en Fibras de Mimbre de Malacatán,Técnica heredada de generación en generación en Malacatán.,Entramado artesanal de fibras flexibles para cestería y sopladores. Especialidad local desarrollada en Malacatán.
781,TELAR_CINTURA_GT1216,Telar de Cintura de Catarina,Técnica heredada de generación en generación en Catarina.,Técnica milenaria de tejido suspendida sobre la cintura del tejedor. Especialidad local desarrollada en Catarina.
782,TELAR_PIE_GT1216,Telar de Pie de Catarina,Técnica heredada de generación en generación en Catarina.,Técnica de tejido en telar de pedal introducido en la época colonial. Especialidad local desarrollada en Catarina.
783,JASPEADO_HILO_GT1216,Jaspeado de Hilos de Catarina,Técnica heredada de generación en generación en Catarina.,Técnica de teñido por reserva mediante amarrado de hilos antes de tejer. Especialidad local desarrollada en Catarina.
784,BARRO_MODELADO_GT1216,Barro Modelado a Mano de Catarina,Técnica heredada de generación en generación en Catarina.,"Moldeado directo de la arcilla sin torno, usando quemado al aire libre. Especialidad local desarrollada en Catarina."
785,BARRO_TORNO_GT1216,Barro en Torno de Catarina,Técnica heredada de generación en generación en Catarina.,Modelado de piezas cerámicas circulares y simétricas con torno tradicional. Especialidad local desarrollada en Catarina.
786,TALLADO_CEDRO_GT1216,Tallado en Madera de Cedro de Catarina,Técnica heredada de generación en generación en Catarina.,Cincelado artesanal de madera noble para máscaras y cofres. Especialidad local desarrollada en Catarina.
787,JADE_PULIDO_GT1216,Pulido de Jade de Catarina,Técnica heredada de generación en generación en Catarina.,Corte y abrasión fina de piedra de jadeita con herramientas de diamante. Especialidad local desarrollada en Catarina.
788,AFINACION_ACUSTICA_GT1216,Afinación Acústica de Teclados de Catarina,Técnica heredada de generación en generación en Catarina.,Técnica de desbaste de tablillas de hormigo para dar afinación precisa. Especialidad local desarrollada en Catarina.
789,PINTURA_PRIMITIVA_GT1216,Pintura Primitivista de Catarina,Técnica heredada de generación en generación en Catarina.,Estilo pictórico detallista y plano que muestra paisajes y ferias locales. Especialidad local desarrollada en Catarina.
790,TEJIDO_MIMBRE_GT1216,Tejido en Fibras de Mimbre de Catarina,Técnica heredada de generación en generación en Catarina.,Entramado artesanal de fibras flexibles para cestería y sopladores. Especialidad local desarrollada en Catarina.
791,TELAR_CINTURA_GT1217,Telar de Cintura de Ayutla,Técnica heredada de generación en generación en Ayutla.,Técnica milenaria de tejido suspendida sobre la cintura del tejedor. Especialidad local desarrollada en Ayutla.
792,TELAR_PIE_GT1217,Telar de Pie de Ayutla,Técnica heredada de generación en generación en Ayutla.,Técnica de tejido en telar de pedal introducido en la época colonial. Especialidad local desarrollada en Ayutla.
793,JASPEADO_HILO_GT1217,Jaspeado de Hilos de Ayutla,Técnica heredada de generación en generación en Ayutla.,Técnica de teñido por reserva mediante amarrado de hilos antes de tejer. Especialidad local desarrollada en Ayutla.
794,BARRO_MODELADO_GT1217,Barro Modelado a Mano de Ayutla,Técnica heredada de generación en generación en Ayutla.,"Moldeado directo de la arcilla sin torno, usando quemado al aire libre. Especialidad local desarrollada en Ayutla."
795,BARRO_TORNO_GT1217,Barro en Torno de Ayutla,Técnica heredada de generación en generación en Ayutla.,Modelado de piezas cerámicas circulares y simétricas con torno tradicional. Especialidad local desarrollada en Ayutla.
796,TALLADO_CEDRO_GT1217,Tallado en Madera de Cedro de Ayutla,Técnica heredada de generación en generación en Ayutla.,Cincelado artesanal de madera noble para máscaras y cofres. Especialidad local desarrollada en Ayutla.
797,JADE_PULIDO_GT1217,Pulido de Jade de Ayutla,Técnica heredada de generación en generación en Ayutla.,Corte y abrasión fina de piedra de jadeita con herramientas de diamante. Especialidad local desarrollada en Ayutla.
798,AFINACION_ACUSTICA_GT1217,Afinación Acústica de Teclados de Ayutla,Técnica heredada de generación en generación en Ayutla.,Técnica de desbaste de tablillas de hormigo para dar afinación precisa. Especialidad local desarrollada en Ayutla.
799,PINTURA_PRIMITIVA_GT1217,Pintura Primitivista de Ayutla,Técnica heredada de generación en generación en Ayutla.,Estilo pictórico detallista y plano que muestra paisajes y ferias locales. Especialidad local desarrollada en Ayutla.
800,TEJIDO_MIMBRE_GT1217,Tejido en Fibras de Mimbre de Ayutla,Técnica heredada de generación en generación en Ayutla.,Entramado artesanal de fibras flexibles para cestería y sopladores. Especialidad local desarrollada en Ayutla.
801,TELAR_CINTURA_GT1218,Telar de Cintura de Ocós,Técnica heredada de generación en generación en Ocós.,Técnica milenaria de tejido suspendida sobre la cintura del tejedor. Especialidad local desarrollada en Ocós.
802,TELAR_PIE_GT1218,Telar de Pie de Ocós,Técnica heredada de generación en generación en Ocós.,Técnica de tejido en telar de pedal introducido en la época colonial. Especialidad local desarrollada en Ocós.
803,JASPEADO_HILO_GT1218,Jaspeado de Hilos de Ocós,Técnica heredada de generación en generación en Ocós.,Técnica de teñido por reserva mediante amarrado de hilos antes de tejer. Especialidad local desarrollada en Ocós.
804,BARRO_MODELADO_GT1218,Barro Modelado a Mano de Ocós,Técnica heredada de generación en generación en Ocós.,"Moldeado directo de la arcilla sin torno, usando quemado al aire libre. Especialidad local desarrollada en Ocós."
805,BARRO_TORNO_GT1218,Barro en Torno de Ocós,Técnica heredada de generación en generación en Ocós.,Modelado de piezas cerámicas circulares y simétricas con torno tradicional. Especialidad local desarrollada en Ocós.
806,TALLADO_CEDRO_GT1218,Tallado en Madera de Cedro de Ocós,Técnica heredada de generación en generación en Ocós.,Cincelado artesanal de madera noble para máscaras y cofres. Especialidad local desarrollada en Ocós.
807,JADE_PULIDO_GT1218,Pulido de Jade de Ocós,Técnica heredada de generación en generación en Ocós.,Corte y abrasión fina de piedra de jadeita con herramientas de diamante. Especialidad local desarrollada en Ocós.
808,AFINACION_ACUSTICA_GT1218,Afinación Acústica de Teclados de Ocós,Técnica heredada de generación en generación en Ocós.,Técnica de desbaste de tablillas de hormigo para dar afinación precisa. Especialidad local desarrollada en Ocós.
809,PINTURA_PRIMITIVA_GT1218,Pintura Primitivista de Ocós,Técnica heredada de generación en generación en Ocós.,Estilo pictórico detallista y plano que muestra paisajes y ferias locales. Especialidad local desarrollada en Ocós.
810,TEJIDO_MIMBRE_GT1218,Tejido en Fibras de Mimbre de Ocós,Técnica heredada de generación en generación en Ocós.,Entramado artesanal de fibras flexibles para cestería y sopladores. Especialidad local desarrollada en Ocós.
811,TELAR_CINTURA_GT1219,Telar de Cintura de San Pablo,Técnica heredada de generación en generación en San Pablo.,Técnica milenaria de tejido suspendida sobre la cintura del tejedor. Especialidad local desarrollada en San Pablo.
812,TELAR_PIE_GT1219,Telar de Pie de San Pablo,Técnica heredada de generación en generación en San Pablo.,Técnica de tejido en telar de pedal introducido en la época colonial. Especialidad local desarrollada en San Pablo.
813,JASPEADO_HILO_GT1219,Jaspeado de Hilos de San Pablo,Técnica heredada de generación en generación en San Pablo.,Técnica de teñido por reserva mediante amarrado de hilos antes de tejer. Especialidad local desarrollada en San Pablo.
814,BARRO_MODELADO_GT1219,Barro Modelado a Mano de San Pablo,Técnica heredada de generación en generación en San Pablo.,"Moldeado directo de la arcilla sin torno, usando quemado al aire libre. Especialidad local desarrollada en San Pablo."
815,BARRO_TORNO_GT1219,Barro en Torno de San Pablo,Técnica heredada de generación en generación en San Pablo.,Modelado de piezas cerámicas circulares y simétricas con torno tradicional. Especialidad local desarrollada en San Pablo.
816,TALLADO_CEDRO_GT1219,Tallado en Madera de Cedro de San Pablo,Técnica heredada de generación en generación en San Pablo.,Cincelado artesanal de madera noble para máscaras y cofres. Especialidad local desarrollada en San Pablo.
817,JADE_PULIDO_GT1219,Pulido de Jade de San Pablo,Técnica heredada de generación en generación en San Pablo.,Corte y abrasión fina de piedra de jadeita con herramientas de diamante. Especialidad local desarrollada en San Pablo.
818,AFINACION_ACUSTICA_GT1219,Afinación Acústica de Teclados de San Pablo,Técnica heredada de generación en generación en San Pablo.,Técnica de desbaste de tablillas de hormigo para dar afinación precisa. Especialidad local desarrollada en San Pablo.
819,PINTURA_PRIMITIVA_GT1219,Pintura Primitivista de San Pablo,Técnica heredada de generación en generación en San Pablo.,Estilo pictórico detallista y plano que muestra paisajes y ferias locales. Especialidad local desarrollada en San Pablo.
820,TEJIDO_MIMBRE_GT1219,Tejido en Fibras de Mimbre de San Pablo,Técnica heredada de generación en generación en San Pablo.,Entramado artesanal de fibras flexibles para cestería y sopladores. Especialidad local desarrollada en San Pablo.
821,TELAR_CINTURA_GT1220,Telar de Cintura de El Quetzal,Técnica heredada de generación en generación en El Quetzal.,Técnica milenaria de tejido suspendida sobre la cintura del tejedor. Especialidad local desarrollada en El Quetzal.
822,TELAR_PIE_GT1220,Telar de Pie de El Quetzal,Técnica heredada de generación en generación en El Quetzal.,Técnica de tejido en telar de pedal introducido en la época colonial. Especialidad local desarrollada en El Quetzal.
823,JASPEADO_HILO_GT1220,Jaspeado de Hilos de El Quetzal,Técnica heredada de generación en generación en El Quetzal.,Técnica de teñido por reserva mediante amarrado de hilos antes de tejer. Especialidad local desarrollada en El Quetzal.
824,BARRO_MODELADO_GT1220,Barro Modelado a Mano de El Quetzal,Técnica heredada de generación en generación en El Quetzal.,"Moldeado directo de la arcilla sin torno, usando quemado al aire libre. Especialidad local desarrollada en El Quetzal."
825,BARRO_TORNO_GT1220,Barro en Torno de El Quetzal,Técnica heredada de generación en generación en El Quetzal.,Modelado de piezas cerámicas circulares y simétricas con torno tradicional. Especialidad local desarrollada en El Quetzal.
826,TALLADO_CEDRO_GT1220,Tallado en Madera de Cedro de El Quetzal,Técnica heredada de generación en generación en El Quetzal.,Cincelado artesanal de madera noble para máscaras y cofres. Especialidad local desarrollada en El Quetzal.
827,JADE_PULIDO_GT1220,Pulido de Jade de El Quetzal,Técnica heredada de generación en generación en El Quetzal.,Corte y abrasión fina de piedra de jadeita con herramientas de diamante. Especialidad local desarrollada en El Quetzal.
828,AFINACION_ACUSTICA_GT1220,Afinación Acústica de Teclados de El Quetzal,Técnica heredada de generación en generación en El Quetzal.,Técnica de desbaste de tablillas de hormigo para dar afinación precisa. Especialidad local desarrollada en El Quetzal.
829,PINTURA_PRIMITIVA_GT1220,Pintura Primitivista de El Quetzal,Técnica heredada de generación en generación en El Quetzal.,Estilo pictórico detallista y plano que muestra paisajes y ferias locales. Especialidad local desarrollada en El Quetzal.
830,TEJIDO_MIMBRE_GT1220,Tejido en Fibras de Mimbre de El Quetzal,Técnica heredada de generación en generación en El Quetzal.,Entramado artesanal de fibras flexibles para cestería y sopladores. Especialidad local desarrollada en El Quetzal.
831,TELAR_CINTURA_GT1221,Telar de Cintura de La Reforma,Técnica heredada de generación en generación en La Reforma.,Técnica milenaria de tejido suspendida sobre la cintura del tejedor. Especialidad local desarrollada en La Reforma.
832,TELAR_PIE_GT1221,Telar de Pie de La Reforma,Técnica heredada de generación en generación en La Reforma.,Técnica de tejido en telar de pedal introducido en la época colonial. Especialidad local desarrollada en La Reforma.
833,JASPEADO_HILO_GT1221,Jaspeado de Hilos de La Reforma,Técnica heredada de generación en generación en La Reforma.,Técnica de teñido por reserva mediante amarrado de hilos antes de tejer. Especialidad local desarrollada en La Reforma.
834,BARRO_MODELADO_GT1221,Barro Modelado a Mano de La Reforma,Técnica heredada de generación en generación en La Reforma.,"Moldeado directo de la arcilla sin torno, usando quemado al aire libre. Especialidad local desarrollada en La Reforma."
835,BARRO_TORNO_GT1221,Barro en Torno de La Reforma,Técnica heredada de generación en generación en La Reforma.,Modelado de piezas cerámicas circulares y simétricas con torno tradicional. Especialidad local desarrollada en La Reforma.
836,TALLADO_CEDRO_GT1221,Tallado en Madera de Cedro de La Reforma,Técnica heredada de generación en generación en La Reforma.,Cincelado artesanal de madera noble para máscaras y cofres. Especialidad local desarrollada en La Reforma.
837,JADE_PULIDO_GT1221,Pulido de Jade de La Reforma,Técnica heredada de generación en generación en La Reforma.,Corte y abrasión fina de piedra de jadeita con herramientas de diamante. Especialidad local desarrollada en La Reforma.
838,AFINACION_ACUSTICA_GT1221,Afinación Acústica de Teclados de La Reforma,Técnica heredada de generación en generación en La Reforma.,Técnica de desbaste de tablillas de hormigo para dar afinación precisa. Especialidad local desarrollada en La Reforma.
839,PINTURA_PRIMITIVA_GT1221,Pintura Primitivista de La Reforma,Técnica heredada de generación en generación en La Reforma.,Estilo pictórico detallista y plano que muestra paisajes y ferias locales. Especialidad local desarrollada en La Reforma.
840,TEJIDO_MIMBRE_GT1221,Tejido en Fibras de Mimbre de La Reforma,Técnica heredada de generación en generación en La Reforma.,Entramado artesanal de fibras flexibles para cestería y sopladores. Especialidad local desarrollada en La Reforma.
841,TELAR_CINTURA_GT1222,Telar de Cintura de Pajapita,Técnica heredada de generación en generación en Pajapita.,Técnica milenaria de tejido suspendida sobre la cintura del tejedor. Especialidad local desarrollada en Pajapita.
842,TELAR_PIE_GT1222,Telar de Pie de Pajapita,Técnica heredada de generación en generación en Pajapita.,Técnica de tejido en telar de pedal introducido en la época colonial. Especialidad local desarrollada en Pajapita.
843,JASPEADO_HILO_GT1222,Jaspeado de Hilos de Pajapita,Técnica heredada de generación en generación en Pajapita.,Técnica de teñido por reserva mediante amarrado de hilos antes de tejer. Especialidad local desarrollada en Pajapita.
844,BARRO_MODELADO_GT1222,Barro Modelado a Mano de Pajapita,Técnica heredada de generación en generación en Pajapita.,"Moldeado directo de la arcilla sin torno, usando quemado al aire libre. Especialidad local desarrollada en Pajapita."
845,BARRO_TORNO_GT1222,Barro en Torno de Pajapita,Técnica heredada de generación en generación en Pajapita.,Modelado de piezas cerámicas circulares y simétricas con torno tradicional. Especialidad local desarrollada en Pajapita.
846,TALLADO_CEDRO_GT1222,Tallado en Madera de Cedro de Pajapita,Técnica heredada de generación en generación en Pajapita.,Cincelado artesanal de madera noble para máscaras y cofres. Especialidad local desarrollada en Pajapita.
847,JADE_PULIDO_GT1222,Pulido de Jade de Pajapita,Técnica heredada de generación en generación en Pajapita.,Corte y abrasión fina de piedra de jadeita con herramientas de diamante. Especialidad local desarrollada en Pajapita.
848,AFINACION_ACUSTICA_GT1222,Afinación Acústica de Teclados de Pajapita,Técnica heredada de generación en generación en Pajapita.,Técnica de desbaste de tablillas de hormigo para dar afinación precisa. Especialidad local desarrollada en Pajapita.
849,PINTURA_PRIMITIVA_GT1222,Pintura Primitivista de Pajapita,Técnica heredada de generación en generación en Pajapita.,Estilo pictórico detallista y plano que muestra paisajes y ferias locales. Especialidad local desarrollada en Pajapita.
850,TEJIDO_MIMBRE_GT1222,Tejido en Fibras de Mimbre de Pajapita,Técnica heredada de generación en generación en Pajapita.,Entramado artesanal de fibras flexibles para cestería y sopladores. Especialidad local desarrollada en Pajapita.
851,TELAR_CINTURA_GT1223,Telar de Cintura de Ixchiguán,Técnica heredada de generación en generación en Ixchiguán.,Técnica milenaria de tejido suspendida sobre la cintura del tejedor. Especialidad local desarrollada en Ixchiguán.
852,TELAR_PIE_GT1223,Telar de Pie de Ixchiguán,Técnica heredada de generación en generación en Ixchiguán.,Técnica de tejido en telar de pedal introducido en la época colonial. Especialidad local desarrollada en Ixchiguán.
853,JASPEADO_HILO_GT1223,Jaspeado de Hilos de Ixchiguán,Técnica heredada de generación en generación en Ixchiguán.,Técnica de teñido por reserva mediante amarrado de hilos antes de tejer. Especialidad local desarrollada en Ixchiguán.
854,BARRO_MODELADO_GT1223,Barro Modelado a Mano de Ixchiguán,Técnica heredada de generación en generación en Ixchiguán.,"Moldeado directo de la arcilla sin torno, usando quemado al aire libre. Especialidad local desarrollada en Ixchiguán."
855,BARRO_TORNO_GT1223,Barro en Torno de Ixchiguán,Técnica heredada de generación en generación en Ixchiguán.,Modelado de piezas cerámicas circulares y simétricas con torno tradicional. Especialidad local desarrollada en Ixchiguán.
856,TALLADO_CEDRO_GT1223,Tallado en Madera de Cedro de Ixchiguán,Técnica heredada de generación en generación en Ixchiguán.,Cincelado artesanal de madera noble para máscaras y cofres. Especialidad local desarrollada en Ixchiguán.
857,JADE_PULIDO_GT1223,Pulido de Jade de Ixchiguán,Técnica heredada de generación en generación en Ixchiguán.,Corte y abrasión fina de piedra de jadeita con herramientas de diamante. Especialidad local desarrollada en Ixchiguán.
858,AFINACION_ACUSTICA_GT1223,Afinación Acústica de Teclados de Ixchiguán,Técnica heredada de generación en generación en Ixchiguán.,Técnica de desbaste de tablillas de hormigo para dar afinación precisa. Especialidad local desarrollada en Ixchiguán.
859,PINTURA_PRIMITIVA_GT1223,Pintura Primitivista de Ixchiguán,Técnica heredada de generación en generación en Ixchiguán.,Estilo pictórico detallista y plano que muestra paisajes y ferias locales. Especialidad local desarrollada en Ixchiguán.
860,TEJIDO_MIMBRE_GT1223,Tejido en Fibras de Mimbre de Ixchiguán,Técnica heredada de generación en generación en Ixchiguán.,Entramado artesanal de fibras flexibles para cestería y sopladores. Especialidad local desarrollada en Ixchiguán.
861,TELAR_CINTURA_GT1224,Telar de Cintura de San José Ojetenam,Técnica heredada de generación en generación en San José Ojetenam.,Técnica milenaria de tejido suspendida sobre la cintura del tejedor. Especialidad local desarrollada en San José Ojetenam.
862,TELAR_PIE_GT1224,Telar de Pie de San José Ojetenam,Técnica heredada de generación en generación en San José Ojetenam.,Técnica de tejido en telar de pedal introducido en la época colonial. Especialidad local desarrollada en San José Ojetenam.
863,JASPEADO_HILO_GT1224,Jaspeado de Hilos de San José Ojetenam,Técnica heredada de generación en generación en San José Ojetenam.,Técnica de teñido por reserva mediante amarrado de hilos antes de tejer. Especialidad local desarrollada en San José Ojetenam.
864,BARRO_MODELADO_GT1224,Barro Modelado a Mano de San José Ojetenam,Técnica heredada de generación en generación en San José Ojetenam.,"Moldeado directo de la arcilla sin torno, usando quemado al aire libre. Especialidad local desarrollada en San José Ojetenam."
865,BARRO_TORNO_GT1224,Barro en Torno de San José Ojetenam,Técnica heredada de generación en generación en San José Ojetenam.,Modelado de piezas cerámicas circulares y simétricas con torno tradicional. Especialidad local desarrollada en San José Ojetenam.
866,TALLADO_CEDRO_GT1224,Tallado en Madera de Cedro de San José Ojetenam,Técnica heredada de generación en generación en San José Ojetenam.,Cincelado artesanal de madera noble para máscaras y cofres. Especialidad local desarrollada en San José Ojetenam.
867,JADE_PULIDO_GT1224,Pulido de Jade de San José Ojetenam,Técnica heredada de generación en generación en San José Ojetenam.,Corte y abrasión fina de piedra de jadeita con herramientas de diamante. Especialidad local desarrollada en San José Ojetenam.
868,AFINACION_ACUSTICA_GT1224,Afinación Acústica de Teclados de San José Ojetenam,Técnica heredada de generación en generación en San José Ojetenam.,Técnica de desbaste de tablillas de hormigo para dar afinación precisa. Especialidad local desarrollada en San José Ojetenam.
869,PINTURA_PRIMITIVA_GT1224,Pintura Primitivista de San José Ojetenam,Técnica heredada de generación en generación en San José Ojetenam.,Estilo pictórico detallista y plano que muestra paisajes y ferias locales. Especialidad local desarrollada en San José Ojetenam.
870,TEJIDO_MIMBRE_GT1224,Tejido en Fibras de Mimbre de San José Ojetenam,Técnica heredada de generación en generación en San José Ojetenam.,Entramado artesanal de fibras flexibles para cestería y sopladores. Especialidad local desarrollada en San José Ojetenam.
871,TELAR_CINTURA_GT1225,Telar de Cintura de San Cristóbal Cucho,Técnica heredada de generación en generación en San Cristóbal Cucho.,Técnica milenaria de tejido suspendida sobre la cintura del tejedor. Especialidad local desarrollada en San Cristóbal Cucho.
872,TELAR_PIE_GT1225,Telar de Pie de San Cristóbal Cucho,Técnica heredada de generación en generación en San Cristóbal Cucho.,Técnica de tejido en telar de pedal introducido en la época colonial. Especialidad local desarrollada en San Cristóbal Cucho.
873,JASPEADO_HILO_GT1225,Jaspeado de Hilos de San Cristóbal Cucho,Técnica heredada de generación en generación en San Cristóbal Cucho.,Técnica de teñido por reserva mediante amarrado de hilos antes de tejer. Especialidad local desarrollada en San Cristóbal Cucho.
874,BARRO_MODELADO_GT1225,Barro Modelado a Mano de San Cristóbal Cucho,Técnica heredada de generación en generación en San Cristóbal Cucho.,"Moldeado directo de la arcilla sin torno, usando quemado al aire libre. Especialidad local desarrollada en San Cristóbal Cucho."
875,BARRO_TORNO_GT1225,Barro en Torno de San Cristóbal Cucho,Técnica heredada de generación en generación en San Cristóbal Cucho.,Modelado de piezas cerámicas circulares y simétricas con torno tradicional. Especialidad local desarrollada en San Cristóbal Cucho.
876,TALLADO_CEDRO_GT1225,Tallado en Madera de Cedro de San Cristóbal Cucho,Técnica heredada de generación en generación en San Cristóbal Cucho.,Cincelado artesanal de madera noble para máscaras y cofres. Especialidad local desarrollada en San Cristóbal Cucho.
877,JADE_PULIDO_GT1225,Pulido de Jade de San Cristóbal Cucho,Técnica heredada de generación en generación en San Cristóbal Cucho.,Corte y abrasión fina de piedra de jadeita con herramientas de diamante. Especialidad local desarrollada en San Cristóbal Cucho.
878,AFINACION_ACUSTICA_GT1225,Afinación Acústica de Teclados de San Cristóbal Cucho,Técnica heredada de generación en generación en San Cristóbal Cucho.,Técnica de desbaste de tablillas de hormigo para dar afinación precisa. Especialidad local desarrollada en San Cristóbal Cucho.
879,PINTURA_PRIMITIVA_GT1225,Pintura Primitivista de San Cristóbal Cucho,Técnica heredada de generación en generación en San Cristóbal Cucho.,Estilo pictórico detallista y plano que muestra paisajes y ferias locales. Especialidad local desarrollada en San Cristóbal Cucho.
880,TEJIDO_MIMBRE_GT1225,Tejido en Fibras de Mimbre de San Cristóbal Cucho,Técnica heredada de generación en generación en San Cristóbal Cucho.,Entramado artesanal de fibras flexibles para cestería y sopladores. Especialidad local desarrollada en San Cristóbal Cucho.
881,TELAR_CINTURA_GT1226,Telar de Cintura de Sipacapa,Técnica heredada de generación en generación en Sipacapa.,Técnica milenaria de tejido suspendida sobre la cintura del tejedor. Especialidad local desarrollada en Sipacapa.
882,TELAR_PIE_GT1226,Telar de Pie de Sipacapa,Técnica heredada de generación en generación en Sipacapa.,Técnica de tejido en telar de pedal introducido en la época colonial. Especialidad local desarrollada en Sipacapa.
883,JASPEADO_HILO_GT1226,Jaspeado de Hilos de Sipacapa,Técnica heredada de generación en generación en Sipacapa.,Técnica de teñido por reserva mediante amarrado de hilos antes de tejer. Especialidad local desarrollada en Sipacapa.
884,BARRO_MODELADO_GT1226,Barro Modelado a Mano de Sipacapa,Técnica heredada de generación en generación en Sipacapa.,"Moldeado directo de la arcilla sin torno, usando quemado al aire libre. Especialidad local desarrollada en Sipacapa."
885,BARRO_TORNO_GT1226,Barro en Torno de Sipacapa,Técnica heredada de generación en generación en Sipacapa.,Modelado de piezas cerámicas circulares y simétricas con torno tradicional. Especialidad local desarrollada en Sipacapa.
886,TALLADO_CEDRO_GT1226,Tallado en Madera de Cedro de Sipacapa,Técnica heredada de generación en generación en Sipacapa.,Cincelado artesanal de madera noble para máscaras y cofres. Especialidad local desarrollada en Sipacapa.
887,JADE_PULIDO_GT1226,Pulido de Jade de Sipacapa,Técnica heredada de generación en generación en Sipacapa.,Corte y abrasión fina de piedra de jadeita con herramientas de diamante. Especialidad local desarrollada en Sipacapa.
888,AFINACION_ACUSTICA_GT1226,Afinación Acústica de Teclados de Sipacapa,Técnica heredada de generación en generación en Sipacapa.,Técnica de desbaste de tablillas de hormigo para dar afinación precisa. Especialidad local desarrollada en Sipacapa.
889,PINTURA_PRIMITIVA_GT1226,Pintura Primitivista de Sipacapa,Técnica heredada de generación en generación en Sipacapa.,Estilo pictórico detallista y plano que muestra paisajes y ferias locales. Especialidad local desarrollada en Sipacapa.
890,TEJIDO_MIMBRE_GT1226,Tejido en Fibras de Mimbre de Sipacapa,Técnica heredada de generación en generación en Sipacapa.,Entramado artesanal de fibras flexibles para cestería y sopladores. Especialidad local desarrollada en Sipacapa.
891,TELAR_CINTURA_GT1227,Telar de Cintura de Esquipulas Palo Gordo,Técnica heredada de generación en generación en Esquipulas Palo Gordo.,Técnica milenaria de tejido suspendida sobre la cintura del tejedor. Especialidad local desarrollada en Esquipulas Palo Gordo.
892,TELAR_PIE_GT1227,Telar de Pie de Esquipulas Palo Gordo,Técnica heredada de generación en generación en Esquipulas Palo Gordo.,Técnica de tejido en telar de pedal introducido en la época colonial. Especialidad local desarrollada en Esquipulas Palo Gordo.
893,JASPEADO_HILO_GT1227,Jaspeado de Hilos de Esquipulas Palo Gordo,Técnica heredada de generación en generación en Esquipulas Palo Gordo.,Técnica de teñido por reserva mediante amarrado de hilos antes de tejer. Especialidad local desarrollada en Esquipulas Palo Gordo.
894,BARRO_MODELADO_GT1227,Barro Modelado a Mano de Esquipulas Palo Gordo,Técnica heredada de generación en generación en Esquipulas Palo Gordo.,"Moldeado directo de la arcilla sin torno, usando quemado al aire libre. Especialidad local desarrollada en Esquipulas Palo Gordo."
895,BARRO_TORNO_GT1227,Barro en Torno de Esquipulas Palo Gordo,Técnica heredada de generación en generación en Esquipulas Palo Gordo.,Modelado de piezas cerámicas circulares y simétricas con torno tradicional. Especialidad local desarrollada en Esquipulas Palo Gordo.
896,TALLADO_CEDRO_GT1227,Tallado en Madera de Cedro de Esquipulas Palo Gordo,Técnica heredada de generación en generación en Esquipulas Palo Gordo.,Cincelado artesanal de madera noble para máscaras y cofres. Especialidad local desarrollada en Esquipulas Palo Gordo.
897,JADE_PULIDO_GT1227,Pulido de Jade de Esquipulas Palo Gordo,Técnica heredada de generación en generación en Esquipulas Palo Gordo.,Corte y abrasión fina de piedra de jadeita con herramientas de diamante. Especialidad local desarrollada en Esquipulas Palo Gordo.
898,AFINACION_ACUSTICA_GT1227,Afinación Acústica de Teclados de Esquipulas Palo Gordo,Técnica heredada de generación en generación en Esquipulas Palo Gordo.,Técnica de desbaste de tablillas de hormigo para dar afinación precisa. Especialidad local desarrollada en Esquipulas Palo Gordo.
899,PINTURA_PRIMITIVA_GT1227,Pintura Primitivista de Esquipulas Palo Gordo,Técnica heredada de generación en generación en Esquipulas Palo Gordo.,Estilo pictórico detallista y plano que muestra paisajes y ferias locales. Especialidad local desarrollada en Esquipulas Palo Gordo.
900,TEJIDO_MIMBRE_GT1227,Tejido en Fibras de Mimbre de Esquipulas Palo Gordo,Técnica heredada de generación en generación en Esquipulas Palo Gordo.,Entramado artesanal de fibras flexibles para cestería y sopladores. Especialidad local desarrollada en Esquipulas Palo Gordo.
901,TELAR_CINTURA_GT1228,Telar de Cintura de Río Blanco,Técnica heredada de generación en generación en Río Blanco.,Técnica milenaria de tejido suspendida sobre la cintura del tejedor. Especialidad local desarrollada en Río Blanco.
902,TELAR_PIE_GT1228,Telar de Pie de Río Blanco,Técnica heredada de generación en generación en Río Blanco.,Técnica de tejido en telar de pedal introducido en la época colonial. Especialidad local desarrollada en Río Blanco.
903,JASPEADO_HILO_GT1228,Jaspeado de Hilos de Río Blanco,Técnica heredada de generación en generación en Río Blanco.,Técnica de teñido por reserva mediante amarrado de hilos antes de tejer. Especialidad local desarrollada en Río Blanco.
904,BARRO_MODELADO_GT1228,Barro Modelado a Mano de Río Blanco,Técnica heredada de generación en generación en Río Blanco.,"Moldeado directo de la arcilla sin torno, usando quemado al aire libre. Especialidad local desarrollada en Río Blanco."
905,BARRO_TORNO_GT1228,Barro en Torno de Río Blanco,Técnica heredada de generación en generación en Río Blanco.,Modelado de piezas cerámicas circulares y simétricas con torno tradicional. Especialidad local desarrollada en Río Blanco.
906,TALLADO_CEDRO_GT1228,Tallado en Madera de Cedro de Río Blanco,Técnica heredada de generación en generación en Río Blanco.,Cincelado artesanal de madera noble para máscaras y cofres. Especialidad local desarrollada en Río Blanco.
907,JADE_PULIDO_GT1228,Pulido de Jade de Río Blanco,Técnica heredada de generación en generación en Río Blanco.,Corte y abrasión fina de piedra de jadeita con herramientas de diamante. Especialidad local desarrollada en Río Blanco.
908,AFINACION_ACUSTICA_GT1228,Afinación Acústica de Teclados de Río Blanco,Técnica heredada de generación en generación en Río Blanco.,Técnica de desbaste de tablillas de hormigo para dar afinación precisa. Especialidad local desarrollada en Río Blanco.
909,PINTURA_PRIMITIVA_GT1228,Pintura Primitivista de Río Blanco,Técnica heredada de generación en generación en Río Blanco.,Estilo pictórico detallista y plano que muestra paisajes y ferias locales. Especialidad local desarrollada en Río Blanco.
910,TEJIDO_MIMBRE_GT1228,Tejido en Fibras de Mimbre de Río Blanco,Técnica heredada de generación en generación en Río Blanco.,Entramado artesanal de fibras flexibles para cestería y sopladores. Especialidad local desarrollada en Río Blanco.
911,TELAR_CINTURA_GT1229,Telar de Cintura de San Lorenzo,Técnica heredada de generación en generación en San Lorenzo.,Técnica milenaria de tejido suspendida sobre la cintura del tejedor. Especialidad local desarrollada en San Lorenzo.
912,TELAR_PIE_GT1229,Telar de Pie de San Lorenzo,Técnica heredada de generación en generación en San Lorenzo.,Técnica de tejido en telar de pedal introducido en la época colonial. Especialidad local desarrollada en San Lorenzo.
913,JASPEADO_HILO_GT1229,Jaspeado de Hilos de San Lorenzo,Técnica heredada de generación en generación en San Lorenzo.,Técnica de teñido por reserva mediante amarrado de hilos antes de tejer. Especialidad local desarrollada en San Lorenzo.
914,BARRO_MODELADO_GT1229,Barro Modelado a Mano de San Lorenzo,Técnica heredada de generación en generación en San Lorenzo.,"Moldeado directo de la arcilla sin torno, usando quemado al aire libre. Especialidad local desarrollada en San Lorenzo."
915,BARRO_TORNO_GT1229,Barro en Torno de San Lorenzo,Técnica heredada de generación en generación en San Lorenzo.,Modelado de piezas cerámicas circulares y simétricas con torno tradicional. Especialidad local desarrollada en San Lorenzo.
916,TALLADO_CEDRO_GT1229,Tallado en Madera de Cedro de San Lorenzo,Técnica heredada de generación en generación en San Lorenzo.,Cincelado artesanal de madera noble para máscaras y cofres. Especialidad local desarrollada en San Lorenzo.
917,JADE_PULIDO_GT1229,Pulido de Jade de San Lorenzo,Técnica heredada de generación en generación en San Lorenzo.,Corte y abrasión fina de piedra de jadeita con herramientas de diamante. Especialidad local desarrollada en San Lorenzo.
918,AFINACION_ACUSTICA_GT1229,Afinación Acústica de Teclados de San Lorenzo,Técnica heredada de generación en generación en San Lorenzo.,Técnica de desbaste de tablillas de hormigo para dar afinación precisa. Especialidad local desarrollada en San Lorenzo.
919,PINTURA_PRIMITIVA_GT1229,Pintura Primitivista de San Lorenzo,Técnica heredada de generación en generación en San Lorenzo.,Estilo pictórico detallista y plano que muestra paisajes y ferias locales. Especialidad local desarrollada en San Lorenzo.
920,TEJIDO_MIMBRE_GT1229,Tejido en Fibras de Mimbre de San Lorenzo,Técnica heredada de generación en generación en San Lorenzo.,Entramado artesanal de fibras flexibles para cestería y sopladores. Especialidad local desarrollada en San Lorenzo.
921,TELAR_CINTURA_GT1230,Telar de Cintura de La Blanca,Técnica heredada de generación en generación en La Blanca.,Técnica milenaria de tejido suspendida sobre la cintura del tejedor. Especialidad local desarrollada en La Blanca.
922,TELAR_PIE_GT1230,Telar de Pie de La Blanca,Técnica heredada de generación en generación en La Blanca.,Técnica de tejido en telar de pedal introducido en la época colonial. Especialidad local desarrollada en La Blanca.
923,JASPEADO_HILO_GT1230,Jaspeado de Hilos de La Blanca,Técnica heredada de generación en generación en La Blanca.,Técnica de teñido por reserva mediante amarrado de hilos antes de tejer. Especialidad local desarrollada en La Blanca.
924,BARRO_MODELADO_GT1230,Barro Modelado a Mano de La Blanca,Técnica heredada de generación en generación en La Blanca.,"Moldeado directo de la arcilla sin torno, usando quemado al aire libre. Especialidad local desarrollada en La Blanca."
925,BARRO_TORNO_GT1230,Barro en Torno de La Blanca,Técnica heredada de generación en generación en La Blanca.,Modelado de piezas cerámicas circulares y simétricas con torno tradicional. Especialidad local desarrollada en La Blanca.
926,TALLADO_CEDRO_GT1230,Tallado en Madera de Cedro de La Blanca,Técnica heredada de generación en generación en La Blanca.,Cincelado artesanal de madera noble para máscaras y cofres. Especialidad local desarrollada en La Blanca.
927,JADE_PULIDO_GT1230,Pulido de Jade de La Blanca,Técnica heredada de generación en generación en La Blanca.,Corte y abrasión fina de piedra de jadeita con herramientas de diamante. Especialidad local desarrollada en La Blanca.
928,AFINACION_ACUSTICA_GT1230,Afinación Acústica de Teclados de La Blanca,Técnica heredada de generación en generación en La Blanca.,Técnica de desbaste de tablillas de hormigo para dar afinación precisa. Especialidad local desarrollada en La Blanca.
929,PINTURA_PRIMITIVA_GT1230,Pintura Primitivista de La Blanca,Técnica heredada de generación en generación en La Blanca.,Estilo pictórico detallista y plano que muestra paisajes y ferias locales. Especialidad local desarrollada en La Blanca.
930,TEJIDO_MIMBRE_GT1230,Tejido en Fibras de Mimbre de La Blanca,Técnica heredada de generación en generación en La Blanca.,Entramado artesanal de fibras flexibles para cestería y sopladores. Especialidad local desarrollada en La Blanca.
931,TELAR_CINTURA_GT1301,Telar de Cintura de Huehuetenango,Técnica heredada de generación en generación en Huehuetenango.,Técnica milenaria de tejido suspendida sobre la cintura del tejedor. Especialidad local desarrollada en Huehuetenango.
932,TELAR_PIE_GT1301,Telar de Pie de Huehuetenango,Técnica heredada de generación en generación en Huehuetenango.,Técnica de tejido en telar de pedal introducido en la época colonial. Especialidad local desarrollada en Huehuetenango.
933,JASPEADO_HILO_GT1301,Jaspeado de Hilos de Huehuetenango,Técnica heredada de generación en generación en Huehuetenango.,Técnica de teñido por reserva mediante amarrado de hilos antes de tejer. Especialidad local desarrollada en Huehuetenango.
934,BARRO_MODELADO_GT1301,Barro Modelado a Mano de Huehuetenango,Técnica heredada de generación en generación en Huehuetenango.,"Moldeado directo de la arcilla sin torno, usando quemado al aire libre. Especialidad local desarrollada en Huehuetenango."
935,BARRO_TORNO_GT1301,Barro en Torno de Huehuetenango,Técnica heredada de generación en generación en Huehuetenango.,Modelado de piezas cerámicas circulares y simétricas con torno tradicional. Especialidad local desarrollada en Huehuetenango.
936,TALLADO_CEDRO_GT1301,Tallado en Madera de Cedro de Huehuetenango,Técnica heredada de generación en generación en Huehuetenango.,Cincelado artesanal de madera noble para máscaras y cofres. Especialidad local desarrollada en Huehuetenango.
937,JADE_PULIDO_GT1301,Pulido de Jade de Huehuetenango,Técnica heredada de generación en generación en Huehuetenango.,Corte y abrasión fina de piedra de jadeita con herramientas de diamante. Especialidad local desarrollada en Huehuetenango.
938,AFINACION_ACUSTICA_GT1301,Afinación Acústica de Teclados de Huehuetenango,Técnica heredada de generación en generación en Huehuetenango.,Técnica de desbaste de tablillas de hormigo para dar afinación precisa. Especialidad local desarrollada en Huehuetenango.
939,PINTURA_PRIMITIVA_GT1301,Pintura Primitivista de Huehuetenango,Técnica heredada de generación en generación en Huehuetenango.,Estilo pictórico detallista y plano que muestra paisajes y ferias locales. Especialidad local desarrollada en Huehuetenango.
940,TEJIDO_MIMBRE_GT1301,Tejido en Fibras de Mimbre de Huehuetenango,Técnica heredada de generación en generación en Huehuetenango.,Entramado artesanal de fibras flexibles para cestería y sopladores. Especialidad local desarrollada en Huehuetenango.
941,TELAR_CINTURA_GT1302,Telar de Cintura de Chiantla,Técnica heredada de generación en generación en Chiantla.,Técnica milenaria de tejido suspendida sobre la cintura del tejedor. Especialidad local desarrollada en Chiantla.
942,TELAR_PIE_GT1302,Telar de Pie de Chiantla,Técnica heredada de generación en generación en Chiantla.,Técnica de tejido en telar de pedal introducido en la época colonial. Especialidad local desarrollada en Chiantla.
943,JASPEADO_HILO_GT1302,Jaspeado de Hilos de Chiantla,Técnica heredada de generación en generación en Chiantla.,Técnica de teñido por reserva mediante amarrado de hilos antes de tejer. Especialidad local desarrollada en Chiantla.
944,BARRO_MODELADO_GT1302,Barro Modelado a Mano de Chiantla,Técnica heredada de generación en generación en Chiantla.,"Moldeado directo de la arcilla sin torno, usando quemado al aire libre. Especialidad local desarrollada en Chiantla."
945,BARRO_TORNO_GT1302,Barro en Torno de Chiantla,Técnica heredada de generación en generación en Chiantla.,Modelado de piezas cerámicas circulares y simétricas con torno tradicional. Especialidad local desarrollada en Chiantla.
946,TALLADO_CEDRO_GT1302,Tallado en Madera de Cedro de Chiantla,Técnica heredada de generación en generación en Chiantla.,Cincelado artesanal de madera noble para máscaras y cofres. Especialidad local desarrollada en Chiantla.
947,JADE_PULIDO_GT1302,Pulido de Jade de Chiantla,Técnica heredada de generación en generación en Chiantla.,Corte y abrasión fina de piedra de jadeita con herramientas de diamante. Especialidad local desarrollada en Chiantla.
948,AFINACION_ACUSTICA_GT1302,Afinación Acústica de Teclados de Chiantla,Técnica heredada de generación en generación en Chiantla.,Técnica de desbaste de tablillas de hormigo para dar afinación precisa. Especialidad local desarrollada en Chiantla.
949,PINTURA_PRIMITIVA_GT1302,Pintura Primitivista de Chiantla,Técnica heredada de generación en generación en Chiantla.,Estilo pictórico detallista y plano que muestra paisajes y ferias locales. Especialidad local desarrollada en Chiantla.
950,TEJIDO_MIMBRE_GT1302,Tejido en Fibras de Mimbre de Chiantla,Técnica heredada de generación en generación en Chiantla.,Entramado artesanal de fibras flexibles para cestería y sopladores. Especialidad local desarrollada en Chiantla.
951,TELAR_CINTURA_GT1303,Telar de Cintura de Malacatancito,Técnica heredada de generación en generación en Malacatancito.,Técnica milenaria de tejido suspendida sobre la cintura del tejedor. Especialidad local desarrollada en Malacatancito.
952,TELAR_PIE_GT1303,Telar de Pie de Malacatancito,Técnica heredada de generación en generación en Malacatancito.,Técnica de tejido en telar de pedal introducido en la época colonial. Especialidad local desarrollada en Malacatancito.
953,JASPEADO_HILO_GT1303,Jaspeado de Hilos de Malacatancito,Técnica heredada de generación en generación en Malacatancito.,Técnica de teñido por reserva mediante amarrado de hilos antes de tejer. Especialidad local desarrollada en Malacatancito.
954,BARRO_MODELADO_GT1303,Barro Modelado a Mano de Malacatancito,Técnica heredada de generación en generación en Malacatancito.,"Moldeado directo de la arcilla sin torno, usando quemado al aire libre. Especialidad local desarrollada en Malacatancito."
955,BARRO_TORNO_GT1303,Barro en Torno de Malacatancito,Técnica heredada de generación en generación en Malacatancito.,Modelado de piezas cerámicas circulares y simétricas con torno tradicional. Especialidad local desarrollada en Malacatancito.
956,TALLADO_CEDRO_GT1303,Tallado en Madera de Cedro de Malacatancito,Técnica heredada de generación en generación en Malacatancito.,Cincelado artesanal de madera noble para máscaras y cofres. Especialidad local desarrollada en Malacatancito.
957,JADE_PULIDO_GT1303,Pulido de Jade de Malacatancito,Técnica heredada de generación en generación en Malacatancito.,Corte y abrasión fina de piedra de jadeita con herramientas de diamante. Especialidad local desarrollada en Malacatancito.
958,AFINACION_ACUSTICA_GT1303,Afinación Acústica de Teclados de Malacatancito,Técnica heredada de generación en generación en Malacatancito.,Técnica de desbaste de tablillas de hormigo para dar afinación precisa. Especialidad local desarrollada en Malacatancito.
959,PINTURA_PRIMITIVA_GT1303,Pintura Primitivista de Malacatancito,Técnica heredada de generación en generación en Malacatancito.,Estilo pictórico detallista y plano que muestra paisajes y ferias locales. Especialidad local desarrollada en Malacatancito.
960,TEJIDO_MIMBRE_GT1303,Tejido en Fibras de Mimbre de Malacatancito,Técnica heredada de generación en generación en Malacatancito.,Entramado artesanal de fibras flexibles para cestería y sopladores. Especialidad local desarrollada en Malacatancito.
961,TELAR_CINTURA_GT1304,Telar de Cintura de Cuilco,Técnica heredada de generación en generación en Cuilco.,Técnica milenaria de tejido suspendida sobre la cintura del tejedor. Especialidad local desarrollada en Cuilco.
962,TELAR_PIE_GT1304,Telar de Pie de Cuilco,Técnica heredada de generación en generación en Cuilco.,Técnica de tejido en telar de pedal introducido en la época colonial. Especialidad local desarrollada en Cuilco.
963,JASPEADO_HILO_GT1304,Jaspeado de Hilos de Cuilco,Técnica heredada de generación en generación en Cuilco.,Técnica de teñido por reserva mediante amarrado de hilos antes de tejer. Especialidad local desarrollada en Cuilco.
964,BARRO_MODELADO_GT1304,Barro Modelado a Mano de Cuilco,Técnica heredada de generación en generación en Cuilco.,"Moldeado directo de la arcilla sin torno, usando quemado al aire libre. Especialidad local desarrollada en Cuilco."
965,BARRO_TORNO_GT1304,Barro en Torno de Cuilco,Técnica heredada de generación en generación en Cuilco.,Modelado de piezas cerámicas circulares y simétricas con torno tradicional. Especialidad local desarrollada en Cuilco.
966,TALLADO_CEDRO_GT1304,Tallado en Madera de Cedro de Cuilco,Técnica heredada de generación en generación en Cuilco.,Cincelado artesanal de madera noble para máscaras y cofres. Especialidad local desarrollada en Cuilco.
967,JADE_PULIDO_GT1304,Pulido de Jade de Cuilco,Técnica heredada de generación en generación en Cuilco.,Corte y abrasión fina de piedra de jadeita con herramientas de diamante. Especialidad local desarrollada en Cuilco.
968,AFINACION_ACUSTICA_GT1304,Afinación Acústica de Teclados de Cuilco,Técnica heredada de generación en generación en Cuilco.,Técnica de desbaste de tablillas de hormigo para dar afinación precisa. Especialidad local desarrollada en Cuilco.
969,PINTURA_PRIMITIVA_GT1304,Pintura Primitivista de Cuilco,Técnica heredada de generación en generación en Cuilco.,Estilo pictórico detallista y plano que muestra paisajes y ferias locales. Especialidad local desarrollada en Cuilco.
970,TEJIDO_MIMBRE_GT1304,Tejido en Fibras de Mimbre de Cuilco,Técnica heredada de generación en generación en Cuilco.,Entramado artesanal de fibras flexibles para cestería y sopladores. Especialidad local desarrollada en Cuilco.
971,TELAR_CINTURA_GT1305,Telar de Cintura de Nentón,Técnica heredada de generación en generación en Nentón.,Técnica milenaria de tejido suspendida sobre la cintura del tejedor. Especialidad local desarrollada en Nentón.
972,TELAR_PIE_GT1305,Telar de Pie de Nentón,Técnica heredada de generación en generación en Nentón.,Técnica de tejido en telar de pedal introducido en la época colonial. Especialidad local desarrollada en Nentón.
973,JASPEADO_HILO_GT1305,Jaspeado de Hilos de Nentón,Técnica heredada de generación en generación en Nentón.,Técnica de teñido por reserva mediante amarrado de hilos antes de tejer. Especialidad local desarrollada en Nentón.
974,BARRO_MODELADO_GT1305,Barro Modelado a Mano de Nentón,Técnica heredada de generación en generación en Nentón.,"Moldeado directo de la arcilla sin torno, usando quemado al aire libre. Especialidad local desarrollada en Nentón."
975,BARRO_TORNO_GT1305,Barro en Torno de Nentón,Técnica heredada de generación en generación en Nentón.,Modelado de piezas cerámicas circulares y simétricas con torno tradicional. Especialidad local desarrollada en Nentón.
976,TALLADO_CEDRO_GT1305,Tallado en Madera de Cedro de Nentón,Técnica heredada de generación en generación en Nentón.,Cincelado artesanal de madera noble para máscaras y cofres. Especialidad local desarrollada en Nentón.
977,JADE_PULIDO_GT1305,Pulido de Jade de Nentón,Técnica heredada de generación en generación en Nentón.,Corte y abrasión fina de piedra de jadeita con herramientas de diamante. Especialidad local desarrollada en Nentón.
978,AFINACION_ACUSTICA_GT1305,Afinación Acústica de Teclados de Nentón,Técnica heredada de generación en generación en Nentón.,Técnica de desbaste de tablillas de hormigo para dar afinación precisa. Especialidad local desarrollada en Nentón.
979,PINTURA_PRIMITIVA_GT1305,Pintura Primitivista de Nentón,Técnica heredada de generación en generación en Nentón.,Estilo pictórico detallista y plano que muestra paisajes y ferias locales. Especialidad local desarrollada en Nentón.
980,TEJIDO_MIMBRE_GT1305,Tejido en Fibras de Mimbre de Nentón,Técnica heredada de generación en generación en Nentón.,Entramado artesanal de fibras flexibles para cestería y sopladores. Especialidad local desarrollada en Nentón.
981,TELAR_CINTURA_GT1306,Telar de Cintura de San Pedro Necta,Técnica heredada de generación en generación en San Pedro Necta.,Técnica milenaria de tejido suspendida sobre la cintura del tejedor. Especialidad local desarrollada en San Pedro Necta.
982,TELAR_PIE_GT1306,Telar de Pie de San Pedro Necta,Técnica heredada de generación en generación en San Pedro Necta.,Técnica de tejido en telar de pedal introducido en la época colonial. Especialidad local desarrollada en San Pedro Necta.
983,JASPEADO_HILO_GT1306,Jaspeado de Hilos de San Pedro Necta,Técnica heredada de generación en generación en San Pedro Necta.,Técnica de teñido por reserva mediante amarrado de hilos antes de tejer. Especialidad local desarrollada en San Pedro Necta.
984,BARRO_MODELADO_GT1306,Barro Modelado a Mano de San Pedro Necta,Técnica heredada de generación en generación en San Pedro Necta.,"Moldeado directo de la arcilla sin torno, usando quemado al aire libre. Especialidad local desarrollada en San Pedro Necta."
985,BARRO_TORNO_GT1306,Barro en Torno de San Pedro Necta,Técnica heredada de generación en generación en San Pedro Necta.,Modelado de piezas cerámicas circulares y simétricas con torno tradicional. Especialidad local desarrollada en San Pedro Necta.
986,TALLADO_CEDRO_GT1306,Tallado en Madera de Cedro de San Pedro Necta,Técnica heredada de generación en generación en San Pedro Necta.,Cincelado artesanal de madera noble para máscaras y cofres. Especialidad local desarrollada en San Pedro Necta.
987,JADE_PULIDO_GT1306,Pulido de Jade de San Pedro Necta,Técnica heredada de generación en generación en San Pedro Necta.,Corte y abrasión fina de piedra de jadeita con herramientas de diamante. Especialidad local desarrollada en San Pedro Necta.
988,AFINACION_ACUSTICA_GT1306,Afinación Acústica de Teclados de San Pedro Necta,Técnica heredada de generación en generación en San Pedro Necta.,Técnica de desbaste de tablillas de hormigo para dar afinación precisa. Especialidad local desarrollada en San Pedro Necta.
989,PINTURA_PRIMITIVA_GT1306,Pintura Primitivista de San Pedro Necta,Técnica heredada de generación en generación en San Pedro Necta.,Estilo pictórico detallista y plano que muestra paisajes y ferias locales. Especialidad local desarrollada en San Pedro Necta.
990,TEJIDO_MIMBRE_GT1306,Tejido en Fibras de Mimbre de San Pedro Necta,Técnica heredada de generación en generación en San Pedro Necta.,Entramado artesanal de fibras flexibles para cestería y sopladores. Especialidad local desarrollada en San Pedro Necta.
991,TELAR_CINTURA_GT1307,Telar de Cintura de Jacaltenango,Técnica heredada de generación en generación en Jacaltenango.,Técnica milenaria de tejido suspendida sobre la cintura del tejedor. Especialidad local desarrollada en Jacaltenango.
992,TELAR_PIE_GT1307,Telar de Pie de Jacaltenango,Técnica heredada de generación en generación en Jacaltenango.,Técnica de tejido en telar de pedal introducido en la época colonial. Especialidad local desarrollada en Jacaltenango.
993,JASPEADO_HILO_GT1307,Jaspeado de Hilos de Jacaltenango,Técnica heredada de generación en generación en Jacaltenango.,Técnica de teñido por reserva mediante amarrado de hilos antes de tejer. Especialidad local desarrollada en Jacaltenango.
994,BARRO_MODELADO_GT1307,Barro Modelado a Mano de Jacaltenango,Técnica heredada de generación en generación en Jacaltenango.,"Moldeado directo de la arcilla sin torno, usando quemado al aire libre. Especialidad local desarrollada en Jacaltenango."
995,BARRO_TORNO_GT1307,Barro en Torno de Jacaltenango,Técnica heredada de generación en generación en Jacaltenango.,Modelado de piezas cerámicas circulares y simétricas con torno tradicional. Especialidad local desarrollada en Jacaltenango.
996,TALLADO_CEDRO_GT1307,Tallado en Madera de Cedro de Jacaltenango,Técnica heredada de generación en generación en Jacaltenango.,Cincelado artesanal de madera noble para máscaras y cofres. Especialidad local desarrollada en Jacaltenango.
997,JADE_PULIDO_GT1307,Pulido de Jade de Jacaltenango,Técnica heredada de generación en generación en Jacaltenango.,Corte y abrasión fina de piedra de jadeita con herramientas de diamante. Especialidad local desarrollada en Jacaltenango.
998,AFINACION_ACUSTICA_GT1307,Afinación Acústica de Teclados de Jacaltenango,Técnica heredada de generación en generación en Jacaltenango.,Técnica de desbaste de tablillas de hormigo para dar afinación precisa. Especialidad local desarrollada en Jacaltenango.
999,PINTURA_PRIMITIVA_GT1307,Pintura Primitivista de Jacaltenango,Técnica heredada de generación en generación en Jacaltenango.,Estilo pictórico detallista y plano que muestra paisajes y ferias locales. Especialidad local desarrollada en Jacaltenango.
1000,TEJIDO_MIMBRE_GT1307,Tejido en Fibras de Mimbre de Jacaltenango,Técnica heredada de generación en generación en Jacaltenango.,Entramado artesanal de fibras flexibles para cestería y sopladores. Especialidad local desarrollada en Jacaltenango.
1001,TELAR_CINTURA_GT1308,Telar de Cintura de Soloma,Técnica heredada de generación en generación en Soloma.,Técnica milenaria de tejido suspendida sobre la cintura del tejedor. Especialidad local desarrollada en Soloma.
1002,TELAR_PIE_GT1308,Telar de Pie de Soloma,Técnica heredada de generación en generación en Soloma.,Técnica de tejido en telar de pedal introducido en la época colonial. Especialidad local desarrollada en Soloma.
1003,JASPEADO_HILO_GT1308,Jaspeado de Hilos de Soloma,Técnica heredada de generación en generación en Soloma.,Técnica de teñido por reserva mediante amarrado de hilos antes de tejer. Especialidad local desarrollada en Soloma.
1004,BARRO_MODELADO_GT1308,Barro Modelado a Mano de Soloma,Técnica heredada de generación en generación en Soloma.,"Moldeado directo de la arcilla sin torno, usando quemado al aire libre. Especialidad local desarrollada en Soloma."
1005,BARRO_TORNO_GT1308,Barro en Torno de Soloma,Técnica heredada de generación en generación en Soloma.,Modelado de piezas cerámicas circulares y simétricas con torno tradicional. Especialidad local desarrollada en Soloma.
1006,TALLADO_CEDRO_GT1308,Tallado en Madera de Cedro de Soloma,Técnica heredada de generación en generación en Soloma.,Cincelado artesanal de madera noble para máscaras y cofres. Especialidad local desarrollada en Soloma.
1007,JADE_PULIDO_GT1308,Pulido de Jade de Soloma,Técnica heredada de generación en generación en Soloma.,Corte y abrasión fina de piedra de jadeita con herramientas de diamante. Especialidad local desarrollada en Soloma.
1008,AFINACION_ACUSTICA_GT1308,Afinación Acústica de Teclados de Soloma,Técnica heredada de generación en generación en Soloma.,Técnica de desbaste de tablillas de hormigo para dar afinación precisa. Especialidad local desarrollada en Soloma.
1009,PINTURA_PRIMITIVA_GT1308,Pintura Primitivista de Soloma,Técnica heredada de generación en generación en Soloma.,Estilo pictórico detallista y plano que muestra paisajes y ferias locales. Especialidad local desarrollada en Soloma.
1010,TEJIDO_MIMBRE_GT1308,Tejido en Fibras de Mimbre de Soloma,Técnica heredada de generación en generación en Soloma.,Entramado artesanal de fibras flexibles para cestería y sopladores. Especialidad local desarrollada en Soloma.
1011,TELAR_CINTURA_GT1309,Telar de Cintura de Ixtahuacán,Técnica heredada de generación en generación en Ixtahuacán.,Técnica milenaria de tejido suspendida sobre la cintura del tejedor. Especialidad local desarrollada en Ixtahuacán.
1012,TELAR_PIE_GT1309,Telar de Pie de Ixtahuacán,Técnica heredada de generación en generación en Ixtahuacán.,Técnica de tejido en telar de pedal introducido en la época colonial. Especialidad local desarrollada en Ixtahuacán.
1013,JASPEADO_HILO_GT1309,Jaspeado de Hilos de Ixtahuacán,Técnica heredada de generación en generación en Ixtahuacán.,Técnica de teñido por reserva mediante amarrado de hilos antes de tejer. Especialidad local desarrollada en Ixtahuacán.
1014,BARRO_MODELADO_GT1309,Barro Modelado a Mano de Ixtahuacán,Técnica heredada de generación en generación en Ixtahuacán.,"Moldeado directo de la arcilla sin torno, usando quemado al aire libre. Especialidad local desarrollada en Ixtahuacán."
1015,BARRO_TORNO_GT1309,Barro en Torno de Ixtahuacán,Técnica heredada de generación en generación en Ixtahuacán.,Modelado de piezas cerámicas circulares y simétricas con torno tradicional. Especialidad local desarrollada en Ixtahuacán.
1016,TALLADO_CEDRO_GT1309,Tallado en Madera de Cedro de Ixtahuacán,Técnica heredada de generación en generación en Ixtahuacán.,Cincelado artesanal de madera noble para máscaras y cofres. Especialidad local desarrollada en Ixtahuacán.
1017,JADE_PULIDO_GT1309,Pulido de Jade de Ixtahuacán,Técnica heredada de generación en generación en Ixtahuacán.,Corte y abrasión fina de piedra de jadeita con herramientas de diamante. Especialidad local desarrollada en Ixtahuacán.
1018,AFINACION_ACUSTICA_GT1309,Afinación Acústica de Teclados de Ixtahuacán,Técnica heredada de generación en generación en Ixtahuacán.,Técnica de desbaste de tablillas de hormigo para dar afinación precisa. Especialidad local desarrollada en Ixtahuacán.
1019,PINTURA_PRIMITIVA_GT1309,Pintura Primitivista de Ixtahuacán,Técnica heredada de generación en generación en Ixtahuacán.,Estilo pictórico detallista y plano que muestra paisajes y ferias locales. Especialidad local desarrollada en Ixtahuacán.
1020,TEJIDO_MIMBRE_GT1309,Tejido en Fibras de Mimbre de Ixtahuacán,Técnica heredada de generación en generación en Ixtahuacán.,Entramado artesanal de fibras flexibles para cestería y sopladores. Especialidad local desarrollada en Ixtahuacán.
