id_tipo_obra,codigo,nombre,descripcion,categoria_general
1,TEXTIL_HUIPIL_GT0401,Huipil Tradicional Estilo Chimaltenango,"Prenda textil tradicional femenina tejida y brocada a mano típico del municipio de Chimaltenango, departamento de Chimaltenango.",ARTESANIA
2,TEXTIL_CORTE_GT0401,Corte Jaspeado Estilo Chimaltenango,"Prenda textil inferior tejida con técnica de Jaspe típico del municipio de Chimaltenango, departamento de Chimaltenango.",ARTESANIA
3,TEXTIL_FAJA_GT0401,Faja Artesanal Estilo Chimaltenango,"Faja tejida para sujetar el corte con motivos geométricos típico del municipio de Chimaltenango, departamento de Chimaltenango.",ARTESANIA
4,CERAMICA_BARRO_GT0401,Cerámica de Barro Estilo Chimaltenango,"Piezas utilitarias y decorativas de barro cocido típico del municipio de Chimaltenango, departamento de Chimaltenango.",ARTESANIA
5,MADERA_MASCARA_GT0401,Máscara de Madera Estilo Chimaltenango,"Máscara tallada a mano para danzas folklóricas típico del municipio de Chimaltenango, departamento de Chimaltenango.",ARTESANIA
6,MADERA_JUGUETE_GT0401,Juguete de Madera Estilo Chimaltenango,"Juguete tradicional tallado y pintado (trompos, yoyos, carros) típico del municipio de Chimaltenango, departamento de Chimaltenango.",ARTESANIA
7,JADE_TALLADO_GT0401,Jade Tallado Estilo Chimaltenango,"Piezas de joyería y escultura en piedra de Jade típico del municipio de Chimaltenango, departamento de Chimaltenango.",ARTESANIA
8,MUSICA_MARIMBA_GT0401,Marimba de Madera Estilo Chimaltenango,"Instrumento musical nacional de marimba tallado típico del municipio de Chimaltenango, departamento de Chimaltenango.",ARTESANIA
9,PINTURA_CUADRO_GT0401,Pintura Costumbrista Estilo Chimaltenango,"Cuadro pictórico que retrata la vida y costumbres mayas típico del municipio de Chimaltenango, departamento de Chimaltenango.",ARTES_VISUALES
10,CESTERIA_CANASTA_GT0401,Canasta de Mimbre Estilo Chimaltenango,"Canastas y artículos de fibra natural tejida típico del municipio de Chimaltenango, departamento de Chimaltenango.",ARTESANIA
11,TEXTIL_HUIPIL_GT0402,Huipil Tradicional Estilo San José Poaquil,"Prenda textil tradicional femenina tejida y brocada a mano típico del municipio de San José Poaquil, departamento de Chimaltenango.",ARTESANIA
12,TEXTIL_CORTE_GT0402,Corte Jaspeado Estilo San José Poaquil,"Prenda textil inferior tejida con técnica de Jaspe típico del municipio de San José Poaquil, departamento de Chimaltenango.",ARTESANIA
13,TEXTIL_FAJA_GT0402,Faja Artesanal Estilo San José Poaquil,"Faja tejida para sujetar el corte con motivos geométricos típico del municipio de San José Poaquil, departamento de Chimaltenango.",ARTESANIA
14,CERAMICA_BARRO_GT0402,Cerámica de Barro Estilo San José Poaquil,"Piezas utilitarias y decorativas de barro cocido típico del municipio de San José Poaquil, departamento de Chimaltenango.",ARTESANIA
15,MADERA_MASCARA_GT0402,Máscara de Madera Estilo San José Poaquil,"Máscara tallada a mano para danzas folklóricas típico del municipio de San José Poaquil, departamento de Chimaltenango.",ARTESANIA
16,MADERA_JUGUETE_GT0402,Juguete de Madera Estilo San José Poaquil,"Juguete tradicional tallado y pintado (trompos, yoyos, carros) típico del municipio de San José Poaquil, departamento de Chimaltenango.",ARTESANIA
17,JADE_TALLADO_GT0402,Jade Tallado Estilo San José Poaquil,"Piezas de joyería y escultura en piedra de Jade típico del municipio de San José Poaquil, departamento de Chimaltenango.",ARTESANIA
18,MUSICA_MARIMBA_GT0402,Marimba de Madera Estilo San José Poaquil,"Instrumento musical nacional de marimba tallado típico del municipio de San José Poaquil, departamento de Chimaltenango.",ARTESANIA
19,PINTURA_CUADRO_GT0402,Pintura Costumbrista Estilo San José Poaquil,"Cuadro pictórico que retrata la vida y costumbres mayas típico del municipio de San José Poaquil, departamento de Chimaltenango.",ARTES_VISUALES
20,CESTERIA_CANASTA_GT0402,Canasta de Mimbre Estilo San José Poaquil,"Canastas y artículos de fibra natural tejida típico del municipio de San José Poaquil, departamento de Chimaltenango.",ARTESANIA
21,TEXTIL_HUIPIL_GT0403,Huipil Tradicional Estilo San Martín Jilotepeque,"Prenda textil tradicional femenina tejida y brocada a mano típico del municipio de San Martín Jilotepeque, departamento de Chimaltenango.",ARTESANIA
22,TEXTIL_CORTE_GT0403,Corte Jaspeado Estilo San Martín Jilotepeque,"Prenda textil inferior tejida con técnica de Jaspe típico del municipio de San Martín Jilotepeque, departamento de Chimaltenango.",ARTESANIA
23,TEXTIL_FAJA_GT0403,Faja Artesanal Estilo San Martín Jilotepeque,"Faja tejida para sujetar el corte con motivos geométricos típico del municipio de San Martín Jilotepeque, departamento de Chimaltenango.",ARTESANIA
24,CERAMICA_BARRO_GT0403,Cerámica de Barro Estilo San Martín Jilotepeque,"Piezas utilitarias y decorativas de barro cocido típico del municipio de San Martín Jilotepeque, departamento de Chimaltenango.",ARTESANIA
25,MADERA_MASCARA_GT0403,Máscara de Madera Estilo San Martín Jilotepeque,"Máscara tallada a mano para danzas folklóricas típico del municipio de San Martín Jilotepeque, departamento de Chimaltenango.",ARTESANIA
26,MADERA_JUGUETE_GT0403,Juguete de Madera Estilo San Martín Jilotepeque,"Juguete tradicional tallado y pintado (trompos, yoyos, carros) típico del municipio de San Martín Jilotepeque, departamento de Chimaltenango.",ARTESANIA
27,JADE_TALLADO_GT0403,Jade Tallado Estilo San Martín Jilotepeque,"Piezas de joyería y escultura en piedra de Jade típico del municipio de San Martín Jilotepeque, departamento de Chimaltenango.",ARTESANIA
28,MUSICA_MARIMBA_GT0403,Marimba de Madera Estilo San Martín Jilotepeque,"Instrumento musical nacional de marimba tallado típico del municipio de San Martín Jilotepeque, departamento de Chimaltenango.",ARTESANIA
29,PINTURA_CUADRO_GT0403,Pintura Costumbrista Estilo San Martín Jilotepeque,"Cuadro pictórico que retrata la vida y costumbres mayas típico del municipio de San Martín Jilotepeque, departamento de Chimaltenango.",ARTES_VISUALES
30,CESTERIA_CANASTA_GT0403,Canasta de Mimbre Estilo San Martín Jilotepeque,"Canastas y artículos de fibra natural tejida típico del municipio de San Martín Jilotepeque, departamento de Chimaltenango.",ARTESANIA
31,TEXTIL_HUIPIL_GT0404,Huipil Tradicional Estilo Comalapa,"Prenda textil tradicional femenina tejida y brocada a mano típico del municipio de Comalapa, departamento de Chimaltenango.",ARTESANIA
32,TEXTIL_CORTE_GT0404,Corte Jaspeado Estilo Comalapa,"Prenda textil inferior tejida con técnica de Jaspe típico del municipio de Comalapa, departamento de Chimaltenango.",ARTESANIA
33,TEXTIL_FAJA_GT0404,Faja Artesanal Estilo Comalapa,"Faja tejida para sujetar el corte con motivos geométricos típico del municipio de Comalapa, departamento de Chimaltenango.",ARTESANIA
34,CERAMICA_BARRO_GT0404,Cerámica de Barro Estilo Comalapa,"Piezas utilitarias y decorativas de barro cocido típico del municipio de Comalapa, departamento de Chimaltenango.",ARTESANIA
35,MADERA_MASCARA_GT0404,Máscara de Madera Estilo Comalapa,"Máscara tallada a mano para danzas folklóricas típico del municipio de Comalapa, departamento de Chimaltenango.",ARTESANIA
36,MADERA_JUGUETE_GT0404,Juguete de Madera Estilo Comalapa,"Juguete tradicional tallado y pintado (trompos, yoyos, carros) típico del municipio de Comalapa, departamento de Chimaltenango.",ARTESANIA
37,JADE_TALLADO_GT0404,Jade Tallado Estilo Comalapa,"Piezas de joyería y escultura en piedra de Jade típico del municipio de Comalapa, departamento de Chimaltenango.",ARTESANIA
38,MUSICA_MARIMBA_GT0404,Marimba de Madera Estilo Comalapa,"Instrumento musical nacional de marimba tallado típico del municipio de Comalapa, departamento de Chimaltenango.",ARTESANIA
39,PINTURA_CUADRO_GT0404,Pintura Costumbrista Estilo Comalapa,"Cuadro pictórico que retrata la vida y costumbres mayas típico del municipio de Comalapa, departamento de Chimaltenango.",ARTES_VISUALES
40,CESTERIA_CANASTA_GT0404,Canasta de Mimbre Estilo Comalapa,"Canastas y artículos de fibra natural tejida típico del municipio de Comalapa, departamento de Chimaltenango.",ARTESANIA
41,TEXTIL_HUIPIL_GT0405,Huipil Tradicional Estilo Santa Apolonia,"Prenda textil tradicional femenina tejida y brocada a mano típico del municipio de Santa Apolonia, departamento de Chimaltenango.",ARTESANIA
42,TEXTIL_CORTE_GT0405,Corte Jaspeado Estilo Santa Apolonia,"Prenda textil inferior tejida con técnica de Jaspe típico del municipio de Santa Apolonia, departamento de Chimaltenango.",ARTESANIA
43,TEXTIL_FAJA_GT0405,Faja Artesanal Estilo Santa Apolonia,"Faja tejida para sujetar el corte con motivos geométricos típico del municipio de Santa Apolonia, departamento de Chimaltenango.",ARTESANIA
44,CERAMICA_BARRO_GT0405,Cerámica de Barro Estilo Santa Apolonia,"Piezas utilitarias y decorativas de barro cocido típico del municipio de Santa Apolonia, departamento de Chimaltenango.",ARTESANIA
45,MADERA_MASCARA_GT0405,Máscara de Madera Estilo Santa Apolonia,"Máscara tallada a mano para danzas folklóricas típico del municipio de Santa Apolonia, departamento de Chimaltenango.",ARTESANIA
46,MADERA_JUGUETE_GT0405,Juguete de Madera Estilo Santa Apolonia,"Juguete tradicional tallado y pintado (trompos, yoyos, carros) típico del municipio de Santa Apolonia, departamento de Chimaltenango.",ARTESANIA
47,JADE_TALLADO_GT0405,Jade Tallado Estilo Santa Apolonia,"Piezas de joyería y escultura en piedra de Jade típico del municipio de Santa Apolonia, departamento de Chimaltenango.",ARTESANIA
48,MUSICA_MARIMBA_GT0405,Marimba de Madera Estilo Santa Apolonia,"Instrumento musical nacional de marimba tallado típico del municipio de Santa Apolonia, departamento de Chimaltenango.",ARTESANIA
49,PINTURA_CUADRO_GT0405,Pintura Costumbrista Estilo Santa Apolonia,"Cuadro pictórico que retrata la vida y costumbres mayas típico del municipio de Santa Apolonia, departamento de Chimaltenango.",ARTES_VISUALES
50,CESTERIA_CANASTA_GT0405,Canasta de Mimbre Estilo Santa Apolonia,"Canastas y artículos de fibra natural tejida típico del municipio de Santa Apolonia, departamento de Chimaltenango.",ARTESANIA
51,TEXTIL_HUIPIL_GT0406,Huipil Tradicional Estilo Tecpán Guatemala,"Prenda textil tradicional femenina tejida y brocada a mano típico del municipio de Tecpán Guatemala, departamento de Chimaltenango.",ARTESANIA
52,TEXTIL_CORTE_GT0406,Corte Jaspeado Estilo Tecpán Guatemala,"Prenda textil inferior tejida con técnica de Jaspe típico del municipio de Tecpán Guatemala, departamento de Chimaltenango.",ARTESANIA
53,TEXTIL_FAJA_GT0406,Faja Artesanal Estilo Tecpán Guatemala,"Faja tejida para sujetar el corte con motivos geométricos típico del municipio de Tecpán Guatemala, departamento de Chimaltenango.",ARTESANIA
54,CERAMICA_BARRO_GT0406,Cerámica de Barro Estilo Tecpán Guatemala,"Piezas utilitarias y decorativas de barro cocido típico del municipio de Tecpán Guatemala, departamento de Chimaltenango.",ARTESANIA
55,MADERA_MASCARA_GT0406,Máscara de Madera Estilo Tecpán Guatemala,"Máscara tallada a mano para danzas folklóricas típico del municipio de Tecpán Guatemala, departamento de Chimaltenango.",ARTESANIA
56,MADERA_JUGUETE_GT0406,Juguete de Madera Estilo Tecpán Guatemala,"Juguete tradicional tallado y pintado (trompos, yoyos, carros) típico del municipio de Tecpán Guatemala, departamento de Chimaltenango.",ARTESANIA
57,JADE_TALLADO_GT0406,Jade Tallado Estilo Tecpán Guatemala,"Piezas de joyería y escultura en piedra de Jade típico del municipio de Tecpán Guatemala, departamento de Chimaltenango.",ARTESANIA
58,MUSICA_MARIMBA_GT0406,Marimba de Madera Estilo Tecpán Guatemala,"Instrumento musical nacional de marimba tallado típico del municipio de Tecpán Guatemala, departamento de Chimaltenango.",ARTESANIA
59,PINTURA_CUADRO_GT0406,Pintura Costumbrista Estilo Tecpán Guatemala,"Cuadro pictórico que retrata la vida y costumbres mayas típico del municipio de Tecpán Guatemala, departamento de Chimaltenango.",ARTES_VISUALES
60,CESTERIA_CANASTA_GT0406,Canasta de Mimbre Estilo Tecpán Guatemala,"Canastas y artículos de fibra natural tejida típico del municipio de Tecpán Guatemala, departamento de Chimaltenango.",ARTESANIA
61,TEXTIL_HUIPIL_GT0407,Huipil Tradicional Estilo Patzún,"Prenda textil tradicional femenina tejida y brocada a mano típico del municipio de Patzún, departamento de Chimaltenango.",ARTESANIA
62,TEXTIL_CORTE_GT0407,Corte Jaspeado Estilo Patzún,"Prenda textil inferior tejida con técnica de Jaspe típico del municipio de Patzún, departamento de Chimaltenango.",ARTESANIA
63,TEXTIL_FAJA_GT0407,Faja Artesanal Estilo Patzún,"Faja tejida para sujetar el corte con motivos geométricos típico del municipio de Patzún, departamento de Chimaltenango.",ARTESANIA
64,CERAMICA_BARRO_GT0407,Cerámica de Barro Estilo Patzún,"Piezas utilitarias y decorativas de barro cocido típico del municipio de Patzún, departamento de Chimaltenango.",ARTESANIA
65,MADERA_MASCARA_GT0407,Máscara de Madera Estilo Patzún,"Máscara tallada a mano para danzas folklóricas típico del municipio de Patzún, departamento de Chimaltenango.",ARTESANIA
66,MADERA_JUGUETE_GT0407,Juguete de Madera Estilo Patzún,"Juguete tradicional tallado y pintado (trompos, yoyos, carros) típico del municipio de Patzún, departamento de Chimaltenango.",ARTESANIA
67,JADE_TALLADO_GT0407,Jade Tallado Estilo Patzún,"Piezas de joyería y escultura en piedra de Jade típico del municipio de Patzún, departamento de Chimaltenango.",ARTESANIA
68,MUSICA_MARIMBA_GT0407,Marimba de Madera Estilo Patzún,"Instrumento musical nacional de marimba tallado típico del municipio de Patzún, departamento de Chimaltenango.",ARTESANIA
69,PINTURA_CUADRO_GT0407,Pintura Costumbrista Estilo Patzún,"Cuadro pictórico que retrata la vida y costumbres mayas típico del municipio de Patzún, departamento de Chimaltenango.",ARTES_VISUALES
70,CESTERIA_CANASTA_GT0407,Canasta de Mimbre Estilo Patzún,"Canastas y artículos de fibra natural tejida típico del municipio de Patzún, departamento de Chimaltenango.",ARTESANIA
71,TEXTIL_HUIPIL_GT0408,Huipil Tradicional Estilo Pochuta,"Prenda textil tradicional femenina tejida y brocada a mano típico del municipio de Pochuta, departamento de Chimaltenango.",ARTESANIA
72,TEXTIL_CORTE_GT0408,Corte Jaspeado Estilo Pochuta,"Prenda textil inferior tejida con técnica de Jaspe típico del municipio de Pochuta, departamento de Chimaltenango.",ARTESANIA
73,TEXTIL_FAJA_GT0408,Faja Artesanal Estilo Pochuta,"Faja tejida para sujetar el corte con motivos geométricos típico del municipio de Pochuta, departamento de Chimaltenango.",ARTESANIA
74,CERAMICA_BARRO_GT0408,Cerámica de Barro Estilo Pochuta,"Piezas utilitarias y decorativas de barro cocido típico del municipio de Pochuta, departamento de Chimaltenango.",ARTESANIA
75,MADERA_MASCARA_GT0408,Máscara de Madera Estilo Pochuta,"Máscara tallada a mano para danzas folklóricas típico del municipio de Pochuta, departamento de Chimaltenango.",ARTESANIA
76,MADERA_JUGUETE_GT0408,Juguete de Madera Estilo Pochuta,"Juguete tradicional tallado y pintado (trompos, yoyos, carros) típico del municipio de Pochuta, departamento de Chimaltenango.",ARTESANIA
77,JADE_TALLADO_GT0408,Jade Tallado Estilo Pochuta,"Piezas de joyería y escultura en piedra de Jade típico del municipio de Pochuta, departamento de Chimaltenango.",ARTESANIA
78,MUSICA_MARIMBA_GT0408,Marimba de Madera Estilo Pochuta,"Instrumento musical nacional de marimba tallado típico del municipio de Pochuta, departamento de Chimaltenango.",ARTESANIA
79,PINTURA_CUADRO_GT0408,Pintura Costumbrista Estilo Pochuta,"Cuadro pictórico que retrata la vida y costumbres mayas típico del municipio de Pochuta, departamento de Chimaltenango.",ARTES_VISUALES
80,CESTERIA_CANASTA_GT0408,Canasta de Mimbre Estilo Pochuta,"Canastas y artículos de fibra natural tejida típico del municipio de Pochuta, departamento de Chimaltenango.",ARTESANIA
81,TEXTIL_HUIPIL_GT0409,Huipil Tradicional Estilo Patzicía,"Prenda textil tradicional femenina tejida y brocada a mano típico del municipio de Patzicía, departamento de Chimaltenango.",ARTESANIA
82,TEXTIL_CORTE_GT0409,Corte Jaspeado Estilo Patzicía,"Prenda textil inferior tejida con técnica de Jaspe típico del municipio de Patzicía, departamento de Chimaltenango.",ARTESANIA
83,TEXTIL_FAJA_GT0409,Faja Artesanal Estilo Patzicía,"Faja tejida para sujetar el corte con motivos geométricos típico del municipio de Patzicía, departamento de Chimaltenango.",ARTESANIA
84,CERAMICA_BARRO_GT0409,Cerámica de Barro Estilo Patzicía,"Piezas utilitarias y decorativas de barro cocido típico del municipio de Patzicía, departamento de Chimaltenango.",ARTESANIA
85,MADERA_MASCARA_GT0409,Máscara de Madera Estilo Patzicía,"Máscara tallada a mano para danzas folklóricas típico del municipio de Patzicía, departamento de Chimaltenango.",ARTESANIA
86,MADERA_JUGUETE_GT0409,Juguete de Madera Estilo Patzicía,"Juguete tradicional tallado y pintado (trompos, yoyos, carros) típico del municipio de Patzicía, departamento de Chimaltenango.",ARTESANIA
87,JADE_TALLADO_GT0409,Jade Tallado Estilo Patzicía,"Piezas de joyería y escultura en piedra de Jade típico del municipio de Patzicía, departamento de Chimaltenango.",ARTESANIA
88,MUSICA_MARIMBA_GT0409,Marimba de Madera Estilo Patzicía,"Instrumento musical nacional de marimba tallado típico del municipio de Patzicía, departamento de Chimaltenango.",ARTESANIA
89,PINTURA_CUADRO_GT0409,Pintura Costumbrista Estilo Patzicía,"Cuadro pictórico que retrata la vida y costumbres mayas típico del municipio de Patzicía, departamento de Chimaltenango.",ARTES_VISUALES
90,CESTERIA_CANASTA_GT0409,Canasta de Mimbre Estilo Patzicía,"Canastas y artículos de fibra natural tejida típico del municipio de Patzicía, departamento de Chimaltenango.",ARTESANIA
91,TEXTIL_HUIPIL_GT0410,Huipil Tradicional Estilo Santa Cruz Balanyá,"Prenda textil tradicional femenina tejida y brocada a mano típico del municipio de Santa Cruz Balanyá, departamento de Chimaltenango.",ARTESANIA
92,TEXTIL_CORTE_GT0410,Corte Jaspeado Estilo Santa Cruz Balanyá,"Prenda textil inferior tejida con técnica de Jaspe típico del municipio de Santa Cruz Balanyá, departamento de Chimaltenango.",ARTESANIA
93,TEXTIL_FAJA_GT0410,Faja Artesanal Estilo Santa Cruz Balanyá,"Faja tejida para sujetar el corte con motivos geométricos típico del municipio de Santa Cruz Balanyá, departamento de Chimaltenango.",ARTESANIA
94,CERAMICA_BARRO_GT0410,Cerámica de Barro Estilo Santa Cruz Balanyá,"Piezas utilitarias y decorativas de barro cocido típico del municipio de Santa Cruz Balanyá, departamento de Chimaltenango.",ARTESANIA
95,MADERA_MASCARA_GT0410,Máscara de Madera Estilo Santa Cruz Balanyá,"Máscara tallada a mano para danzas folklóricas típico del municipio de Santa Cruz Balanyá, departamento de Chimaltenango.",ARTESANIA
96,MADERA_JUGUETE_GT0410,Juguete de Madera Estilo Santa Cruz Balanyá,"Juguete tradicional tallado y pintado (trompos, yoyos, carros) típico del municipio de Santa Cruz Balanyá, departamento de Chimaltenango.",ARTESANIA
97,JADE_TALLADO_GT0410,Jade Tallado Estilo Santa Cruz Balanyá,"Piezas de joyería y escultura en piedra de Jade típico del municipio de Santa Cruz Balanyá, departamento de Chimaltenango.",ARTESANIA
98,MUSICA_MARIMBA_GT0410,Marimba de Madera Estilo Santa Cruz Balanyá,"Instrumento musical nacional de marimba tallado típico del municipio de Santa Cruz Balanyá, departamento de Chimaltenango.",ARTESANIA
99,PINTURA_CUADRO_GT0410,Pintura Costumbrista Estilo Santa Cruz Balanyá,"Cuadro pictórico que retrata la vida y costumbres mayas típico del municipio de Santa Cruz Balanyá, departamento de Chimaltenango.",ARTES_VISUALES
100,CESTERIA_CANASTA_GT0410,Canasta de Mimbre Estilo Santa Cruz Balanyá,"Canastas y artículos de fibra natural tejida típico del municipio de Santa Cruz Balanyá, departamento de Chimaltenango.",ARTESANIA
101,TEXTIL_HUIPIL_GT0411,Huipil Tradicional Estilo Acatenango,"Prenda textil tradicional femenina tejida y brocada a mano típico del municipio de Acatenango, departamento de Chimaltenango.",ARTESANIA
102,TEXTIL_CORTE_GT0411,Corte Jaspeado Estilo Acatenango,"Prenda textil inferior tejida con técnica de Jaspe típico del municipio de Acatenango, departamento de Chimaltenango.",ARTESANIA
103,TEXTIL_FAJA_GT0411,Faja Artesanal Estilo Acatenango,"Faja tejida para sujetar el corte con motivos geométricos típico del municipio de Acatenango, departamento de Chimaltenango.",ARTESANIA
104,CERAMICA_BARRO_GT0411,Cerámica de Barro Estilo Acatenango,"Piezas utilitarias y decorativas de barro cocido típico del municipio de Acatenango, departamento de Chimaltenango.",ARTESANIA
105,MADERA_MASCARA_GT0411,Máscara de Madera Estilo Acatenango,"Máscara tallada a mano para danzas folklóricas típico del municipio de Acatenango, departamento de Chimaltenango.",ARTESANIA
106,MADERA_JUGUETE_GT0411,Juguete de Madera Estilo Acatenango,"Juguete tradicional tallado y pintado (trompos, yoyos, carros) típico del municipio de Acatenango, departamento de Chimaltenango.",ARTESANIA
107,JADE_TALLADO_GT0411,Jade Tallado Estilo Acatenango,"Piezas de joyería y escultura en piedra de Jade típico del municipio de Acatenango, departamento de Chimaltenango.",ARTESANIA
108,MUSICA_MARIMBA_GT0411,Marimba de Madera Estilo Acatenango,"Instrumento musical nacional de marimba tallado típico del municipio de Acatenango, departamento de Chimaltenango.",ARTESANIA
109,PINTURA_CUADRO_GT0411,Pintura Costumbrista Estilo Acatenango,"Cuadro pictórico que retrata la vida y costumbres mayas típico del municipio de Acatenango, departamento de Chimaltenango.",ARTES_VISUALES
110,CESTERIA_CANASTA_GT0411,Canasta de Mimbre Estilo Acatenango,"Canastas y artículos de fibra natural tejida típico del municipio de Acatenango, departamento de Chimaltenango.",ARTESANIA
111,TEXTIL_HUIPIL_GT0412,Huipil Tradicional Estilo Yepocapa,"Prenda textil tradicional femenina tejida y brocada a mano típico del municipio de Yepocapa, departamento de Chimaltenango.",ARTESANIA
112,TEXTIL_CORTE_GT0412,Corte Jaspeado Estilo Yepocapa,"Prenda textil inferior tejida con técnica de Jaspe típico del municipio de Yepocapa, departamento de Chimaltenango.",ARTESANIA
113,TEXTIL_FAJA_GT0412,Faja Artesanal Estilo Yepocapa,"Faja tejida para sujetar el corte con motivos geométricos típico del municipio de Yepocapa, departamento de Chimaltenango.",ARTESANIA
114,CERAMICA_BARRO_GT0412,Cerámica de Barro Estilo Yepocapa,"Piezas utilitarias y decorativas de barro cocido típico del municipio de Yepocapa, departamento de Chimaltenango.",ARTESANIA
115,MADERA_MASCARA_GT0412,Máscara de Madera Estilo Yepocapa,"Máscara tallada a mano para danzas folklóricas típico del municipio de Yepocapa, departamento de Chimaltenango.",ARTESANIA
116,MADERA_JUGUETE_GT0412,Juguete de Madera Estilo Yepocapa,"Juguete tradicional tallado y pintado (trompos, yoyos, carros) típico del municipio de Yepocapa, departamento de Chimaltenango.",ARTESANIA
117,JADE_TALLADO_GT0412,Jade Tallado Estilo Yepocapa,"Piezas de joyería y escultura en piedra de Jade típico del municipio de Yepocapa, departamento de Chimaltenango.",ARTESANIA
118,MUSICA_MARIMBA_GT0412,Marimba de Madera Estilo Yepocapa,"Instrumento musical nacional de marimba tallado típico del municipio de Yepocapa, departamento de Chimaltenango.",ARTESANIA
119,PINTURA_CUADRO_GT0412,Pintura Costumbrista Estilo Yepocapa,"Cuadro pictórico que retrata la vida y costumbres mayas típico del municipio de Yepocapa, departamento de Chimaltenango.",ARTES_VISUALES
120,CESTERIA_CANASTA_GT0412,Canasta de Mimbre Estilo Yepocapa,"Canastas y artículos de fibra natural tejida típico del municipio de Yepocapa, departamento de Chimaltenango.",ARTESANIA
121,TEXTIL_HUIPIL_GT0413,Huipil Tradicional Estilo San Andrés Itzapa,"Prenda textil tradicional femenina tejida y brocada a mano típico del municipio de San Andrés Itzapa, departamento de Chimaltenango.",ARTESANIA
122,TEXTIL_CORTE_GT0413,Corte Jaspeado Estilo San Andrés Itzapa,"Prenda textil inferior tejida con técnica de Jaspe típico del municipio de San Andrés Itzapa, departamento de Chimaltenango.",ARTESANIA
123,TEXTIL_FAJA_GT0413,Faja Artesanal Estilo San Andrés Itzapa,"Faja tejida para sujetar el corte con motivos geométricos típico del municipio de San Andrés Itzapa, departamento de Chimaltenango.",ARTESANIA
124,CERAMICA_BARRO_GT0413,Cerámica de Barro Estilo San Andrés Itzapa,"Piezas utilitarias y decorativas de barro cocido típico del municipio de San Andrés Itzapa, departamento de Chimaltenango.",ARTESANIA
125,MADERA_MASCARA_GT0413,Máscara de Madera Estilo San Andrés Itzapa,"Máscara tallada a mano para danzas folklóricas típico del municipio de San Andrés Itzapa, departamento de Chimaltenango.",ARTESANIA
126,MADERA_JUGUETE_GT0413,Juguete de Madera Estilo San Andrés Itzapa,"Juguete tradicional tallado y pintado (trompos, yoyos, carros) típico del municipio de San Andrés Itzapa, departamento de Chimaltenango.",ARTESANIA
127,JADE_TALLADO_GT0413,Jade Tallado Estilo San Andrés Itzapa,"Piezas de joyería y escultura en piedra de Jade típico del municipio de San Andrés Itzapa, departamento de Chimaltenango.",ARTESANIA
128,MUSICA_MARIMBA_GT0413,Marimba de Madera Estilo San Andrés Itzapa,"Instrumento musical nacional de marimba tallado típico del municipio de San Andrés Itzapa, departamento de Chimaltenango.",ARTESANIA
129,PINTURA_CUADRO_GT0413,Pintura Costumbrista Estilo San Andrés Itzapa,"Cuadro pictórico que retrata la vida y costumbres mayas típico del municipio de San Andrés Itzapa, departamento de Chimaltenango.",ARTES_VISUALES
130,CESTERIA_CANASTA_GT0413,Canasta de Mimbre Estilo San Andrés Itzapa,"Canastas y artículos de fibra natural tejida típico del municipio de San Andrés Itzapa, departamento de Chimaltenango.",ARTESANIA
131,TEXTIL_HUIPIL_GT0414,Huipil Tradicional Estilo Parramos,"Prenda textil tradicional femenina tejida y brocada a mano típico del municipio de Parramos, departamento de Chimaltenango.",ARTESANIA
132,TEXTIL_CORTE_GT0414,Corte Jaspeado Estilo Parramos,"Prenda textil inferior tejida con técnica de Jaspe típico del municipio de Parramos, departamento de Chimaltenango.",ARTESANIA
133,TEXTIL_FAJA_GT0414,Faja Artesanal Estilo Parramos,"Faja tejida para sujetar el corte con motivos geométricos típico del municipio de Parramos, departamento de Chimaltenango.",ARTESANIA
134,CERAMICA_BARRO_GT0414,Cerámica de Barro Estilo Parramos,"Piezas utilitarias y decorativas de barro cocido típico del municipio de Parramos, departamento de Chimaltenango.",ARTESANIA
135,MADERA_MASCARA_GT0414,Máscara de Madera Estilo Parramos,"Máscara tallada a mano para danzas folklóricas típico del municipio de Parramos, departamento de Chimaltenango.",ARTESANIA
136,MADERA_JUGUETE_GT0414,Juguete de Madera Estilo Parramos,"Juguete tradicional tallado y pintado (trompos, yoyos, carros) típico del municipio de Parramos, departamento de Chimaltenango.",ARTESANIA
137,JADE_TALLADO_GT0414,Jade Tallado Estilo Parramos,"Piezas de joyería y escultura en piedra de Jade típico del municipio de Parramos, departamento de Chimaltenango.",ARTESANIA
138,MUSICA_MARIMBA_GT0414,Marimba de Madera Estilo Parramos,"Instrumento musical nacional de marimba tallado típico del municipio de Parramos, departamento de Chimaltenango.",ARTESANIA
139,PINTURA_CUADRO_GT0414,Pintura Costumbrista Estilo Parramos,"Cuadro pictórico que retrata la vida y costumbres mayas típico del municipio de Parramos, departamento de Chimaltenango.",ARTES_VISUALES
140,CESTERIA_CANASTA_GT0414,Canasta de Mimbre Estilo Parramos,"Canastas y artículos de fibra natural tejida típico del municipio de Parramos, departamento de Chimaltenango.",ARTESANIA
141,TEXTIL_HUIPIL_GT0415,Huipil Tradicional Estilo Zaragoza,"Prenda textil tradicional femenina tejida y brocada a mano típico del municipio de Zaragoza, departamento de Chimaltenango.",ARTESANIA
142,TEXTIL_CORTE_GT0415,Corte Jaspeado Estilo Zaragoza,"Prenda textil inferior tejida con técnica de Jaspe típico del municipio de Zaragoza, departamento de Chimaltenango.",ARTESANIA
143,TEXTIL_FAJA_GT0415,Faja Artesanal Estilo Zaragoza,"Faja tejida para sujetar el corte con motivos geométricos típico del municipio de Zaragoza, departamento de Chimaltenango.",ARTESANIA
144,CERAMICA_BARRO_GT0415,Cerámica de Barro Estilo Zaragoza,"Piezas utilitarias y decorativas de barro cocido típico del municipio de Zaragoza, departamento de Chimaltenango.",ARTESANIA
145,MADERA_MASCARA_GT0415,Máscara de Madera Estilo Zaragoza,"Máscara tallada a mano para danzas folklóricas típico del municipio de Zaragoza, departamento de Chimaltenango.",ARTESANIA
146,MADERA_JUGUETE_GT0415,Juguete de Madera Estilo Zaragoza,"Juguete tradicional tallado y pintado (trompos, yoyos, carros) típico del municipio de Zaragoza, departamento de Chimaltenango.",ARTESANIA
147,JADE_TALLADO_GT0415,Jade Tallado Estilo Zaragoza,"Piezas de joyería y escultura en piedra de Jade típico del municipio de Zaragoza, departamento de Chimaltenango.",ARTESANIA
148,MUSICA_MARIMBA_GT0415,Marimba de Madera Estilo Zaragoza,"Instrumento musical nacional de marimba tallado típico del municipio de Zaragoza, departamento de Chimaltenango.",ARTESANIA
149,PINTURA_CUADRO_GT0415,Pintura Costumbrista Estilo Zaragoza,"Cuadro pictórico que retrata la vida y costumbres mayas típico del municipio de Zaragoza, departamento de Chimaltenango.",ARTES_VISUALES
150,CESTERIA_CANASTA_GT0415,Canasta de Mimbre Estilo Zaragoza,"Canastas y artículos de fibra natural tejida típico del municipio de Zaragoza, departamento de Chimaltenango.",ARTESANIA
151,TEXTIL_HUIPIL_GT0416,Huipil Tradicional Estilo El Tejar,"Prenda textil tradicional femenina tejida y brocada a mano típico del municipio de El Tejar, departamento de Chimaltenango.",ARTESANIA
152,TEXTIL_CORTE_GT0416,Corte Jaspeado Estilo El Tejar,"Prenda textil inferior tejida con técnica de Jaspe típico del municipio de El Tejar, departamento de Chimaltenango.",ARTESANIA
153,TEXTIL_FAJA_GT0416,Faja Artesanal Estilo El Tejar,"Faja tejida para sujetar el corte con motivos geométricos típico del municipio de El Tejar, departamento de Chimaltenango.",ARTESANIA
154,CERAMICA_BARRO_GT0416,Cerámica de Barro Estilo El Tejar,"Piezas utilitarias y decorativas de barro cocido típico del municipio de El Tejar, departamento de Chimaltenango.",ARTESANIA
155,MADERA_MASCARA_GT0416,Máscara de Madera Estilo El Tejar,"Máscara tallada a mano para danzas folklóricas típico del municipio de El Tejar, departamento de Chimaltenango.",ARTESANIA
156,MADERA_JUGUETE_GT0416,Juguete de Madera Estilo El Tejar,"Juguete tradicional tallado y pintado (trompos, yoyos, carros) típico del municipio de El Tejar, departamento de Chimaltenango.",ARTESANIA
157,JADE_TALLADO_GT0416,Jade Tallado Estilo El Tejar,"Piezas de joyería y escultura en piedra de Jade típico del municipio de El Tejar, departamento de Chimaltenango.",ARTESANIA
158,MUSICA_MARIMBA_GT0416,Marimba de Madera Estilo El Tejar,"Instrumento musical nacional de marimba tallado típico del municipio de El Tejar, departamento de Chimaltenango.",ARTESANIA
159,PINTURA_CUADRO_GT0416,Pintura Costumbrista Estilo El Tejar,"Cuadro pictórico que retrata la vida y costumbres mayas típico del municipio de El Tejar, departamento de Chimaltenango.",ARTES_VISUALES
160,CESTERIA_CANASTA_GT0416,Canasta de Mimbre Estilo El Tejar,"Canastas y artículos de fibra natural tejida típico del municipio de El Tejar, departamento de Chimaltenango.",ARTESANIA
161,TEXTIL_HUIPIL_GT0700,Huipil Tradicional Estilo Lago De Atitlan,"Prenda textil tradicional femenina tejida y brocada a mano típico del municipio de Lago De Atitlan, departamento de Sololá.",ARTESANIA
162,TEXTIL_CORTE_GT0700,Corte Jaspeado Estilo Lago De Atitlan,"Prenda textil inferior tejida con técnica de Jaspe típico del municipio de Lago De Atitlan, departamento de Sololá.",ARTESANIA
163,TEXTIL_FAJA_GT0700,Faja Artesanal Estilo Lago De Atitlan,"Faja tejida para sujetar el corte con motivos geométricos típico del municipio de Lago De Atitlan, departamento de Sololá.",ARTESANIA
164,CERAMICA_BARRO_GT0700,Cerámica de Barro Estilo Lago De Atitlan,"Piezas utilitarias y decorativas de barro cocido típico del municipio de Lago De Atitlan, departamento de Sololá.",ARTESANIA
165,MADERA_MASCARA_GT0700,Máscara de Madera Estilo Lago De Atitlan,"Máscara tallada a mano para danzas folklóricas típico del municipio de Lago De Atitlan, departamento de Sololá.",ARTESANIA
166,MADERA_JUGUETE_GT0700,Juguete de Madera Estilo Lago De Atitlan,"Juguete tradicional tallado y pintado (trompos, yoyos, carros) típico del municipio de Lago De Atitlan, departamento de Sololá.",ARTESANIA
167,JADE_TALLADO_GT0700,Jade Tallado Estilo Lago De Atitlan,"Piezas de joyería y escultura en piedra de Jade típico del municipio de Lago De Atitlan, departamento de Sololá.",ARTESANIA
168,MUSICA_MARIMBA_GT0700,Marimba de Madera Estilo Lago De Atitlan,"Instrumento musical nacional de marimba tallado típico del municipio de Lago De Atitlan, departamento de Sololá.",ARTESANIA
169,PINTURA_CUADRO_GT0700,Pintura Costumbrista Estilo Lago De Atitlan,"Cuadro pictórico que retrata la vida y costumbres mayas típico del municipio de Lago De Atitlan, departamento de Sololá.",ARTES_VISUALES
170,CESTERIA_CANASTA_GT0700,Canasta de Mimbre Estilo Lago De Atitlan,"Canastas y artículos de fibra natural tejida típico del municipio de Lago De Atitlan, departamento de Sololá.",ARTESANIA
171,TEXTIL_HUIPIL_GT0701,Huipil Tradicional Estilo Sololá,"Prenda textil tradicional femenina tejida y brocada a mano típico del municipio de Sololá, departamento de Sololá.",ARTESANIA
172,TEXTIL_CORTE_GT0701,Corte Jaspeado Estilo Sololá,"Prenda textil inferior tejida con técnica de Jaspe típico del municipio de Sololá, departamento de Sololá.",ARTESANIA
173,TEXTIL_FAJA_GT0701,Faja Artesanal Estilo Sololá,"Faja tejida para sujetar el corte con motivos geométricos típico del municipio de Sololá, departamento de Sololá.",ARTESANIA
174,CERAMICA_BARRO_GT0701,Cerámica de Barro Estilo Sololá,"Piezas utilitarias y decorativas de barro cocido típico del municipio de Sololá, departamento de Sololá.",ARTESANIA
175,MADERA_MASCARA_GT0701,Máscara de Madera Estilo Sololá,"Máscara tallada a mano para danzas folklóricas típico del municipio de Sololá, departamento de Sololá.",ARTESANIA
176,MADERA_JUGUETE_GT0701,Juguete de Madera Estilo Sololá,"Juguete tradicional tallado y pintado (trompos, yoyos, carros) típico del municipio de Sololá, departamento de Sololá.",ARTESANIA
177,JADE_TALLADO_GT0701,Jade Tallado Estilo Sololá,"Piezas de joyería y escultura en piedra de Jade típico del municipio de Sololá, departamento de Sololá.",ARTESANIA
178,MUSICA_MARIMBA_GT0701,Marimba de Madera Estilo Sololá,"Instrumento musical nacional de marimba tallado típico del municipio de Sololá, departamento de Sololá.",ARTESANIA
179,PINTURA_CUADRO_GT0701,Pintura Costumbrista Estilo Sololá,"Cuadro pictórico que retrata la vida y costumbres mayas típico del municipio de Sololá, departamento de Sololá.",ARTES_VISUALES
180,CESTERIA_CANASTA_GT0701,Canasta de Mimbre Estilo Sololá,"Canastas y artículos de fibra natural tejida típico del municipio de Sololá, departamento de Sololá.",ARTESANIA
181,TEXTIL_HUIPIL_GT0702,Huipil Tradicional Estilo San José Chacayá,"Prenda textil tradicional femenina tejida y brocada a mano típico del municipio de San José Chacayá, departamento de Sololá.",ARTESANIA
182,TEXTIL_CORTE_GT0702,Corte Jaspeado Estilo San José Chacayá,"Prenda textil inferior tejida con técnica de Jaspe típico del municipio de San José Chacayá, departamento de Sololá.",ARTESANIA
183,TEXTIL_FAJA_GT0702,Faja Artesanal Estilo San José Chacayá,"Faja tejida para sujetar el corte con motivos geométricos típico del municipio de San José Chacayá, departamento de Sololá.",ARTESANIA
184,CERAMICA_BARRO_GT0702,Cerámica de Barro Estilo San José Chacayá,"Piezas utilitarias y decorativas de barro cocido típico del municipio de San José Chacayá, departamento de Sololá.",ARTESANIA
185,MADERA_MASCARA_GT0702,Máscara de Madera Estilo San José Chacayá,"Máscara tallada a mano para danzas folklóricas típico del municipio de San José Chacayá, departamento de Sololá.",ARTESANIA
186,MADERA_JUGUETE_GT0702,Juguete de Madera Estilo San José Chacayá,"Juguete tradicional tallado y pintado (trompos, yoyos, carros) típico del municipio de San José Chacayá, departamento de Sololá.",ARTESANIA
187,JADE_TALLADO_GT0702,Jade Tallado Estilo San José Chacayá,"Piezas de joyería y escultura en piedra de Jade típico del municipio de San José Chacayá, departamento de Sololá.",ARTESANIA
188,MUSICA_MARIMBA_GT0702,Marimba de Madera Estilo San José Chacayá,"Instrumento musical nacional de marimba tallado típico del municipio de San José Chacayá, departamento de Sololá.",ARTESANIA
189,PINTURA_CUADRO_GT0702,Pintura Costumbrista Estilo San José Chacayá,"Cuadro pictórico que retrata la vida y costumbres mayas típico del municipio de San José Chacayá, departamento de Sololá.",ARTES_VISUALES
190,CESTERIA_CANASTA_GT0702,Canasta de Mimbre Estilo San José Chacayá,"Canastas y artículos de fibra natural tejida típico del municipio de San José Chacayá, departamento de Sololá.",ARTESANIA
191,TEXTIL_HUIPIL_GT0703,Huipil Tradicional Estilo Santa María Visitación,"Prenda textil tradicional femenina tejida y brocada a mano típico del municipio de Santa María Visitación, departamento de Sololá.",ARTESANIA
192,TEXTIL_CORTE_GT0703,Corte Jaspeado Estilo Santa María Visitación,"Prenda textil inferior tejida con técnica de Jaspe típico del municipio de Santa María Visitación, departamento de Sololá.",ARTESANIA
193,TEXTIL_FAJA_GT0703,Faja Artesanal Estilo Santa María Visitación,"Faja tejida para sujetar el corte con motivos geométricos típico del municipio de Santa María Visitación, departamento de Sololá.",ARTESANIA
194,CERAMICA_BARRO_GT0703,Cerámica de Barro Estilo Santa María Visitación,"Piezas utilitarias y decorativas de barro cocido típico del municipio de Santa María Visitación, departamento de Sololá.",ARTESANIA
195,MADERA_MASCARA_GT0703,Máscara de Madera Estilo Santa María Visitación,"Máscara tallada a mano para danzas folklóricas típico del municipio de Santa María Visitación, departamento de Sololá.",ARTESANIA
196,MADERA_JUGUETE_GT0703,Juguete de Madera Estilo Santa María Visitación,"Juguete tradicional tallado y pintado (trompos, yoyos, carros) típico del municipio de Santa María Visitación, departamento de Sololá.",ARTESANIA
197,JADE_TALLADO_GT0703,Jade Tallado Estilo Santa María Visitación,"Piezas de joyería y escultura en piedra de Jade típico del municipio de Santa María Visitación, departamento de Sololá.",ARTESANIA
198,MUSICA_MARIMBA_GT0703,Marimba de Madera Estilo Santa María Visitación,"Instrumento musical nacional de marimba tallado típico del municipio de Santa María Visitación, departamento de Sololá.",ARTESANIA
199,PINTURA_CUADRO_GT0703,Pintura Costumbrista Estilo Santa María Visitación,"Cuadro pictórico que retrata la vida y costumbres mayas típico del municipio de Santa María Visitación, departamento de Sololá.",ARTES_VISUALES
200,CESTERIA_CANASTA_GT0703,Canasta de Mimbre Estilo Santa María Visitación,"Canastas y artículos de fibra natural tejida típico del municipio de Santa María Visitación, departamento de Sololá.",ARTESANIA
201,TEXTIL_HUIPIL_GT0704,Huipil Tradicional Estilo Santa Lucía Utatlán,"Prenda textil tradicional femenina tejida y brocada a mano típico del municipio de Santa Lucía Utatlán, departamento de Sololá.",ARTESANIA
202,TEXTIL_CORTE_GT0704,Corte Jaspeado Estilo Santa Lucía Utatlán,"Prenda textil inferior tejida con técnica de Jaspe típico del municipio de Santa Lucía Utatlán, departamento de Sololá.",ARTESANIA
203,TEXTIL_FAJA_GT0704,Faja Artesanal Estilo Santa Lucía Utatlán,"Faja tejida para sujetar el corte con motivos geométricos típico del municipio de Santa Lucía Utatlán, departamento de Sololá.",ARTESANIA
204,CERAMICA_BARRO_GT0704,Cerámica de Barro Estilo Santa Lucía Utatlán,"Piezas utilitarias y decorativas de barro cocido típico del municipio de Santa Lucía Utatlán, departamento de Sololá.",ARTESANIA
205,MADERA_MASCARA_GT0704,Máscara de Madera Estilo Santa Lucía Utatlán,"Máscara tallada a mano para danzas folklóricas típico del municipio de Santa Lucía Utatlán, departamento de Sololá.",ARTESANIA
206,MADERA_JUGUETE_GT0704,Juguete de Madera Estilo Santa Lucía Utatlán,"Juguete tradicional tallado y pintado (trompos, yoyos, carros) típico del municipio de Santa Lucía Utatlán, departamento de Sololá.",ARTESANIA
207,JADE_TALLADO_GT0704,Jade Tallado Estilo Santa Lucía Utatlán,"Piezas de joyería y escultura en piedra de Jade típico del municipio de Santa Lucía Utatlán, departamento de Sololá.",ARTESANIA
208,MUSICA_MARIMBA_GT0704,Marimba de Madera Estilo Santa Lucía Utatlán,"Instrumento musical nacional de marimba tallado típico del municipio de Santa Lucía Utatlán, departamento de Sololá.",ARTESANIA
209,PINTURA_CUADRO_GT0704,Pintura Costumbrista Estilo Santa Lucía Utatlán,"Cuadro pictórico que retrata la vida y costumbres mayas típico del municipio de Santa Lucía Utatlán, departamento de Sololá.",ARTES_VISUALES
210,CESTERIA_CANASTA_GT0704,Canasta de Mimbre Estilo Santa Lucía Utatlán,"Canastas y artículos de fibra natural tejida típico del municipio de Santa Lucía Utatlán, departamento de Sololá.",ARTESANIA
211,TEXTIL_HUIPIL_GT0705,Huipil Tradicional Estilo Nahualá,"Prenda textil tradicional femenina tejida y brocada a mano típico del municipio de Nahualá, departamento de Sololá.",ARTESANIA
212,TEXTIL_CORTE_GT0705,Corte Jaspeado Estilo Nahualá,"Prenda textil inferior tejida con técnica de Jaspe típico del municipio de Nahualá, departamento de Sololá.",ARTESANIA
213,TEXTIL_FAJA_GT0705,Faja Artesanal Estilo Nahualá,"Faja tejida para sujetar el corte con motivos geométricos típico del municipio de Nahualá, departamento de Sololá.",ARTESANIA
214,CERAMICA_BARRO_GT0705,Cerámica de Barro Estilo Nahualá,"Piezas utilitarias y decorativas de barro cocido típico del municipio de Nahualá, departamento de Sololá.",ARTESANIA
215,MADERA_MASCARA_GT0705,Máscara de Madera Estilo Nahualá,"Máscara tallada a mano para danzas folklóricas típico del municipio de Nahualá, departamento de Sololá.",ARTESANIA
216,MADERA_JUGUETE_GT0705,Juguete de Madera Estilo Nahualá,"Juguete tradicional tallado y pintado (trompos, yoyos, carros) típico del municipio de Nahualá, departamento de Sololá.",ARTESANIA
217,JADE_TALLADO_GT0705,Jade Tallado Estilo Nahualá,"Piezas de joyería y escultura en piedra de Jade típico del municipio de Nahualá, departamento de Sololá.",ARTESANIA
218,MUSICA_MARIMBA_GT0705,Marimba de Madera Estilo Nahualá,"Instrumento musical nacional de marimba tallado típico del municipio de Nahualá, departamento de Sololá.",ARTESANIA
219,PINTURA_CUADRO_GT0705,Pintura Costumbrista Estilo Nahualá,"Cuadro pictórico que retrata la vida y costumbres mayas típico del municipio de Nahualá, departamento de Sololá.",ARTES_VISUALES
220,CESTERIA_CANASTA_GT0705,Canasta de Mimbre Estilo Nahualá,"Canastas y artículos de fibra natural tejida típico del municipio de Nahualá, departamento de Sololá.",ARTESANIA
221,TEXTIL_HUIPIL_GT0706,Huipil Tradicional Estilo Santa Catarina Ixtahuacán,"Prenda textil tradicional femenina tejida y brocada a mano típico del municipio de Santa Catarina Ixtahuacán, departamento de Sololá.",ARTESANIA
222,TEXTIL_CORTE_GT0706,Corte Jaspeado Estilo Santa Catarina Ixtahuacán,"Prenda textil inferior tejida con técnica de Jaspe típico del municipio de Santa Catarina Ixtahuacán, departamento de Sololá.",ARTESANIA
223,TEXTIL_FAJA_GT0706,Faja Artesanal Estilo Santa Catarina Ixtahuacán,"Faja tejida para sujetar el corte con motivos geométricos típico del municipio de Santa Catarina Ixtahuacán, departamento de Sololá.",ARTESANIA
224,CERAMICA_BARRO_GT0706,Cerámica de Barro Estilo Santa Catarina Ixtahuacán,"Piezas utilitarias y decorativas de barro cocido típico del municipio de Santa Catarina Ixtahuacán, departamento de Sololá.",ARTESANIA
225,MADERA_MASCARA_GT0706,Máscara de Madera Estilo Santa Catarina Ixtahuacán,"Máscara tallada a mano para danzas folklóricas típico del municipio de Santa Catarina Ixtahuacán, departamento de Sololá.",ARTESANIA
226,MADERA_JUGUETE_GT0706,Juguete de Madera Estilo Santa Catarina Ixtahuacán,"Juguete tradicional tallado y pintado (trompos, yoyos, carros) típico del municipio de Santa Catarina Ixtahuacán, departamento de Sololá.",ARTESANIA
227,JADE_TALLADO_GT0706,Jade Tallado Estilo Santa Catarina Ixtahuacán,"Piezas de joyería y escultura en piedra de Jade típico del municipio de Santa Catarina Ixtahuacán, departamento de Sololá.",ARTESANIA
228,MUSICA_MARIMBA_GT0706,Marimba de Madera Estilo Santa Catarina Ixtahuacán,"Instrumento musical nacional de marimba tallado típico del municipio de Santa Catarina Ixtahuacán, departamento de Sololá.",ARTESANIA
229,PINTURA_CUADRO_GT0706,Pintura Costumbrista Estilo Santa Catarina Ixtahuacán,"Cuadro pictórico que retrata la vida y costumbres mayas típico del municipio de Santa Catarina Ixtahuacán, departamento de Sololá.",ARTES_VISUALES
230,CESTERIA_CANASTA_GT0706,Canasta de Mimbre Estilo Santa Catarina Ixtahuacán,"Canastas y artículos de fibra natural tejida típico del municipio de Santa Catarina Ixtahuacán, departamento de Sololá.",ARTESANIA
231,TEXTIL_HUIPIL_GT0707,Huipil Tradicional Estilo Santa Clara La Laguna,"Prenda textil tradicional femenina tejida y brocada a mano típico del municipio de Santa Clara La Laguna, departamento de Sololá.",ARTESANIA
232,TEXTIL_CORTE_GT0707,Corte Jaspeado Estilo Santa Clara La Laguna,"Prenda textil inferior tejida con técnica de Jaspe típico del municipio de Santa Clara La Laguna, departamento de Sololá.",ARTESANIA
233,TEXTIL_FAJA_GT0707,Faja Artesanal Estilo Santa Clara La Laguna,"Faja tejida para sujetar el corte con motivos geométricos típico del municipio de Santa Clara La Laguna, departamento de Sololá.",ARTESANIA
234,CERAMICA_BARRO_GT0707,Cerámica de Barro Estilo Santa Clara La Laguna,"Piezas utilitarias y decorativas de barro cocido típico del municipio de Santa Clara La Laguna, departamento de Sololá.",ARTESANIA
235,MADERA_MASCARA_GT0707,Máscara de Madera Estilo Santa Clara La Laguna,"Máscara tallada a mano para danzas folklóricas típico del municipio de Santa Clara La Laguna, departamento de Sololá.",ARTESANIA
236,MADERA_JUGUETE_GT0707,Juguete de Madera Estilo Santa Clara La Laguna,"Juguete tradicional tallado y pintado (trompos, yoyos, carros) típico del municipio de Santa Clara La Laguna, departamento de Sololá.",ARTESANIA
237,JADE_TALLADO_GT0707,Jade Tallado Estilo Santa Clara La Laguna,"Piezas de joyería y escultura en piedra de Jade típico del municipio de Santa Clara La Laguna, departamento de Sololá.",ARTESANIA
238,MUSICA_MARIMBA_GT0707,Marimba de Madera Estilo Santa Clara La Laguna,"Instrumento musical nacional de marimba tallado típico del municipio de Santa Clara La Laguna, departamento de Sololá.",ARTESANIA
239,PINTURA_CUADRO_GT0707,Pintura Costumbrista Estilo Santa Clara La Laguna,"Cuadro pictórico que retrata la vida y costumbres mayas típico del municipio de Santa Clara La Laguna, departamento de Sololá.",ARTES_VISUALES
240,CESTERIA_CANASTA_GT0707,Canasta de Mimbre Estilo Santa Clara La Laguna,"Canastas y artículos de fibra natural tejida típico del municipio de Santa Clara La Laguna, departamento de Sololá.",ARTESANIA
241,TEXTIL_HUIPIL_GT0708,Huipil Tradicional Estilo Concepción,"Prenda textil tradicional femenina tejida y brocada a mano típico del municipio de Concepción, departamento de Sololá.",ARTESANIA
242,TEXTIL_CORTE_GT0708,Corte Jaspeado Estilo Concepción,"Prenda textil inferior tejida con técnica de Jaspe típico del municipio de Concepción, departamento de Sololá.",ARTESANIA
243,TEXTIL_FAJA_GT0708,Faja Artesanal Estilo Concepción,"Faja tejida para sujetar el corte con motivos geométricos típico del municipio de Concepción, departamento de Sololá.",ARTESANIA
244,CERAMICA_BARRO_GT0708,Cerámica de Barro Estilo Concepción,"Piezas utilitarias y decorativas de barro cocido típico del municipio de Concepción, departamento de Sololá.",ARTESANIA
245,MADERA_MASCARA_GT0708,Máscara de Madera Estilo Concepción,"Máscara tallada a mano para danzas folklóricas típico del municipio de Concepción, departamento de Sololá.",ARTESANIA
246,MADERA_JUGUETE_GT0708,Juguete de Madera Estilo Concepción,"Juguete tradicional tallado y pintado (trompos, yoyos, carros) típico del municipio de Concepción, departamento de Sololá.",ARTESANIA
247,JADE_TALLADO_GT0708,Jade Tallado Estilo Concepción,"Piezas de joyería y escultura en piedra de Jade típico del municipio de Concepción, departamento de Sololá.",ARTESANIA
248,MUSICA_MARIMBA_GT0708,Marimba de Madera Estilo Concepción,"Instrumento musical nacional de marimba tallado típico del municipio de Concepción, departamento de Sololá.",ARTESANIA
249,PINTURA_CUADRO_GT0708,Pintura Costumbrista Estilo Concepción,"Cuadro pictórico que retrata la vida y costumbres mayas típico del municipio de Concepción, departamento de Sololá.",ARTES_VISUALES
250,CESTERIA_CANASTA_GT0708,Canasta de Mimbre Estilo Concepción,"Canastas y artículos de fibra natural tejida típico del municipio de Concepción, departamento de Sololá.",ARTESANIA
251,TEXTIL_HUIPIL_GT0709,Huipil Tradicional Estilo San Andrés Semetabaj,"Prenda textil tradicional femenina tejida y brocada a mano típico del municipio de San Andrés Semetabaj, departamento de Sololá.",ARTESANIA
252,TEXTIL_CORTE_GT0709,Corte Jaspeado Estilo San Andrés Semetabaj,"Prenda textil inferior tejida con técnica de Jaspe típico del municipio de San Andrés Semetabaj, departamento de Sololá.",ARTESANIA
253,TEXTIL_FAJA_GT0709,Faja Artesanal Estilo San Andrés Semetabaj,"Faja tejida para sujetar el corte con motivos geométricos típico del municipio de San Andrés Semetabaj, departamento de Sololá.",ARTESANIA
254,CERAMICA_BARRO_GT0709,Cerámica de Barro Estilo San Andrés Semetabaj,"Piezas utilitarias y decorativas de barro cocido típico del municipio de San Andrés Semetabaj, departamento de Sololá.",ARTESANIA
255,MADERA_MASCARA_GT0709,Máscara de Madera Estilo San Andrés Semetabaj,"Máscara tallada a mano para danzas folklóricas típico del municipio de San Andrés Semetabaj, departamento de Sololá.",ARTESANIA
256,MADERA_JUGUETE_GT0709,Juguete de Madera Estilo San Andrés Semetabaj,"Juguete tradicional tallado y pintado (trompos, yoyos, carros) típico del municipio de San Andrés Semetabaj, departamento de Sololá.",ARTESANIA
257,JADE_TALLADO_GT0709,Jade Tallado Estilo San Andrés Semetabaj,"Piezas de joyería y escultura en piedra de Jade típico del municipio de San Andrés Semetabaj, departamento de Sololá.",ARTESANIA
258,MUSICA_MARIMBA_GT0709,Marimba de Madera Estilo San Andrés Semetabaj,"Instrumento musical nacional de marimba tallado típico del municipio de San Andrés Semetabaj, departamento de Sololá.",ARTESANIA
259,PINTURA_CUADRO_GT0709,Pintura Costumbrista Estilo San Andrés Semetabaj,"Cuadro pictórico que retrata la vida y costumbres mayas típico del municipio de San Andrés Semetabaj, departamento de Sololá.",ARTES_VISUALES
260,CESTERIA_CANASTA_GT0709,Canasta de Mimbre Estilo San Andrés Semetabaj,"Canastas y artículos de fibra natural tejida típico del municipio de San Andrés Semetabaj, departamento de Sololá.",ARTESANIA
261,TEXTIL_HUIPIL_GT0710,Huipil Tradicional Estilo Panajachel,"Prenda textil tradicional femenina tejida y brocada a mano típico del municipio de Panajachel, departamento de Sololá.",ARTESANIA
262,TEXTIL_CORTE_GT0710,Corte Jaspeado Estilo Panajachel,"Prenda textil inferior tejida con técnica de Jaspe típico del municipio de Panajachel, departamento de Sololá.",ARTESANIA
263,TEXTIL_FAJA_GT0710,Faja Artesanal Estilo Panajachel,"Faja tejida para sujetar el corte con motivos geométricos típico del municipio de Panajachel, departamento de Sololá.",ARTESANIA
264,CERAMICA_BARRO_GT0710,Cerámica de Barro Estilo Panajachel,"Piezas utilitarias y decorativas de barro cocido típico del municipio de Panajachel, departamento de Sololá.",ARTESANIA
265,MADERA_MASCARA_GT0710,Máscara de Madera Estilo Panajachel,"Máscara tallada a mano para danzas folklóricas típico del municipio de Panajachel, departamento de Sololá.",ARTESANIA
266,MADERA_JUGUETE_GT0710,Juguete de Madera Estilo Panajachel,"Juguete tradicional tallado y pintado (trompos, yoyos, carros) típico del municipio de Panajachel, departamento de Sololá.",ARTESANIA
267,JADE_TALLADO_GT0710,Jade Tallado Estilo Panajachel,"Piezas de joyería y escultura en piedra de Jade típico del municipio de Panajachel, departamento de Sololá.",ARTESANIA
268,MUSICA_MARIMBA_GT0710,Marimba de Madera Estilo Panajachel,"Instrumento musical nacional de marimba tallado típico del municipio de Panajachel, departamento de Sololá.",ARTESANIA
269,PINTURA_CUADRO_GT0710,Pintura Costumbrista Estilo Panajachel,"Cuadro pictórico que retrata la vida y costumbres mayas típico del municipio de Panajachel, departamento de Sololá.",ARTES_VISUALES
270,CESTERIA_CANASTA_GT0710,Canasta de Mimbre Estilo Panajachel,"Canastas y artículos de fibra natural tejida típico del municipio de Panajachel, departamento de Sololá.",ARTESANIA
271,TEXTIL_HUIPIL_GT0711,Huipil Tradicional Estilo Santa Catarina Palopó,"Prenda textil tradicional femenina tejida y brocada a mano típico del municipio de Santa Catarina Palopó, departamento de Sololá.",ARTESANIA
272,TEXTIL_CORTE_GT0711,Corte Jaspeado Estilo Santa Catarina Palopó,"Prenda textil inferior tejida con técnica de Jaspe típico del municipio de Santa Catarina Palopó, departamento de Sololá.",ARTESANIA
273,TEXTIL_FAJA_GT0711,Faja Artesanal Estilo Santa Catarina Palopó,"Faja tejida para sujetar el corte con motivos geométricos típico del municipio de Santa Catarina Palopó, departamento de Sololá.",ARTESANIA
274,CERAMICA_BARRO_GT0711,Cerámica de Barro Estilo Santa Catarina Palopó,"Piezas utilitarias y decorativas de barro cocido típico del municipio de Santa Catarina Palopó, departamento de Sololá.",ARTESANIA
275,MADERA_MASCARA_GT0711,Máscara de Madera Estilo Santa Catarina Palopó,"Máscara tallada a mano para danzas folklóricas típico del municipio de Santa Catarina Palopó, departamento de Sololá.",ARTESANIA
276,MADERA_JUGUETE_GT0711,Juguete de Madera Estilo Santa Catarina Palopó,"Juguete tradicional tallado y pintado (trompos, yoyos, carros) típico del municipio de Santa Catarina Palopó, departamento de Sololá.",ARTESANIA
277,JADE_TALLADO_GT0711,Jade Tallado Estilo Santa Catarina Palopó,"Piezas de joyería y escultura en piedra de Jade típico del municipio de Santa Catarina Palopó, departamento de Sololá.",ARTESANIA
278,MUSICA_MARIMBA_GT0711,Marimba de Madera Estilo Santa Catarina Palopó,"Instrumento musical nacional de marimba tallado típico del municipio de Santa Catarina Palopó, departamento de Sololá.",ARTESANIA
279,PINTURA_CUADRO_GT0711,Pintura Costumbrista Estilo Santa Catarina Palopó,"Cuadro pictórico que retrata la vida y costumbres mayas típico del municipio de Santa Catarina Palopó, departamento de Sololá.",ARTES_VISUALES
280,CESTERIA_CANASTA_GT0711,Canasta de Mimbre Estilo Santa Catarina Palopó,"Canastas y artículos de fibra natural tejida típico del municipio de Santa Catarina Palopó, departamento de Sololá.",ARTESANIA
281,TEXTIL_HUIPIL_GT0712,Huipil Tradicional Estilo San Antonio Palopó,"Prenda textil tradicional femenina tejida y brocada a mano típico del municipio de San Antonio Palopó, departamento de Sololá.",ARTESANIA
282,TEXTIL_CORTE_GT0712,Corte Jaspeado Estilo San Antonio Palopó,"Prenda textil inferior tejida con técnica de Jaspe típico del municipio de San Antonio Palopó, departamento de Sololá.",ARTESANIA
283,TEXTIL_FAJA_GT0712,Faja Artesanal Estilo San Antonio Palopó,"Faja tejida para sujetar el corte con motivos geométricos típico del municipio de San Antonio Palopó, departamento de Sololá.",ARTESANIA
284,CERAMICA_BARRO_GT0712,Cerámica de Barro Estilo San Antonio Palopó,"Piezas utilitarias y decorativas de barro cocido típico del municipio de San Antonio Palopó, departamento de Sololá.",ARTESANIA
285,MADERA_MASCARA_GT0712,Máscara de Madera Estilo San Antonio Palopó,"Máscara tallada a mano para danzas folklóricas típico del municipio de San Antonio Palopó, departamento de Sololá.",ARTESANIA
286,MADERA_JUGUETE_GT0712,Juguete de Madera Estilo San Antonio Palopó,"Juguete tradicional tallado y pintado (trompos, yoyos, carros) típico del municipio de San Antonio Palopó, departamento de Sololá.",ARTESANIA
287,JADE_TALLADO_GT0712,Jade Tallado Estilo San Antonio Palopó,"Piezas de joyería y escultura en piedra de Jade típico del municipio de San Antonio Palopó, departamento de Sololá.",ARTESANIA
288,MUSICA_MARIMBA_GT0712,Marimba de Madera Estilo San Antonio Palopó,"Instrumento musical nacional de marimba tallado típico del municipio de San Antonio Palopó, departamento de Sololá.",ARTESANIA
289,PINTURA_CUADRO_GT0712,Pintura Costumbrista Estilo San Antonio Palopó,"Cuadro pictórico que retrata la vida y costumbres mayas típico del municipio de San Antonio Palopó, departamento de Sololá.",ARTES_VISUALES
290,CESTERIA_CANASTA_GT0712,Canasta de Mimbre Estilo San Antonio Palopó,"Canastas y artículos de fibra natural tejida típico del municipio de San Antonio Palopó, departamento de Sololá.",ARTESANIA
291,TEXTIL_HUIPIL_GT0713,Huipil Tradicional Estilo San Lucas Tolimán,"Prenda textil tradicional femenina tejida y brocada a mano típico del municipio de San Lucas Tolimán, departamento de Sololá.",ARTESANIA
292,TEXTIL_CORTE_GT0713,Corte Jaspeado Estilo San Lucas Tolimán,"Prenda textil inferior tejida con técnica de Jaspe típico del municipio de San Lucas Tolimán, departamento de Sololá.",ARTESANIA
293,TEXTIL_FAJA_GT0713,Faja Artesanal Estilo San Lucas Tolimán,"Faja tejida para sujetar el corte con motivos geométricos típico del municipio de San Lucas Tolimán, departamento de Sololá.",ARTESANIA
294,CERAMICA_BARRO_GT0713,Cerámica de Barro Estilo San Lucas Tolimán,"Piezas utilitarias y decorativas de barro cocido típico del municipio de San Lucas Tolimán, departamento de Sololá.",ARTESANIA
295,MADERA_MASCARA_GT0713,Máscara de Madera Estilo San Lucas Tolimán,"Máscara tallada a mano para danzas folklóricas típico del municipio de San Lucas Tolimán, departamento de Sololá.",ARTESANIA
296,MADERA_JUGUETE_GT0713,Juguete de Madera Estilo San Lucas Tolimán,"Juguete tradicional tallado y pintado (trompos, yoyos, carros) típico del municipio de San Lucas Tolimán, departamento de Sololá.",ARTESANIA
297,JADE_TALLADO_GT0713,Jade Tallado Estilo San Lucas Tolimán,"Piezas de joyería y escultura en piedra de Jade típico del municipio de San Lucas Tolimán, departamento de Sololá.",ARTESANIA
298,MUSICA_MARIMBA_GT0713,Marimba de Madera Estilo San Lucas Tolimán,"Instrumento musical nacional de marimba tallado típico del municipio de San Lucas Tolimán, departamento de Sololá.",ARTESANIA
299,PINTURA_CUADRO_GT0713,Pintura Costumbrista Estilo San Lucas Tolimán,"Cuadro pictórico que retrata la vida y costumbres mayas típico del municipio de San Lucas Tolimán, departamento de Sololá.",ARTES_VISUALES
300,CESTERIA_CANASTA_GT0713,Canasta de Mimbre Estilo San Lucas Tolimán,"Canastas y artículos de fibra natural tejida típico del municipio de San Lucas Tolimán, departamento de Sololá.",ARTESANIA
301,TEXTIL_HUIPIL_GT0714,Huipil Tradicional Estilo Santa Cruz La Laguna,"Prenda textil tradicional femenina tejida y brocada a mano típico del municipio de Santa Cruz La Laguna, departamento de Sololá.",ARTESANIA
302,TEXTIL_CORTE_GT0714,Corte Jaspeado Estilo Santa Cruz La Laguna,"Prenda textil inferior tejida con técnica de Jaspe típico del municipio de Santa Cruz La Laguna, departamento de Sololá.",ARTESANIA
303,TEXTIL_FAJA_GT0714,Faja Artesanal Estilo Santa Cruz La Laguna,"Faja tejida para sujetar el corte con motivos geométricos típico del municipio de Santa Cruz La Laguna, departamento de Sololá.",ARTESANIA
304,CERAMICA_BARRO_GT0714,Cerámica de Barro Estilo Santa Cruz La Laguna,"Piezas utilitarias y decorativas de barro cocido típico del municipio de Santa Cruz La Laguna, departamento de Sololá.",ARTESANIA
305,MADERA_MASCARA_GT0714,Máscara de Madera Estilo Santa Cruz La Laguna,"Máscara tallada a mano para danzas folklóricas típico del municipio de Santa Cruz La Laguna, departamento de Sololá.",ARTESANIA
306,MADERA_JUGUETE_GT0714,Juguete de Madera Estilo Santa Cruz La Laguna,"Juguete tradicional tallado y pintado (trompos, yoyos, carros) típico del municipio de Santa Cruz La Laguna, departamento de Sololá.",ARTESANIA
307,JADE_TALLADO_GT0714,Jade Tallado Estilo Santa Cruz La Laguna,"Piezas de joyería y escultura en piedra de Jade típico del municipio de Santa Cruz La Laguna, departamento de Sololá.",ARTESANIA
308,MUSICA_MARIMBA_GT0714,Marimba de Madera Estilo Santa Cruz La Laguna,"Instrumento musical nacional de marimba tallado típico del municipio de Santa Cruz La Laguna, departamento de Sololá.",ARTESANIA
309,PINTURA_CUADRO_GT0714,Pintura Costumbrista Estilo Santa Cruz La Laguna,"Cuadro pictórico que retrata la vida y costumbres mayas típico del municipio de Santa Cruz La Laguna, departamento de Sololá.",ARTES_VISUALES
310,CESTERIA_CANASTA_GT0714,Canasta de Mimbre Estilo Santa Cruz La Laguna,"Canastas y artículos de fibra natural tejida típico del municipio de Santa Cruz La Laguna, departamento de Sololá.",ARTESANIA
311,TEXTIL_HUIPIL_GT0715,Huipil Tradicional Estilo San Pablo La Laguna,"Prenda textil tradicional femenina tejida y brocada a mano típico del municipio de San Pablo La Laguna, departamento de Sololá.",ARTESANIA
312,TEXTIL_CORTE_GT0715,Corte Jaspeado Estilo San Pablo La Laguna,"Prenda textil inferior tejida con técnica de Jaspe típico del municipio de San Pablo La Laguna, departamento de Sololá.",ARTESANIA
313,TEXTIL_FAJA_GT0715,Faja Artesanal Estilo San Pablo La Laguna,"Faja tejida para sujetar el corte con motivos geométricos típico del municipio de San Pablo La Laguna, departamento de Sololá.",ARTESANIA
314,CERAMICA_BARRO_GT0715,Cerámica de Barro Estilo San Pablo La Laguna,"Piezas utilitarias y decorativas de barro cocido típico del municipio de San Pablo La Laguna, departamento de Sololá.",ARTESANIA
315,MADERA_MASCARA_GT0715,Máscara de Madera Estilo San Pablo La Laguna,"Máscara tallada a mano para danzas folklóricas típico del municipio de San Pablo La Laguna, departamento de Sololá.",ARTESANIA
316,MADERA_JUGUETE_GT0715,Juguete de Madera Estilo San Pablo La Laguna,"Juguete tradicional tallado y pintado (trompos, yoyos, carros) típico del municipio de San Pablo La Laguna, departamento de Sololá.",ARTESANIA
317,JADE_TALLADO_GT0715,Jade Tallado Estilo San Pablo La Laguna,"Piezas de joyería y escultura en piedra de Jade típico del municipio de San Pablo La Laguna, departamento de Sololá.",ARTESANIA
318,MUSICA_MARIMBA_GT0715,Marimba de Madera Estilo San Pablo La Laguna,"Instrumento musical nacional de marimba tallado típico del municipio de San Pablo La Laguna, departamento de Sololá.",ARTESANIA
319,PINTURA_CUADRO_GT0715,Pintura Costumbrista Estilo San Pablo La Laguna,"Cuadro pictórico que retrata la vida y costumbres mayas típico del municipio de San Pablo La Laguna, departamento de Sololá.",ARTES_VISUALES
320,CESTERIA_CANASTA_GT0715,Canasta de Mimbre Estilo San Pablo La Laguna,"Canastas y artículos de fibra natural tejida típico del municipio de San Pablo La Laguna, departamento de Sololá.",ARTESANIA
321,TEXTIL_HUIPIL_GT0716,Huipil Tradicional Estilo San Marcos La Laguna,"Prenda textil tradicional femenina tejida y brocada a mano típico del municipio de San Marcos La Laguna, departamento de Sololá.",ARTESANIA
322,TEXTIL_CORTE_GT0716,Corte Jaspeado Estilo San Marcos La Laguna,"Prenda textil inferior tejida con técnica de Jaspe típico del municipio de San Marcos La Laguna, departamento de Sololá.",ARTESANIA
323,TEXTIL_FAJA_GT0716,Faja Artesanal Estilo San Marcos La Laguna,"Faja tejida para sujetar el corte con motivos geométricos típico del municipio de San Marcos La Laguna, departamento de Sololá.",ARTESANIA
324,CERAMICA_BARRO_GT0716,Cerámica de Barro Estilo San Marcos La Laguna,"Piezas utilitarias y decorativas de barro cocido típico del municipio de San Marcos La Laguna, departamento de Sololá.",ARTESANIA
325,MADERA_MASCARA_GT0716,Máscara de Madera Estilo San Marcos La Laguna,"Máscara tallada a mano para danzas folklóricas típico del municipio de San Marcos La Laguna, departamento de Sololá.",ARTESANIA
326,MADERA_JUGUETE_GT0716,Juguete de Madera Estilo San Marcos La Laguna,"Juguete tradicional tallado y pintado (trompos, yoyos, carros) típico del municipio de San Marcos La Laguna, departamento de Sololá.",ARTESANIA
327,JADE_TALLADO_GT0716,Jade Tallado Estilo San Marcos La Laguna,"Piezas de joyería y escultura en piedra de Jade típico del municipio de San Marcos La Laguna, departamento de Sololá.",ARTESANIA
328,MUSICA_MARIMBA_GT0716,Marimba de Madera Estilo San Marcos La Laguna,"Instrumento musical nacional de marimba tallado típico del municipio de San Marcos La Laguna, departamento de Sololá.",ARTESANIA
329,PINTURA_CUADRO_GT0716,Pintura Costumbrista Estilo San Marcos La Laguna,"Cuadro pictórico que retrata la vida y costumbres mayas típico del municipio de San Marcos La Laguna, departamento de Sololá.",ARTES_VISUALES
330,CESTERIA_CANASTA_GT0716,Canasta de Mimbre Estilo San Marcos La Laguna,"Canastas y artículos de fibra natural tejida típico del municipio de San Marcos La Laguna, departamento de Sololá.",ARTESANIA
331,TEXTIL_HUIPIL_GT0717,Huipil Tradicional Estilo San Juan La Laguna,"Prenda textil tradicional femenina tejida y brocada a mano típico del municipio de San Juan La Laguna, departamento de Sololá.",ARTESANIA
332,TEXTIL_CORTE_GT0717,Corte Jaspeado Estilo San Juan La Laguna,"Prenda textil inferior tejida con técnica de Jaspe típico del municipio de San Juan La Laguna, departamento de Sololá.",ARTESANIA
333,TEXTIL_FAJA_GT0717,Faja Artesanal Estilo San Juan La Laguna,"Faja tejida para sujetar el corte con motivos geométricos típico del municipio de San Juan La Laguna, departamento de Sololá.",ARTESANIA
334,CERAMICA_BARRO_GT0717,Cerámica de Barro Estilo San Juan La Laguna,"Piezas utilitarias y decorativas de barro cocido típico del municipio de San Juan La Laguna, departamento de Sololá.",ARTESANIA
335,MADERA_MASCARA_GT0717,Máscara de Madera Estilo San Juan La Laguna,"Máscara tallada a mano para danzas folklóricas típico del municipio de San Juan La Laguna, departamento de Sololá.",ARTESANIA
336,MADERA_JUGUETE_GT0717,Juguete de Madera Estilo San Juan La Laguna,"Juguete tradicional tallado y pintado (trompos, yoyos, carros) típico del municipio de San Juan La Laguna, departamento de Sololá.",ARTESANIA
337,JADE_TALLADO_GT0717,Jade Tallado Estilo San Juan La Laguna,"Piezas de joyería y escultura en piedra de Jade típico del municipio de San Juan La Laguna, departamento de Sololá.",ARTESANIA
338,MUSICA_MARIMBA_GT0717,Marimba de Madera Estilo San Juan La Laguna,"Instrumento musical nacional de marimba tallado típico del municipio de San Juan La Laguna, departamento de Sololá.",ARTESANIA
339,PINTURA_CUADRO_GT0717,Pintura Costumbrista Estilo San Juan La Laguna,"Cuadro pictórico que retrata la vida y costumbres mayas típico del municipio de San Juan La Laguna, departamento de Sololá.",ARTES_VISUALES
340,CESTERIA_CANASTA_GT0717,Canasta de Mimbre Estilo San Juan La Laguna,"Canastas y artículos de fibra natural tejida típico del municipio de San Juan La Laguna, departamento de Sololá.",ARTESANIA
341,TEXTIL_HUIPIL_GT0718,Huipil Tradicional Estilo San Pedro La Laguna,"Prenda textil tradicional femenina tejida y brocada a mano típico del municipio de San Pedro La Laguna, departamento de Sololá.",ARTESANIA
342,TEXTIL_CORTE_GT0718,Corte Jaspeado Estilo San Pedro La Laguna,"Prenda textil inferior tejida con técnica de Jaspe típico del municipio de San Pedro La Laguna, departamento de Sololá.",ARTESANIA
343,TEXTIL_FAJA_GT0718,Faja Artesanal Estilo San Pedro La Laguna,"Faja tejida para sujetar el corte con motivos geométricos típico del municipio de San Pedro La Laguna, departamento de Sololá.",ARTESANIA
344,CERAMICA_BARRO_GT0718,Cerámica de Barro Estilo San Pedro La Laguna,"Piezas utilitarias y decorativas de barro cocido típico del municipio de San Pedro La Laguna, departamento de Sololá.",ARTESANIA
345,MADERA_MASCARA_GT0718,Máscara de Madera Estilo San Pedro La Laguna,"Máscara tallada a mano para danzas folklóricas típico del municipio de San Pedro La Laguna, departamento de Sololá.",ARTESANIA
346,MADERA_JUGUETE_GT0718,Juguete de Madera Estilo San Pedro La Laguna,"Juguete tradicional tallado y pintado (trompos, yoyos, carros) típico del municipio de San Pedro La Laguna, departamento de Sololá.",ARTESANIA
347,JADE_TALLADO_GT0718,Jade Tallado Estilo San Pedro La Laguna,"Piezas de joyería y escultura en piedra de Jade típico del municipio de San Pedro La Laguna, departamento de Sololá.",ARTESANIA
348,MUSICA_MARIMBA_GT0718,Marimba de Madera Estilo San Pedro La Laguna,"Instrumento musical nacional de marimba tallado típico del municipio de San Pedro La Laguna, departamento de Sololá.",ARTESANIA
349,PINTURA_CUADRO_GT0718,Pintura Costumbrista Estilo San Pedro La Laguna,"Cuadro pictórico que retrata la vida y costumbres mayas típico del municipio de San Pedro La Laguna, departamento de Sololá.",ARTES_VISUALES
350,CESTERIA_CANASTA_GT0718,Canasta de Mimbre Estilo San Pedro La Laguna,"Canastas y artículos de fibra natural tejida típico del municipio de San Pedro La Laguna, departamento de Sololá.",ARTESANIA
351,TEXTIL_HUIPIL_GT0719,Huipil Tradicional Estilo Santiago Atitlán,"Prenda textil tradicional femenina tejida y brocada a mano típico del municipio de Santiago Atitlán, departamento de Sololá.",ARTESANIA
352,TEXTIL_CORTE_GT0719,Corte Jaspeado Estilo Santiago Atitlán,"Prenda textil inferior tejida con técnica de Jaspe típico del municipio de Santiago Atitlán, departamento de Sololá.",ARTESANIA
353,TEXTIL_FAJA_GT0719,Faja Artesanal Estilo Santiago Atitlán,"Faja tejida para sujetar el corte con motivos geométricos típico del municipio de Santiago Atitlán, departamento de Sololá.",ARTESANIA
354,CERAMICA_BARRO_GT0719,Cerámica de Barro Estilo Santiago Atitlán,"Piezas utilitarias y decorativas de barro cocido típico del municipio de Santiago Atitlán, departamento de Sololá.",ARTESANIA
355,MADERA_MASCARA_GT0719,Máscara de Madera Estilo Santiago Atitlán,"Máscara tallada a mano para danzas folklóricas típico del municipio de Santiago Atitlán, departamento de Sololá.",ARTESANIA
356,MADERA_JUGUETE_GT0719,Juguete de Madera Estilo Santiago Atitlán,"Juguete tradicional tallado y pintado (trompos, yoyos, carros) típico del municipio de Santiago Atitlán, departamento de Sololá.",ARTESANIA
357,JADE_TALLADO_GT0719,Jade Tallado Estilo Santiago Atitlán,"Piezas de joyería y escultura en piedra de Jade típico del municipio de Santiago Atitlán, departamento de Sololá.",ARTESANIA
358,MUSICA_MARIMBA_GT0719,Marimba de Madera Estilo Santiago Atitlán,"Instrumento musical nacional de marimba tallado típico del municipio de Santiago Atitlán, departamento de Sololá.",ARTESANIA
359,PINTURA_CUADRO_GT0719,Pintura Costumbrista Estilo Santiago Atitlán,"Cuadro pictórico que retrata la vida y costumbres mayas típico del municipio de Santiago Atitlán, departamento de Sololá.",ARTES_VISUALES
360,CESTERIA_CANASTA_GT0719,Canasta de Mimbre Estilo Santiago Atitlán,"Canastas y artículos de fibra natural tejida típico del municipio de Santiago Atitlán, departamento de Sololá.",ARTESANIA
361,TEXTIL_HUIPIL_GT0801,Huipil Tradicional Estilo Totonicapán,"Prenda textil tradicional femenina tejida y brocada a mano típico del municipio de Totonicapán, departamento de Totonicapán.",ARTESANIA
362,TEXTIL_CORTE_GT0801,Corte Jaspeado Estilo Totonicapán,"Prenda textil inferior tejida con técnica de Jaspe típico del municipio de Totonicapán, departamento de Totonicapán.",ARTESANIA
363,TEXTIL_FAJA_GT0801,Faja Artesanal Estilo Totonicapán,"Faja tejida para sujetar el corte con motivos geométricos típico del municipio de Totonicapán, departamento de Totonicapán.",ARTESANIA
364,CERAMICA_BARRO_GT0801,Cerámica de Barro Estilo Totonicapán,"Piezas utilitarias y decorativas de barro cocido típico del municipio de Totonicapán, departamento de Totonicapán.",ARTESANIA
365,MADERA_MASCARA_GT0801,Máscara de Madera Estilo Totonicapán,"Máscara tallada a mano para danzas folklóricas típico del municipio de Totonicapán, departamento de Totonicapán.",ARTESANIA
366,MADERA_JUGUETE_GT0801,Juguete de Madera Estilo Totonicapán,"Juguete tradicional tallado y pintado (trompos, yoyos, carros) típico del municipio de Totonicapán, departamento de Totonicapán.",ARTESANIA
367,JADE_TALLADO_GT0801,Jade Tallado Estilo Totonicapán,"Piezas de joyería y escultura en piedra de Jade típico del municipio de Totonicapán, departamento de Totonicapán.",ARTESANIA
368,MUSICA_MARIMBA_GT0801,Marimba de Madera Estilo Totonicapán,"Instrumento musical nacional de marimba tallado típico del municipio de Totonicapán, departamento de Totonicapán.",ARTESANIA
369,PINTURA_CUADRO_GT0801,Pintura Costumbrista Estilo Totonicapán,"Cuadro pictórico que retrata la vida y costumbres mayas típico del municipio de Totonicapán, departamento de Totonicapán.",ARTES_VISUALES
370,CESTERIA_CANASTA_GT0801,Canasta de Mimbre Estilo Totonicapán,"Canastas y artículos de fibra natural tejida típico del municipio de Totonicapán, departamento de Totonicapán.",ARTESANIA
371,TEXTIL_HUIPIL_GT0802,Huipil Tradicional Estilo San Cristóbal Totonicapán,"Prenda textil tradicional femenina tejida y brocada a mano típico del municipio de San Cristóbal Totonicapán, departamento de Totonicapán.",ARTESANIA
372,TEXTIL_CORTE_GT0802,Corte Jaspeado Estilo San Cristóbal Totonicapán,"Prenda textil inferior tejida con técnica de Jaspe típico del municipio de San Cristóbal Totonicapán, departamento de Totonicapán.",ARTESANIA
373,TEXTIL_FAJA_GT0802,Faja Artesanal Estilo San Cristóbal Totonicapán,"Faja tejida para sujetar el corte con motivos geométricos típico del municipio de San Cristóbal Totonicapán, departamento de Totonicapán.",ARTESANIA
374,CERAMICA_BARRO_GT0802,Cerámica de Barro Estilo San Cristóbal Totonicapán,"Piezas utilitarias y decorativas de barro cocido típico del municipio de San Cristóbal Totonicapán, departamento de Totonicapán.",ARTESANIA
375,MADERA_MASCARA_GT0802,Máscara de Madera Estilo San Cristóbal Totonicapán,"Máscara tallada a mano para danzas folklóricas típico del municipio de San Cristóbal Totonicapán, departamento de Totonicapán.",ARTESANIA
376,MADERA_JUGUETE_GT0802,Juguete de Madera Estilo San Cristóbal Totonicapán,"Juguete tradicional tallado y pintado (trompos, yoyos, carros) típico del municipio de San Cristóbal Totonicapán, departamento de Totonicapán.",ARTESANIA
377,JADE_TALLADO_GT0802,Jade Tallado Estilo San Cristóbal Totonicapán,"Piezas de joyería y escultura en piedra de Jade típico del municipio de San Cristóbal Totonicapán, departamento de Totonicapán.",ARTESANIA
378,MUSICA_MARIMBA_GT0802,Marimba de Madera Estilo San Cristóbal Totonicapán,"Instrumento musical nacional de marimba tallado típico del municipio de San Cristóbal Totonicapán, departamento de Totonicapán.",ARTESANIA
379,PINTURA_CUADRO_GT0802,Pintura Costumbrista Estilo San Cristóbal Totonicapán,"Cuadro pictórico que retrata la vida y costumbres mayas típico del municipio de San Cristóbal Totonicapán, departamento de Totonicapán.",ARTES_VISUALES
380,CESTERIA_CANASTA_GT0802,Canasta de Mimbre Estilo San Cristóbal Totonicapán,"Canastas y artículos de fibra natural tejida típico del municipio de San Cristóbal Totonicapán, departamento de Totonicapán.",ARTESANIA
381,TEXTIL_HUIPIL_GT0803,Huipil Tradicional Estilo San Francisco El Alto,"Prenda textil tradicional femenina tejida y brocada a mano típico del municipio de San Francisco El Alto, departamento de Totonicapán.",ARTESANIA
382,TEXTIL_CORTE_GT0803,Corte Jaspeado Estilo San Francisco El Alto,"Prenda textil inferior tejida con técnica de Jaspe típico del municipio de San Francisco El Alto, departamento de Totonicapán.",ARTESANIA
383,TEXTIL_FAJA_GT0803,Faja Artesanal Estilo San Francisco El Alto,"Faja tejida para sujetar el corte con motivos geométricos típico del municipio de San Francisco El Alto, departamento de Totonicapán.",ARTESANIA
384,CERAMICA_BARRO_GT0803,Cerámica de Barro Estilo San Francisco El Alto,"Piezas utilitarias y decorativas de barro cocido típico del municipio de San Francisco El Alto, departamento de Totonicapán.",ARTESANIA
385,MADERA_MASCARA_GT0803,Máscara de Madera Estilo San Francisco El Alto,"Máscara tallada a mano para danzas folklóricas típico del municipio de San Francisco El Alto, departamento de Totonicapán.",ARTESANIA
386,MADERA_JUGUETE_GT0803,Juguete de Madera Estilo San Francisco El Alto,"Juguete tradicional tallado y pintado (trompos, yoyos, carros) típico del municipio de San Francisco El Alto, departamento de Totonicapán.",ARTESANIA
387,JADE_TALLADO_GT0803,Jade Tallado Estilo San Francisco El Alto,"Piezas de joyería y escultura en piedra de Jade típico del municipio de San Francisco El Alto, departamento de Totonicapán.",ARTESANIA
388,MUSICA_MARIMBA_GT0803,Marimba de Madera Estilo San Francisco El Alto,"Instrumento musical nacional de marimba tallado típico del municipio de San Francisco El Alto, departamento de Totonicapán.",ARTESANIA
389,PINTURA_CUADRO_GT0803,Pintura Costumbrista Estilo San Francisco El Alto,"Cuadro pictórico que retrata la vida y costumbres mayas típico del municipio de San Francisco El Alto, departamento de Totonicapán.",ARTES_VISUALES
390,CESTERIA_CANASTA_GT0803,Canasta de Mimbre Estilo San Francisco El Alto,"Canastas y artículos de fibra natural tejida típico del municipio de San Francisco El Alto, departamento de Totonicapán.",ARTESANIA
391,TEXTIL_HUIPIL_GT0804,Huipil Tradicional Estilo San Andrés Xecul,"Prenda textil tradicional femenina tejida y brocada a mano típico del municipio de San Andrés Xecul, departamento de Totonicapán.",ARTESANIA
392,TEXTIL_CORTE_GT0804,Corte Jaspeado Estilo San Andrés Xecul,"Prenda textil inferior tejida con técnica de Jaspe típico del municipio de San Andrés Xecul, departamento de Totonicapán.",ARTESANIA
393,TEXTIL_FAJA_GT0804,Faja Artesanal Estilo San Andrés Xecul,"Faja tejida para sujetar el corte con motivos geométricos típico del municipio de San Andrés Xecul, departamento de Totonicapán.",ARTESANIA
394,CERAMICA_BARRO_GT0804,Cerámica de Barro Estilo San Andrés Xecul,"Piezas utilitarias y decorativas de barro cocido típico del municipio de San Andrés Xecul, departamento de Totonicapán.",ARTESANIA
395,MADERA_MASCARA_GT0804,Máscara de Madera Estilo San Andrés Xecul,"Máscara tallada a mano para danzas folklóricas típico del municipio de San Andrés Xecul, departamento de Totonicapán.",ARTESANIA
396,MADERA_JUGUETE_GT0804,Juguete de Madera Estilo San Andrés Xecul,"Juguete tradicional tallado y pintado (trompos, yoyos, carros) típico del municipio de San Andrés Xecul, departamento de Totonicapán.",ARTESANIA
397,JADE_TALLADO_GT0804,Jade Tallado Estilo San Andrés Xecul,"Piezas de joyería y escultura en piedra de Jade típico del municipio de San Andrés Xecul, departamento de Totonicapán.",ARTESANIA
398,MUSICA_MARIMBA_GT0804,Marimba de Madera Estilo San Andrés Xecul,"Instrumento musical nacional de marimba tallado típico del municipio de San Andrés Xecul, departamento de Totonicapán.",ARTESANIA
399,PINTURA_CUADRO_GT0804,Pintura Costumbrista Estilo San Andrés Xecul,"Cuadro pictórico que retrata la vida y costumbres mayas típico del municipio de San Andrés Xecul, departamento de Totonicapán.",ARTES_VISUALES
400,CESTERIA_CANASTA_GT0804,Canasta de Mimbre Estilo San Andrés Xecul,"Canastas y artículos de fibra natural tejida típico del municipio de San Andrés Xecul, departamento de Totonicapán.",ARTESANIA
401,TEXTIL_HUIPIL_GT0805,Huipil Tradicional Estilo Momostenango,"Prenda textil tradicional femenina tejida y brocada a mano típico del municipio de Momostenango, departamento de Totonicapán.",ARTESANIA
402,TEXTIL_CORTE_GT0805,Corte Jaspeado Estilo Momostenango,"Prenda textil inferior tejida con técnica de Jaspe típico del municipio de Momostenango, departamento de Totonicapán.",ARTESANIA
403,TEXTIL_FAJA_GT0805,Faja Artesanal Estilo Momostenango,"Faja tejida para sujetar el corte con motivos geométricos típico del municipio de Momostenango, departamento de Totonicapán.",ARTESANIA
404,CERAMICA_BARRO_GT0805,Cerámica de Barro Estilo Momostenango,"Piezas utilitarias y decorativas de barro cocido típico del municipio de Momostenango, departamento de Totonicapán.",ARTESANIA
405,MADERA_MASCARA_GT0805,Máscara de Madera Estilo Momostenango,"Máscara tallada a mano para danzas folklóricas típico del municipio de Momostenango, departamento de Totonicapán.",ARTESANIA
406,MADERA_JUGUETE_GT0805,Juguete de Madera Estilo Momostenango,"Juguete tradicional tallado y pintado (trompos, yoyos, carros) típico del municipio de Momostenango, departamento de Totonicapán.",ARTESANIA
407,JADE_TALLADO_GT0805,Jade Tallado Estilo Momostenango,"Piezas de joyería y escultura en piedra de Jade típico del municipio de Momostenango, departamento de Totonicapán.",ARTESANIA
408,MUSICA_MARIMBA_GT0805,Marimba de Madera Estilo Momostenango,"Instrumento musical nacional de marimba tallado típico del municipio de Momostenango, departamento de Totonicapán.",ARTESANIA
409,PINTURA_CUADRO_GT0805,Pintura Costumbrista Estilo Momostenango,"Cuadro pictórico que retrata la vida y costumbres mayas típico del municipio de Momostenango, departamento de Totonicapán.",ARTES_VISUALES
410,CESTERIA_CANASTA_GT0805,Canasta de Mimbre Estilo Momostenango,"Canastas y artículos de fibra natural tejida típico del municipio de Momostenango, departamento de Totonicapán.",ARTESANIA
411,TEXTIL_HUIPIL_GT0806,Huipil Tradicional Estilo Santa María Chiquimula,"Prenda textil tradicional femenina tejida y brocada a mano típico del municipio de Santa María Chiquimula, departamento de Totonicapán.",ARTESANIA
412,TEXTIL_CORTE_GT0806,Corte Jaspeado Estilo Santa María Chiquimula,"Prenda textil inferior tejida con técnica de Jaspe típico del municipio de Santa María Chiquimula, departamento de Totonicapán.",ARTESANIA
413,TEXTIL_FAJA_GT0806,Faja Artesanal Estilo Santa María Chiquimula,"Faja tejida para sujetar el corte con motivos geométricos típico del municipio de Santa María Chiquimula, departamento de Totonicapán.",ARTESANIA
414,CERAMICA_BARRO_GT0806,Cerámica de Barro Estilo Santa María Chiquimula,"Piezas utilitarias y decorativas de barro cocido típico del municipio de Santa María Chiquimula, departamento de Totonicapán.",ARTESANIA
415,MADERA_MASCARA_GT0806,Máscara de Madera Estilo Santa María Chiquimula,"Máscara tallada a mano para danzas folklóricas típico del municipio de Santa María Chiquimula, departamento de Totonicapán.",ARTESANIA
416,MADERA_JUGUETE_GT0806,Juguete de Madera Estilo Santa María Chiquimula,"Juguete tradicional tallado y pintado (trompos, yoyos, carros) típico del municipio de Santa María Chiquimula, departamento de Totonicapán.",ARTESANIA
417,JADE_TALLADO_GT0806,Jade Tallado Estilo Santa María Chiquimula,"Piezas de joyería y escultura en piedra de Jade típico del municipio de Santa María Chiquimula, departamento de Totonicapán.",ARTESANIA
418,MUSICA_MARIMBA_GT0806,Marimba de Madera Estilo Santa María Chiquimula,"Instrumento musical nacional de marimba tallado típico del municipio de Santa María Chiquimula, departamento de Totonicapán.",ARTESANIA
419,PINTURA_CUADRO_GT0806,Pintura Costumbrista Estilo Santa María Chiquimula,"Cuadro pictórico que retrata la vida y costumbres mayas típico del municipio de Santa María Chiquimula, departamento de Totonicapán.",ARTES_VISUALES
420,CESTERIA_CANASTA_GT0806,Canasta de Mimbre Estilo Santa María Chiquimula,"Canastas y artículos de fibra natural tejida típico del municipio de Santa María Chiquimula, departamento de Totonicapán.",ARTESANIA
421,TEXTIL_HUIPIL_GT0807,Huipil Tradicional Estilo Santa Lucía La Reforma,"Prenda textil tradicional femenina tejida y brocada a mano típico del municipio de Santa Lucía La Reforma, departamento de Totonicapán.",ARTESANIA
422,TEXTIL_CORTE_GT0807,Corte Jaspeado Estilo Santa Lucía La Reforma,"Prenda textil inferior tejida con técnica de Jaspe típico del municipio de Santa Lucía La Reforma, departamento de Totonicapán.",ARTESANIA
423,TEXTIL_FAJA_GT0807,Faja Artesanal Estilo Santa Lucía La Reforma,"Faja tejida para sujetar el corte con motivos geométricos típico del municipio de Santa Lucía La Reforma, departamento de Totonicapán.",ARTESANIA
424,CERAMICA_BARRO_GT0807,Cerámica de Barro Estilo Santa Lucía La Reforma,"Piezas utilitarias y decorativas de barro cocido típico del municipio de Santa Lucía La Reforma, departamento de Totonicapán.",ARTESANIA
425,MADERA_MASCARA_GT0807,Máscara de Madera Estilo Santa Lucía La Reforma,"Máscara tallada a mano para danzas folklóricas típico del municipio de Santa Lucía La Reforma, departamento de Totonicapán.",ARTESANIA
426,MADERA_JUGUETE_GT0807,Juguete de Madera Estilo Santa Lucía La Reforma,"Juguete tradicional tallado y pintado (trompos, yoyos, carros) típico del municipio de Santa Lucía La Reforma, departamento de Totonicapán.",ARTESANIA
427,JADE_TALLADO_GT0807,Jade Tallado Estilo Santa Lucía La Reforma,"Piezas de joyería y escultura en piedra de Jade típico del municipio de Santa Lucía La Reforma, departamento de Totonicapán.",ARTESANIA
428,MUSICA_MARIMBA_GT0807,Marimba de Madera Estilo Santa Lucía La Reforma,"Instrumento musical nacional de marimba tallado típico del municipio de Santa Lucía La Reforma, departamento de Totonicapán.",ARTESANIA
429,PINTURA_CUADRO_GT0807,Pintura Costumbrista Estilo Santa Lucía La Reforma,"Cuadro pictórico que retrata la vida y costumbres mayas típico del municipio de Santa Lucía La Reforma, departamento de Totonicapán.",ARTES_VISUALES
430,CESTERIA_CANASTA_GT0807,Canasta de Mimbre Estilo Santa Lucía La Reforma,"Canastas y artículos de fibra natural tejida típico del municipio de Santa Lucía La Reforma, departamento de Totonicapán.",ARTESANIA
431,TEXTIL_HUIPIL_GT0808,Huipil Tradicional Estilo San Bartolo,"Prenda textil tradicional femenina tejida y brocada a mano típico del municipio de San Bartolo, departamento de Totonicapán.",ARTESANIA
432,TEXTIL_CORTE_GT0808,Corte Jaspeado Estilo San Bartolo,"Prenda textil inferior tejida con técnica de Jaspe típico del municipio de San Bartolo, departamento de Totonicapán.",ARTESANIA
433,TEXTIL_FAJA_GT0808,Faja Artesanal Estilo San Bartolo,"Faja tejida para sujetar el corte con motivos geométricos típico del municipio de San Bartolo, departamento de Totonicapán.",ARTESANIA
434,CERAMICA_BARRO_GT0808,Cerámica de Barro Estilo San Bartolo,"Piezas utilitarias y decorativas de barro cocido típico del municipio de San Bartolo, departamento de Totonicapán.",ARTESANIA
435,MADERA_MASCARA_GT0808,Máscara de Madera Estilo San Bartolo,"Máscara tallada a mano para danzas folklóricas típico del municipio de San Bartolo, departamento de Totonicapán.",ARTESANIA
436,MADERA_JUGUETE_GT0808,Juguete de Madera Estilo San Bartolo,"Juguete tradicional tallado y pintado (trompos, yoyos, carros) típico del municipio de San Bartolo, departamento de Totonicapán.",ARTESANIA
437,JADE_TALLADO_GT0808,Jade Tallado Estilo San Bartolo,"Piezas de joyería y escultura en piedra de Jade típico del municipio de San Bartolo, departamento de Totonicapán.",ARTESANIA
438,MUSICA_MARIMBA_GT0808,Marimba de Madera Estilo San Bartolo,"Instrumento musical nacional de marimba tallado típico del municipio de San Bartolo, departamento de Totonicapán.",ARTESANIA
439,PINTURA_CUADRO_GT0808,Pintura Costumbrista Estilo San Bartolo,"Cuadro pictórico que retrata la vida y costumbres mayas típico del municipio de San Bartolo, departamento de Totonicapán.",ARTES_VISUALES
440,CESTERIA_CANASTA_GT0808,Canasta de Mimbre Estilo San Bartolo,"Canastas y artículos de fibra natural tejida típico del municipio de San Bartolo, departamento de Totonicapán.",ARTESANIA
441,TEXTIL_HUIPIL_GT0901,Huipil Tradicional Estilo Quetzaltenango,"Prenda textil tradicional femenina tejida y brocada a mano típico del municipio de Quetzaltenango, departamento de Quetzaltenango.",ARTESANIA
442,TEXTIL_CORTE_GT0901,Corte Jaspeado Estilo Quetzaltenango,"Prenda textil inferior tejida con técnica de Jaspe típico del municipio de Quetzaltenango, departamento de Quetzaltenango.",ARTESANIA
443,TEXTIL_FAJA_GT0901,Faja Artesanal Estilo Quetzaltenango,"Faja tejida para sujetar el corte con motivos geométricos típico del municipio de Quetzaltenango, departamento de Quetzaltenango.",ARTESANIA
444,CERAMICA_BARRO_GT0901,Cerámica de Barro Estilo Quetzaltenango,"Piezas utilitarias y decorativas de barro cocido típico del municipio de Quetzaltenango, departamento de Quetzaltenango.",ARTESANIA
445,MADERA_MASCARA_GT0901,Máscara de Madera Estilo Quetzaltenango,"Máscara tallada a mano para danzas folklóricas típico del municipio de Quetzaltenango, departamento de Quetzaltenango.",ARTESANIA
446,MADERA_JUGUETE_GT0901,Juguete de Madera Estilo Quetzaltenango,"Juguete tradicional tallado y pintado (trompos, yoyos, carros) típico del municipio de Quetzaltenango, departamento de Quetzaltenango.",ARTESANIA
447,JADE_TALLADO_GT0901,Jade Tallado Estilo Quetzaltenango,"Piezas de joyería y escultura en piedra de Jade típico del municipio de Quetzaltenango, departamento de Quetzaltenango.",ARTESANIA
448,MUSICA_MARIMBA_GT0901,Marimba de Madera Estilo Quetzaltenango,"Instrumento musical nacional de marimba tallado típico del municipio de Quetzaltenango, departamento de Quetzaltenango.",ARTESANIA
449,PINTURA_CUADRO_GT0901,Pintura Costumbrista Estilo Quetzaltenango,"Cuadro pictórico que retrata la vida y costumbres mayas típico del municipio de Quetzaltenango, departamento de Quetzaltenango.",ARTES_VISUALES
450,CESTERIA_CANASTA_GT0901,Canasta de Mimbre Estilo Quetzaltenango,"Canastas y artículos de fibra natural tejida típico del municipio de Quetzaltenango, departamento de Quetzaltenango.",ARTESANIA
451,TEXTIL_HUIPIL_GT0902,Huipil Tradicional Estilo Salcajá,"Prenda textil tradicional femenina tejida y brocada a mano típico del municipio de Salcajá, departamento de Quetzaltenango.",ARTESANIA
452,TEXTIL_CORTE_GT0902,Corte Jaspeado Estilo Salcajá,"Prenda textil inferior tejida con técnica de Jaspe típico del municipio de Salcajá, departamento de Quetzaltenango.",ARTESANIA
453,TEXTIL_FAJA_GT0902,Faja Artesanal Estilo Salcajá,"Faja tejida para sujetar el corte con motivos geométricos típico del municipio de Salcajá, departamento de Quetzaltenango.",ARTESANIA
454,CERAMICA_BARRO_GT0902,Cerámica de Barro Estilo Salcajá,"Piezas utilitarias y decorativas de barro cocido típico del municipio de Salcajá, departamento de Quetzaltenango.",ARTESANIA
455,MADERA_MASCARA_GT0902,Máscara de Madera Estilo Salcajá,"Máscara tallada a mano para danzas folklóricas típico del municipio de Salcajá, departamento de Quetzaltenango.",ARTESANIA
456,MADERA_JUGUETE_GT0902,Juguete de Madera Estilo Salcajá,"Juguete tradicional tallado y pintado (trompos, yoyos, carros) típico del municipio de Salcajá, departamento de Quetzaltenango.",ARTESANIA
457,JADE_TALLADO_GT0902,Jade Tallado Estilo Salcajá,"Piezas de joyería y escultura en piedra de Jade típico del municipio de Salcajá, departamento de Quetzaltenango.",ARTESANIA
458,MUSICA_MARIMBA_GT0902,Marimba de Madera Estilo Salcajá,"Instrumento musical nacional de marimba tallado típico del municipio de Salcajá, departamento de Quetzaltenango.",ARTESANIA
459,PINTURA_CUADRO_GT0902,Pintura Costumbrista Estilo Salcajá,"Cuadro pictórico que retrata la vida y costumbres mayas típico del municipio de Salcajá, departamento de Quetzaltenango.",ARTES_VISUALES
460,CESTERIA_CANASTA_GT0902,Canasta de Mimbre Estilo Salcajá,"Canastas y artículos de fibra natural tejida típico del municipio de Salcajá, departamento de Quetzaltenango.",ARTESANIA
461,TEXTIL_HUIPIL_GT0903,Huipil Tradicional Estilo Olintepeque,"Prenda textil tradicional femenina tejida y brocada a mano típico del municipio de Olintepeque, departamento de Quetzaltenango.",ARTESANIA
462,TEXTIL_CORTE_GT0903,Corte Jaspeado Estilo Olintepeque,"Prenda textil inferior tejida con técnica de Jaspe típico del municipio de Olintepeque, departamento de Quetzaltenango.",ARTESANIA
463,TEXTIL_FAJA_GT0903,Faja Artesanal Estilo Olintepeque,"Faja tejida para sujetar el corte con motivos geométricos típico del municipio de Olintepeque, departamento de Quetzaltenango.",ARTESANIA
464,CERAMICA_BARRO_GT0903,Cerámica de Barro Estilo Olintepeque,"Piezas utilitarias y decorativas de barro cocido típico del municipio de Olintepeque, departamento de Quetzaltenango.",ARTESANIA
465,MADERA_MASCARA_GT0903,Máscara de Madera Estilo Olintepeque,"Máscara tallada a mano para danzas folklóricas típico del municipio de Olintepeque, departamento de Quetzaltenango.",ARTESANIA
466,MADERA_JUGUETE_GT0903,Juguete de Madera Estilo Olintepeque,"Juguete tradicional tallado y pintado (trompos, yoyos, carros) típico del municipio de Olintepeque, departamento de Quetzaltenango.",ARTESANIA
467,JADE_TALLADO_GT0903,Jade Tallado Estilo Olintepeque,"Piezas de joyería y escultura en piedra de Jade típico del municipio de Olintepeque, departamento de Quetzaltenango.",ARTESANIA
468,MUSICA_MARIMBA_GT0903,Marimba de Madera Estilo Olintepeque,"Instrumento musical nacional de marimba tallado típico del municipio de Olintepeque, departamento de Quetzaltenango.",ARTESANIA
469,PINTURA_CUADRO_GT0903,Pintura Costumbrista Estilo Olintepeque,"Cuadro pictórico que retrata la vida y costumbres mayas típico del municipio de Olintepeque, departamento de Quetzaltenango.",ARTES_VISUALES
470,CESTERIA_CANASTA_GT0903,Canasta de Mimbre Estilo Olintepeque,"Canastas y artículos de fibra natural tejida típico del municipio de Olintepeque, departamento de Quetzaltenango.",ARTESANIA
471,TEXTIL_HUIPIL_GT0904,Huipil Tradicional Estilo San Carlos Sija,"Prenda textil tradicional femenina tejida y brocada a mano típico del municipio de San Carlos Sija, departamento de Quetzaltenango.",ARTESANIA
472,TEXTIL_CORTE_GT0904,Corte Jaspeado Estilo San Carlos Sija,"Prenda textil inferior tejida con técnica de Jaspe típico del municipio de San Carlos Sija, departamento de Quetzaltenango.",ARTESANIA
473,TEXTIL_FAJA_GT0904,Faja Artesanal Estilo San Carlos Sija,"Faja tejida para sujetar el corte con motivos geométricos típico del municipio de San Carlos Sija, departamento de Quetzaltenango.",ARTESANIA
474,CERAMICA_BARRO_GT0904,Cerámica de Barro Estilo San Carlos Sija,"Piezas utilitarias y decorativas de barro cocido típico del municipio de San Carlos Sija, departamento de Quetzaltenango.",ARTESANIA
475,MADERA_MASCARA_GT0904,Máscara de Madera Estilo San Carlos Sija,"Máscara tallada a mano para danzas folklóricas típico del municipio de San Carlos Sija, departamento de Quetzaltenango.",ARTESANIA
476,MADERA_JUGUETE_GT0904,Juguete de Madera Estilo San Carlos Sija,"Juguete tradicional tallado y pintado (trompos, yoyos, carros) típico del municipio de San Carlos Sija, departamento de Quetzaltenango.",ARTESANIA
477,JADE_TALLADO_GT0904,Jade Tallado Estilo San Carlos Sija,"Piezas de joyería y escultura en piedra de Jade típico del municipio de San Carlos Sija, departamento de Quetzaltenango.",ARTESANIA
478,MUSICA_MARIMBA_GT0904,Marimba de Madera Estilo San Carlos Sija,"Instrumento musical nacional de marimba tallado típico del municipio de San Carlos Sija, departamento de Quetzaltenango.",ARTESANIA
479,PINTURA_CUADRO_GT0904,Pintura Costumbrista Estilo San Carlos Sija,"Cuadro pictórico que retrata la vida y costumbres mayas típico del municipio de San Carlos Sija, departamento de Quetzaltenango.",ARTES_VISUALES
480,CESTERIA_CANASTA_GT0904,Canasta de Mimbre Estilo San Carlos Sija,"Canastas y artículos de fibra natural tejida típico del municipio de San Carlos Sija, departamento de Quetzaltenango.",ARTESANIA
481,TEXTIL_HUIPIL_GT0905,Huipil Tradicional Estilo Sibilia,"Prenda textil tradicional femenina tejida y brocada a mano típico del municipio de Sibilia, departamento de Quetzaltenango.",ARTESANIA
482,TEXTIL_CORTE_GT0905,Corte Jaspeado Estilo Sibilia,"Prenda textil inferior tejida con técnica de Jaspe típico del municipio de Sibilia, departamento de Quetzaltenango.",ARTESANIA
483,TEXTIL_FAJA_GT0905,Faja Artesanal Estilo Sibilia,"Faja tejida para sujetar el corte con motivos geométricos típico del municipio de Sibilia, departamento de Quetzaltenango.",ARTESANIA
484,CERAMICA_BARRO_GT0905,Cerámica de Barro Estilo Sibilia,"Piezas utilitarias y decorativas de barro cocido típico del municipio de Sibilia, departamento de Quetzaltenango.",ARTESANIA
485,MADERA_MASCARA_GT0905,Máscara de Madera Estilo Sibilia,"Máscara tallada a mano para danzas folklóricas típico del municipio de Sibilia, departamento de Quetzaltenango.",ARTESANIA
486,MADERA_JUGUETE_GT0905,Juguete de Madera Estilo Sibilia,"Juguete tradicional tallado y pintado (trompos, yoyos, carros) típico del municipio de Sibilia, departamento de Quetzaltenango.",ARTESANIA
487,JADE_TALLADO_GT0905,Jade Tallado Estilo Sibilia,"Piezas de joyería y escultura en piedra de Jade típico del municipio de Sibilia, departamento de Quetzaltenango.",ARTESANIA
488,MUSICA_MARIMBA_GT0905,Marimba de Madera Estilo Sibilia,"Instrumento musical nacional de marimba tallado típico del municipio de Sibilia, departamento de Quetzaltenango.",ARTESANIA
489,PINTURA_CUADRO_GT0905,Pintura Costumbrista Estilo Sibilia,"Cuadro pictórico que retrata la vida y costumbres mayas típico del municipio de Sibilia, departamento de Quetzaltenango.",ARTES_VISUALES
490,CESTERIA_CANASTA_GT0905,Canasta de Mimbre Estilo Sibilia,"Canastas y artículos de fibra natural tejida típico del municipio de Sibilia, departamento de Quetzaltenango.",ARTESANIA
491,TEXTIL_HUIPIL_GT0906,Huipil Tradicional Estilo Cabricán,"Prenda textil tradicional femenina tejida y brocada a mano típico del municipio de Cabricán, departamento de Quetzaltenango.",ARTESANIA
492,TEXTIL_CORTE_GT0906,Corte Jaspeado Estilo Cabricán,"Prenda textil inferior tejida con técnica de Jaspe típico del municipio de Cabricán, departamento de Quetzaltenango.",ARTESANIA
493,TEXTIL_FAJA_GT0906,Faja Artesanal Estilo Cabricán,"Faja tejida para sujetar el corte con motivos geométricos típico del municipio de Cabricán, departamento de Quetzaltenango.",ARTESANIA
494,CERAMICA_BARRO_GT0906,Cerámica de Barro Estilo Cabricán,"Piezas utilitarias y decorativas de barro cocido típico del municipio de Cabricán, departamento de Quetzaltenango.",ARTESANIA
495,MADERA_MASCARA_GT0906,Máscara de Madera Estilo Cabricán,"Máscara tallada a mano para danzas folklóricas típico del municipio de Cabricán, departamento de Quetzaltenango.",ARTESANIA
496,MADERA_JUGUETE_GT0906,Juguete de Madera Estilo Cabricán,"Juguete tradicional tallado y pintado (trompos, yoyos, carros) típico del municipio de Cabricán, departamento de Quetzaltenango.",ARTESANIA
497,JADE_TALLADO_GT0906,Jade Tallado Estilo Cabricán,"Piezas de joyería y escultura en piedra de Jade típico del municipio de Cabricán, departamento de Quetzaltenango.",ARTESANIA
498,MUSICA_MARIMBA_GT0906,Marimba de Madera Estilo Cabricán,"Instrumento musical nacional de marimba tallado típico del municipio de Cabricán, departamento de Quetzaltenango.",ARTESANIA
499,PINTURA_CUADRO_GT0906,Pintura Costumbrista Estilo Cabricán,"Cuadro pictórico que retrata la vida y costumbres mayas típico del municipio de Cabricán, departamento de Quetzaltenango.",ARTES_VISUALES
500,CESTERIA_CANASTA_GT0906,Canasta de Mimbre Estilo Cabricán,"Canastas y artículos de fibra natural tejida típico del municipio de Cabricán, departamento de Quetzaltenango.",ARTESANIA
501,TEXTIL_HUIPIL_GT0907,Huipil Tradicional Estilo Cajolá,"Prenda textil tradicional femenina tejida y brocada a mano típico del municipio de Cajolá, departamento de Quetzaltenango.",ARTESANIA
502,TEXTIL_CORTE_GT0907,Corte Jaspeado Estilo Cajolá,"Prenda textil inferior tejida con técnica de Jaspe típico del municipio de Cajolá, departamento de Quetzaltenango.",ARTESANIA
503,TEXTIL_FAJA_GT0907,Faja Artesanal Estilo Cajolá,"Faja tejida para sujetar el corte con motivos geométricos típico del municipio de Cajolá, departamento de Quetzaltenango.",ARTESANIA
504,CERAMICA_BARRO_GT0907,Cerámica de Barro Estilo Cajolá,"Piezas utilitarias y decorativas de barro cocido típico del municipio de Cajolá, departamento de Quetzaltenango.",ARTESANIA
505,MADERA_MASCARA_GT0907,Máscara de Madera Estilo Cajolá,"Máscara tallada a mano para danzas folklóricas típico del municipio de Cajolá, departamento de Quetzaltenango.",ARTESANIA
506,MADERA_JUGUETE_GT0907,Juguete de Madera Estilo Cajolá,"Juguete tradicional tallado y pintado (trompos, yoyos, carros) típico del municipio de Cajolá, departamento de Quetzaltenango.",ARTESANIA
507,JADE_TALLADO_GT0907,Jade Tallado Estilo Cajolá,"Piezas de joyería y escultura en piedra de Jade típico del municipio de Cajolá, departamento de Quetzaltenango.",ARTESANIA
508,MUSICA_MARIMBA_GT0907,Marimba de Madera Estilo Cajolá,"Instrumento musical nacional de marimba tallado típico del municipio de Cajolá, departamento de Quetzaltenango.",ARTESANIA
509,PINTURA_CUADRO_GT0907,Pintura Costumbrista Estilo Cajolá,"Cuadro pictórico que retrata la vida y costumbres mayas típico del municipio de Cajolá, departamento de Quetzaltenango.",ARTES_VISUALES
510,CESTERIA_CANASTA_GT0907,Canasta de Mimbre Estilo Cajolá,"Canastas y artículos de fibra natural tejida típico del municipio de Cajolá, departamento de Quetzaltenango.",ARTESANIA
511,TEXTIL_HUIPIL_GT0908,Huipil Tradicional Estilo San Miguel Sigüila,"Prenda textil tradicional femenina tejida y brocada a mano típico del municipio de San Miguel Sigüila, departamento de Quetzaltenango.",ARTESANIA
512,TEXTIL_CORTE_GT0908,Corte Jaspeado Estilo San Miguel Sigüila,"Prenda textil inferior tejida con técnica de Jaspe típico del municipio de San Miguel Sigüila, departamento de Quetzaltenango.",ARTESANIA
513,TEXTIL_FAJA_GT0908,Faja Artesanal Estilo San Miguel Sigüila,"Faja tejida para sujetar el corte con motivos geométricos típico del municipio de San Miguel Sigüila, departamento de Quetzaltenango.",ARTESANIA
514,CERAMICA_BARRO_GT0908,Cerámica de Barro Estilo San Miguel Sigüila,"Piezas utilitarias y decorativas de barro cocido típico del municipio de San Miguel Sigüila, departamento de Quetzaltenango.",ARTESANIA
515,MADERA_MASCARA_GT0908,Máscara de Madera Estilo San Miguel Sigüila,"Máscara tallada a mano para danzas folklóricas típico del municipio de San Miguel Sigüila, departamento de Quetzaltenango.",ARTESANIA
516,MADERA_JUGUETE_GT0908,Juguete de Madera Estilo San Miguel Sigüila,"Juguete tradicional tallado y pintado (trompos, yoyos, carros) típico del municipio de San Miguel Sigüila, departamento de Quetzaltenango.",ARTESANIA
517,JADE_TALLADO_GT0908,Jade Tallado Estilo San Miguel Sigüila,"Piezas de joyería y escultura en piedra de Jade típico del municipio de San Miguel Sigüila, departamento de Quetzaltenango.",ARTESANIA
518,MUSICA_MARIMBA_GT0908,Marimba de Madera Estilo San Miguel Sigüila,"Instrumento musical nacional de marimba tallado típico del municipio de San Miguel Sigüila, departamento de Quetzaltenango.",ARTESANIA
519,PINTURA_CUADRO_GT0908,Pintura Costumbrista Estilo San Miguel Sigüila,"Cuadro pictórico que retrata la vida y costumbres mayas típico del municipio de San Miguel Sigüila, departamento de Quetzaltenango.",ARTES_VISUALES
520,CESTERIA_CANASTA_GT0908,Canasta de Mimbre Estilo San Miguel Sigüila,"Canastas y artículos de fibra natural tejida típico del municipio de San Miguel Sigüila, departamento de Quetzaltenango.",ARTESANIA
521,TEXTIL_HUIPIL_GT0909,Huipil Tradicional Estilo Ostuncalco,"Prenda textil tradicional femenina tejida y brocada a mano típico del municipio de Ostuncalco, departamento de Quetzaltenango.",ARTESANIA
522,TEXTIL_CORTE_GT0909,Corte Jaspeado Estilo Ostuncalco,"Prenda textil inferior tejida con técnica de Jaspe típico del municipio de Ostuncalco, departamento de Quetzaltenango.",ARTESANIA
523,TEXTIL_FAJA_GT0909,Faja Artesanal Estilo Ostuncalco,"Faja tejida para sujetar el corte con motivos geométricos típico del municipio de Ostuncalco, departamento de Quetzaltenango.",ARTESANIA
524,CERAMICA_BARRO_GT0909,Cerámica de Barro Estilo Ostuncalco,"Piezas utilitarias y decorativas de barro cocido típico del municipio de Ostuncalco, departamento de Quetzaltenango.",ARTESANIA
525,MADERA_MASCARA_GT0909,Máscara de Madera Estilo Ostuncalco,"Máscara tallada a mano para danzas folklóricas típico del municipio de Ostuncalco, departamento de Quetzaltenango.",ARTESANIA
526,MADERA_JUGUETE_GT0909,Juguete de Madera Estilo Ostuncalco,"Juguete tradicional tallado y pintado (trompos, yoyos, carros) típico del municipio de Ostuncalco, departamento de Quetzaltenango.",ARTESANIA
527,JADE_TALLADO_GT0909,Jade Tallado Estilo Ostuncalco,"Piezas de joyería y escultura en piedra de Jade típico del municipio de Ostuncalco, departamento de Quetzaltenango.",ARTESANIA
528,MUSICA_MARIMBA_GT0909,Marimba de Madera Estilo Ostuncalco,"Instrumento musical nacional de marimba tallado típico del municipio de Ostuncalco, departamento de Quetzaltenango.",ARTESANIA
529,PINTURA_CUADRO_GT0909,Pintura Costumbrista Estilo Ostuncalco,"Cuadro pictórico que retrata la vida y costumbres mayas típico del municipio de Ostuncalco, departamento de Quetzaltenango.",ARTES_VISUALES
530,CESTERIA_CANASTA_GT0909,Canasta de Mimbre Estilo Ostuncalco,"Canastas y artículos de fibra natural tejida típico del municipio de Ostuncalco, departamento de Quetzaltenango.",ARTESANIA
531,TEXTIL_HUIPIL_GT0910,Huipil Tradicional Estilo San Mateo,"Prenda textil tradicional femenina tejida y brocada a mano típico del municipio de San Mateo, departamento de Quetzaltenango.",ARTESANIA
532,TEXTIL_CORTE_GT0910,Corte Jaspeado Estilo San Mateo,"Prenda textil inferior tejida con técnica de Jaspe típico del municipio de San Mateo, departamento de Quetzaltenango.",ARTESANIA
533,TEXTIL_FAJA_GT0910,Faja Artesanal Estilo San Mateo,"Faja tejida para sujetar el corte con motivos geométricos típico del municipio de San Mateo, departamento de Quetzaltenango.",ARTESANIA
534,CERAMICA_BARRO_GT0910,Cerámica de Barro Estilo San Mateo,"Piezas utilitarias y decorativas de barro cocido típico del municipio de San Mateo, departamento de Quetzaltenango.",ARTESANIA
535,MADERA_MASCARA_GT0910,Máscara de Madera Estilo San Mateo,"Máscara tallada a mano para danzas folklóricas típico del municipio de San Mateo, departamento de Quetzaltenango.",ARTESANIA
536,MADERA_JUGUETE_GT0910,Juguete de Madera Estilo San Mateo,"Juguete tradicional tallado y pintado (trompos, yoyos, carros) típico del municipio de San Mateo, departamento de Quetzaltenango.",ARTESANIA
537,JADE_TALLADO_GT0910,Jade Tallado Estilo San Mateo,"Piezas de joyería y escultura en piedra de Jade típico del municipio de San Mateo, departamento de Quetzaltenango.",ARTESANIA
538,MUSICA_MARIMBA_GT0910,Marimba de Madera Estilo San Mateo,"Instrumento musical nacional de marimba tallado típico del municipio de San Mateo, departamento de Quetzaltenango.",ARTESANIA
539,PINTURA_CUADRO_GT0910,Pintura Costumbrista Estilo San Mateo,"Cuadro pictórico que retrata la vida y costumbres mayas típico del municipio de San Mateo, departamento de Quetzaltenango.",ARTES_VISUALES
540,CESTERIA_CANASTA_GT0910,Canasta de Mimbre Estilo San Mateo,"Canastas y artículos de fibra natural tejida típico del municipio de San Mateo, departamento de Quetzaltenango.",ARTESANIA
541,TEXTIL_HUIPIL_GT0911,Huipil Tradicional Estilo Concepción Chiquirichapa,"Prenda textil tradicional femenina tejida y brocada a mano típico del municipio de Concepción Chiquirichapa, departamento de Quetzaltenango.",ARTESANIA
542,TEXTIL_CORTE_GT0911,Corte Jaspeado Estilo Concepción Chiquirichapa,"Prenda textil inferior tejida con técnica de Jaspe típico del municipio de Concepción Chiquirichapa, departamento de Quetzaltenango.",ARTESANIA
543,TEXTIL_FAJA_GT0911,Faja Artesanal Estilo Concepción Chiquirichapa,"Faja tejida para sujetar el corte con motivos geométricos típico del municipio de Concepción Chiquirichapa, departamento de Quetzaltenango.",ARTESANIA
544,CERAMICA_BARRO_GT0911,Cerámica de Barro Estilo Concepción Chiquirichapa,"Piezas utilitarias y decorativas de barro cocido típico del municipio de Concepción Chiquirichapa, departamento de Quetzaltenango.",ARTESANIA
545,MADERA_MASCARA_GT0911,Máscara de Madera Estilo Concepción Chiquirichapa,"Máscara tallada a mano para danzas folklóricas típico del municipio de Concepción Chiquirichapa, departamento de Quetzaltenango.",ARTESANIA
546,MADERA_JUGUETE_GT0911,Juguete de Madera Estilo Concepción Chiquirichapa,"Juguete tradicional tallado y pintado (trompos, yoyos, carros) típico del municipio de Concepción Chiquirichapa, departamento de Quetzaltenango.",ARTESANIA
547,JADE_TALLADO_GT0911,Jade Tallado Estilo Concepción Chiquirichapa,"Piezas de joyería y escultura en piedra de Jade típico del municipio de Concepción Chiquirichapa, departamento de Quetzaltenango.",ARTESANIA
548,MUSICA_MARIMBA_GT0911,Marimba de Madera Estilo Concepción Chiquirichapa,"Instrumento musical nacional de marimba tallado típico del municipio de Concepción Chiquirichapa, departamento de Quetzaltenango.",ARTESANIA
549,PINTURA_CUADRO_GT0911,Pintura Costumbrista Estilo Concepción Chiquirichapa,"Cuadro pictórico que retrata la vida y costumbres mayas típico del municipio de Concepción Chiquirichapa, departamento de Quetzaltenango.",ARTES_VISUALES
550,CESTERIA_CANASTA_GT0911,Canasta de Mimbre Estilo Concepción Chiquirichapa,"Canastas y artículos de fibra natural tejida típico del municipio de Concepción Chiquirichapa, departamento de Quetzaltenango.",ARTESANIA
551,TEXTIL_HUIPIL_GT0912,Huipil Tradicional Estilo San Martín Sacatepéquez,"Prenda textil tradicional femenina tejida y brocada a mano típico del municipio de San Martín Sacatepéquez, departamento de Quetzaltenango.",ARTESANIA
552,TEXTIL_CORTE_GT0912,Corte Jaspeado Estilo San Martín Sacatepéquez,"Prenda textil inferior tejida con técnica de Jaspe típico del municipio de San Martín Sacatepéquez, departamento de Quetzaltenango.",ARTESANIA
553,TEXTIL_FAJA_GT0912,Faja Artesanal Estilo San Martín Sacatepéquez,"Faja tejida para sujetar el corte con motivos geométricos típico del municipio de San Martín Sacatepéquez, departamento de Quetzaltenango.",ARTESANIA
554,CERAMICA_BARRO_GT0912,Cerámica de Barro Estilo San Martín Sacatepéquez,"Piezas utilitarias y decorativas de barro cocido típico del municipio de San Martín Sacatepéquez, departamento de Quetzaltenango.",ARTESANIA
555,MADERA_MASCARA_GT0912,Máscara de Madera Estilo San Martín Sacatepéquez,"Máscara tallada a mano para danzas folklóricas típico del municipio de San Martín Sacatepéquez, departamento de Quetzaltenango.",ARTESANIA
556,MADERA_JUGUETE_GT0912,Juguete de Madera Estilo San Martín Sacatepéquez,"Juguete tradicional tallado y pintado (trompos, yoyos, carros) típico del municipio de San Martín Sacatepéquez, departamento de Quetzaltenango.",ARTESANIA
557,JADE_TALLADO_GT0912,Jade Tallado Estilo San Martín Sacatepéquez,"Piezas de joyería y escultura en piedra de Jade típico del municipio de San Martín Sacatepéquez, departamento de Quetzaltenango.",ARTESANIA
558,MUSICA_MARIMBA_GT0912,Marimba de Madera Estilo San Martín Sacatepéquez,"Instrumento musical nacional de marimba tallado típico del municipio de San Martín Sacatepéquez, departamento de Quetzaltenango.",ARTESANIA
559,PINTURA_CUADRO_GT0912,Pintura Costumbrista Estilo San Martín Sacatepéquez,"Cuadro pictórico que retrata la vida y costumbres mayas típico del municipio de San Martín Sacatepéquez, departamento de Quetzaltenango.",ARTES_VISUALES
560,CESTERIA_CANASTA_GT0912,Canasta de Mimbre Estilo San Martín Sacatepéquez,"Canastas y artículos de fibra natural tejida típico del municipio de San Martín Sacatepéquez, departamento de Quetzaltenango.",ARTESANIA
561,TEXTIL_HUIPIL_GT0913,Huipil Tradicional Estilo Almolonga,"Prenda textil tradicional femenina tejida y brocada a mano típico del municipio de Almolonga, departamento de Quetzaltenango.",ARTESANIA
562,TEXTIL_CORTE_GT0913,Corte Jaspeado Estilo Almolonga,"Prenda textil inferior tejida con técnica de Jaspe típico del municipio de Almolonga, departamento de Quetzaltenango.",ARTESANIA
563,TEXTIL_FAJA_GT0913,Faja Artesanal Estilo Almolonga,"Faja tejida para sujetar el corte con motivos geométricos típico del municipio de Almolonga, departamento de Quetzaltenango.",ARTESANIA
564,CERAMICA_BARRO_GT0913,Cerámica de Barro Estilo Almolonga,"Piezas utilitarias y decorativas de barro cocido típico del municipio de Almolonga, departamento de Quetzaltenango.",ARTESANIA
565,MADERA_MASCARA_GT0913,Máscara de Madera Estilo Almolonga,"Máscara tallada a mano para danzas folklóricas típico del municipio de Almolonga, departamento de Quetzaltenango.",ARTESANIA
566,MADERA_JUGUETE_GT0913,Juguete de Madera Estilo Almolonga,"Juguete tradicional tallado y pintado (trompos, yoyos, carros) típico del municipio de Almolonga, departamento de Quetzaltenango.",ARTESANIA
567,JADE_TALLADO_GT0913,Jade Tallado Estilo Almolonga,"Piezas de joyería y escultura en piedra de Jade típico del municipio de Almolonga, departamento de Quetzaltenango.",ARTESANIA
568,MUSICA_MARIMBA_GT0913,Marimba de Madera Estilo Almolonga,"Instrumento musical nacional de marimba tallado típico del municipio de Almolonga, departamento de Quetzaltenango.",ARTESANIA
569,PINTURA_CUADRO_GT0913,Pintura Costumbrista Estilo Almolonga,"Cuadro pictórico que retrata la vida y costumbres mayas típico del municipio de Almolonga, departamento de Quetzaltenango.",ARTES_VISUALES
570,CESTERIA_CANASTA_GT0913,Canasta de Mimbre Estilo Almolonga,"Canastas y artículos de fibra natural tejida típico del municipio de Almolonga, departamento de Quetzaltenango.",ARTESANIA
571,TEXTIL_HUIPIL_GT0914,Huipil Tradicional Estilo Cantel,"Prenda textil tradicional femenina tejida y brocada a mano típico del municipio de Cantel, departamento de Quetzaltenango.",ARTESANIA
572,TEXTIL_CORTE_GT0914,Corte Jaspeado Estilo Cantel,"Prenda textil inferior tejida con técnica de Jaspe típico del municipio de Cantel, departamento de Quetzaltenango.",ARTESANIA
573,TEXTIL_FAJA_GT0914,Faja Artesanal Estilo Cantel,"Faja tejida para sujetar el corte con motivos geométricos típico del municipio de Cantel, departamento de Quetzaltenango.",ARTESANIA
574,CERAMICA_BARRO_GT0914,Cerámica de Barro Estilo Cantel,"Piezas utilitarias y decorativas de barro cocido típico del municipio de Cantel, departamento de Quetzaltenango.",ARTESANIA
575,MADERA_MASCARA_GT0914,Máscara de Madera Estilo Cantel,"Máscara tallada a mano para danzas folklóricas típico del municipio de Cantel, departamento de Quetzaltenango.",ARTESANIA
576,MADERA_JUGUETE_GT0914,Juguete de Madera Estilo Cantel,"Juguete tradicional tallado y pintado (trompos, yoyos, carros) típico del municipio de Cantel, departamento de Quetzaltenango.",ARTESANIA
577,JADE_TALLADO_GT0914,Jade Tallado Estilo Cantel,"Piezas de joyería y escultura en piedra de Jade típico del municipio de Cantel, departamento de Quetzaltenango.",ARTESANIA
578,MUSICA_MARIMBA_GT0914,Marimba de Madera Estilo Cantel,"Instrumento musical nacional de marimba tallado típico del municipio de Cantel, departamento de Quetzaltenango.",ARTESANIA
579,PINTURA_CUADRO_GT0914,Pintura Costumbrista Estilo Cantel,"Cuadro pictórico que retrata la vida y costumbres mayas típico del municipio de Cantel, departamento de Quetzaltenango.",ARTES_VISUALES
580,CESTERIA_CANASTA_GT0914,Canasta de Mimbre Estilo Cantel,"Canastas y artículos de fibra natural tejida típico del municipio de Cantel, departamento de Quetzaltenango.",ARTESANIA
581,TEXTIL_HUIPIL_GT0915,Huipil Tradicional Estilo Huitán,"Prenda textil tradicional femenina tejida y brocada a mano típico del municipio de Huitán, departamento de Quetzaltenango.",ARTESANIA
582,TEXTIL_CORTE_GT0915,Corte Jaspeado Estilo Huitán,"Prenda textil inferior tejida con técnica de Jaspe típico del municipio de Huitán, departamento de Quetzaltenango.",ARTESANIA
583,TEXTIL_FAJA_GT0915,Faja Artesanal Estilo Huitán,"Faja tejida para sujetar el corte con motivos geométricos típico del municipio de Huitán, departamento de Quetzaltenango.",ARTESANIA
584,CERAMICA_BARRO_GT0915,Cerámica de Barro Estilo Huitán,"Piezas utilitarias y decorativas de barro cocido típico del municipio de Huitán, departamento de Quetzaltenango.",ARTESANIA
585,MADERA_MASCARA_GT0915,Máscara de Madera Estilo Huitán,"Máscara tallada a mano para danzas folklóricas típico del municipio de Huitán, departamento de Quetzaltenango.",ARTESANIA
586,MADERA_JUGUETE_GT0915,Juguete de Madera Estilo Huitán,"Juguete tradicional tallado y pintado (trompos, yoyos, carros) típico del municipio de Huitán, departamento de Quetzaltenango.",ARTESANIA
587,JADE_TALLADO_GT0915,Jade Tallado Estilo Huitán,"Piezas de joyería y escultura en piedra de Jade típico del municipio de Huitán, departamento de Quetzaltenango.",ARTESANIA
588,MUSICA_MARIMBA_GT0915,Marimba de Madera Estilo Huitán,"Instrumento musical nacional de marimba tallado típico del municipio de Huitán, departamento de Quetzaltenango.",ARTESANIA
589,PINTURA_CUADRO_GT0915,Pintura Costumbrista Estilo Huitán,"Cuadro pictórico que retrata la vida y costumbres mayas típico del municipio de Huitán, departamento de Quetzaltenango.",ARTES_VISUALES
590,CESTERIA_CANASTA_GT0915,Canasta de Mimbre Estilo Huitán,"Canastas y artículos de fibra natural tejida típico del municipio de Huitán, departamento de Quetzaltenango.",ARTESANIA
591,TEXTIL_HUIPIL_GT0916,Huipil Tradicional Estilo Zunil,"Prenda textil tradicional femenina tejida y brocada a mano típico del municipio de Zunil, departamento de Quetzaltenango.",ARTESANIA
592,TEXTIL_CORTE_GT0916,Corte Jaspeado Estilo Zunil,"Prenda textil inferior tejida con técnica de Jaspe típico del municipio de Zunil, departamento de Quetzaltenango.",ARTESANIA
593,TEXTIL_FAJA_GT0916,Faja Artesanal Estilo Zunil,"Faja tejida para sujetar el corte con motivos geométricos típico del municipio de Zunil, departamento de Quetzaltenango.",ARTESANIA
594,CERAMICA_BARRO_GT0916,Cerámica de Barro Estilo Zunil,"Piezas utilitarias y decorativas de barro cocido típico del municipio de Zunil, departamento de Quetzaltenango.",ARTESANIA
595,MADERA_MASCARA_GT0916,Máscara de Madera Estilo Zunil,"Máscara tallada a mano para danzas folklóricas típico del municipio de Zunil, departamento de Quetzaltenango.",ARTESANIA
596,MADERA_JUGUETE_GT0916,Juguete de Madera Estilo Zunil,"Juguete tradicional tallado y pintado (trompos, yoyos, carros) típico del municipio de Zunil, departamento de Quetzaltenango.",ARTESANIA
597,JADE_TALLADO_GT0916,Jade Tallado Estilo Zunil,"Piezas de joyería y escultura en piedra de Jade típico del municipio de Zunil, departamento de Quetzaltenango.",ARTESANIA
598,MUSICA_MARIMBA_GT0916,Marimba de Madera Estilo Zunil,"Instrumento musical nacional de marimba tallado típico del municipio de Zunil, departamento de Quetzaltenango.",ARTESANIA
599,PINTURA_CUADRO_GT0916,Pintura Costumbrista Estilo Zunil,"Cuadro pictórico que retrata la vida y costumbres mayas típico del municipio de Zunil, departamento de Quetzaltenango.",ARTES_VISUALES
600,CESTERIA_CANASTA_GT0916,Canasta de Mimbre Estilo Zunil,"Canastas y artículos de fibra natural tejida típico del municipio de Zunil, departamento de Quetzaltenango.",ARTESANIA
601,TEXTIL_HUIPIL_GT0917,Huipil Tradicional Estilo Colomba,"Prenda textil tradicional femenina tejida y brocada a mano típico del municipio de Colomba, departamento de Quetzaltenango.",ARTESANIA
602,TEXTIL_CORTE_GT0917,Corte Jaspeado Estilo Colomba,"Prenda textil inferior tejida con técnica de Jaspe típico del municipio de Colomba, departamento de Quetzaltenango.",ARTESANIA
603,TEXTIL_FAJA_GT0917,Faja Artesanal Estilo Colomba,"Faja tejida para sujetar el corte con motivos geométricos típico del municipio de Colomba, departamento de Quetzaltenango.",ARTESANIA
604,CERAMICA_BARRO_GT0917,Cerámica de Barro Estilo Colomba,"Piezas utilitarias y decorativas de barro cocido típico del municipio de Colomba, departamento de Quetzaltenango.",ARTESANIA
605,MADERA_MASCARA_GT0917,Máscara de Madera Estilo Colomba,"Máscara tallada a mano para danzas folklóricas típico del municipio de Colomba, departamento de Quetzaltenango.",ARTESANIA
606,MADERA_JUGUETE_GT0917,Juguete de Madera Estilo Colomba,"Juguete tradicional tallado y pintado (trompos, yoyos, carros) típico del municipio de Colomba, departamento de Quetzaltenango.",ARTESANIA
607,JADE_TALLADO_GT0917,Jade Tallado Estilo Colomba,"Piezas de joyería y escultura en piedra de Jade típico del municipio de Colomba, departamento de Quetzaltenango.",ARTESANIA
608,MUSICA_MARIMBA_GT0917,Marimba de Madera Estilo Colomba,"Instrumento musical nacional de marimba tallado típico del municipio de Colomba, departamento de Quetzaltenango.",ARTESANIA
609,PINTURA_CUADRO_GT0917,Pintura Costumbrista Estilo Colomba,"Cuadro pictórico que retrata la vida y costumbres mayas típico del municipio de Colomba, departamento de Quetzaltenango.",ARTES_VISUALES
610,CESTERIA_CANASTA_GT0917,Canasta de Mimbre Estilo Colomba,"Canastas y artículos de fibra natural tejida típico del municipio de Colomba, departamento de Quetzaltenango.",ARTESANIA
611,TEXTIL_HUIPIL_GT0918,Huipil Tradicional Estilo San Francisco La Unión,"Prenda textil tradicional femenina tejida y brocada a mano típico del municipio de San Francisco La Unión, departamento de Quetzaltenango.",ARTESANIA
612,TEXTIL_CORTE_GT0918,Corte Jaspeado Estilo San Francisco La Unión,"Prenda textil inferior tejida con técnica de Jaspe típico del municipio de San Francisco La Unión, departamento de Quetzaltenango.",ARTESANIA
613,TEXTIL_FAJA_GT0918,Faja Artesanal Estilo San Francisco La Unión,"Faja tejida para sujetar el corte con motivos geométricos típico del municipio de San Francisco La Unión, departamento de Quetzaltenango.",ARTESANIA
614,CERAMICA_BARRO_GT0918,Cerámica de Barro Estilo San Francisco La Unión,"Piezas utilitarias y decorativas de barro cocido típico del municipio de San Francisco La Unión, departamento de Quetzaltenango.",ARTESANIA
615,MADERA_MASCARA_GT0918,Máscara de Madera Estilo San Francisco La Unión,"Máscara tallada a mano para danzas folklóricas típico del municipio de San Francisco La Unión, departamento de Quetzaltenango.",ARTESANIA
616,MADERA_JUGUETE_GT0918,Juguete de Madera Estilo San Francisco La Unión,"Juguete tradicional tallado y pintado (trompos, yoyos, carros) típico del municipio de San Francisco La Unión, departamento de Quetzaltenango.",ARTESANIA
617,JADE_TALLADO_GT0918,Jade Tallado Estilo San Francisco La Unión,"Piezas de joyería y escultura en piedra de Jade típico del municipio de San Francisco La Unión, departamento de Quetzaltenango.",ARTESANIA
618,MUSICA_MARIMBA_GT0918,Marimba de Madera Estilo San Francisco La Unión,"Instrumento musical nacional de marimba tallado típico del municipio de San Francisco La Unión, departamento de Quetzaltenango.",ARTESANIA
619,PINTURA_CUADRO_GT0918,Pintura Costumbrista Estilo San Francisco La Unión,"Cuadro pictórico que retrata la vida y costumbres mayas típico del municipio de San Francisco La Unión, departamento de Quetzaltenango.",ARTES_VISUALES
620,CESTERIA_CANASTA_GT0918,Canasta de Mimbre Estilo San Francisco La Unión,"Canastas y artículos de fibra natural tejida típico del municipio de San Francisco La Unión, departamento de Quetzaltenango.",ARTESANIA
621,TEXTIL_HUIPIL_GT0919,Huipil Tradicional Estilo El Palmar,"Prenda textil tradicional femenina tejida y brocada a mano típico del municipio de El Palmar, departamento de Quetzaltenango.",ARTESANIA
622,TEXTIL_CORTE_GT0919,Corte Jaspeado Estilo El Palmar,"Prenda textil inferior tejida con técnica de Jaspe típico del municipio de El Palmar, departamento de Quetzaltenango.",ARTESANIA
623,TEXTIL_FAJA_GT0919,Faja Artesanal Estilo El Palmar,"Faja tejida para sujetar el corte con motivos geométricos típico del municipio de El Palmar, departamento de Quetzaltenango.",ARTESANIA
624,CERAMICA_BARRO_GT0919,Cerámica de Barro Estilo El Palmar,"Piezas utilitarias y decorativas de barro cocido típico del municipio de El Palmar, departamento de Quetzaltenango.",ARTESANIA
625,MADERA_MASCARA_GT0919,Máscara de Madera Estilo El Palmar,"Máscara tallada a mano para danzas folklóricas típico del municipio de El Palmar, departamento de Quetzaltenango.",ARTESANIA
626,MADERA_JUGUETE_GT0919,Juguete de Madera Estilo El Palmar,"Juguete tradicional tallado y pintado (trompos, yoyos, carros) típico del municipio de El Palmar, departamento de Quetzaltenango.",ARTESANIA
627,JADE_TALLADO_GT0919,Jade Tallado Estilo El Palmar,"Piezas de joyería y escultura en piedra de Jade típico del municipio de El Palmar, departamento de Quetzaltenango.",ARTESANIA
628,MUSICA_MARIMBA_GT0919,Marimba de Madera Estilo El Palmar,"Instrumento musical nacional de marimba tallado típico del municipio de El Palmar, departamento de Quetzaltenango.",ARTESANIA
629,PINTURA_CUADRO_GT0919,Pintura Costumbrista Estilo El Palmar,"Cuadro pictórico que retrata la vida y costumbres mayas típico del municipio de El Palmar, departamento de Quetzaltenango.",ARTES_VISUALES
630,CESTERIA_CANASTA_GT0919,Canasta de Mimbre Estilo El Palmar,"Canastas y artículos de fibra natural tejida típico del municipio de El Palmar, departamento de Quetzaltenango.",ARTESANIA
631,TEXTIL_HUIPIL_GT0920,Huipil Tradicional Estilo Coatepeque,"Prenda textil tradicional femenina tejida y brocada a mano típico del municipio de Coatepeque, departamento de Quetzaltenango.",ARTESANIA
632,TEXTIL_CORTE_GT0920,Corte Jaspeado Estilo Coatepeque,"Prenda textil inferior tejida con técnica de Jaspe típico del municipio de Coatepeque, departamento de Quetzaltenango.",ARTESANIA
633,TEXTIL_FAJA_GT0920,Faja Artesanal Estilo Coatepeque,"Faja tejida para sujetar el corte con motivos geométricos típico del municipio de Coatepeque, departamento de Quetzaltenango.",ARTESANIA
634,CERAMICA_BARRO_GT0920,Cerámica de Barro Estilo Coatepeque,"Piezas utilitarias y decorativas de barro cocido típico del municipio de Coatepeque, departamento de Quetzaltenango.",ARTESANIA
635,MADERA_MASCARA_GT0920,Máscara de Madera Estilo Coatepeque,"Máscara tallada a mano para danzas folklóricas típico del municipio de Coatepeque, departamento de Quetzaltenango.",ARTESANIA
636,MADERA_JUGUETE_GT0920,Juguete de Madera Estilo Coatepeque,"Juguete tradicional tallado y pintado (trompos, yoyos, carros) típico del municipio de Coatepeque, departamento de Quetzaltenango.",ARTESANIA
637,JADE_TALLADO_GT0920,Jade Tallado Estilo Coatepeque,"Piezas de joyería y escultura en piedra de Jade típico del municipio de Coatepeque, departamento de Quetzaltenango.",ARTESANIA
638,MUSICA_MARIMBA_GT0920,Marimba de Madera Estilo Coatepeque,"Instrumento musical nacional de marimba tallado típico del municipio de Coatepeque, departamento de Quetzaltenango.",ARTESANIA
639,PINTURA_CUADRO_GT0920,Pintura Costumbrista Estilo Coatepeque,"Cuadro pictórico que retrata la vida y costumbres mayas típico del municipio de Coatepeque, departamento de Quetzaltenango.",ARTES_VISUALES
640,CESTERIA_CANASTA_GT0920,Canasta de Mimbre Estilo Coatepeque,"Canastas y artículos de fibra natural tejida típico del municipio de Coatepeque, departamento de Quetzaltenango.",ARTESANIA
641,TEXTIL_HUIPIL_GT0921,Huipil Tradicional Estilo Génova,"Prenda textil tradicional femenina tejida y brocada a mano típico del municipio de Génova, departamento de Quetzaltenango.",ARTESANIA
642,TEXTIL_CORTE_GT0921,Corte Jaspeado Estilo Génova,"Prenda textil inferior tejida con técnica de Jaspe típico del municipio de Génova, departamento de Quetzaltenango.",ARTESANIA
643,TEXTIL_FAJA_GT0921,Faja Artesanal Estilo Génova,"Faja tejida para sujetar el corte con motivos geométricos típico del municipio de Génova, departamento de Quetzaltenango.",ARTESANIA
644,CERAMICA_BARRO_GT0921,Cerámica de Barro Estilo Génova,"Piezas utilitarias y decorativas de barro cocido típico del municipio de Génova, departamento de Quetzaltenango.",ARTESANIA
645,MADERA_MASCARA_GT0921,Máscara de Madera Estilo Génova,"Máscara tallada a mano para danzas folklóricas típico del municipio de Génova, departamento de Quetzaltenango.",ARTESANIA
646,MADERA_JUGUETE_GT0921,Juguete de Madera Estilo Génova,"Juguete tradicional tallado y pintado (trompos, yoyos, carros) típico del municipio de Génova, departamento de Quetzaltenango.",ARTESANIA
647,JADE_TALLADO_GT0921,Jade Tallado Estilo Génova,"Piezas de joyería y escultura en piedra de Jade típico del municipio de Génova, departamento de Quetzaltenango.",ARTESANIA
648,MUSICA_MARIMBA_GT0921,Marimba de Madera Estilo Génova,"Instrumento musical nacional de marimba tallado típico del municipio de Génova, departamento de Quetzaltenango.",ARTESANIA
649,PINTURA_CUADRO_GT0921,Pintura Costumbrista Estilo Génova,"Cuadro pictórico que retrata la vida y costumbres mayas típico del municipio de Génova, departamento de Quetzaltenango.",ARTES_VISUALES
650,CESTERIA_CANASTA_GT0921,Canasta de Mimbre Estilo Génova,"Canastas y artículos de fibra natural tejida típico del municipio de Génova, departamento de Quetzaltenango.",ARTESANIA
651,TEXTIL_HUIPIL_GT0922,Huipil Tradicional Estilo Flores Costa Cuca,"Prenda textil tradicional femenina tejida y brocada a mano típico del municipio de Flores Costa Cuca, departamento de Quetzaltenango.",ARTESANIA
652,TEXTIL_CORTE_GT0922,Corte Jaspeado Estilo Flores Costa Cuca,"Prenda textil inferior tejida con técnica de Jaspe típico del municipio de Flores Costa Cuca, departamento de Quetzaltenango.",ARTESANIA
653,TEXTIL_FAJA_GT0922,Faja Artesanal Estilo Flores Costa Cuca,"Faja tejida para sujetar el corte con motivos geométricos típico del municipio de Flores Costa Cuca, departamento de Quetzaltenango.",ARTESANIA
654,CERAMICA_BARRO_GT0922,Cerámica de Barro Estilo Flores Costa Cuca,"Piezas utilitarias y decorativas de barro cocido típico del municipio de Flores Costa Cuca, departamento de Quetzaltenango.",ARTESANIA
655,MADERA_MASCARA_GT0922,Máscara de Madera Estilo Flores Costa Cuca,"Máscara tallada a mano para danzas folklóricas típico del municipio de Flores Costa Cuca, departamento de Quetzaltenango.",ARTESANIA
656,MADERA_JUGUETE_GT0922,Juguete de Madera Estilo Flores Costa Cuca,"Juguete tradicional tallado y pintado (trompos, yoyos, carros) típico del municipio de Flores Costa Cuca, departamento de Quetzaltenango.",ARTESANIA
657,JADE_TALLADO_GT0922,Jade Tallado Estilo Flores Costa Cuca,"Piezas de joyería y escultura en piedra de Jade típico del municipio de Flores Costa Cuca, departamento de Quetzaltenango.",ARTESANIA
658,MUSICA_MARIMBA_GT0922,Marimba de Madera Estilo Flores Costa Cuca,"Instrumento musical nacional de marimba tallado típico del municipio de Flores Costa Cuca, departamento de Quetzaltenango.",ARTESANIA
659,PINTURA_CUADRO_GT0922,Pintura Costumbrista Estilo Flores Costa Cuca,"Cuadro pictórico que retrata la vida y costumbres mayas típico del municipio de Flores Costa Cuca, departamento de Quetzaltenango.",ARTES_VISUALES
660,CESTERIA_CANASTA_GT0922,Canasta de Mimbre Estilo Flores Costa Cuca,"Canastas y artículos de fibra natural tejida típico del municipio de Flores Costa Cuca, departamento de Quetzaltenango.",ARTESANIA
661,TEXTIL_HUIPIL_GT0923,Huipil Tradicional Estilo La Esperanza,"Prenda textil tradicional femenina tejida y brocada a mano típico del municipio de La Esperanza, departamento de Quetzaltenango.",ARTESANIA
662,TEXTIL_CORTE_GT0923,Corte Jaspeado Estilo La Esperanza,"Prenda textil inferior tejida con técnica de Jaspe típico del municipio de La Esperanza, departamento de Quetzaltenango.",ARTESANIA
663,TEXTIL_FAJA_GT0923,Faja Artesanal Estilo La Esperanza,"Faja tejida para sujetar el corte con motivos geométricos típico del municipio de La Esperanza, departamento de Quetzaltenango.",ARTESANIA
664,CERAMICA_BARRO_GT0923,Cerámica de Barro Estilo La Esperanza,"Piezas utilitarias y decorativas de barro cocido típico del municipio de La Esperanza, departamento de Quetzaltenango.",ARTESANIA
665,MADERA_MASCARA_GT0923,Máscara de Madera Estilo La Esperanza,"Máscara tallada a mano para danzas folklóricas típico del municipio de La Esperanza, departamento de Quetzaltenango.",ARTESANIA
666,MADERA_JUGUETE_GT0923,Juguete de Madera Estilo La Esperanza,"Juguete tradicional tallado y pintado (trompos, yoyos, carros) típico del municipio de La Esperanza, departamento de Quetzaltenango.",ARTESANIA
667,JADE_TALLADO_GT0923,Jade Tallado Estilo La Esperanza,"Piezas de joyería y escultura en piedra de Jade típico del municipio de La Esperanza, departamento de Quetzaltenango.",ARTESANIA
668,MUSICA_MARIMBA_GT0923,Marimba de Madera Estilo La Esperanza,"Instrumento musical nacional de marimba tallado típico del municipio de La Esperanza, departamento de Quetzaltenango.",ARTESANIA
669,PINTURA_CUADRO_GT0923,Pintura Costumbrista Estilo La Esperanza,"Cuadro pictórico que retrata la vida y costumbres mayas típico del municipio de La Esperanza, departamento de Quetzaltenango.",ARTES_VISUALES
670,CESTERIA_CANASTA_GT0923,Canasta de Mimbre Estilo La Esperanza,"Canastas y artículos de fibra natural tejida típico del municipio de La Esperanza, departamento de Quetzaltenango.",ARTESANIA
671,TEXTIL_HUIPIL_GT0924,Huipil Tradicional Estilo Palestina de Los Altos,"Prenda textil tradicional femenina tejida y brocada a mano típico del municipio de Palestina de Los Altos, departamento de Quetzaltenango.",ARTESANIA
672,TEXTIL_CORTE_GT0924,Corte Jaspeado Estilo Palestina de Los Altos,"Prenda textil inferior tejida con técnica de Jaspe típico del municipio de Palestina de Los Altos, departamento de Quetzaltenango.",ARTESANIA
673,TEXTIL_FAJA_GT0924,Faja Artesanal Estilo Palestina de Los Altos,"Faja tejida para sujetar el corte con motivos geométricos típico del municipio de Palestina de Los Altos, departamento de Quetzaltenango.",ARTESANIA
674,CERAMICA_BARRO_GT0924,Cerámica de Barro Estilo Palestina de Los Altos,"Piezas utilitarias y decorativas de barro cocido típico del municipio de Palestina de Los Altos, departamento de Quetzaltenango.",ARTESANIA
675,MADERA_MASCARA_GT0924,Máscara de Madera Estilo Palestina de Los Altos,"Máscara tallada a mano para danzas folklóricas típico del municipio de Palestina de Los Altos, departamento de Quetzaltenango.",ARTESANIA
676,MADERA_JUGUETE_GT0924,Juguete de Madera Estilo Palestina de Los Altos,"Juguete tradicional tallado y pintado (trompos, yoyos, carros) típico del municipio de Palestina de Los Altos, departamento de Quetzaltenango.",ARTESANIA
677,JADE_TALLADO_GT0924,Jade Tallado Estilo Palestina de Los Altos,"Piezas de joyería y escultura en piedra de Jade típico del municipio de Palestina de Los Altos, departamento de Quetzaltenango.",ARTESANIA
678,MUSICA_MARIMBA_GT0924,Marimba de Madera Estilo Palestina de Los Altos,"Instrumento musical nacional de marimba tallado típico del municipio de Palestina de Los Altos, departamento de Quetzaltenango.",ARTESANIA
679,PINTURA_CUADRO_GT0924,Pintura Costumbrista Estilo Palestina de Los Altos,"Cuadro pictórico que retrata la vida y costumbres mayas típico del municipio de Palestina de Los Altos, departamento de Quetzaltenango.",ARTES_VISUALES
680,CESTERIA_CANASTA_GT0924,Canasta de Mimbre Estilo Palestina de Los Altos,"Canastas y artículos de fibra natural tejida típico del municipio de Palestina de Los Altos, departamento de Quetzaltenango.",ARTESANIA
681,TEXTIL_HUIPIL_GT1201,Huipil Tradicional Estilo San Marcos,"Prenda textil tradicional femenina tejida y brocada a mano típico del municipio de San Marcos, departamento de San Marcos.",ARTESANIA
682,TEXTIL_CORTE_GT1201,Corte Jaspeado Estilo San Marcos,"Prenda textil inferior tejida con técnica de Jaspe típico del municipio de San Marcos, departamento de San Marcos.",ARTESANIA
683,TEXTIL_FAJA_GT1201,Faja Artesanal Estilo San Marcos,"Faja tejida para sujetar el corte con motivos geométricos típico del municipio de San Marcos, departamento de San Marcos.",ARTESANIA
684,CERAMICA_BARRO_GT1201,Cerámica de Barro Estilo San Marcos,"Piezas utilitarias y decorativas de barro cocido típico del municipio de San Marcos, departamento de San Marcos.",ARTESANIA
685,MADERA_MASCARA_GT1201,Máscara de Madera Estilo San Marcos,"Máscara tallada a mano para danzas folklóricas típico del municipio de San Marcos, departamento de San Marcos.",ARTESANIA
686,MADERA_JUGUETE_GT1201,Juguete de Madera Estilo San Marcos,"Juguete tradicional tallado y pintado (trompos, yoyos, carros) típico del municipio de San Marcos, departamento de San Marcos.",ARTESANIA
687,JADE_TALLADO_GT1201,Jade Tallado Estilo San Marcos,"Piezas de joyería y escultura en piedra de Jade típico del municipio de San Marcos, departamento de San Marcos.",ARTESANIA
688,MUSICA_MARIMBA_GT1201,Marimba de Madera Estilo San Marcos,"Instrumento musical nacional de marimba tallado típico del municipio de San Marcos, departamento de San Marcos.",ARTESANIA
689,PINTURA_CUADRO_GT1201,Pintura Costumbrista Estilo San Marcos,"Cuadro pictórico que retrata la vida y costumbres mayas típico del municipio de San Marcos, departamento de San Marcos.",ARTES_VISUALES
690,CESTERIA_CANASTA_GT1201,Canasta de Mimbre Estilo San Marcos,"Canastas y artículos de fibra natural tejida típico del municipio de San Marcos, departamento de San Marcos.",ARTESANIA
691,TEXTIL_HUIPIL_GT1202,Huipil Tradicional Estilo San Pedro Sacatepéquez,"Prenda textil tradicional femenina tejida y brocada a mano típico del municipio de San Pedro Sacatepéquez, departamento de San Marcos.",ARTESANIA
692,TEXTIL_CORTE_GT1202,Corte Jaspeado Estilo San Pedro Sacatepéquez,"Prenda textil inferior tejida con técnica de Jaspe típico del municipio de San Pedro Sacatepéquez, departamento de San Marcos.",ARTESANIA
693,TEXTIL_FAJA_GT1202,Faja Artesanal Estilo San Pedro Sacatepéquez,"Faja tejida para sujetar el corte con motivos geométricos típico del municipio de San Pedro Sacatepéquez, departamento de San Marcos.",ARTESANIA
694,CERAMICA_BARRO_GT1202,Cerámica de Barro Estilo San Pedro Sacatepéquez,"Piezas utilitarias y decorativas de barro cocido típico del municipio de San Pedro Sacatepéquez, departamento de San Marcos.",ARTESANIA
695,MADERA_MASCARA_GT1202,Máscara de Madera Estilo San Pedro Sacatepéquez,"Máscara tallada a mano para danzas folklóricas típico del municipio de San Pedro Sacatepéquez, departamento de San Marcos.",ARTESANIA
696,MADERA_JUGUETE_GT1202,Juguete de Madera Estilo San Pedro Sacatepéquez,"Juguete tradicional tallado y pintado (trompos, yoyos, carros) típico del municipio de San Pedro Sacatepéquez, departamento de San Marcos.",ARTESANIA
697,JADE_TALLADO_GT1202,Jade Tallado Estilo San Pedro Sacatepéquez,"Piezas de joyería y escultura en piedra de Jade típico del municipio de San Pedro Sacatepéquez, departamento de San Marcos.",ARTESANIA
698,MUSICA_MARIMBA_GT1202,Marimba de Madera Estilo San Pedro Sacatepéquez,"Instrumento musical nacional de marimba tallado típico del municipio de San Pedro Sacatepéquez, departamento de San Marcos.",ARTESANIA
699,PINTURA_CUADRO_GT1202,Pintura Costumbrista Estilo San Pedro Sacatepéquez,"Cuadro pictórico que retrata la vida y costumbres mayas típico del municipio de San Pedro Sacatepéquez, departamento de San Marcos.",ARTES_VISUALES
700,CESTERIA_CANASTA_GT1202,Canasta de Mimbre Estilo San Pedro Sacatepéquez,"Canastas y artículos de fibra natural tejida típico del municipio de San Pedro Sacatepéquez, departamento de San Marcos.",ARTESANIA
701,TEXTIL_HUIPIL_GT1203,Huipil Tradicional Estilo San Antonio Sacatepéquez,"Prenda textil tradicional femenina tejida y brocada a mano típico del municipio de San Antonio Sacatepéquez, departamento de San Marcos.",ARTESANIA
702,TEXTIL_CORTE_GT1203,Corte Jaspeado Estilo San Antonio Sacatepéquez,"Prenda textil inferior tejida con técnica de Jaspe típico del municipio de San Antonio Sacatepéquez, departamento de San Marcos.",ARTESANIA
703,TEXTIL_FAJA_GT1203,Faja Artesanal Estilo San Antonio Sacatepéquez,"Faja tejida para sujetar el corte con motivos geométricos típico del municipio de San Antonio Sacatepéquez, departamento de San Marcos.",ARTESANIA
704,CERAMICA_BARRO_GT1203,Cerámica de Barro Estilo San Antonio Sacatepéquez,"Piezas utilitarias y decorativas de barro cocido típico del municipio de San Antonio Sacatepéquez, departamento de San Marcos.",ARTESANIA
705,MADERA_MASCARA_GT1203,Máscara de Madera Estilo San Antonio Sacatepéquez,"Máscara tallada a mano para danzas folklóricas típico del municipio de San Antonio Sacatepéquez, departamento de San Marcos.",ARTESANIA
706,MADERA_JUGUETE_GT1203,Juguete de Madera Estilo San Antonio Sacatepéquez,"Juguete tradicional tallado y pintado (trompos, yoyos, carros) típico del municipio de San Antonio Sacatepéquez, departamento de San Marcos.",ARTESANIA
707,JADE_TALLADO_GT1203,Jade Tallado Estilo San Antonio Sacatepéquez,"Piezas de joyería y escultura en piedra de Jade típico del municipio de San Antonio Sacatepéquez, departamento de San Marcos.",ARTESANIA
708,MUSICA_MARIMBA_GT1203,Marimba de Madera Estilo San Antonio Sacatepéquez,"Instrumento musical nacional de marimba tallado típico del municipio de San Antonio Sacatepéquez, departamento de San Marcos.",ARTESANIA
709,PINTURA_CUADRO_GT1203,Pintura Costumbrista Estilo San Antonio Sacatepéquez,"Cuadro pictórico que retrata la vida y costumbres mayas típico del municipio de San Antonio Sacatepéquez, departamento de San Marcos.",ARTES_VISUALES
710,CESTERIA_CANASTA_GT1203,Canasta de Mimbre Estilo San Antonio Sacatepéquez,"Canastas y artículos de fibra natural tejida típico del municipio de San Antonio Sacatepéquez, departamento de San Marcos.",ARTESANIA
711,TEXTIL_HUIPIL_GT1204,Huipil Tradicional Estilo Comitancillo,"Prenda textil tradicional femenina tejida y brocada a mano típico del municipio de Comitancillo, departamento de San Marcos.",ARTESANIA
712,TEXTIL_CORTE_GT1204,Corte Jaspeado Estilo Comitancillo,"Prenda textil inferior tejida con técnica de Jaspe típico del municipio de Comitancillo, departamento de San Marcos.",ARTESANIA
713,TEXTIL_FAJA_GT1204,Faja Artesanal Estilo Comitancillo,"Faja tejida para sujetar el corte con motivos geométricos típico del municipio de Comitancillo, departamento de San Marcos.",ARTESANIA
714,CERAMICA_BARRO_GT1204,Cerámica de Barro Estilo Comitancillo,"Piezas utilitarias y decorativas de barro cocido típico del municipio de Comitancillo, departamento de San Marcos.",ARTESANIA
715,MADERA_MASCARA_GT1204,Máscara de Madera Estilo Comitancillo,"Máscara tallada a mano para danzas folklóricas típico del municipio de Comitancillo, departamento de San Marcos.",ARTESANIA
716,MADERA_JUGUETE_GT1204,Juguete de Madera Estilo Comitancillo,"Juguete tradicional tallado y pintado (trompos, yoyos, carros) típico del municipio de Comitancillo, departamento de San Marcos.",ARTESANIA
717,JADE_TALLADO_GT1204,Jade Tallado Estilo Comitancillo,"Piezas de joyería y escultura en piedra de Jade típico del municipio de Comitancillo, departamento de San Marcos.",ARTESANIA
718,MUSICA_MARIMBA_GT1204,Marimba de Madera Estilo Comitancillo,"Instrumento musical nacional de marimba tallado típico del municipio de Comitancillo, departamento de San Marcos.",ARTESANIA
719,PINTURA_CUADRO_GT1204,Pintura Costumbrista Estilo Comitancillo,"Cuadro pictórico que retrata la vida y costumbres mayas típico del municipio de Comitancillo, departamento de San Marcos.",ARTES_VISUALES
720,CESTERIA_CANASTA_GT1204,Canasta de Mimbre Estilo Comitancillo,"Canastas y artículos de fibra natural tejida típico del municipio de Comitancillo, departamento de San Marcos.",ARTESANIA
721,TEXTIL_HUIPIL_GT1205,Huipil Tradicional Estilo San Miguel Ixtahuacán,"Prenda textil tradicional femenina tejida y brocada a mano típico del municipio de San Miguel Ixtahuacán, departamento de San Marcos.",ARTESANIA
722,TEXTIL_CORTE_GT1205,Corte Jaspeado Estilo San Miguel Ixtahuacán,"Prenda textil inferior tejida con técnica de Jaspe típico del municipio de San Miguel Ixtahuacán, departamento de San Marcos.",ARTESANIA
723,TEXTIL_FAJA_GT1205,Faja Artesanal Estilo San Miguel Ixtahuacán,"Faja tejida para sujetar el corte con motivos geométricos típico del municipio de San Miguel Ixtahuacán, departamento de San Marcos.",ARTESANIA
724,CERAMICA_BARRO_GT1205,Cerámica de Barro Estilo San Miguel Ixtahuacán,"Piezas utilitarias y decorativas de barro cocido típico del municipio de San Miguel Ixtahuacán, departamento de San Marcos.",ARTESANIA
725,MADERA_MASCARA_GT1205,Máscara de Madera Estilo San Miguel Ixtahuacán,"Máscara tallada a mano para danzas folklóricas típico del municipio de San Miguel Ixtahuacán, departamento de San Marcos.",ARTESANIA
726,MADERA_JUGUETE_GT1205,Juguete de Madera Estilo San Miguel Ixtahuacán,"Juguete tradicional tallado y pintado (trompos, yoyos, carros) típico del municipio de San Miguel Ixtahuacán, departamento de San Marcos.",ARTESANIA
727,JADE_TALLADO_GT1205,Jade Tallado Estilo San Miguel Ixtahuacán,"Piezas de joyería y escultura en piedra de Jade típico del municipio de San Miguel Ixtahuacán, departamento de San Marcos.",ARTESANIA
728,MUSICA_MARIMBA_GT1205,Marimba de Madera Estilo San Miguel Ixtahuacán,"Instrumento musical nacional de marimba tallado típico del municipio de San Miguel Ixtahuacán, departamento de San Marcos.",ARTESANIA
729,PINTURA_CUADRO_GT1205,Pintura Costumbrista Estilo San Miguel Ixtahuacán,"Cuadro pictórico que retrata la vida y costumbres mayas típico del municipio de San Miguel Ixtahuacán, departamento de San Marcos.",ARTES_VISUALES
730,CESTERIA_CANASTA_GT1205,Canasta de Mimbre Estilo San Miguel Ixtahuacán,"Canastas y artículos de fibra natural tejida típico del municipio de San Miguel Ixtahuacán, departamento de San Marcos.",ARTESANIA
731,TEXTIL_HUIPIL_GT1206,Huipil Tradicional Estilo Concepción Tutuapa,"Prenda textil tradicional femenina tejida y brocada a mano típico del municipio de Concepción Tutuapa, departamento de San Marcos.",ARTESANIA
732,TEXTIL_CORTE_GT1206,Corte Jaspeado Estilo Concepción Tutuapa,"Prenda textil inferior tejida con técnica de Jaspe típico del municipio de Concepción Tutuapa, departamento de San Marcos.",ARTESANIA
733,TEXTIL_FAJA_GT1206,Faja Artesanal Estilo Concepción Tutuapa,"Faja tejida para sujetar el corte con motivos geométricos típico del municipio de Concepción Tutuapa, departamento de San Marcos.",ARTESANIA
734,CERAMICA_BARRO_GT1206,Cerámica de Barro Estilo Concepción Tutuapa,"Piezas utilitarias y decorativas de barro cocido típico del municipio de Concepción Tutuapa, departamento de San Marcos.",ARTESANIA
735,MADERA_MASCARA_GT1206,Máscara de Madera Estilo Concepción Tutuapa,"Máscara tallada a mano para danzas folklóricas típico del municipio de Concepción Tutuapa, departamento de San Marcos.",ARTESANIA
736,MADERA_JUGUETE_GT1206,Juguete de Madera Estilo Concepción Tutuapa,"Juguete tradicional tallado y pintado (trompos, yoyos, carros) típico del municipio de Concepción Tutuapa, departamento de San Marcos.",ARTESANIA
737,JADE_TALLADO_GT1206,Jade Tallado Estilo Concepción Tutuapa,"Piezas de joyería y escultura en piedra de Jade típico del municipio de Concepción Tutuapa, departamento de San Marcos.",ARTESANIA
738,MUSICA_MARIMBA_GT1206,Marimba de Madera Estilo Concepción Tutuapa,"Instrumento musical nacional de marimba tallado típico del municipio de Concepción Tutuapa, departamento de San Marcos.",ARTESANIA
739,PINTURA_CUADRO_GT1206,Pintura Costumbrista Estilo Concepción Tutuapa,"Cuadro pictórico que retrata la vida y costumbres mayas típico del municipio de Concepción Tutuapa, departamento de San Marcos.",ARTES_VISUALES
740,CESTERIA_CANASTA_GT1206,Canasta de Mimbre Estilo Concepción Tutuapa,"Canastas y artículos de fibra natural tejida típico del municipio de Concepción Tutuapa, departamento de San Marcos.",ARTESANIA
741,TEXTIL_HUIPIL_GT1207,Huipil Tradicional Estilo Tacaná,"Prenda textil tradicional femenina tejida y brocada a mano típico del municipio de Tacaná, departamento de San Marcos.",ARTESANIA
742,TEXTIL_CORTE_GT1207,Corte Jaspeado Estilo Tacaná,"Prenda textil inferior tejida con técnica de Jaspe típico del municipio de Tacaná, departamento de San Marcos.",ARTESANIA
743,TEXTIL_FAJA_GT1207,Faja Artesanal Estilo Tacaná,"Faja tejida para sujetar el corte con motivos geométricos típico del municipio de Tacaná, departamento de San Marcos.",ARTESANIA
744,CERAMICA_BARRO_GT1207,Cerámica de Barro Estilo Tacaná,"Piezas utilitarias y decorativas de barro cocido típico del municipio de Tacaná, departamento de San Marcos.",ARTESANIA
745,MADERA_MASCARA_GT1207,Máscara de Madera Estilo Tacaná,"Máscara tallada a mano para danzas folklóricas típico del municipio de Tacaná, departamento de San Marcos.",ARTESANIA
746,MADERA_JUGUETE_GT1207,Juguete de Madera Estilo Tacaná,"Juguete tradicional tallado y pintado (trompos, yoyos, carros) típico del municipio de Tacaná, departamento de San Marcos.",ARTESANIA
747,JADE_TALLADO_GT1207,Jade Tallado Estilo Tacaná,"Piezas de joyería y escultura en piedra de Jade típico del municipio de Tacaná, departamento de San Marcos.",ARTESANIA
748,MUSICA_MARIMBA_GT1207,Marimba de Madera Estilo Tacaná,"Instrumento musical nacional de marimba tallado típico del municipio de Tacaná, departamento de San Marcos.",ARTESANIA
749,PINTURA_CUADRO_GT1207,Pintura Costumbrista Estilo Tacaná,"Cuadro pictórico que retrata la vida y costumbres mayas típico del municipio de Tacaná, departamento de San Marcos.",ARTES_VISUALES
750,CESTERIA_CANASTA_GT1207,Canasta de Mimbre Estilo Tacaná,"Canastas y artículos de fibra natural tejida típico del municipio de Tacaná, departamento de San Marcos.",ARTESANIA
751,TEXTIL_HUIPIL_GT1208,Huipil Tradicional Estilo Sibinal,"Prenda textil tradicional femenina tejida y brocada a mano típico del municipio de Sibinal, departamento de San Marcos.",ARTESANIA
752,TEXTIL_CORTE_GT1208,Corte Jaspeado Estilo Sibinal,"Prenda textil inferior tejida con técnica de Jaspe típico del municipio de Sibinal, departamento de San Marcos.",ARTESANIA
753,TEXTIL_FAJA_GT1208,Faja Artesanal Estilo Sibinal,"Faja tejida para sujetar el corte con motivos geométricos típico del municipio de Sibinal, departamento de San Marcos.",ARTESANIA
754,CERAMICA_BARRO_GT1208,Cerámica de Barro Estilo Sibinal,"Piezas utilitarias y decorativas de barro cocido típico del municipio de Sibinal, departamento de San Marcos.",ARTESANIA
755,MADERA_MASCARA_GT1208,Máscara de Madera Estilo Sibinal,"Máscara tallada a mano para danzas folklóricas típico del municipio de Sibinal, departamento de San Marcos.",ARTESANIA
756,MADERA_JUGUETE_GT1208,Juguete de Madera Estilo Sibinal,"Juguete tradicional tallado y pintado (trompos, yoyos, carros) típico del municipio de Sibinal, departamento de San Marcos.",ARTESANIA
757,JADE_TALLADO_GT1208,Jade Tallado Estilo Sibinal,"Piezas de joyería y escultura en piedra de Jade típico del municipio de Sibinal, departamento de San Marcos.",ARTESANIA
758,MUSICA_MARIMBA_GT1208,Marimba de Madera Estilo Sibinal,"Instrumento musical nacional de marimba tallado típico del municipio de Sibinal, departamento de San Marcos.",ARTESANIA
759,PINTURA_CUADRO_GT1208,Pintura Costumbrista Estilo Sibinal,"Cuadro pictórico que retrata la vida y costumbres mayas típico del municipio de Sibinal, departamento de San Marcos.",ARTES_VISUALES
760,CESTERIA_CANASTA_GT1208,Canasta de Mimbre Estilo Sibinal,"Canastas y artículos de fibra natural tejida típico del municipio de Sibinal, departamento de San Marcos.",ARTESANIA
761,TEXTIL_HUIPIL_GT1209,Huipil Tradicional Estilo Tajumulco,"Prenda textil tradicional femenina tejida y brocada a mano típico del municipio de Tajumulco, departamento de San Marcos.",ARTESANIA
762,TEXTIL_CORTE_GT1209,Corte Jaspeado Estilo Tajumulco,"Prenda textil inferior tejida con técnica de Jaspe típico del municipio de Tajumulco, departamento de San Marcos.",ARTESANIA
763,TEXTIL_FAJA_GT1209,Faja Artesanal Estilo Tajumulco,"Faja tejida para sujetar el corte con motivos geométricos típico del municipio de Tajumulco, departamento de San Marcos.",ARTESANIA
764,CERAMICA_BARRO_GT1209,Cerámica de Barro Estilo Tajumulco,"Piezas utilitarias y decorativas de barro cocido típico del municipio de Tajumulco, departamento de San Marcos.",ARTESANIA
765,MADERA_MASCARA_GT1209,Máscara de Madera Estilo Tajumulco,"Máscara tallada a mano para danzas folklóricas típico del municipio de Tajumulco, departamento de San Marcos.",ARTESANIA
766,MADERA_JUGUETE_GT1209,Juguete de Madera Estilo Tajumulco,"Juguete tradicional tallado y pintado (trompos, yoyos, carros) típico del municipio de Tajumulco, departamento de San Marcos.",ARTESANIA
767,JADE_TALLADO_GT1209,Jade Tallado Estilo Tajumulco,"Piezas de joyería y escultura en piedra de Jade típico del municipio de Tajumulco, departamento de San Marcos.",ARTESANIA
768,MUSICA_MARIMBA_GT1209,Marimba de Madera Estilo Tajumulco,"Instrumento musical nacional de marimba tallado típico del municipio de Tajumulco, departamento de San Marcos.",ARTESANIA
769,PINTURA_CUADRO_GT1209,Pintura Costumbrista Estilo Tajumulco,"Cuadro pictórico que retrata la vida y costumbres mayas típico del municipio de Tajumulco, departamento de San Marcos.",ARTES_VISUALES
770,CESTERIA_CANASTA_GT1209,Canasta de Mimbre Estilo Tajumulco,"Canastas y artículos de fibra natural tejida típico del municipio de Tajumulco, departamento de San Marcos.",ARTESANIA
771,TEXTIL_HUIPIL_GT1210,Huipil Tradicional Estilo Tejutla,"Prenda textil tradicional femenina tejida y brocada a mano típico del municipio de Tejutla, departamento de San Marcos.",ARTESANIA
772,TEXTIL_CORTE_GT1210,Corte Jaspeado Estilo Tejutla,"Prenda textil inferior tejida con técnica de Jaspe típico del municipio de Tejutla, departamento de San Marcos.",ARTESANIA
773,TEXTIL_FAJA_GT1210,Faja Artesanal Estilo Tejutla,"Faja tejida para sujetar el corte con motivos geométricos típico del municipio de Tejutla, departamento de San Marcos.",ARTESANIA
774,CERAMICA_BARRO_GT1210,Cerámica de Barro Estilo Tejutla,"Piezas utilitarias y decorativas de barro cocido típico del municipio de Tejutla, departamento de San Marcos.",ARTESANIA
775,MADERA_MASCARA_GT1210,Máscara de Madera Estilo Tejutla,"Máscara tallada a mano para danzas folklóricas típico del municipio de Tejutla, departamento de San Marcos.",ARTESANIA
776,MADERA_JUGUETE_GT1210,Juguete de Madera Estilo Tejutla,"Juguete tradicional tallado y pintado (trompos, yoyos, carros) típico del municipio de Tejutla, departamento de San Marcos.",ARTESANIA
777,JADE_TALLADO_GT1210,Jade Tallado Estilo Tejutla,"Piezas de joyería y escultura en piedra de Jade típico del municipio de Tejutla, departamento de San Marcos.",ARTESANIA
778,MUSICA_MARIMBA_GT1210,Marimba de Madera Estilo Tejutla,"Instrumento musical nacional de marimba tallado típico del municipio de Tejutla, departamento de San Marcos.",ARTESANIA
779,PINTURA_CUADRO_GT1210,Pintura Costumbrista Estilo Tejutla,"Cuadro pictórico que retrata la vida y costumbres mayas típico del municipio de Tejutla, departamento de San Marcos.",ARTES_VISUALES
780,CESTERIA_CANASTA_GT1210,Canasta de Mimbre Estilo Tejutla,"Canastas y artículos de fibra natural tejida típico del municipio de Tejutla, departamento de San Marcos.",ARTESANIA
781,TEXTIL_HUIPIL_GT1211,Huipil Tradicional Estilo San Rafael Pie de la Cuesta,"Prenda textil tradicional femenina tejida y brocada a mano típico del municipio de San Rafael Pie de la Cuesta, departamento de San Marcos.",ARTESANIA
782,TEXTIL_CORTE_GT1211,Corte Jaspeado Estilo San Rafael Pie de la Cuesta,"Prenda textil inferior tejida con técnica de Jaspe típico del municipio de San Rafael Pie de la Cuesta, departamento de San Marcos.",ARTESANIA
783,TEXTIL_FAJA_GT1211,Faja Artesanal Estilo San Rafael Pie de la Cuesta,"Faja tejida para sujetar el corte con motivos geométricos típico del municipio de San Rafael Pie de la Cuesta, departamento de San Marcos.",ARTESANIA
784,CERAMICA_BARRO_GT1211,Cerámica de Barro Estilo San Rafael Pie de la Cuesta,"Piezas utilitarias y decorativas de barro cocido típico del municipio de San Rafael Pie de la Cuesta, departamento de San Marcos.",ARTESANIA
785,MADERA_MASCARA_GT1211,Máscara de Madera Estilo San Rafael Pie de la Cuesta,"Máscara tallada a mano para danzas folklóricas típico del municipio de San Rafael Pie de la Cuesta, departamento de San Marcos.",ARTESANIA
786,MADERA_JUGUETE_GT1211,Juguete de Madera Estilo San Rafael Pie de la Cuesta,"Juguete tradicional tallado y pintado (trompos, yoyos, carros) típico del municipio de San Rafael Pie de la Cuesta, departamento de San Marcos.",ARTESANIA
787,JADE_TALLADO_GT1211,Jade Tallado Estilo San Rafael Pie de la Cuesta,"Piezas de joyería y escultura en piedra de Jade típico del municipio de San Rafael Pie de la Cuesta, departamento de San Marcos.",ARTESANIA
788,MUSICA_MARIMBA_GT1211,Marimba de Madera Estilo San Rafael Pie de la Cuesta,"Instrumento musical nacional de marimba tallado típico del municipio de San Rafael Pie de la Cuesta, departamento de San Marcos.",ARTESANIA
789,PINTURA_CUADRO_GT1211,Pintura Costumbrista Estilo San Rafael Pie de la Cuesta,"Cuadro pictórico que retrata la vida y costumbres mayas típico del municipio de San Rafael Pie de la Cuesta, departamento de San Marcos.",ARTES_VISUALES
790,CESTERIA_CANASTA_GT1211,Canasta de Mimbre Estilo San Rafael Pie de la Cuesta,"Canastas y artículos de fibra natural tejida típico del municipio de San Rafael Pie de la Cuesta, departamento de San Marcos.",ARTESANIA
791,TEXTIL_HUIPIL_GT1212,Huipil Tradicional Estilo Nuevo Progreso,"Prenda textil tradicional femenina tejida y brocada a mano típico del municipio de Nuevo Progreso, departamento de San Marcos.",ARTESANIA
792,TEXTIL_CORTE_GT1212,Corte Jaspeado Estilo Nuevo Progreso,"Prenda textil inferior tejida con técnica de Jaspe típico del municipio de Nuevo Progreso, departamento de San Marcos.",ARTESANIA
793,TEXTIL_FAJA_GT1212,Faja Artesanal Estilo Nuevo Progreso,"Faja tejida para sujetar el corte con motivos geométricos típico del municipio de Nuevo Progreso, departamento de San Marcos.",ARTESANIA
794,CERAMICA_BARRO_GT1212,Cerámica de Barro Estilo Nuevo Progreso,"Piezas utilitarias y decorativas de barro cocido típico del municipio de Nuevo Progreso, departamento de San Marcos.",ARTESANIA
795,MADERA_MASCARA_GT1212,Máscara de Madera Estilo Nuevo Progreso,"Máscara tallada a mano para danzas folklóricas típico del municipio de Nuevo Progreso, departamento de San Marcos.",ARTESANIA
796,MADERA_JUGUETE_GT1212,Juguete de Madera Estilo Nuevo Progreso,"Juguete tradicional tallado y pintado (trompos, yoyos, carros) típico del municipio de Nuevo Progreso, departamento de San Marcos.",ARTESANIA
797,JADE_TALLADO_GT1212,Jade Tallado Estilo Nuevo Progreso,"Piezas de joyería y escultura en piedra de Jade típico del municipio de Nuevo Progreso, departamento de San Marcos.",ARTESANIA
798,MUSICA_MARIMBA_GT1212,Marimba de Madera Estilo Nuevo Progreso,"Instrumento musical nacional de marimba tallado típico del municipio de Nuevo Progreso, departamento de San Marcos.",ARTESANIA
799,PINTURA_CUADRO_GT1212,Pintura Costumbrista Estilo Nuevo Progreso,"Cuadro pictórico que retrata la vida y costumbres mayas típico del municipio de Nuevo Progreso, departamento de San Marcos.",ARTES_VISUALES
800,CESTERIA_CANASTA_GT1212,Canasta de Mimbre Estilo Nuevo Progreso,"Canastas y artículos de fibra natural tejida típico del municipio de Nuevo Progreso, departamento de San Marcos.",ARTESANIA
801,TEXTIL_HUIPIL_GT1213,Huipil Tradicional Estilo El Tumbador,"Prenda textil tradicional femenina tejida y brocada a mano típico del municipio de El Tumbador, departamento de San Marcos.",ARTESANIA
802,TEXTIL_CORTE_GT1213,Corte Jaspeado Estilo El Tumbador,"Prenda textil inferior tejida con técnica de Jaspe típico del municipio de El Tumbador, departamento de San Marcos.",ARTESANIA
803,TEXTIL_FAJA_GT1213,Faja Artesanal Estilo El Tumbador,"Faja tejida para sujetar el corte con motivos geométricos típico del municipio de El Tumbador, departamento de San Marcos.",ARTESANIA
804,CERAMICA_BARRO_GT1213,Cerámica de Barro Estilo El Tumbador,"Piezas utilitarias y decorativas de barro cocido típico del municipio de El Tumbador, departamento de San Marcos.",ARTESANIA
805,MADERA_MASCARA_GT1213,Máscara de Madera Estilo El Tumbador,"Máscara tallada a mano para danzas folklóricas típico del municipio de El Tumbador, departamento de San Marcos.",ARTESANIA
806,MADERA_JUGUETE_GT1213,Juguete de Madera Estilo El Tumbador,"Juguete tradicional tallado y pintado (trompos, yoyos, carros) típico del municipio de El Tumbador, departamento de San Marcos.",ARTESANIA
807,JADE_TALLADO_GT1213,Jade Tallado Estilo El Tumbador,"Piezas de joyería y escultura en piedra de Jade típico del municipio de El Tumbador, departamento de San Marcos.",ARTESANIA
808,MUSICA_MARIMBA_GT1213,Marimba de Madera Estilo El Tumbador,"Instrumento musical nacional de marimba tallado típico del municipio de El Tumbador, departamento de San Marcos.",ARTESANIA
809,PINTURA_CUADRO_GT1213,Pintura Costumbrista Estilo El Tumbador,"Cuadro pictórico que retrata la vida y costumbres mayas típico del municipio de El Tumbador, departamento de San Marcos.",ARTES_VISUALES
810,CESTERIA_CANASTA_GT1213,Canasta de Mimbre Estilo El Tumbador,"Canastas y artículos de fibra natural tejida típico del municipio de El Tumbador, departamento de San Marcos.",ARTESANIA
811,TEXTIL_HUIPIL_GT1214,Huipil Tradicional Estilo El Rodeo,"Prenda textil tradicional femenina tejida y brocada a mano típico del municipio de El Rodeo, departamento de San Marcos.",ARTESANIA
812,TEXTIL_CORTE_GT1214,Corte Jaspeado Estilo El Rodeo,"Prenda textil inferior tejida con técnica de Jaspe típico del municipio de El Rodeo, departamento de San Marcos.",ARTESANIA
813,TEXTIL_FAJA_GT1214,Faja Artesanal Estilo El Rodeo,"Faja tejida para sujetar el corte con motivos geométricos típico del municipio de El Rodeo, departamento de San Marcos.",ARTESANIA
814,CERAMICA_BARRO_GT1214,Cerámica de Barro Estilo El Rodeo,"Piezas utilitarias y decorativas de barro cocido típico del municipio de El Rodeo, departamento de San Marcos.",ARTESANIA
815,MADERA_MASCARA_GT1214,Máscara de Madera Estilo El Rodeo,"Máscara tallada a mano para danzas folklóricas típico del municipio de El Rodeo, departamento de San Marcos.",ARTESANIA
816,MADERA_JUGUETE_GT1214,Juguete de Madera Estilo El Rodeo,"Juguete tradicional tallado y pintado (trompos, yoyos, carros) típico del municipio de El Rodeo, departamento de San Marcos.",ARTESANIA
817,JADE_TALLADO_GT1214,Jade Tallado Estilo El Rodeo,"Piezas de joyería y escultura en piedra de Jade típico del municipio de El Rodeo, departamento de San Marcos.",ARTESANIA
818,MUSICA_MARIMBA_GT1214,Marimba de Madera Estilo El Rodeo,"Instrumento musical nacional de marimba tallado típico del municipio de El Rodeo, departamento de San Marcos.",ARTESANIA
819,PINTURA_CUADRO_GT1214,Pintura Costumbrista Estilo El Rodeo,"Cuadro pictórico que retrata la vida y costumbres mayas típico del municipio de El Rodeo, departamento de San Marcos.",ARTES_VISUALES
820,CESTERIA_CANASTA_GT1214,Canasta de Mimbre Estilo El Rodeo,"Canastas y artículos de fibra natural tejida típico del municipio de El Rodeo, departamento de San Marcos.",ARTESANIA
821,TEXTIL_HUIPIL_GT1215,Huipil Tradicional Estilo Malacatán,"Prenda textil tradicional femenina tejida y brocada a mano típico del municipio de Malacatán, departamento de San Marcos.",ARTESANIA
822,TEXTIL_CORTE_GT1215,Corte Jaspeado Estilo Malacatán,"Prenda textil inferior tejida con técnica de Jaspe típico del municipio de Malacatán, departamento de San Marcos.",ARTESANIA
823,TEXTIL_FAJA_GT1215,Faja Artesanal Estilo Malacatán,"Faja tejida para sujetar el corte con motivos geométricos típico del municipio de Malacatán, departamento de San Marcos.",ARTESANIA
824,CERAMICA_BARRO_GT1215,Cerámica de Barro Estilo Malacatán,"Piezas utilitarias y decorativas de barro cocido típico del municipio de Malacatán, departamento de San Marcos.",ARTESANIA
825,MADERA_MASCARA_GT1215,Máscara de Madera Estilo Malacatán,"Máscara tallada a mano para danzas folklóricas típico del municipio de Malacatán, departamento de San Marcos.",ARTESANIA
826,MADERA_JUGUETE_GT1215,Juguete de Madera Estilo Malacatán,"Juguete tradicional tallado y pintado (trompos, yoyos, carros) típico del municipio de Malacatán, departamento de San Marcos.",ARTESANIA
827,JADE_TALLADO_GT1215,Jade Tallado Estilo Malacatán,"Piezas de joyería y escultura en piedra de Jade típico del municipio de Malacatán, departamento de San Marcos.",ARTESANIA
828,MUSICA_MARIMBA_GT1215,Marimba de Madera Estilo Malacatán,"Instrumento musical nacional de marimba tallado típico del municipio de Malacatán, departamento de San Marcos.",ARTESANIA
829,PINTURA_CUADRO_GT1215,Pintura Costumbrista Estilo Malacatán,"Cuadro pictórico que retrata la vida y costumbres mayas típico del municipio de Malacatán, departamento de San Marcos.",ARTES_VISUALES
830,CESTERIA_CANASTA_GT1215,Canasta de Mimbre Estilo Malacatán,"Canastas y artículos de fibra natural tejida típico del municipio de Malacatán, departamento de San Marcos.",ARTESANIA
831,TEXTIL_HUIPIL_GT1216,Huipil Tradicional Estilo Catarina,"Prenda textil tradicional femenina tejida y brocada a mano típico del municipio de Catarina, departamento de San Marcos.",ARTESANIA
832,TEXTIL_CORTE_GT1216,Corte Jaspeado Estilo Catarina,"Prenda textil inferior tejida con técnica de Jaspe típico del municipio de Catarina, departamento de San Marcos.",ARTESANIA
833,TEXTIL_FAJA_GT1216,Faja Artesanal Estilo Catarina,"Faja tejida para sujetar el corte con motivos geométricos típico del municipio de Catarina, departamento de San Marcos.",ARTESANIA
834,CERAMICA_BARRO_GT1216,Cerámica de Barro Estilo Catarina,"Piezas utilitarias y decorativas de barro cocido típico del municipio de Catarina, departamento de San Marcos.",ARTESANIA
835,MADERA_MASCARA_GT1216,Máscara de Madera Estilo Catarina,"Máscara tallada a mano para danzas folklóricas típico del municipio de Catarina, departamento de San Marcos.",ARTESANIA
836,MADERA_JUGUETE_GT1216,Juguete de Madera Estilo Catarina,"Juguete tradicional tallado y pintado (trompos, yoyos, carros) típico del municipio de Catarina, departamento de San Marcos.",ARTESANIA
837,JADE_TALLADO_GT1216,Jade Tallado Estilo Catarina,"Piezas de joyería y escultura en piedra de Jade típico del municipio de Catarina, departamento de San Marcos.",ARTESANIA
838,MUSICA_MARIMBA_GT1216,Marimba de Madera Estilo Catarina,"Instrumento musical nacional de marimba tallado típico del municipio de Catarina, departamento de San Marcos.",ARTESANIA
839,PINTURA_CUADRO_GT1216,Pintura Costumbrista Estilo Catarina,"Cuadro pictórico que retrata la vida y costumbres mayas típico del municipio de Catarina, departamento de San Marcos.",ARTES_VISUALES
840,CESTERIA_CANASTA_GT1216,Canasta de Mimbre Estilo Catarina,"Canastas y artículos de fibra natural tejida típico del municipio de Catarina, departamento de San Marcos.",ARTESANIA
841,TEXTIL_HUIPIL_GT1217,Huipil Tradicional Estilo Ayutla,"Prenda textil tradicional femenina tejida y brocada a mano típico del municipio de Ayutla, departamento de San Marcos.",ARTESANIA
842,TEXTIL_CORTE_GT1217,Corte Jaspeado Estilo Ayutla,"Prenda textil inferior tejida con técnica de Jaspe típico del municipio de Ayutla, departamento de San Marcos.",ARTESANIA
843,TEXTIL_FAJA_GT1217,Faja Artesanal Estilo Ayutla,"Faja tejida para sujetar el corte con motivos geométricos típico del municipio de Ayutla, departamento de San Marcos.",ARTESANIA
844,CERAMICA_BARRO_GT1217,Cerámica de Barro Estilo Ayutla,"Piezas utilitarias y decorativas de barro cocido típico del municipio de Ayutla, departamento de San Marcos.",ARTESANIA
845,MADERA_MASCARA_GT1217,Máscara de Madera Estilo Ayutla,"Máscara tallada a mano para danzas folklóricas típico del municipio de Ayutla, departamento de San Marcos.",ARTESANIA
846,MADERA_JUGUETE_GT1217,Juguete de Madera Estilo Ayutla,"Juguete tradicional tallado y pintado (trompos, yoyos, carros) típico del municipio de Ayutla, departamento de San Marcos.",ARTESANIA
847,JADE_TALLADO_GT1217,Jade Tallado Estilo Ayutla,"Piezas de joyería y escultura en piedra de Jade típico del municipio de Ayutla, departamento de San Marcos.",ARTESANIA
848,MUSICA_MARIMBA_GT1217,Marimba de Madera Estilo Ayutla,"Instrumento musical nacional de marimba tallado típico del municipio de Ayutla, departamento de San Marcos.",ARTESANIA
849,PINTURA_CUADRO_GT1217,Pintura Costumbrista Estilo Ayutla,"Cuadro pictórico que retrata la vida y costumbres mayas típico del municipio de Ayutla, departamento de San Marcos.",ARTES_VISUALES
850,CESTERIA_CANASTA_GT1217,Canasta de Mimbre Estilo Ayutla,"Canastas y artículos de fibra natural tejida típico del municipio de Ayutla, departamento de San Marcos.",ARTESANIA
851,TEXTIL_HUIPIL_GT1218,Huipil Tradicional Estilo Ocós,"Prenda textil tradicional femenina tejida y brocada a mano típico del municipio de Ocós, departamento de San Marcos.",ARTESANIA
852,TEXTIL_CORTE_GT1218,Corte Jaspeado Estilo Ocós,"Prenda textil inferior tejida con técnica de Jaspe típico del municipio de Ocós, departamento de San Marcos.",ARTESANIA
853,TEXTIL_FAJA_GT1218,Faja Artesanal Estilo Ocós,"Faja tejida para sujetar el corte con motivos geométricos típico del municipio de Ocós, departamento de San Marcos.",ARTESANIA
854,CERAMICA_BARRO_GT1218,Cerámica de Barro Estilo Ocós,"Piezas utilitarias y decorativas de barro cocido típico del municipio de Ocós, departamento de San Marcos.",ARTESANIA
855,MADERA_MASCARA_GT1218,Máscara de Madera Estilo Ocós,"Máscara tallada a mano para danzas folklóricas típico del municipio de Ocós, departamento de San Marcos.",ARTESANIA
856,MADERA_JUGUETE_GT1218,Juguete de Madera Estilo Ocós,"Juguete tradicional tallado y pintado (trompos, yoyos, carros) típico del municipio de Ocós, departamento de San Marcos.",ARTESANIA
857,JADE_TALLADO_GT1218,Jade Tallado Estilo Ocós,"Piezas de joyería y escultura en piedra de Jade típico del municipio de Ocós, departamento de San Marcos.",ARTESANIA
858,MUSICA_MARIMBA_GT1218,Marimba de Madera Estilo Ocós,"Instrumento musical nacional de marimba tallado típico del municipio de Ocós, departamento de San Marcos.",ARTESANIA
859,PINTURA_CUADRO_GT1218,Pintura Costumbrista Estilo Ocós,"Cuadro pictórico que retrata la vida y costumbres mayas típico del municipio de Ocós, departamento de San Marcos.",ARTES_VISUALES
860,CESTERIA_CANASTA_GT1218,Canasta de Mimbre Estilo Ocós,"Canastas y artículos de fibra natural tejida típico del municipio de Ocós, departamento de San Marcos.",ARTESANIA
861,TEXTIL_HUIPIL_GT1219,Huipil Tradicional Estilo San Pablo,"Prenda textil tradicional femenina tejida y brocada a mano típico del municipio de San Pablo, departamento de San Marcos.",ARTESANIA
862,TEXTIL_CORTE_GT1219,Corte Jaspeado Estilo San Pablo,"Prenda textil inferior tejida con técnica de Jaspe típico del municipio de San Pablo, departamento de San Marcos.",ARTESANIA
863,TEXTIL_FAJA_GT1219,Faja Artesanal Estilo San Pablo,"Faja tejida para sujetar el corte con motivos geométricos típico del municipio de San Pablo, departamento de San Marcos.",ARTESANIA
864,CERAMICA_BARRO_GT1219,Cerámica de Barro Estilo San Pablo,"Piezas utilitarias y decorativas de barro cocido típico del municipio de San Pablo, departamento de San Marcos.",ARTESANIA
865,MADERA_MASCARA_GT1219,Máscara de Madera Estilo San Pablo,"Máscara tallada a mano para danzas folklóricas típico del municipio de San Pablo, departamento de San Marcos.",ARTESANIA
866,MADERA_JUGUETE_GT1219,Juguete de Madera Estilo San Pablo,"Juguete tradicional tallado y pintado (trompos, yoyos, carros) típico del municipio de San Pablo, departamento de San Marcos.",ARTESANIA
867,JADE_TALLADO_GT1219,Jade Tallado Estilo San Pablo,"Piezas de joyería y escultura en piedra de Jade típico del municipio de San Pablo, departamento de San Marcos.",ARTESANIA
868,MUSICA_MARIMBA_GT1219,Marimba de Madera Estilo San Pablo,"Instrumento musical nacional de marimba tallado típico del municipio de San Pablo, departamento de San Marcos.",ARTESANIA
869,PINTURA_CUADRO_GT1219,Pintura Costumbrista Estilo San Pablo,"Cuadro pictórico que retrata la vida y costumbres mayas típico del municipio de San Pablo, departamento de San Marcos.",ARTES_VISUALES
870,CESTERIA_CANASTA_GT1219,Canasta de Mimbre Estilo San Pablo,"Canastas y artículos de fibra natural tejida típico del municipio de San Pablo, departamento de San Marcos.",ARTESANIA
871,TEXTIL_HUIPIL_GT1220,Huipil Tradicional Estilo El Quetzal,"Prenda textil tradicional femenina tejida y brocada a mano típico del municipio de El Quetzal, departamento de San Marcos.",ARTESANIA
872,TEXTIL_CORTE_GT1220,Corte Jaspeado Estilo El Quetzal,"Prenda textil inferior tejida con técnica de Jaspe típico del municipio de El Quetzal, departamento de San Marcos.",ARTESANIA
873,TEXTIL_FAJA_GT1220,Faja Artesanal Estilo El Quetzal,"Faja tejida para sujetar el corte con motivos geométricos típico del municipio de El Quetzal, departamento de San Marcos.",ARTESANIA
874,CERAMICA_BARRO_GT1220,Cerámica de Barro Estilo El Quetzal,"Piezas utilitarias y decorativas de barro cocido típico del municipio de El Quetzal, departamento de San Marcos.",ARTESANIA
875,MADERA_MASCARA_GT1220,Máscara de Madera Estilo El Quetzal,"Máscara tallada a mano para danzas folklóricas típico del municipio de El Quetzal, departamento de San Marcos.",ARTESANIA
876,MADERA_JUGUETE_GT1220,Juguete de Madera Estilo El Quetzal,"Juguete tradicional tallado y pintado (trompos, yoyos, carros) típico del municipio de El Quetzal, departamento de San Marcos.",ARTESANIA
877,JADE_TALLADO_GT1220,Jade Tallado Estilo El Quetzal,"Piezas de joyería y escultura en piedra de Jade típico del municipio de El Quetzal, departamento de San Marcos.",ARTESANIA
878,MUSICA_MARIMBA_GT1220,Marimba de Madera Estilo El Quetzal,"Instrumento musical nacional de marimba tallado típico del municipio de El Quetzal, departamento de San Marcos.",ARTESANIA
879,PINTURA_CUADRO_GT1220,Pintura Costumbrista Estilo El Quetzal,"Cuadro pictórico que retrata la vida y costumbres mayas típico del municipio de El Quetzal, departamento de San Marcos.",ARTES_VISUALES
880,CESTERIA_CANASTA_GT1220,Canasta de Mimbre Estilo El Quetzal,"Canastas y artículos de fibra natural tejida típico del municipio de El Quetzal, departamento de San Marcos.",ARTESANIA
881,TEXTIL_HUIPIL_GT1221,Huipil Tradicional Estilo La Reforma,"Prenda textil tradicional femenina tejida y brocada a mano típico del municipio de La Reforma, departamento de San Marcos.",ARTESANIA
882,TEXTIL_CORTE_GT1221,Corte Jaspeado Estilo La Reforma,"Prenda textil inferior tejida con técnica de Jaspe típico del municipio de La Reforma, departamento de San Marcos.",ARTESANIA
883,TEXTIL_FAJA_GT1221,Faja Artesanal Estilo La Reforma,"Faja tejida para sujetar el corte con motivos geométricos típico del municipio de La Reforma, departamento de San Marcos.",ARTESANIA
884,CERAMICA_BARRO_GT1221,Cerámica de Barro Estilo La Reforma,"Piezas utilitarias y decorativas de barro cocido típico del municipio de La Reforma, departamento de San Marcos.",ARTESANIA
885,MADERA_MASCARA_GT1221,Máscara de Madera Estilo La Reforma,"Máscara tallada a mano para danzas folklóricas típico del municipio de La Reforma, departamento de San Marcos.",ARTESANIA
886,MADERA_JUGUETE_GT1221,Juguete de Madera Estilo La Reforma,"Juguete tradicional tallado y pintado (trompos, yoyos, carros) típico del municipio de La Reforma, departamento de San Marcos.",ARTESANIA
887,JADE_TALLADO_GT1221,Jade Tallado Estilo La Reforma,"Piezas de joyería y escultura en piedra de Jade típico del municipio de La Reforma, departamento de San Marcos.",ARTESANIA
888,MUSICA_MARIMBA_GT1221,Marimba de Madera Estilo La Reforma,"Instrumento musical nacional de marimba tallado típico del municipio de La Reforma, departamento de San Marcos.",ARTESANIA
889,PINTURA_CUADRO_GT1221,Pintura Costumbrista Estilo La Reforma,"Cuadro pictórico que retrata la vida y costumbres mayas típico del municipio de La Reforma, departamento de San Marcos.",ARTES_VISUALES
890,CESTERIA_CANASTA_GT1221,Canasta de Mimbre Estilo La Reforma,"Canastas y artículos de fibra natural tejida típico del municipio de La Reforma, departamento de San Marcos.",ARTESANIA
891,TEXTIL_HUIPIL_GT1222,Huipil Tradicional Estilo Pajapita,"Prenda textil tradicional femenina tejida y brocada a mano típico del municipio de Pajapita, departamento de San Marcos.",ARTESANIA
892,TEXTIL_CORTE_GT1222,Corte Jaspeado Estilo Pajapita,"Prenda textil inferior tejida con técnica de Jaspe típico del municipio de Pajapita, departamento de San Marcos.",ARTESANIA
893,TEXTIL_FAJA_GT1222,Faja Artesanal Estilo Pajapita,"Faja tejida para sujetar el corte con motivos geométricos típico del municipio de Pajapita, departamento de San Marcos.",ARTESANIA
894,CERAMICA_BARRO_GT1222,Cerámica de Barro Estilo Pajapita,"Piezas utilitarias y decorativas de barro cocido típico del municipio de Pajapita, departamento de San Marcos.",ARTESANIA
895,MADERA_MASCARA_GT1222,Máscara de Madera Estilo Pajapita,"Máscara tallada a mano para danzas folklóricas típico del municipio de Pajapita, departamento de San Marcos.",ARTESANIA
896,MADERA_JUGUETE_GT1222,Juguete de Madera Estilo Pajapita,"Juguete tradicional tallado y pintado (trompos, yoyos, carros) típico del municipio de Pajapita, departamento de San Marcos.",ARTESANIA
897,JADE_TALLADO_GT1222,Jade Tallado Estilo Pajapita,"Piezas de joyería y escultura en piedra de Jade típico del municipio de Pajapita, departamento de San Marcos.",ARTESANIA
898,MUSICA_MARIMBA_GT1222,Marimba de Madera Estilo Pajapita,"Instrumento musical nacional de marimba tallado típico del municipio de Pajapita, departamento de San Marcos.",ARTESANIA
899,PINTURA_CUADRO_GT1222,Pintura Costumbrista Estilo Pajapita,"Cuadro pictórico que retrata la vida y costumbres mayas típico del municipio de Pajapita, departamento de San Marcos.",ARTES_VISUALES
900,CESTERIA_CANASTA_GT1222,Canasta de Mimbre Estilo Pajapita,"Canastas y artículos de fibra natural tejida típico del municipio de Pajapita, departamento de San Marcos.",ARTESANIA
901,TEXTIL_HUIPIL_GT1223,Huipil Tradicional Estilo Ixchiguán,"Prenda textil tradicional femenina tejida y brocada a mano típico del municipio de Ixchiguán, departamento de San Marcos.",ARTESANIA
902,TEXTIL_CORTE_GT1223,Corte Jaspeado Estilo Ixchiguán,"Prenda textil inferior tejida con técnica de Jaspe típico del municipio de Ixchiguán, departamento de San Marcos.",ARTESANIA
903,TEXTIL_FAJA_GT1223,Faja Artesanal Estilo Ixchiguán,"Faja tejida para sujetar el corte con motivos geométricos típico del municipio de Ixchiguán, departamento de San Marcos.",ARTESANIA
904,CERAMICA_BARRO_GT1223,Cerámica de Barro Estilo Ixchiguán,"Piezas utilitarias y decorativas de barro cocido típico del municipio de Ixchiguán, departamento de San Marcos.",ARTESANIA
905,MADERA_MASCARA_GT1223,Máscara de Madera Estilo Ixchiguán,"Máscara tallada a mano para danzas folklóricas típico del municipio de Ixchiguán, departamento de San Marcos.",ARTESANIA
906,MADERA_JUGUETE_GT1223,Juguete de Madera Estilo Ixchiguán,"Juguete tradicional tallado y pintado (trompos, yoyos, carros) típico del municipio de Ixchiguán, departamento de San Marcos.",ARTESANIA
907,JADE_TALLADO_GT1223,Jade Tallado Estilo Ixchiguán,"Piezas de joyería y escultura en piedra de Jade típico del municipio de Ixchiguán, departamento de San Marcos.",ARTESANIA
908,MUSICA_MARIMBA_GT1223,Marimba de Madera Estilo Ixchiguán,"Instrumento musical nacional de marimba tallado típico del municipio de Ixchiguán, departamento de San Marcos.",ARTESANIA
909,PINTURA_CUADRO_GT1223,Pintura Costumbrista Estilo Ixchiguán,"Cuadro pictórico que retrata la vida y costumbres mayas típico del municipio de Ixchiguán, departamento de San Marcos.",ARTES_VISUALES
910,CESTERIA_CANASTA_GT1223,Canasta de Mimbre Estilo Ixchiguán,"Canastas y artículos de fibra natural tejida típico del municipio de Ixchiguán, departamento de San Marcos.",ARTESANIA
911,TEXTIL_HUIPIL_GT1224,Huipil Tradicional Estilo San José Ojetenam,"Prenda textil tradicional femenina tejida y brocada a mano típico del municipio de San José Ojetenam, departamento de San Marcos.",ARTESANIA
912,TEXTIL_CORTE_GT1224,Corte Jaspeado Estilo San José Ojetenam,"Prenda textil inferior tejida con técnica de Jaspe típico del municipio de San José Ojetenam, departamento de San Marcos.",ARTESANIA
913,TEXTIL_FAJA_GT1224,Faja Artesanal Estilo San José Ojetenam,"Faja tejida para sujetar el corte con motivos geométricos típico del municipio de San José Ojetenam, departamento de San Marcos.",ARTESANIA
914,CERAMICA_BARRO_GT1224,Cerámica de Barro Estilo San José Ojetenam,"Piezas utilitarias y decorativas de barro cocido típico del municipio de San José Ojetenam, departamento de San Marcos.",ARTESANIA
915,MADERA_MASCARA_GT1224,Máscara de Madera Estilo San José Ojetenam,"Máscara tallada a mano para danzas folklóricas típico del municipio de San José Ojetenam, departamento de San Marcos.",ARTESANIA
916,MADERA_JUGUETE_GT1224,Juguete de Madera Estilo San José Ojetenam,"Juguete tradicional tallado y pintado (trompos, yoyos, carros) típico del municipio de San José Ojetenam, departamento de San Marcos.",ARTESANIA
917,JADE_TALLADO_GT1224,Jade Tallado Estilo San José Ojetenam,"Piezas de joyería y escultura en piedra de Jade típico del municipio de San José Ojetenam, departamento de San Marcos.",ARTESANIA
918,MUSICA_MARIMBA_GT1224,Marimba de Madera Estilo San José Ojetenam,"Instrumento musical nacional de marimba tallado típico del municipio de San José Ojetenam, departamento de San Marcos.",ARTESANIA
919,PINTURA_CUADRO_GT1224,Pintura Costumbrista Estilo San José Ojetenam,"Cuadro pictórico que retrata la vida y costumbres mayas típico del municipio de San José Ojetenam, departamento de San Marcos.",ARTES_VISUALES
920,CESTERIA_CANASTA_GT1224,Canasta de Mimbre Estilo San José Ojetenam,"Canastas y artículos de fibra natural tejida típico del municipio de San José Ojetenam, departamento de San Marcos.",ARTESANIA
921,TEXTIL_HUIPIL_GT1225,Huipil Tradicional Estilo San Cristóbal Cucho,"Prenda textil tradicional femenina tejida y brocada a mano típico del municipio de San Cristóbal Cucho, departamento de San Marcos.",ARTESANIA
922,TEXTIL_CORTE_GT1225,Corte Jaspeado Estilo San Cristóbal Cucho,"Prenda textil inferior tejida con técnica de Jaspe típico del municipio de San Cristóbal Cucho, departamento de San Marcos.",ARTESANIA
923,TEXTIL_FAJA_GT1225,Faja Artesanal Estilo San Cristóbal Cucho,"Faja tejida para sujetar el corte con motivos geométricos típico del municipio de San Cristóbal Cucho, departamento de San Marcos.",ARTESANIA
924,CERAMICA_BARRO_GT1225,Cerámica de Barro Estilo San Cristóbal Cucho,"Piezas utilitarias y decorativas de barro cocido típico del municipio de San Cristóbal Cucho, departamento de San Marcos.",ARTESANIA
925,MADERA_MASCARA_GT1225,Máscara de Madera Estilo San Cristóbal Cucho,"Máscara tallada a mano para danzas folklóricas típico del municipio de San Cristóbal Cucho, departamento de San Marcos.",ARTESANIA
926,MADERA_JUGUETE_GT1225,Juguete de Madera Estilo San Cristóbal Cucho,"Juguete tradicional tallado y pintado (trompos, yoyos, carros) típico del municipio de San Cristóbal Cucho, departamento de San Marcos.",ARTESANIA
927,JADE_TALLADO_GT1225,Jade Tallado Estilo San Cristóbal Cucho,"Piezas de joyería y escultura en piedra de Jade típico del municipio de San Cristóbal Cucho, departamento de San Marcos.",ARTESANIA
928,MUSICA_MARIMBA_GT1225,Marimba de Madera Estilo San Cristóbal Cucho,"Instrumento musical nacional de marimba tallado típico del municipio de San Cristóbal Cucho, departamento de San Marcos.",ARTESANIA
929,PINTURA_CUADRO_GT1225,Pintura Costumbrista Estilo San Cristóbal Cucho,"Cuadro pictórico que retrata la vida y costumbres mayas típico del municipio de San Cristóbal Cucho, departamento de San Marcos.",ARTES_VISUALES
930,CESTERIA_CANASTA_GT1225,Canasta de Mimbre Estilo San Cristóbal Cucho,"Canastas y artículos de fibra natural tejida típico del municipio de San Cristóbal Cucho, departamento de San Marcos.",ARTESANIA
931,TEXTIL_HUIPIL_GT1226,Huipil Tradicional Estilo Sipacapa,"Prenda textil tradicional femenina tejida y brocada a mano típico del municipio de Sipacapa, departamento de San Marcos.",ARTESANIA
932,TEXTIL_CORTE_GT1226,Corte Jaspeado Estilo Sipacapa,"Prenda textil inferior tejida con técnica de Jaspe típico del municipio de Sipacapa, departamento de San Marcos.",ARTESANIA
933,TEXTIL_FAJA_GT1226,Faja Artesanal Estilo Sipacapa,"Faja tejida para sujetar el corte con motivos geométricos típico del municipio de Sipacapa, departamento de San Marcos.",ARTESANIA
934,CERAMICA_BARRO_GT1226,Cerámica de Barro Estilo Sipacapa,"Piezas utilitarias y decorativas de barro cocido típico del municipio de Sipacapa, departamento de San Marcos.",ARTESANIA
935,MADERA_MASCARA_GT1226,Máscara de Madera Estilo Sipacapa,"Máscara tallada a mano para danzas folklóricas típico del municipio de Sipacapa, departamento de San Marcos.",ARTESANIA
936,MADERA_JUGUETE_GT1226,Juguete de Madera Estilo Sipacapa,"Juguete tradicional tallado y pintado (trompos, yoyos, carros) típico del municipio de Sipacapa, departamento de San Marcos.",ARTESANIA
937,JADE_TALLADO_GT1226,Jade Tallado Estilo Sipacapa,"Piezas de joyería y escultura en piedra de Jade típico del municipio de Sipacapa, departamento de San Marcos.",ARTESANIA
938,MUSICA_MARIMBA_GT1226,Marimba de Madera Estilo Sipacapa,"Instrumento musical nacional de marimba tallado típico del municipio de Sipacapa, departamento de San Marcos.",ARTESANIA
939,PINTURA_CUADRO_GT1226,Pintura Costumbrista Estilo Sipacapa,"Cuadro pictórico que retrata la vida y costumbres mayas típico del municipio de Sipacapa, departamento de San Marcos.",ARTES_VISUALES
940,CESTERIA_CANASTA_GT1226,Canasta de Mimbre Estilo Sipacapa,"Canastas y artículos de fibra natural tejida típico del municipio de Sipacapa, departamento de San Marcos.",ARTESANIA
941,TEXTIL_HUIPIL_GT1227,Huipil Tradicional Estilo Esquipulas Palo Gordo,"Prenda textil tradicional femenina tejida y brocada a mano típico del municipio de Esquipulas Palo Gordo, departamento de San Marcos.",ARTESANIA
942,TEXTIL_CORTE_GT1227,Corte Jaspeado Estilo Esquipulas Palo Gordo,"Prenda textil inferior tejida con técnica de Jaspe típico del municipio de Esquipulas Palo Gordo, departamento de San Marcos.",ARTESANIA
943,TEXTIL_FAJA_GT1227,Faja Artesanal Estilo Esquipulas Palo Gordo,"Faja tejida para sujetar el corte con motivos geométricos típico del municipio de Esquipulas Palo Gordo, departamento de San Marcos.",ARTESANIA
944,CERAMICA_BARRO_GT1227,Cerámica de Barro Estilo Esquipulas Palo Gordo,"Piezas utilitarias y decorativas de barro cocido típico del municipio de Esquipulas Palo Gordo, departamento de San Marcos.",ARTESANIA
945,MADERA_MASCARA_GT1227,Máscara de Madera Estilo Esquipulas Palo Gordo,"Máscara tallada a mano para danzas folklóricas típico del municipio de Esquipulas Palo Gordo, departamento de San Marcos.",ARTESANIA
946,MADERA_JUGUETE_GT1227,Juguete de Madera Estilo Esquipulas Palo Gordo,"Juguete tradicional tallado y pintado (trompos, yoyos, carros) típico del municipio de Esquipulas Palo Gordo, departamento de San Marcos.",ARTESANIA
947,JADE_TALLADO_GT1227,Jade Tallado Estilo Esquipulas Palo Gordo,"Piezas de joyería y escultura en piedra de Jade típico del municipio de Esquipulas Palo Gordo, departamento de San Marcos.",ARTESANIA
948,MUSICA_MARIMBA_GT1227,Marimba de Madera Estilo Esquipulas Palo Gordo,"Instrumento musical nacional de marimba tallado típico del municipio de Esquipulas Palo Gordo, departamento de San Marcos.",ARTESANIA
949,PINTURA_CUADRO_GT1227,Pintura Costumbrista Estilo Esquipulas Palo Gordo,"Cuadro pictórico que retrata la vida y costumbres mayas típico del municipio de Esquipulas Palo Gordo, departamento de San Marcos.",ARTES_VISUALES
950,CESTERIA_CANASTA_GT1227,Canasta de Mimbre Estilo Esquipulas Palo Gordo,"Canastas y artículos de fibra natural tejida típico del municipio de Esquipulas Palo Gordo, departamento de San Marcos.",ARTESANIA
951,TEXTIL_HUIPIL_GT1228,Huipil Tradicional Estilo Río Blanco,"Prenda textil tradicional femenina tejida y brocada a mano típico del municipio de Río Blanco, departamento de San Marcos.",ARTESANIA
952,TEXTIL_CORTE_GT1228,Corte Jaspeado Estilo Río Blanco,"Prenda textil inferior tejida con técnica de Jaspe típico del municipio de Río Blanco, departamento de San Marcos.",ARTESANIA
953,TEXTIL_FAJA_GT1228,Faja Artesanal Estilo Río Blanco,"Faja tejida para sujetar el corte con motivos geométricos típico del municipio de Río Blanco, departamento de San Marcos.",ARTESANIA
954,CERAMICA_BARRO_GT1228,Cerámica de Barro Estilo Río Blanco,"Piezas utilitarias y decorativas de barro cocido típico del municipio de Río Blanco, departamento de San Marcos.",ARTESANIA
955,MADERA_MASCARA_GT1228,Máscara de Madera Estilo Río Blanco,"Máscara tallada a mano para danzas folklóricas típico del municipio de Río Blanco, departamento de San Marcos.",ARTESANIA
956,MADERA_JUGUETE_GT1228,Juguete de Madera Estilo Río Blanco,"Juguete tradicional tallado y pintado (trompos, yoyos, carros) típico del municipio de Río Blanco, departamento de San Marcos.",ARTESANIA
957,JADE_TALLADO_GT1228,Jade Tallado Estilo Río Blanco,"Piezas de joyería y escultura en piedra de Jade típico del municipio de Río Blanco, departamento de San Marcos.",ARTESANIA
958,MUSICA_MARIMBA_GT1228,Marimba de Madera Estilo Río Blanco,"Instrumento musical nacional de marimba tallado típico del municipio de Río Blanco, departamento de San Marcos.",ARTESANIA
959,PINTURA_CUADRO_GT1228,Pintura Costumbrista Estilo Río Blanco,"Cuadro pictórico que retrata la vida y costumbres mayas típico del municipio de Río Blanco, departamento de San Marcos.",ARTES_VISUALES
960,CESTERIA_CANASTA_GT1228,Canasta de Mimbre Estilo Río Blanco,"Canastas y artículos de fibra natural tejida típico del municipio de Río Blanco, departamento de San Marcos.",ARTESANIA
961,TEXTIL_HUIPIL_GT1229,Huipil Tradicional Estilo San Lorenzo,"Prenda textil tradicional femenina tejida y brocada a mano típico del municipio de San Lorenzo, departamento de San Marcos.",ARTESANIA
962,TEXTIL_CORTE_GT1229,Corte Jaspeado Estilo San Lorenzo,"Prenda textil inferior tejida con técnica de Jaspe típico del municipio de San Lorenzo, departamento de San Marcos.",ARTESANIA
963,TEXTIL_FAJA_GT1229,Faja Artesanal Estilo San Lorenzo,"Faja tejida para sujetar el corte con motivos geométricos típico del municipio de San Lorenzo, departamento de San Marcos.",ARTESANIA
964,CERAMICA_BARRO_GT1229,Cerámica de Barro Estilo San Lorenzo,"Piezas utilitarias y decorativas de barro cocido típico del municipio de San Lorenzo, departamento de San Marcos.",ARTESANIA
965,MADERA_MASCARA_GT1229,Máscara de Madera Estilo San Lorenzo,"Máscara tallada a mano para danzas folklóricas típico del municipio de San Lorenzo, departamento de San Marcos.",ARTESANIA
966,MADERA_JUGUETE_GT1229,Juguete de Madera Estilo San Lorenzo,"Juguete tradicional tallado y pintado (trompos, yoyos, carros) típico del municipio de San Lorenzo, departamento de San Marcos.",ARTESANIA
967,JADE_TALLADO_GT1229,Jade Tallado Estilo San Lorenzo,"Piezas de joyería y escultura en piedra de Jade típico del municipio de San Lorenzo, departamento de San Marcos.",ARTESANIA
968,MUSICA_MARIMBA_GT1229,Marimba de Madera Estilo San Lorenzo,"Instrumento musical nacional de marimba tallado típico del municipio de San Lorenzo, departamento de San Marcos.",ARTESANIA
969,PINTURA_CUADRO_GT1229,Pintura Costumbrista Estilo San Lorenzo,"Cuadro pictórico que retrata la vida y costumbres mayas típico del municipio de San Lorenzo, departamento de San Marcos.",ARTES_VISUALES
970,CESTERIA_CANASTA_GT1229,Canasta de Mimbre Estilo San Lorenzo,"Canastas y artículos de fibra natural tejida típico del municipio de San Lorenzo, departamento de San Marcos.",ARTESANIA
971,TEXTIL_HUIPIL_GT1230,Huipil Tradicional Estilo La Blanca,"Prenda textil tradicional femenina tejida y brocada a mano típico del municipio de La Blanca, departamento de San Marcos.",ARTESANIA
972,TEXTIL_CORTE_GT1230,Corte Jaspeado Estilo La Blanca,"Prenda textil inferior tejida con técnica de Jaspe típico del municipio de La Blanca, departamento de San Marcos.",ARTESANIA
973,TEXTIL_FAJA_GT1230,Faja Artesanal Estilo La Blanca,"Faja tejida para sujetar el corte con motivos geométricos típico del municipio de La Blanca, departamento de San Marcos.",ARTESANIA
974,CERAMICA_BARRO_GT1230,Cerámica de Barro Estilo La Blanca,"Piezas utilitarias y decorativas de barro cocido típico del municipio de La Blanca, departamento de San Marcos.",ARTESANIA
975,MADERA_MASCARA_GT1230,Máscara de Madera Estilo La Blanca,"Máscara tallada a mano para danzas folklóricas típico del municipio de La Blanca, departamento de San Marcos.",ARTESANIA
976,MADERA_JUGUETE_GT1230,Juguete de Madera Estilo La Blanca,"Juguete tradicional tallado y pintado (trompos, yoyos, carros) típico del municipio de La Blanca, departamento de San Marcos.",ARTESANIA
977,JADE_TALLADO_GT1230,Jade Tallado Estilo La Blanca,"Piezas de joyería y escultura en piedra de Jade típico del municipio de La Blanca, departamento de San Marcos.",ARTESANIA
978,MUSICA_MARIMBA_GT1230,Marimba de Madera Estilo La Blanca,"Instrumento musical nacional de marimba tallado típico del municipio de La Blanca, departamento de San Marcos.",ARTESANIA
979,PINTURA_CUADRO_GT1230,Pintura Costumbrista Estilo La Blanca,"Cuadro pictórico que retrata la vida y costumbres mayas típico del municipio de La Blanca, departamento de San Marcos.",ARTES_VISUALES
980,CESTERIA_CANASTA_GT1230,Canasta de Mimbre Estilo La Blanca,"Canastas y artículos de fibra natural tejida típico del municipio de La Blanca, departamento de San Marcos.",ARTESANIA
981,TEXTIL_HUIPIL_GT1301,Huipil Tradicional Estilo Huehuetenango,"Prenda textil tradicional femenina tejida y brocada a mano típico del municipio de Huehuetenango, departamento de Huehuetenango.",ARTESANIA
982,TEXTIL_CORTE_GT1301,Corte Jaspeado Estilo Huehuetenango,"Prenda textil inferior tejida con técnica de Jaspe típico del municipio de Huehuetenango, departamento de Huehuetenango.",ARTESANIA
983,TEXTIL_FAJA_GT1301,Faja Artesanal Estilo Huehuetenango,"Faja tejida para sujetar el corte con motivos geométricos típico del municipio de Huehuetenango, departamento de Huehuetenango.",ARTESANIA
984,CERAMICA_BARRO_GT1301,Cerámica de Barro Estilo Huehuetenango,"Piezas utilitarias y decorativas de barro cocido típico del municipio de Huehuetenango, departamento de Huehuetenango.",ARTESANIA
985,MADERA_MASCARA_GT1301,Máscara de Madera Estilo Huehuetenango,"Máscara tallada a mano para danzas folklóricas típico del municipio de Huehuetenango, departamento de Huehuetenango.",ARTESANIA
986,MADERA_JUGUETE_GT1301,Juguete de Madera Estilo Huehuetenango,"Juguete tradicional tallado y pintado (trompos, yoyos, carros) típico del municipio de Huehuetenango, departamento de Huehuetenango.",ARTESANIA
987,JADE_TALLADO_GT1301,Jade Tallado Estilo Huehuetenango,"Piezas de joyería y escultura en piedra de Jade típico del municipio de Huehuetenango, departamento de Huehuetenango.",ARTESANIA
988,MUSICA_MARIMBA_GT1301,Marimba de Madera Estilo Huehuetenango,"Instrumento musical nacional de marimba tallado típico del municipio de Huehuetenango, departamento de Huehuetenango.",ARTESANIA
989,PINTURA_CUADRO_GT1301,Pintura Costumbrista Estilo Huehuetenango,"Cuadro pictórico que retrata la vida y costumbres mayas típico del municipio de Huehuetenango, departamento de Huehuetenango.",ARTES_VISUALES
990,CESTERIA_CANASTA_GT1301,Canasta de Mimbre Estilo Huehuetenango,"Canastas y artículos de fibra natural tejida típico del municipio de Huehuetenango, departamento de Huehuetenango.",ARTESANIA
991,TEXTIL_HUIPIL_GT1302,Huipil Tradicional Estilo Chiantla,"Prenda textil tradicional femenina tejida y brocada a mano típico del municipio de Chiantla, departamento de Huehuetenango.",ARTESANIA
992,TEXTIL_CORTE_GT1302,Corte Jaspeado Estilo Chiantla,"Prenda textil inferior tejida con técnica de Jaspe típico del municipio de Chiantla, departamento de Huehuetenango.",ARTESANIA
993,TEXTIL_FAJA_GT1302,Faja Artesanal Estilo Chiantla,"Faja tejida para sujetar el corte con motivos geométricos típico del municipio de Chiantla, departamento de Huehuetenango.",ARTESANIA
994,CERAMICA_BARRO_GT1302,Cerámica de Barro Estilo Chiantla,"Piezas utilitarias y decorativas de barro cocido típico del municipio de Chiantla, departamento de Huehuetenango.",ARTESANIA
995,MADERA_MASCARA_GT1302,Máscara de Madera Estilo Chiantla,"Máscara tallada a mano para danzas folklóricas típico del municipio de Chiantla, departamento de Huehuetenango.",ARTESANIA
996,MADERA_JUGUETE_GT1302,Juguete de Madera Estilo Chiantla,"Juguete tradicional tallado y pintado (trompos, yoyos, carros) típico del municipio de Chiantla, departamento de Huehuetenango.",ARTESANIA
997,JADE_TALLADO_GT1302,Jade Tallado Estilo Chiantla,"Piezas de joyería y escultura en piedra de Jade típico del municipio de Chiantla, departamento de Huehuetenango.",ARTESANIA
998,MUSICA_MARIMBA_GT1302,Marimba de Madera Estilo Chiantla,"Instrumento musical nacional de marimba tallado típico del municipio de Chiantla, departamento de Huehuetenango.",ARTESANIA
999,PINTURA_CUADRO_GT1302,Pintura Costumbrista Estilo Chiantla,"Cuadro pictórico que retrata la vida y costumbres mayas típico del municipio de Chiantla, departamento de Huehuetenango.",ARTES_VISUALES
1000,CESTERIA_CANASTA_GT1302,Canasta de Mimbre Estilo Chiantla,"Canastas y artículos de fibra natural tejida típico del municipio de Chiantla, departamento de Huehuetenango.",ARTESANIA
1001,TEXTIL_HUIPIL_GT1303,Huipil Tradicional Estilo Malacatancito,"Prenda textil tradicional femenina tejida y brocada a mano típico del municipio de Malacatancito, departamento de Huehuetenango.",ARTESANIA
1002,TEXTIL_CORTE_GT1303,Corte Jaspeado Estilo Malacatancito,"Prenda textil inferior tejida con técnica de Jaspe típico del municipio de Malacatancito, departamento de Huehuetenango.",ARTESANIA
1003,TEXTIL_FAJA_GT1303,Faja Artesanal Estilo Malacatancito,"Faja tejida para sujetar el corte con motivos geométricos típico del municipio de Malacatancito, departamento de Huehuetenango.",ARTESANIA
1004,CERAMICA_BARRO_GT1303,Cerámica de Barro Estilo Malacatancito,"Piezas utilitarias y decorativas de barro cocido típico del municipio de Malacatancito, departamento de Huehuetenango.",ARTESANIA
1005,MADERA_MASCARA_GT1303,Máscara de Madera Estilo Malacatancito,"Máscara tallada a mano para danzas folklóricas típico del municipio de Malacatancito, departamento de Huehuetenango.",ARTESANIA
1006,MADERA_JUGUETE_GT1303,Juguete de Madera Estilo Malacatancito,"Juguete tradicional tallado y pintado (trompos, yoyos, carros) típico del municipio de Malacatancito, departamento de Huehuetenango.",ARTESANIA
1007,JADE_TALLADO_GT1303,Jade Tallado Estilo Malacatancito,"Piezas de joyería y escultura en piedra de Jade típico del municipio de Malacatancito, departamento de Huehuetenango.",ARTESANIA
1008,MUSICA_MARIMBA_GT1303,Marimba de Madera Estilo Malacatancito,"Instrumento musical nacional de marimba tallado típico del municipio de Malacatancito, departamento de Huehuetenango.",ARTESANIA
1009,PINTURA_CUADRO_GT1303,Pintura Costumbrista Estilo Malacatancito,"Cuadro pictórico que retrata la vida y costumbres mayas típico del municipio de Malacatancito, departamento de Huehuetenango.",ARTES_VISUALES
1010,CESTERIA_CANASTA_GT1303,Canasta de Mimbre Estilo Malacatancito,"Canastas y artículos de fibra natural tejida típico del municipio de Malacatancito, departamento de Huehuetenango.",ARTESANIA
1011,TEXTIL_HUIPIL_GT1304,Huipil Tradicional Estilo Cuilco,"Prenda textil tradicional femenina tejida y brocada a mano típico del municipio de Cuilco, departamento de Huehuetenango.",ARTESANIA
1012,TEXTIL_CORTE_GT1304,Corte Jaspeado Estilo Cuilco,"Prenda textil inferior tejida con técnica de Jaspe típico del municipio de Cuilco, departamento de Huehuetenango.",ARTESANIA
1013,TEXTIL_FAJA_GT1304,Faja Artesanal Estilo Cuilco,"Faja tejida para sujetar el corte con motivos geométricos típico del municipio de Cuilco, departamento de Huehuetenango.",ARTESANIA
1014,CERAMICA_BARRO_GT1304,Cerámica de Barro Estilo Cuilco,"Piezas utilitarias y decorativas de barro cocido típico del municipio de Cuilco, departamento de Huehuetenango.",ARTESANIA
1015,MADERA_MASCARA_GT1304,Máscara de Madera Estilo Cuilco,"Máscara tallada a mano para danzas folklóricas típico del municipio de Cuilco, departamento de Huehuetenango.",ARTESANIA
1016,MADERA_JUGUETE_GT1304,Juguete de Madera Estilo Cuilco,"Juguete tradicional tallado y pintado (trompos, yoyos, carros) típico del municipio de Cuilco, departamento de Huehuetenango.",ARTESANIA
1017,JADE_TALLADO_GT1304,Jade Tallado Estilo Cuilco,"Piezas de joyería y escultura en piedra de Jade típico del municipio de Cuilco, departamento de Huehuetenango.",ARTESANIA
1018,MUSICA_MARIMBA_GT1304,Marimba de Madera Estilo Cuilco,"Instrumento musical nacional de marimba tallado típico del municipio de Cuilco, departamento de Huehuetenango.",ARTESANIA
1019,PINTURA_CUADRO_GT1304,Pintura Costumbrista Estilo Cuilco,"Cuadro pictórico que retrata la vida y costumbres mayas típico del municipio de Cuilco, departamento de Huehuetenango.",ARTES_VISUALES
1020,CESTERIA_CANASTA_GT1304,Canasta de Mimbre Estilo Cuilco,"Canastas y artículos de fibra natural tejida típico del municipio de Cuilco, departamento de Huehuetenango.",ARTESANIA
