nombre,categoria,descripcion
Cultivo de Maíz en Lago De Amatitlan,Agrícola,"Producción local y siembra tradicional de maíz para consumo básico en el municipio de Lago De Amatitlan, departamento de Guatemala."
Cultivo de Frijol en Lago De Amatitlan,Agrícola,"Siembra y cosecha de frijol negro tradicional como base alimentaria en el municipio de Lago De Amatitlan, departamento de Guatemala."
Crianza de Aves en Lago De Amatitlan,Pecuaria,Avicultura comercial de carne y postura en el municipio de Lago De Amatitlan.
Cultivo de Maíz en Guatemala,Agrícola,"Producción local y siembra tradicional de maíz para consumo básico en el municipio de Guatemala, departamento de Guatemala."
Cultivo de Frijol en Guatemala,Agrícola,"Siembra y cosecha de frijol negro tradicional como base alimentaria en el municipio de Guatemala, departamento de Guatemala."
Crianza de Aves en Guatemala,Pecuaria,Avicultura comercial de carne y postura en el municipio de Guatemala.
Cultivo de Maíz en Santa Catarina Pinula,Agrícola,"Producción local y siembra tradicional de maíz para consumo básico en el municipio de Santa Catarina Pinula, departamento de Guatemala."
Cultivo de Frijol en Santa Catarina Pinula,Agrícola,"Siembra y cosecha de frijol negro tradicional como base alimentaria en el municipio de Santa Catarina Pinula, departamento de Guatemala."
Crianza de Aves en Santa Catarina Pinula,Pecuaria,Avicultura comercial de carne y postura en el municipio de Santa Catarina Pinula.
Cultivo de Maíz en San José Pinula,Agrícola,"Producción local y siembra tradicional de maíz para consumo básico en el municipio de San José Pinula, departamento de Guatemala."
Cultivo de Frijol en San José Pinula,Agrícola,"Siembra y cosecha de frijol negro tradicional como base alimentaria en el municipio de San José Pinula, departamento de Guatemala."
Crianza de Aves en San José Pinula,Pecuaria,Avicultura comercial de carne y postura en el municipio de San José Pinula.
Cultivo de Maíz en San José del Golfo,Agrícola,"Producción local y siembra tradicional de maíz para consumo básico en el municipio de San José del Golfo, departamento de Guatemala."
Cultivo de Frijol en San José del Golfo,Agrícola,"Siembra y cosecha de frijol negro tradicional como base alimentaria en el municipio de San José del Golfo, departamento de Guatemala."
Crianza de Aves en San José del Golfo,Pecuaria,Avicultura comercial de carne y postura en el municipio de San José del Golfo.
Cultivo de Maíz en Palencia,Agrícola,"Producción local y siembra tradicional de maíz para consumo básico en el municipio de Palencia, departamento de Guatemala."
Cultivo de Frijol en Palencia,Agrícola,"Siembra y cosecha de frijol negro tradicional como base alimentaria en el municipio de Palencia, departamento de Guatemala."
Crianza de Aves en Palencia,Pecuaria,Avicultura comercial de carne y postura en el municipio de Palencia.
Cultivo de Maíz en Chinautla,Agrícola,"Producción local y siembra tradicional de maíz para consumo básico en el municipio de Chinautla, departamento de Guatemala."
Cultivo de Frijol en Chinautla,Agrícola,"Siembra y cosecha de frijol negro tradicional como base alimentaria en el municipio de Chinautla, departamento de Guatemala."
Crianza de Aves en Chinautla,Pecuaria,Avicultura comercial de carne y postura en el municipio de Chinautla.
Cultivo de Maíz en San Pedro Ayampuc,Agrícola,"Producción local y siembra tradicional de maíz para consumo básico en el municipio de San Pedro Ayampuc, departamento de Guatemala."
Cultivo de Frijol en San Pedro Ayampuc,Agrícola,"Siembra y cosecha de frijol negro tradicional como base alimentaria en el municipio de San Pedro Ayampuc, departamento de Guatemala."
Crianza de Aves en San Pedro Ayampuc,Pecuaria,Avicultura comercial de carne y postura en el municipio de San Pedro Ayampuc.
Cultivo de Maíz en Mixco,Agrícola,"Producción local y siembra tradicional de maíz para consumo básico en el municipio de Mixco, departamento de Guatemala."
Cultivo de Frijol en Mixco,Agrícola,"Siembra y cosecha de frijol negro tradicional como base alimentaria en el municipio de Mixco, departamento de Guatemala."
Crianza de Aves en Mixco,Pecuaria,Avicultura comercial de carne y postura en el municipio de Mixco.
Cultivo de Maíz en San Pedro Sacatepéquez,Agrícola,"Producción local y siembra tradicional de maíz para consumo básico en el municipio de San Pedro Sacatepéquez, departamento de Guatemala."
Cultivo de Frijol en San Pedro Sacatepéquez,Agrícola,"Siembra y cosecha de frijol negro tradicional como base alimentaria en el municipio de San Pedro Sacatepéquez, departamento de Guatemala."
Cultivo de Flores en San Pedro Sacatepéquez,Agrícola,Floricultura comercial en el municipio de San Pedro Sacatepéquez.
Producción de Muebles en San Pedro Sacatepéquez,Artesanía/Textil,Fabricación artesanal de muebles de madera en San Pedro Sacatepéquez.
Cultivo de Maíz en San Juan Sacatepéquez,Agrícola,"Producción local y siembra tradicional de maíz para consumo básico en el municipio de San Juan Sacatepéquez, departamento de Guatemala."
Cultivo de Frijol en San Juan Sacatepéquez,Agrícola,"Siembra y cosecha de frijol negro tradicional como base alimentaria en el municipio de San Juan Sacatepéquez, departamento de Guatemala."
Cultivo de Flores en San Juan Sacatepéquez,Agrícola,Floricultura comercial en el municipio de San Juan Sacatepéquez.
Producción de Muebles en San Juan Sacatepéquez,Artesanía/Textil,Fabricación artesanal de muebles de madera en San Juan Sacatepéquez.
Cultivo de Maíz en San Raimundo,Agrícola,"Producción local y siembra tradicional de maíz para consumo básico en el municipio de San Raimundo, departamento de Guatemala."
Cultivo de Frijol en San Raimundo,Agrícola,"Siembra y cosecha de frijol negro tradicional como base alimentaria en el municipio de San Raimundo, departamento de Guatemala."
Crianza de Aves en San Raimundo,Pecuaria,Avicultura comercial de carne y postura en el municipio de San Raimundo.
Cultivo de Maíz en Chuarrancho,Agrícola,"Producción local y siembra tradicional de maíz para consumo básico en el municipio de Chuarrancho, departamento de Guatemala."
Cultivo de Frijol en Chuarrancho,Agrícola,"Siembra y cosecha de frijol negro tradicional como base alimentaria en el municipio de Chuarrancho, departamento de Guatemala."
Crianza de Aves en Chuarrancho,Pecuaria,Avicultura comercial de carne y postura en el municipio de Chuarrancho.
Cultivo de Maíz en Fraijanes,Agrícola,"Producción local y siembra tradicional de maíz para consumo básico en el municipio de Fraijanes, departamento de Guatemala."
Cultivo de Frijol en Fraijanes,Agrícola,"Siembra y cosecha de frijol negro tradicional como base alimentaria en el municipio de Fraijanes, departamento de Guatemala."
Crianza de Aves en Fraijanes,Pecuaria,Avicultura comercial de carne y postura en el municipio de Fraijanes.
Cultivo de Maíz en Amatitlán,Agrícola,"Producción local y siembra tradicional de maíz para consumo básico en el municipio de Amatitlán, departamento de Guatemala."
Cultivo de Frijol en Amatitlán,Agrícola,"Siembra y cosecha de frijol negro tradicional como base alimentaria en el municipio de Amatitlán, departamento de Guatemala."
Crianza de Aves en Amatitlán,Pecuaria,Avicultura comercial de carne y postura en el municipio de Amatitlán.
Cultivo de Maíz en Villa Nueva,Agrícola,"Producción local y siembra tradicional de maíz para consumo básico en el municipio de Villa Nueva, departamento de Guatemala."
Cultivo de Frijol en Villa Nueva,Agrícola,"Siembra y cosecha de frijol negro tradicional como base alimentaria en el municipio de Villa Nueva, departamento de Guatemala."
Crianza de Aves en Villa Nueva,Pecuaria,Avicultura comercial de carne y postura en el municipio de Villa Nueva.
Cultivo de Maíz en Villa Canales,Agrícola,"Producción local y siembra tradicional de maíz para consumo básico en el municipio de Villa Canales, departamento de Guatemala."
Cultivo de Frijol en Villa Canales,Agrícola,"Siembra y cosecha de frijol negro tradicional como base alimentaria en el municipio de Villa Canales, departamento de Guatemala."
Crianza de Aves en Villa Canales,Pecuaria,Avicultura comercial de carne y postura en el municipio de Villa Canales.
Cultivo de Maíz en Petapa,Agrícola,"Producción local y siembra tradicional de maíz para consumo básico en el municipio de Petapa, departamento de Guatemala."
Cultivo de Frijol en Petapa,Agrícola,"Siembra y cosecha de frijol negro tradicional como base alimentaria en el municipio de Petapa, departamento de Guatemala."
Crianza de Aves en Petapa,Pecuaria,Avicultura comercial de carne y postura en el municipio de Petapa.
Cultivo de Maíz en Guastatoya,Agrícola,"Producción local y siembra tradicional de maíz para consumo básico en el municipio de Guastatoya, departamento de El Progreso."
Cultivo de Frijol en Guastatoya,Agrícola,"Siembra y cosecha de frijol negro tradicional como base alimentaria en el municipio de Guastatoya, departamento de El Progreso."
Producción Ganadera en Guastatoya,Pecuaria,"Ganadería y crianza vacuna en el clima cálido de Guastatoya, El Progreso."
Cultivo de Maíz en Morazán,Agrícola,"Producción local y siembra tradicional de maíz para consumo básico en el municipio de Morazán, departamento de El Progreso."
Cultivo de Frijol en Morazán,Agrícola,"Siembra y cosecha de frijol negro tradicional como base alimentaria en el municipio de Morazán, departamento de El Progreso."
Producción Ganadera en Morazán,Pecuaria,"Ganadería y crianza vacuna en el clima cálido de Morazán, El Progreso."
Cultivo de Maíz en San Agustín Acasaguastlán,Agrícola,"Producción local y siembra tradicional de maíz para consumo básico en el municipio de San Agustín Acasaguastlán, departamento de El Progreso."
Cultivo de Frijol en San Agustín Acasaguastlán,Agrícola,"Siembra y cosecha de frijol negro tradicional como base alimentaria en el municipio de San Agustín Acasaguastlán, departamento de El Progreso."
Producción Ganadera en San Agustín Acasaguastlán,Pecuaria,"Ganadería y crianza vacuna en el clima cálido de San Agustín Acasaguastlán, El Progreso."
Cultivo de Maíz en San Cristóbal Acasaguastlán,Agrícola,"Producción local y siembra tradicional de maíz para consumo básico en el municipio de San Cristóbal Acasaguastlán, departamento de El Progreso."
Cultivo de Frijol en San Cristóbal Acasaguastlán,Agrícola,"Siembra y cosecha de frijol negro tradicional como base alimentaria en el municipio de San Cristóbal Acasaguastlán, departamento de El Progreso."
Producción Ganadera en San Cristóbal Acasaguastlán,Pecuaria,"Ganadería y crianza vacuna en el clima cálido de San Cristóbal Acasaguastlán, El Progreso."
Cultivo de Maíz en El Jícaro,Agrícola,"Producción local y siembra tradicional de maíz para consumo básico en el municipio de El Jícaro, departamento de El Progreso."
Cultivo de Frijol en El Jícaro,Agrícola,"Siembra y cosecha de frijol negro tradicional como base alimentaria en el municipio de El Jícaro, departamento de El Progreso."
Producción Ganadera en El Jícaro,Pecuaria,"Ganadería y crianza vacuna en el clima cálido de El Jícaro, El Progreso."
Cultivo de Maíz en Sanarate,Agrícola,"Producción local y siembra tradicional de maíz para consumo básico en el municipio de Sanarate, departamento de El Progreso."
Cultivo de Frijol en Sanarate,Agrícola,"Siembra y cosecha de frijol negro tradicional como base alimentaria en el municipio de Sanarate, departamento de El Progreso."
Producción Ganadera en Sanarate,Pecuaria,"Ganadería y crianza vacuna en el clima cálido de Sanarate, El Progreso."
Cultivo de Maíz en Sansare,Agrícola,"Producción local y siembra tradicional de maíz para consumo básico en el municipio de Sansare, departamento de El Progreso."
Cultivo de Frijol en Sansare,Agrícola,"Siembra y cosecha de frijol negro tradicional como base alimentaria en el municipio de Sansare, departamento de El Progreso."
Producción Ganadera en Sansare,Pecuaria,"Ganadería y crianza vacuna en el clima cálido de Sansare, El Progreso."
Cultivo de Maíz en San Antonio La Paz,Agrícola,"Producción local y siembra tradicional de maíz para consumo básico en el municipio de San Antonio La Paz, departamento de El Progreso."
Cultivo de Frijol en San Antonio La Paz,Agrícola,"Siembra y cosecha de frijol negro tradicional como base alimentaria en el municipio de San Antonio La Paz, departamento de El Progreso."
Producción Ganadera en San Antonio La Paz,Pecuaria,"Ganadería y crianza vacuna en el clima cálido de San Antonio La Paz, El Progreso."
Cultivo de Maíz en Antigua Guatemala,Agrícola,"Producción local y siembra tradicional de maíz para consumo básico en el municipio de Antigua Guatemala, departamento de Sacatepéquez."
Cultivo de Frijol en Antigua Guatemala,Agrícola,"Siembra y cosecha de frijol negro tradicional como base alimentaria en el municipio de Antigua Guatemala, departamento de Sacatepéquez."
Cultivo de Flores en Antigua Guatemala,Agrícola,"Floricultura de exportación y mercado local (rosas, claveles) en Antigua Guatemala, Sacatepéquez."
Cultivo de Café en Antigua Guatemala,Agrícola,Producción y cosecha de café de altura en el municipio de Antigua Guatemala.
Cultivo de Maíz en Jocotenango,Agrícola,"Producción local y siembra tradicional de maíz para consumo básico en el municipio de Jocotenango, departamento de Sacatepéquez."
Cultivo de Frijol en Jocotenango,Agrícola,"Siembra y cosecha de frijol negro tradicional como base alimentaria en el municipio de Jocotenango, departamento de Sacatepéquez."
Cultivo de Flores en Jocotenango,Agrícola,"Floricultura de exportación y mercado local (rosas, claveles) en Jocotenango, Sacatepéquez."
Cultivo de Café en Jocotenango,Agrícola,Producción y cosecha de café de altura en el municipio de Jocotenango.
Cultivo de Maíz en Pastores,Agrícola,"Producción local y siembra tradicional de maíz para consumo básico en el municipio de Pastores, departamento de Sacatepéquez."
Cultivo de Frijol en Pastores,Agrícola,"Siembra y cosecha de frijol negro tradicional como base alimentaria en el municipio de Pastores, departamento de Sacatepéquez."
Cultivo de Flores en Pastores,Agrícola,"Floricultura de exportación y mercado local (rosas, claveles) en Pastores, Sacatepéquez."
Cultivo de Café en Pastores,Agrícola,Producción y cosecha de café de altura en el municipio de Pastores.
Producción de Calzado en Pastores,Industrial,Fabricación artesanal de botas y calzado de cuero en el municipio de Pastores.
Cultivo de Maíz en Sumpango,Agrícola,"Producción local y siembra tradicional de maíz para consumo básico en el municipio de Sumpango, departamento de Sacatepéquez."
Cultivo de Frijol en Sumpango,Agrícola,"Siembra y cosecha de frijol negro tradicional como base alimentaria en el municipio de Sumpango, departamento de Sacatepéquez."
Cultivo de Flores en Sumpango,Agrícola,"Floricultura de exportación y mercado local (rosas, claveles) en Sumpango, Sacatepéquez."
Cultivo de Café en Sumpango,Agrícola,Producción y cosecha de café de altura en el municipio de Sumpango.
Cultivo de Maíz en Santo Domingo Xenacoj,Agrícola,"Producción local y siembra tradicional de maíz para consumo básico en el municipio de Santo Domingo Xenacoj, departamento de Sacatepéquez."
Cultivo de Frijol en Santo Domingo Xenacoj,Agrícola,"Siembra y cosecha de frijol negro tradicional como base alimentaria en el municipio de Santo Domingo Xenacoj, departamento de Sacatepéquez."
Cultivo de Flores en Santo Domingo Xenacoj,Agrícola,"Floricultura de exportación y mercado local (rosas, claveles) en Santo Domingo Xenacoj, Sacatepéquez."
Cultivo de Café en Santo Domingo Xenacoj,Agrícola,Producción y cosecha de café de altura en el municipio de Santo Domingo Xenacoj.
Cultivo de Maíz en Santiago Sacatepéquez,Agrícola,"Producción local y siembra tradicional de maíz para consumo básico en el municipio de Santiago Sacatepéquez, departamento de Sacatepéquez."
Cultivo de Frijol en Santiago Sacatepéquez,Agrícola,"Siembra y cosecha de frijol negro tradicional como base alimentaria en el municipio de Santiago Sacatepéquez, departamento de Sacatepéquez."
Cultivo de Flores en Santiago Sacatepéquez,Agrícola,"Floricultura de exportación y mercado local (rosas, claveles) en Santiago Sacatepéquez, Sacatepéquez."
Cultivo de Café en Santiago Sacatepéquez,Agrícola,Producción y cosecha de café de altura en el municipio de Santiago Sacatepéquez.
Cultivo de Maíz en San Bartolomé Milpas Altas,Agrícola,"Producción local y siembra tradicional de maíz para consumo básico en el municipio de San Bartolomé Milpas Altas, departamento de Sacatepéquez."
Cultivo de Frijol en San Bartolomé Milpas Altas,Agrícola,"Siembra y cosecha de frijol negro tradicional como base alimentaria en el municipio de San Bartolomé Milpas Altas, departamento de Sacatepéquez."
Cultivo de Flores en San Bartolomé Milpas Altas,Agrícola,"Floricultura de exportación y mercado local (rosas, claveles) en San Bartolomé Milpas Altas, Sacatepéquez."
Cultivo de Café en San Bartolomé Milpas Altas,Agrícola,Producción y cosecha de café de altura en el municipio de San Bartolomé Milpas Altas.
Cultivo de Maíz en San Lucas Sacatepéquez,Agrícola,"Producción local y siembra tradicional de maíz para consumo básico en el municipio de San Lucas Sacatepéquez, departamento de Sacatepéquez."
Cultivo de Frijol en San Lucas Sacatepéquez,Agrícola,"Siembra y cosecha de frijol negro tradicional como base alimentaria en el municipio de San Lucas Sacatepéquez, departamento de Sacatepéquez."
Cultivo de Flores en San Lucas Sacatepéquez,Agrícola,"Floricultura de exportación y mercado local (rosas, claveles) en San Lucas Sacatepéquez, Sacatepéquez."
Cultivo de Café en San Lucas Sacatepéquez,Agrícola,Producción y cosecha de café de altura en el municipio de San Lucas Sacatepéquez.
Cultivo de Maíz en Santa Lucía Milpas Altas,Agrícola,"Producción local y siembra tradicional de maíz para consumo básico en el municipio de Santa Lucía Milpas Altas, departamento de Sacatepéquez."
Cultivo de Frijol en Santa Lucía Milpas Altas,Agrícola,"Siembra y cosecha de frijol negro tradicional como base alimentaria en el municipio de Santa Lucía Milpas Altas, departamento de Sacatepéquez."
Cultivo de Flores en Santa Lucía Milpas Altas,Agrícola,"Floricultura de exportación y mercado local (rosas, claveles) en Santa Lucía Milpas Altas, Sacatepéquez."
Cultivo de Café en Santa Lucía Milpas Altas,Agrícola,Producción y cosecha de café de altura en el municipio de Santa Lucía Milpas Altas.
Cultivo de Maíz en Magdalena Milpas Altas,Agrícola,"Producción local y siembra tradicional de maíz para consumo básico en el municipio de Magdalena Milpas Altas, departamento de Sacatepéquez."
Cultivo de Frijol en Magdalena Milpas Altas,Agrícola,"Siembra y cosecha de frijol negro tradicional como base alimentaria en el municipio de Magdalena Milpas Altas, departamento de Sacatepéquez."
Cultivo de Flores en Magdalena Milpas Altas,Agrícola,"Floricultura de exportación y mercado local (rosas, claveles) en Magdalena Milpas Altas, Sacatepéquez."
Cultivo de Café en Magdalena Milpas Altas,Agrícola,Producción y cosecha de café de altura en el municipio de Magdalena Milpas Altas.
Cultivo de Maíz en Santa María de Jesús,Agrícola,"Producción local y siembra tradicional de maíz para consumo básico en el municipio de Santa María de Jesús, departamento de Sacatepéquez."
Cultivo de Frijol en Santa María de Jesús,Agrícola,"Siembra y cosecha de frijol negro tradicional como base alimentaria en el municipio de Santa María de Jesús, departamento de Sacatepéquez."
Cultivo de Flores en Santa María de Jesús,Agrícola,"Floricultura de exportación y mercado local (rosas, claveles) en Santa María de Jesús, Sacatepéquez."
Cultivo de Café en Santa María de Jesús,Agrícola,Producción y cosecha de café de altura en el municipio de Santa María de Jesús.
Cultivo de Maíz en Ciudad Vieja,Agrícola,"Producción local y siembra tradicional de maíz para consumo básico en el municipio de Ciudad Vieja, departamento de Sacatepéquez."
Cultivo de Frijol en Ciudad Vieja,Agrícola,"Siembra y cosecha de frijol negro tradicional como base alimentaria en el municipio de Ciudad Vieja, departamento de Sacatepéquez."
Cultivo de Flores en Ciudad Vieja,Agrícola,"Floricultura de exportación y mercado local (rosas, claveles) en Ciudad Vieja, Sacatepéquez."
Cultivo de Café en Ciudad Vieja,Agrícola,Producción y cosecha de café de altura en el municipio de Ciudad Vieja.
Cultivo de Maíz en San Miguel Dueñas,Agrícola,"Producción local y siembra tradicional de maíz para consumo básico en el municipio de San Miguel Dueñas, departamento de Sacatepéquez."
Cultivo de Frijol en San Miguel Dueñas,Agrícola,"Siembra y cosecha de frijol negro tradicional como base alimentaria en el municipio de San Miguel Dueñas, departamento de Sacatepéquez."
Cultivo de Flores en San Miguel Dueñas,Agrícola,"Floricultura de exportación y mercado local (rosas, claveles) en San Miguel Dueñas, Sacatepéquez."
Cultivo de Café en San Miguel Dueñas,Agrícola,Producción y cosecha de café de altura en el municipio de San Miguel Dueñas.
Cultivo de Maíz en Alotenango,Agrícola,"Producción local y siembra tradicional de maíz para consumo básico en el municipio de Alotenango, departamento de Sacatepéquez."
Cultivo de Frijol en Alotenango,Agrícola,"Siembra y cosecha de frijol negro tradicional como base alimentaria en el municipio de Alotenango, departamento de Sacatepéquez."
Cultivo de Flores en Alotenango,Agrícola,"Floricultura de exportación y mercado local (rosas, claveles) en Alotenango, Sacatepéquez."
Cultivo de Café en Alotenango,Agrícola,Producción y cosecha de café de altura en el municipio de Alotenango.
Cultivo de Maíz en San Antonio Aguas Calientes,Agrícola,"Producción local y siembra tradicional de maíz para consumo básico en el municipio de San Antonio Aguas Calientes, departamento de Sacatepéquez."
Cultivo de Frijol en San Antonio Aguas Calientes,Agrícola,"Siembra y cosecha de frijol negro tradicional como base alimentaria en el municipio de San Antonio Aguas Calientes, departamento de Sacatepéquez."
Cultivo de Flores en San Antonio Aguas Calientes,Agrícola,"Floricultura de exportación y mercado local (rosas, claveles) en San Antonio Aguas Calientes, Sacatepéquez."
Cultivo de Café en San Antonio Aguas Calientes,Agrícola,Producción y cosecha de café de altura en el municipio de San Antonio Aguas Calientes.
Cultivo de Maíz en Santa Catarina Barahona,Agrícola,"Producción local y siembra tradicional de maíz para consumo básico en el municipio de Santa Catarina Barahona, departamento de Sacatepéquez."
Cultivo de Frijol en Santa Catarina Barahona,Agrícola,"Siembra y cosecha de frijol negro tradicional como base alimentaria en el municipio de Santa Catarina Barahona, departamento de Sacatepéquez."
Cultivo de Flores en Santa Catarina Barahona,Agrícola,"Floricultura de exportación y mercado local (rosas, claveles) en Santa Catarina Barahona, Sacatepéquez."
Cultivo de Café en Santa Catarina Barahona,Agrícola,Producción y cosecha de café de altura en el municipio de Santa Catarina Barahona.
Cultivo de Maíz en Chimaltenango,Agrícola,"Producción local y siembra tradicional de maíz para consumo básico en el municipio de Chimaltenango, departamento de Chimaltenango."
Cultivo de Frijol en Chimaltenango,Agrícola,"Siembra y cosecha de frijol negro tradicional como base alimentaria en el municipio de Chimaltenango, departamento de Chimaltenango."
Cultivo de Hortalizas en Chimaltenango,Agrícola,"Cultivo de hortalizas para exportación en Chimaltenango, Chimaltenango."
Cultivo de Maíz en San José Poaquil,Agrícola,"Producción local y siembra tradicional de maíz para consumo básico en el municipio de San José Poaquil, departamento de Chimaltenango."
Cultivo de Frijol en San José Poaquil,Agrícola,"Siembra y cosecha de frijol negro tradicional como base alimentaria en el municipio de San José Poaquil, departamento de Chimaltenango."
Cultivo de Hortalizas en San José Poaquil,Agrícola,"Cultivo de hortalizas para exportación en San José Poaquil, Chimaltenango."
Cultivo de Maíz en San Martín Jilotepeque,Agrícola,"Producción local y siembra tradicional de maíz para consumo básico en el municipio de San Martín Jilotepeque, departamento de Chimaltenango."
Cultivo de Frijol en San Martín Jilotepeque,Agrícola,"Siembra y cosecha de frijol negro tradicional como base alimentaria en el municipio de San Martín Jilotepeque, departamento de Chimaltenango."
Cultivo de Hortalizas en San Martín Jilotepeque,Agrícola,"Cultivo de hortalizas para exportación en San Martín Jilotepeque, Chimaltenango."
Cultivo de Maíz en Comalapa,Agrícola,"Producción local y siembra tradicional de maíz para consumo básico en el municipio de Comalapa, departamento de Chimaltenango."
Cultivo de Frijol en Comalapa,Agrícola,"Siembra y cosecha de frijol negro tradicional como base alimentaria en el municipio de Comalapa, departamento de Chimaltenango."
Cultivo de Hortalizas en Comalapa,Agrícola,"Cultivo de hortalizas para exportación en Comalapa, Chimaltenango."
Cultivo de Maíz en Santa Apolonia,Agrícola,"Producción local y siembra tradicional de maíz para consumo básico en el municipio de Santa Apolonia, departamento de Chimaltenango."
Cultivo de Frijol en Santa Apolonia,Agrícola,"Siembra y cosecha de frijol negro tradicional como base alimentaria en el municipio de Santa Apolonia, departamento de Chimaltenango."
Cultivo de Hortalizas en Santa Apolonia,Agrícola,"Cultivo de hortalizas para exportación en Santa Apolonia, Chimaltenango."
Cultivo de Maíz en Tecpán Guatemala,Agrícola,"Producción local y siembra tradicional de maíz para consumo básico en el municipio de Tecpán Guatemala, departamento de Chimaltenango."
Cultivo de Frijol en Tecpán Guatemala,Agrícola,"Siembra y cosecha de frijol negro tradicional como base alimentaria en el municipio de Tecpán Guatemala, departamento de Chimaltenango."
Cultivo de Hortalizas en Tecpán Guatemala,Agrícola,"Cultivo de hortalizas para exportación en Tecpán Guatemala, Chimaltenango."
Cultivo de Maíz en Patzún,Agrícola,"Producción local y siembra tradicional de maíz para consumo básico en el municipio de Patzún, departamento de Chimaltenango."
Cultivo de Frijol en Patzún,Agrícola,"Siembra y cosecha de frijol negro tradicional como base alimentaria en el municipio de Patzún, departamento de Chimaltenango."
Cultivo de Hortalizas en Patzún,Agrícola,"Cultivo de hortalizas para exportación en Patzún, Chimaltenango."
Cultivo de Maíz en Pochuta,Agrícola,"Producción local y siembra tradicional de maíz para consumo básico en el municipio de Pochuta, departamento de Chimaltenango."
Cultivo de Frijol en Pochuta,Agrícola,"Siembra y cosecha de frijol negro tradicional como base alimentaria en el municipio de Pochuta, departamento de Chimaltenango."
Cultivo de Hortalizas en Pochuta,Agrícola,"Cultivo de hortalizas para exportación en Pochuta, Chimaltenango."
Cultivo de Maíz en Patzicía,Agrícola,"Producción local y siembra tradicional de maíz para consumo básico en el municipio de Patzicía, departamento de Chimaltenango."
Cultivo de Frijol en Patzicía,Agrícola,"Siembra y cosecha de frijol negro tradicional como base alimentaria en el municipio de Patzicía, departamento de Chimaltenango."
Cultivo de Hortalizas en Patzicía,Agrícola,"Cultivo de hortalizas para exportación en Patzicía, Chimaltenango."
Cultivo de Maíz en Santa Cruz Balanyá,Agrícola,"Producción local y siembra tradicional de maíz para consumo básico en el municipio de Santa Cruz Balanyá, departamento de Chimaltenango."
Cultivo de Frijol en Santa Cruz Balanyá,Agrícola,"Siembra y cosecha de frijol negro tradicional como base alimentaria en el municipio de Santa Cruz Balanyá, departamento de Chimaltenango."
Cultivo de Hortalizas en Santa Cruz Balanyá,Agrícola,"Cultivo de hortalizas para exportación en Santa Cruz Balanyá, Chimaltenango."
Cultivo de Maíz en Acatenango,Agrícola,"Producción local y siembra tradicional de maíz para consumo básico en el municipio de Acatenango, departamento de Chimaltenango."
Cultivo de Frijol en Acatenango,Agrícola,"Siembra y cosecha de frijol negro tradicional como base alimentaria en el municipio de Acatenango, departamento de Chimaltenango."
Cultivo de Hortalizas en Acatenango,Agrícola,"Cultivo de hortalizas para exportación en Acatenango, Chimaltenango."
Cultivo de Maíz en Yepocapa,Agrícola,"Producción local y siembra tradicional de maíz para consumo básico en el municipio de Yepocapa, departamento de Chimaltenango."
Cultivo de Frijol en Yepocapa,Agrícola,"Siembra y cosecha de frijol negro tradicional como base alimentaria en el municipio de Yepocapa, departamento de Chimaltenango."
Cultivo de Hortalizas en Yepocapa,Agrícola,"Cultivo de hortalizas para exportación en Yepocapa, Chimaltenango."
Cultivo de Maíz en San Andrés Itzapa,Agrícola,"Producción local y siembra tradicional de maíz para consumo básico en el municipio de San Andrés Itzapa, departamento de Chimaltenango."
Cultivo de Frijol en San Andrés Itzapa,Agrícola,"Siembra y cosecha de frijol negro tradicional como base alimentaria en el municipio de San Andrés Itzapa, departamento de Chimaltenango."
Cultivo de Hortalizas en San Andrés Itzapa,Agrícola,"Cultivo de hortalizas para exportación en San Andrés Itzapa, Chimaltenango."
Cultivo de Maíz en Parramos,Agrícola,"Producción local y siembra tradicional de maíz para consumo básico en el municipio de Parramos, departamento de Chimaltenango."
Cultivo de Frijol en Parramos,Agrícola,"Siembra y cosecha de frijol negro tradicional como base alimentaria en el municipio de Parramos, departamento de Chimaltenango."
Cultivo de Hortalizas en Parramos,Agrícola,"Cultivo de hortalizas para exportación en Parramos, Chimaltenango."
Cultivo de Maíz en Zaragoza,Agrícola,"Producción local y siembra tradicional de maíz para consumo básico en el municipio de Zaragoza, departamento de Chimaltenango."
Cultivo de Frijol en Zaragoza,Agrícola,"Siembra y cosecha de frijol negro tradicional como base alimentaria en el municipio de Zaragoza, departamento de Chimaltenango."
Cultivo de Hortalizas en Zaragoza,Agrícola,"Cultivo de hortalizas para exportación en Zaragoza, Chimaltenango."
Cultivo de Maíz en El Tejar,Agrícola,"Producción local y siembra tradicional de maíz para consumo básico en el municipio de El Tejar, departamento de Chimaltenango."
Cultivo de Frijol en El Tejar,Agrícola,"Siembra y cosecha de frijol negro tradicional como base alimentaria en el municipio de El Tejar, departamento de Chimaltenango."
Cultivo de Hortalizas en El Tejar,Agrícola,"Cultivo de hortalizas para exportación en El Tejar, Chimaltenango."
Cultivo de Maíz en Escuintla,Agrícola,"Producción local y siembra tradicional de maíz para consumo básico en el municipio de Escuintla, departamento de Escuintla."
Cultivo de Frijol en Escuintla,Agrícola,"Siembra y cosecha de frijol negro tradicional como base alimentaria en el municipio de Escuintla, departamento de Escuintla."
Cultivo de Caña de Azúcar en Escuintla,Agrícola,"Cultivo extensivo de caña de azúcar en las planicies fértiles de Escuintla, Escuintla."
Cultivo de Banano en Escuintla,Agrícola,"Producción de banano y plátano para exportación en Escuintla, Escuintla."
Producción Ganadera en Escuintla,Pecuaria,"Crianza de ganado vacuno de doble propósito en Escuintla, Escuintla."
Cultivo de Maíz en Santa Lucía Cotzumalguapa,Agrícola,"Producción local y siembra tradicional de maíz para consumo básico en el municipio de Santa Lucía Cotzumalguapa, departamento de Escuintla."
Cultivo de Frijol en Santa Lucía Cotzumalguapa,Agrícola,"Siembra y cosecha de frijol negro tradicional como base alimentaria en el municipio de Santa Lucía Cotzumalguapa, departamento de Escuintla."
Cultivo de Caña de Azúcar en Santa Lucía Cotzumalguapa,Agrícola,"Cultivo extensivo de caña de azúcar en las planicies fértiles de Santa Lucía Cotzumalguapa, Escuintla."
Cultivo de Banano en Santa Lucía Cotzumalguapa,Agrícola,"Producción de banano y plátano para exportación en Santa Lucía Cotzumalguapa, Escuintla."
Producción Ganadera en Santa Lucía Cotzumalguapa,Pecuaria,"Crianza de ganado vacuno de doble propósito en Santa Lucía Cotzumalguapa, Escuintla."
Cultivo de Maíz en La Democracia,Agrícola,"Producción local y siembra tradicional de maíz para consumo básico en el municipio de La Democracia, departamento de Escuintla."
Cultivo de Frijol en La Democracia,Agrícola,"Siembra y cosecha de frijol negro tradicional como base alimentaria en el municipio de La Democracia, departamento de Escuintla."
Cultivo de Caña de Azúcar en La Democracia,Agrícola,"Cultivo extensivo de caña de azúcar en las planicies fértiles de La Democracia, Escuintla."
Cultivo de Banano en La Democracia,Agrícola,"Producción de banano y plátano para exportación en La Democracia, Escuintla."
Producción Ganadera en La Democracia,Pecuaria,"Crianza de ganado vacuno de doble propósito en La Democracia, Escuintla."
Cultivo de Maíz en Siquinalá,Agrícola,"Producción local y siembra tradicional de maíz para consumo básico en el municipio de Siquinalá, departamento de Escuintla."
Cultivo de Frijol en Siquinalá,Agrícola,"Siembra y cosecha de frijol negro tradicional como base alimentaria en el municipio de Siquinalá, departamento de Escuintla."
Cultivo de Caña de Azúcar en Siquinalá,Agrícola,"Cultivo extensivo de caña de azúcar en las planicies fértiles de Siquinalá, Escuintla."
Cultivo de Banano en Siquinalá,Agrícola,"Producción de banano y plátano para exportación en Siquinalá, Escuintla."
Producción Ganadera en Siquinalá,Pecuaria,"Crianza de ganado vacuno de doble propósito en Siquinalá, Escuintla."
Cultivo de Maíz en Masagua,Agrícola,"Producción local y siembra tradicional de maíz para consumo básico en el municipio de Masagua, departamento de Escuintla."
Cultivo de Frijol en Masagua,Agrícola,"Siembra y cosecha de frijol negro tradicional como base alimentaria en el municipio de Masagua, departamento de Escuintla."
Cultivo de Caña de Azúcar en Masagua,Agrícola,"Cultivo extensivo de caña de azúcar en las planicies fértiles de Masagua, Escuintla."
Cultivo de Banano en Masagua,Agrícola,"Producción de banano y plátano para exportación en Masagua, Escuintla."
Producción Ganadera en Masagua,Pecuaria,"Crianza de ganado vacuno de doble propósito en Masagua, Escuintla."
Cultivo de Maíz en Tiquisate,Agrícola,"Producción local y siembra tradicional de maíz para consumo básico en el municipio de Tiquisate, departamento de Escuintla."
Cultivo de Frijol en Tiquisate,Agrícola,"Siembra y cosecha de frijol negro tradicional como base alimentaria en el municipio de Tiquisate, departamento de Escuintla."
Cultivo de Caña de Azúcar en Tiquisate,Agrícola,"Cultivo extensivo de caña de azúcar en las planicies fértiles de Tiquisate, Escuintla."
Cultivo de Banano en Tiquisate,Agrícola,"Producción de banano y plátano para exportación en Tiquisate, Escuintla."
Producción Ganadera en Tiquisate,Pecuaria,"Crianza de ganado vacuno de doble propósito en Tiquisate, Escuintla."
Cultivo de Maíz en La Gomera,Agrícola,"Producción local y siembra tradicional de maíz para consumo básico en el municipio de La Gomera, departamento de Escuintla."
Cultivo de Frijol en La Gomera,Agrícola,"Siembra y cosecha de frijol negro tradicional como base alimentaria en el municipio de La Gomera, departamento de Escuintla."
Cultivo de Caña de Azúcar en La Gomera,Agrícola,"Cultivo extensivo de caña de azúcar en las planicies fértiles de La Gomera, Escuintla."
Cultivo de Banano en La Gomera,Agrícola,"Producción de banano y plátano para exportación en La Gomera, Escuintla."
Producción Ganadera en La Gomera,Pecuaria,"Crianza de ganado vacuno de doble propósito en La Gomera, Escuintla."
Cultivo de Maíz en Guanagazapa,Agrícola,"Producción local y siembra tradicional de maíz para consumo básico en el municipio de Guanagazapa, departamento de Escuintla."
Cultivo de Frijol en Guanagazapa,Agrícola,"Siembra y cosecha de frijol negro tradicional como base alimentaria en el municipio de Guanagazapa, departamento de Escuintla."
Cultivo de Caña de Azúcar en Guanagazapa,Agrícola,"Cultivo extensivo de caña de azúcar en las planicies fértiles de Guanagazapa, Escuintla."
Cultivo de Banano en Guanagazapa,Agrícola,"Producción de banano y plátano para exportación en Guanagazapa, Escuintla."
Producción Ganadera en Guanagazapa,Pecuaria,"Crianza de ganado vacuno de doble propósito en Guanagazapa, Escuintla."
Cultivo de Maíz en San José,Agrícola,"Producción local y siembra tradicional de maíz para consumo básico en el municipio de San José, departamento de Escuintla."
Cultivo de Frijol en San José,Agrícola,"Siembra y cosecha de frijol negro tradicional como base alimentaria en el municipio de San José, departamento de Escuintla."
Cultivo de Caña de Azúcar en San José,Agrícola,"Cultivo extensivo de caña de azúcar en las planicies fértiles de San José, Escuintla."
Cultivo de Banano en San José,Agrícola,"Producción de banano y plátano para exportación en San José, Escuintla."
Producción Ganadera en San José,Pecuaria,"Crianza de ganado vacuno de doble propósito en San José, Escuintla."
Cultivo de Maíz en Iztapa,Agrícola,"Producción local y siembra tradicional de maíz para consumo básico en el municipio de Iztapa, departamento de Escuintla."
Cultivo de Frijol en Iztapa,Agrícola,"Siembra y cosecha de frijol negro tradicional como base alimentaria en el municipio de Iztapa, departamento de Escuintla."
Cultivo de Caña de Azúcar en Iztapa,Agrícola,"Cultivo extensivo de caña de azúcar en las planicies fértiles de Iztapa, Escuintla."
Cultivo de Banano en Iztapa,Agrícola,"Producción de banano y plátano para exportación en Iztapa, Escuintla."
Producción Ganadera en Iztapa,Pecuaria,"Crianza de ganado vacuno de doble propósito en Iztapa, Escuintla."
Cultivo de Maíz en Palín,Agrícola,"Producción local y siembra tradicional de maíz para consumo básico en el municipio de Palín, departamento de Escuintla."
Cultivo de Frijol en Palín,Agrícola,"Siembra y cosecha de frijol negro tradicional como base alimentaria en el municipio de Palín, departamento de Escuintla."
Cultivo de Caña de Azúcar en Palín,Agrícola,"Cultivo extensivo de caña de azúcar en las planicies fértiles de Palín, Escuintla."
Cultivo de Banano en Palín,Agrícola,"Producción de banano y plátano para exportación en Palín, Escuintla."
Producción Ganadera en Palín,Pecuaria,"Crianza de ganado vacuno de doble propósito en Palín, Escuintla."
Cultivo de Maíz en San Vicente Pacaya,Agrícola,"Producción local y siembra tradicional de maíz para consumo básico en el municipio de San Vicente Pacaya, departamento de Escuintla."
Cultivo de Frijol en San Vicente Pacaya,Agrícola,"Siembra y cosecha de frijol negro tradicional como base alimentaria en el municipio de San Vicente Pacaya, departamento de Escuintla."
Cultivo de Caña de Azúcar en San Vicente Pacaya,Agrícola,"Cultivo extensivo de caña de azúcar en las planicies fértiles de San Vicente Pacaya, Escuintla."
Cultivo de Banano en San Vicente Pacaya,Agrícola,"Producción de banano y plátano para exportación en San Vicente Pacaya, Escuintla."
Producción Ganadera en San Vicente Pacaya,Pecuaria,"Crianza de ganado vacuno de doble propósito en San Vicente Pacaya, Escuintla."
Cultivo de Maíz en Nueva Concepción,Agrícola,"Producción local y siembra tradicional de maíz para consumo básico en el municipio de Nueva Concepción, departamento de Escuintla."
Cultivo de Frijol en Nueva Concepción,Agrícola,"Siembra y cosecha de frijol negro tradicional como base alimentaria en el municipio de Nueva Concepción, departamento de Escuintla."
Cultivo de Caña de Azúcar en Nueva Concepción,Agrícola,"Cultivo extensivo de caña de azúcar en las planicies fértiles de Nueva Concepción, Escuintla."
Cultivo de Banano en Nueva Concepción,Agrícola,"Producción de banano y plátano para exportación en Nueva Concepción, Escuintla."
Producción Ganadera en Nueva Concepción,Pecuaria,"Crianza de ganado vacuno de doble propósito en Nueva Concepción, Escuintla."
Cultivo de Maíz en Sipacate,Agrícola,"Producción local y siembra tradicional de maíz para consumo básico en el municipio de Sipacate, departamento de Escuintla."
Cultivo de Frijol en Sipacate,Agrícola,"Siembra y cosecha de frijol negro tradicional como base alimentaria en el municipio de Sipacate, departamento de Escuintla."
Cultivo de Caña de Azúcar en Sipacate,Agrícola,"Cultivo extensivo de caña de azúcar en las planicies fértiles de Sipacate, Escuintla."
Cultivo de Banano en Sipacate,Agrícola,"Producción de banano y plátano para exportación en Sipacate, Escuintla."
Producción Ganadera en Sipacate,Pecuaria,"Crianza de ganado vacuno de doble propósito en Sipacate, Escuintla."
Cultivo de Maíz en Cuilapa,Agrícola,"Producción local y siembra tradicional de maíz para consumo básico en el municipio de Cuilapa, departamento de Santa Rosa."
Cultivo de Frijol en Cuilapa,Agrícola,"Siembra y cosecha de frijol negro tradicional como base alimentaria en el municipio de Cuilapa, departamento de Santa Rosa."
Cultivo de Caña de Azúcar en Cuilapa,Agrícola,"Cultivo extensivo de caña de azúcar en las planicies fértiles de Cuilapa, Santa Rosa."
Cultivo de Banano en Cuilapa,Agrícola,"Producción de banano y plátano para exportación en Cuilapa, Santa Rosa."
Producción Ganadera en Cuilapa,Pecuaria,"Crianza de ganado vacuno de doble propósito en Cuilapa, Santa Rosa."
Cultivo de Maíz en Barberena,Agrícola,"Producción local y siembra tradicional de maíz para consumo básico en el municipio de Barberena, departamento de Santa Rosa."
Cultivo de Frijol en Barberena,Agrícola,"Siembra y cosecha de frijol negro tradicional como base alimentaria en el municipio de Barberena, departamento de Santa Rosa."
Cultivo de Caña de Azúcar en Barberena,Agrícola,"Cultivo extensivo de caña de azúcar en las planicies fértiles de Barberena, Santa Rosa."
Cultivo de Banano en Barberena,Agrícola,"Producción de banano y plátano para exportación en Barberena, Santa Rosa."
Producción Ganadera en Barberena,Pecuaria,"Crianza de ganado vacuno de doble propósito en Barberena, Santa Rosa."
Cultivo de Maíz en Santa Rosa de Lima,Agrícola,"Producción local y siembra tradicional de maíz para consumo básico en el municipio de Santa Rosa de Lima, departamento de Santa Rosa."
Cultivo de Frijol en Santa Rosa de Lima,Agrícola,"Siembra y cosecha de frijol negro tradicional como base alimentaria en el municipio de Santa Rosa de Lima, departamento de Santa Rosa."
Cultivo de Caña de Azúcar en Santa Rosa de Lima,Agrícola,"Cultivo extensivo de caña de azúcar en las planicies fértiles de Santa Rosa de Lima, Santa Rosa."
Cultivo de Banano en Santa Rosa de Lima,Agrícola,"Producción de banano y plátano para exportación en Santa Rosa de Lima, Santa Rosa."
Producción Ganadera en Santa Rosa de Lima,Pecuaria,"Crianza de ganado vacuno de doble propósito en Santa Rosa de Lima, Santa Rosa."
Cultivo de Maíz en Casillas,Agrícola,"Producción local y siembra tradicional de maíz para consumo básico en el municipio de Casillas, departamento de Santa Rosa."
Cultivo de Frijol en Casillas,Agrícola,"Siembra y cosecha de frijol negro tradicional como base alimentaria en el municipio de Casillas, departamento de Santa Rosa."
Cultivo de Caña de Azúcar en Casillas,Agrícola,"Cultivo extensivo de caña de azúcar en las planicies fértiles de Casillas, Santa Rosa."
Cultivo de Banano en Casillas,Agrícola,"Producción de banano y plátano para exportación en Casillas, Santa Rosa."
Producción Ganadera en Casillas,Pecuaria,"Crianza de ganado vacuno de doble propósito en Casillas, Santa Rosa."
Cultivo de Maíz en San Rafael Las Flores,Agrícola,"Producción local y siembra tradicional de maíz para consumo básico en el municipio de San Rafael Las Flores, departamento de Santa Rosa."
Cultivo de Frijol en San Rafael Las Flores,Agrícola,"Siembra y cosecha de frijol negro tradicional como base alimentaria en el municipio de San Rafael Las Flores, departamento de Santa Rosa."
Cultivo de Caña de Azúcar en San Rafael Las Flores,Agrícola,"Cultivo extensivo de caña de azúcar en las planicies fértiles de San Rafael Las Flores, Santa Rosa."
Cultivo de Banano en San Rafael Las Flores,Agrícola,"Producción de banano y plátano para exportación en San Rafael Las Flores, Santa Rosa."
Producción Ganadera en San Rafael Las Flores,Pecuaria,"Crianza de ganado vacuno de doble propósito en San Rafael Las Flores, Santa Rosa."
Cultivo de Maíz en Oratorio,Agrícola,"Producción local y siembra tradicional de maíz para consumo básico en el municipio de Oratorio, departamento de Santa Rosa."
Cultivo de Frijol en Oratorio,Agrícola,"Siembra y cosecha de frijol negro tradicional como base alimentaria en el municipio de Oratorio, departamento de Santa Rosa."
Cultivo de Caña de Azúcar en Oratorio,Agrícola,"Cultivo extensivo de caña de azúcar en las planicies fértiles de Oratorio, Santa Rosa."
Cultivo de Banano en Oratorio,Agrícola,"Producción de banano y plátano para exportación en Oratorio, Santa Rosa."
Producción Ganadera en Oratorio,Pecuaria,"Crianza de ganado vacuno de doble propósito en Oratorio, Santa Rosa."
Cultivo de Maíz en San Juan Tecuaco,Agrícola,"Producción local y siembra tradicional de maíz para consumo básico en el municipio de San Juan Tecuaco, departamento de Santa Rosa."
Cultivo de Frijol en San Juan Tecuaco,Agrícola,"Siembra y cosecha de frijol negro tradicional como base alimentaria en el municipio de San Juan Tecuaco, departamento de Santa Rosa."
Cultivo de Caña de Azúcar en San Juan Tecuaco,Agrícola,"Cultivo extensivo de caña de azúcar en las planicies fértiles de San Juan Tecuaco, Santa Rosa."
Cultivo de Banano en San Juan Tecuaco,Agrícola,"Producción de banano y plátano para exportación en San Juan Tecuaco, Santa Rosa."
Producción Ganadera en San Juan Tecuaco,Pecuaria,"Crianza de ganado vacuno de doble propósito en San Juan Tecuaco, Santa Rosa."
Cultivo de Maíz en Chiquimulilla,Agrícola,"Producción local y siembra tradicional de maíz para consumo básico en el municipio de Chiquimulilla, departamento de Santa Rosa."
Cultivo de Frijol en Chiquimulilla,Agrícola,"Siembra y cosecha de frijol negro tradicional como base alimentaria en el municipio de Chiquimulilla, departamento de Santa Rosa."
Cultivo de Caña de Azúcar en Chiquimulilla,Agrícola,"Cultivo extensivo de caña de azúcar en las planicies fértiles de Chiquimulilla, Santa Rosa."
Cultivo de Banano en Chiquimulilla,Agrícola,"Producción de banano y plátano para exportación en Chiquimulilla, Santa Rosa."
Producción Ganadera en Chiquimulilla,Pecuaria,"Crianza de ganado vacuno de doble propósito en Chiquimulilla, Santa Rosa."
Cultivo de Maíz en Taxisco,Agrícola,"Producción local y siembra tradicional de maíz para consumo básico en el municipio de Taxisco, departamento de Santa Rosa."
Cultivo de Frijol en Taxisco,Agrícola,"Siembra y cosecha de frijol negro tradicional como base alimentaria en el municipio de Taxisco, departamento de Santa Rosa."
Cultivo de Caña de Azúcar en Taxisco,Agrícola,"Cultivo extensivo de caña de azúcar en las planicies fértiles de Taxisco, Santa Rosa."
Cultivo de Banano en Taxisco,Agrícola,"Producción de banano y plátano para exportación en Taxisco, Santa Rosa."
Producción Ganadera en Taxisco,Pecuaria,"Crianza de ganado vacuno de doble propósito en Taxisco, Santa Rosa."
Cultivo de Maíz en Santa María Ixhuatán,Agrícola,"Producción local y siembra tradicional de maíz para consumo básico en el municipio de Santa María Ixhuatán, departamento de Santa Rosa."
Cultivo de Frijol en Santa María Ixhuatán,Agrícola,"Siembra y cosecha de frijol negro tradicional como base alimentaria en el municipio de Santa María Ixhuatán, departamento de Santa Rosa."
Cultivo de Caña de Azúcar en Santa María Ixhuatán,Agrícola,"Cultivo extensivo de caña de azúcar en las planicies fértiles de Santa María Ixhuatán, Santa Rosa."
Cultivo de Banano en Santa María Ixhuatán,Agrícola,"Producción de banano y plátano para exportación en Santa María Ixhuatán, Santa Rosa."
Producción Ganadera en Santa María Ixhuatán,Pecuaria,"Crianza de ganado vacuno de doble propósito en Santa María Ixhuatán, Santa Rosa."
Cultivo de Maíz en Guazacapán,Agrícola,"Producción local y siembra tradicional de maíz para consumo básico en el municipio de Guazacapán, departamento de Santa Rosa."
Cultivo de Frijol en Guazacapán,Agrícola,"Siembra y cosecha de frijol negro tradicional como base alimentaria en el municipio de Guazacapán, departamento de Santa Rosa."
Cultivo de Caña de Azúcar en Guazacapán,Agrícola,"Cultivo extensivo de caña de azúcar en las planicies fértiles de Guazacapán, Santa Rosa."
Cultivo de Banano en Guazacapán,Agrícola,"Producción de banano y plátano para exportación en Guazacapán, Santa Rosa."
Producción Ganadera en Guazacapán,Pecuaria,"Crianza de ganado vacuno de doble propósito en Guazacapán, Santa Rosa."
Cultivo de Maíz en Santa Cruz Naranjo,Agrícola,"Producción local y siembra tradicional de maíz para consumo básico en el municipio de Santa Cruz Naranjo, departamento de Santa Rosa."
Cultivo de Frijol en Santa Cruz Naranjo,Agrícola,"Siembra y cosecha de frijol negro tradicional como base alimentaria en el municipio de Santa Cruz Naranjo, departamento de Santa Rosa."
Cultivo de Caña de Azúcar en Santa Cruz Naranjo,Agrícola,"Cultivo extensivo de caña de azúcar en las planicies fértiles de Santa Cruz Naranjo, Santa Rosa."
Cultivo de Banano en Santa Cruz Naranjo,Agrícola,"Producción de banano y plátano para exportación en Santa Cruz Naranjo, Santa Rosa."
Producción Ganadera en Santa Cruz Naranjo,Pecuaria,"Crianza de ganado vacuno de doble propósito en Santa Cruz Naranjo, Santa Rosa."
Cultivo de Maíz en Pueblo Nuevo Viñas,Agrícola,"Producción local y siembra tradicional de maíz para consumo básico en el municipio de Pueblo Nuevo Viñas, departamento de Santa Rosa."
Cultivo de Frijol en Pueblo Nuevo Viñas,Agrícola,"Siembra y cosecha de frijol negro tradicional como base alimentaria en el municipio de Pueblo Nuevo Viñas, departamento de Santa Rosa."
Cultivo de Caña de Azúcar en Pueblo Nuevo Viñas,Agrícola,"Cultivo extensivo de caña de azúcar en las planicies fértiles de Pueblo Nuevo Viñas, Santa Rosa."
Cultivo de Banano en Pueblo Nuevo Viñas,Agrícola,"Producción de banano y plátano para exportación en Pueblo Nuevo Viñas, Santa Rosa."
Producción Ganadera en Pueblo Nuevo Viñas,Pecuaria,"Crianza de ganado vacuno de doble propósito en Pueblo Nuevo Viñas, Santa Rosa."
Cultivo de Maíz en Nueva Santa Rosa,Agrícola,"Producción local y siembra tradicional de maíz para consumo básico en el municipio de Nueva Santa Rosa, departamento de Santa Rosa."
Cultivo de Frijol en Nueva Santa Rosa,Agrícola,"Siembra y cosecha de frijol negro tradicional como base alimentaria en el municipio de Nueva Santa Rosa, departamento de Santa Rosa."
Cultivo de Caña de Azúcar en Nueva Santa Rosa,Agrícola,"Cultivo extensivo de caña de azúcar en las planicies fértiles de Nueva Santa Rosa, Santa Rosa."
Cultivo de Banano en Nueva Santa Rosa,Agrícola,"Producción de banano y plátano para exportación en Nueva Santa Rosa, Santa Rosa."
Producción Ganadera en Nueva Santa Rosa,Pecuaria,"Crianza de ganado vacuno de doble propósito en Nueva Santa Rosa, Santa Rosa."
Cultivo de Maíz en Lago De Atitlan,Agrícola,"Producción local y siembra tradicional de maíz para consumo básico en el municipio de Lago De Atitlan, departamento de Sololá."
Cultivo de Frijol en Lago De Atitlan,Agrícola,"Siembra y cosecha de frijol negro tradicional como base alimentaria en el municipio de Lago De Atitlan, departamento de Sololá."
Producción de Tejidos Mayas en Lago De Atitlan,Artesanía/Textil,"Tejido tradicional en telar de cintura y pie de prendas coloridas típicas en Lago De Atitlan, Sololá."
Cultivo de Hortalizas en Lago De Atitlan,Agrícola,"Agricultura intensiva de hortalizas en Lago De Atitlan, Sololá."
Producción de Cestería en Lago De Atitlan,Artesanía/Textil,Tejido de canastas y sopladores con mimbre y fibras en Lago De Atitlan.
Cultivo de Maíz en Sololá,Agrícola,"Producción local y siembra tradicional de maíz para consumo básico en el municipio de Sololá, departamento de Sololá."
Cultivo de Frijol en Sololá,Agrícola,"Siembra y cosecha de frijol negro tradicional como base alimentaria en el municipio de Sololá, departamento de Sololá."
Producción de Tejidos Mayas en Sololá,Artesanía/Textil,"Tejido tradicional en telar de cintura y pie de prendas coloridas típicas en Sololá, Sololá."
Cultivo de Hortalizas en Sololá,Agrícola,"Agricultura intensiva de hortalizas en Sololá, Sololá."
Producción de Cestería en Sololá,Artesanía/Textil,Tejido de canastas y sopladores con mimbre y fibras en Sololá.
Cultivo de Maíz en San José Chacayá,Agrícola,"Producción local y siembra tradicional de maíz para consumo básico en el municipio de San José Chacayá, departamento de Sololá."
Cultivo de Frijol en San José Chacayá,Agrícola,"Siembra y cosecha de frijol negro tradicional como base alimentaria en el municipio de San José Chacayá, departamento de Sololá."
Producción de Tejidos Mayas en San José Chacayá,Artesanía/Textil,"Tejido tradicional en telar de cintura y pie de prendas coloridas típicas en San José Chacayá, Sololá."
Cultivo de Hortalizas en San José Chacayá,Agrícola,"Agricultura intensiva de hortalizas en San José Chacayá, Sololá."
Producción de Cestería en San José Chacayá,Artesanía/Textil,Tejido de canastas y sopladores con mimbre y fibras en San José Chacayá.
Cultivo de Maíz en Santa María Visitación,Agrícola,"Producción local y siembra tradicional de maíz para consumo básico en el municipio de Santa María Visitación, departamento de Sololá."
Cultivo de Frijol en Santa María Visitación,Agrícola,"Siembra y cosecha de frijol negro tradicional como base alimentaria en el municipio de Santa María Visitación, departamento de Sololá."
Producción de Tejidos Mayas en Santa María Visitación,Artesanía/Textil,"Tejido tradicional en telar de cintura y pie de prendas coloridas típicas en Santa María Visitación, Sololá."
Cultivo de Hortalizas en Santa María Visitación,Agrícola,"Agricultura intensiva de hortalizas en Santa María Visitación, Sololá."
Producción de Cestería en Santa María Visitación,Artesanía/Textil,Tejido de canastas y sopladores con mimbre y fibras en Santa María Visitación.
Cultivo de Maíz en Santa Lucía Utatlán,Agrícola,"Producción local y siembra tradicional de maíz para consumo básico en el municipio de Santa Lucía Utatlán, departamento de Sololá."
Cultivo de Frijol en Santa Lucía Utatlán,Agrícola,"Siembra y cosecha de frijol negro tradicional como base alimentaria en el municipio de Santa Lucía Utatlán, departamento de Sololá."
Producción de Tejidos Mayas en Santa Lucía Utatlán,Artesanía/Textil,"Tejido tradicional en telar de cintura y pie de prendas coloridas típicas en Santa Lucía Utatlán, Sololá."
Cultivo de Hortalizas en Santa Lucía Utatlán,Agrícola,"Agricultura intensiva de hortalizas en Santa Lucía Utatlán, Sololá."
Producción de Cestería en Santa Lucía Utatlán,Artesanía/Textil,Tejido de canastas y sopladores con mimbre y fibras en Santa Lucía Utatlán.
Cultivo de Maíz en Nahualá,Agrícola,"Producción local y siembra tradicional de maíz para consumo básico en el municipio de Nahualá, departamento de Sololá."
Cultivo de Frijol en Nahualá,Agrícola,"Siembra y cosecha de frijol negro tradicional como base alimentaria en el municipio de Nahualá, departamento de Sololá."
Producción de Tejidos Mayas en Nahualá,Artesanía/Textil,"Tejido tradicional en telar de cintura y pie de prendas coloridas típicas en Nahualá, Sololá."
Cultivo de Hortalizas en Nahualá,Agrícola,"Agricultura intensiva de hortalizas en Nahualá, Sololá."
Producción de Cestería en Nahualá,Artesanía/Textil,Tejido de canastas y sopladores con mimbre y fibras en Nahualá.
Cultivo de Maíz en Santa Catarina Ixtahuacán,Agrícola,"Producción local y siembra tradicional de maíz para consumo básico en el municipio de Santa Catarina Ixtahuacán, departamento de Sololá."
Cultivo de Frijol en Santa Catarina Ixtahuacán,Agrícola,"Siembra y cosecha de frijol negro tradicional como base alimentaria en el municipio de Santa Catarina Ixtahuacán, departamento de Sololá."
Producción de Tejidos Mayas en Santa Catarina Ixtahuacán,Artesanía/Textil,"Tejido tradicional en telar de cintura y pie de prendas coloridas típicas en Santa Catarina Ixtahuacán, Sololá."
Cultivo de Hortalizas en Santa Catarina Ixtahuacán,Agrícola,"Agricultura intensiva de hortalizas en Santa Catarina Ixtahuacán, Sololá."
Producción de Cestería en Santa Catarina Ixtahuacán,Artesanía/Textil,Tejido de canastas y sopladores con mimbre y fibras en Santa Catarina Ixtahuacán.
Cultivo de Maíz en Santa Clara La Laguna,Agrícola,"Producción local y siembra tradicional de maíz para consumo básico en el municipio de Santa Clara La Laguna, departamento de Sololá."
Cultivo de Frijol en Santa Clara La Laguna,Agrícola,"Siembra y cosecha de frijol negro tradicional como base alimentaria en el municipio de Santa Clara La Laguna, departamento de Sololá."
Producción de Tejidos Mayas en Santa Clara La Laguna,Artesanía/Textil,"Tejido tradicional en telar de cintura y pie de prendas coloridas típicas en Santa Clara La Laguna, Sololá."
Cultivo de Hortalizas en Santa Clara La Laguna,Agrícola,"Agricultura intensiva de hortalizas en Santa Clara La Laguna, Sololá."
Producción de Cestería en Santa Clara La Laguna,Artesanía/Textil,Tejido de canastas y sopladores con mimbre y fibras en Santa Clara La Laguna.
Cultivo de Maíz en Concepción,Agrícola,"Producción local y siembra tradicional de maíz para consumo básico en el municipio de Concepción, departamento de Sololá."
Cultivo de Frijol en Concepción,Agrícola,"Siembra y cosecha de frijol negro tradicional como base alimentaria en el municipio de Concepción, departamento de Sololá."
Producción de Tejidos Mayas en Concepción,Artesanía/Textil,"Tejido tradicional en telar de cintura y pie de prendas coloridas típicas en Concepción, Sololá."
Cultivo de Hortalizas en Concepción,Agrícola,"Agricultura intensiva de hortalizas en Concepción, Sololá."
Producción de Cestería en Concepción,Artesanía/Textil,Tejido de canastas y sopladores con mimbre y fibras en Concepción.
Cultivo de Maíz en San Andrés Semetabaj,Agrícola,"Producción local y siembra tradicional de maíz para consumo básico en el municipio de San Andrés Semetabaj, departamento de Sololá."
Cultivo de Frijol en San Andrés Semetabaj,Agrícola,"Siembra y cosecha de frijol negro tradicional como base alimentaria en el municipio de San Andrés Semetabaj, departamento de Sololá."
Producción de Tejidos Mayas en San Andrés Semetabaj,Artesanía/Textil,"Tejido tradicional en telar de cintura y pie de prendas coloridas típicas en San Andrés Semetabaj, Sololá."
Cultivo de Hortalizas en San Andrés Semetabaj,Agrícola,"Agricultura intensiva de hortalizas en San Andrés Semetabaj, Sololá."
Producción de Cestería en San Andrés Semetabaj,Artesanía/Textil,Tejido de canastas y sopladores con mimbre y fibras en San Andrés Semetabaj.
Cultivo de Maíz en Panajachel,Agrícola,"Producción local y siembra tradicional de maíz para consumo básico en el municipio de Panajachel, departamento de Sololá."
Cultivo de Frijol en Panajachel,Agrícola,"Siembra y cosecha de frijol negro tradicional como base alimentaria en el municipio de Panajachel, departamento de Sololá."
Producción de Tejidos Mayas en Panajachel,Artesanía/Textil,"Tejido tradicional en telar de cintura y pie de prendas coloridas típicas en Panajachel, Sololá."
Cultivo de Hortalizas en Panajachel,Agrícola,"Agricultura intensiva de hortalizas en Panajachel, Sololá."
Producción de Cestería en Panajachel,Artesanía/Textil,Tejido de canastas y sopladores con mimbre y fibras en Panajachel.
Cultivo de Maíz en Santa Catarina Palopó,Agrícola,"Producción local y siembra tradicional de maíz para consumo básico en el municipio de Santa Catarina Palopó, departamento de Sololá."
Cultivo de Frijol en Santa Catarina Palopó,Agrícola,"Siembra y cosecha de frijol negro tradicional como base alimentaria en el municipio de Santa Catarina Palopó, departamento de Sololá."
Producción de Tejidos Mayas en Santa Catarina Palopó,Artesanía/Textil,"Tejido tradicional en telar de cintura y pie de prendas coloridas típicas en Santa Catarina Palopó, Sololá."
Cultivo de Hortalizas en Santa Catarina Palopó,Agrícola,"Agricultura intensiva de hortalizas en Santa Catarina Palopó, Sololá."
Producción de Cestería en Santa Catarina Palopó,Artesanía/Textil,Tejido de canastas y sopladores con mimbre y fibras en Santa Catarina Palopó.
Cultivo de Maíz en San Antonio Palopó,Agrícola,"Producción local y siembra tradicional de maíz para consumo básico en el municipio de San Antonio Palopó, departamento de Sololá."
Cultivo de Frijol en San Antonio Palopó,Agrícola,"Siembra y cosecha de frijol negro tradicional como base alimentaria en el municipio de San Antonio Palopó, departamento de Sololá."
Producción de Tejidos Mayas en San Antonio Palopó,Artesanía/Textil,"Tejido tradicional en telar de cintura y pie de prendas coloridas típicas en San Antonio Palopó, Sololá."
Cultivo de Hortalizas en San Antonio Palopó,Agrícola,"Agricultura intensiva de hortalizas en San Antonio Palopó, Sololá."
Producción de Cestería en San Antonio Palopó,Artesanía/Textil,Tejido de canastas y sopladores con mimbre y fibras en San Antonio Palopó.
Cultivo de Maíz en San Lucas Tolimán,Agrícola,"Producción local y siembra tradicional de maíz para consumo básico en el municipio de San Lucas Tolimán, departamento de Sololá."
Cultivo de Frijol en San Lucas Tolimán,Agrícola,"Siembra y cosecha de frijol negro tradicional como base alimentaria en el municipio de San Lucas Tolimán, departamento de Sololá."
Producción de Tejidos Mayas en San Lucas Tolimán,Artesanía/Textil,"Tejido tradicional en telar de cintura y pie de prendas coloridas típicas en San Lucas Tolimán, Sololá."
Cultivo de Hortalizas en San Lucas Tolimán,Agrícola,"Agricultura intensiva de hortalizas en San Lucas Tolimán, Sololá."
Producción de Cestería en San Lucas Tolimán,Artesanía/Textil,Tejido de canastas y sopladores con mimbre y fibras en San Lucas Tolimán.
Cultivo de Maíz en Santa Cruz La Laguna,Agrícola,"Producción local y siembra tradicional de maíz para consumo básico en el municipio de Santa Cruz La Laguna, departamento de Sololá."
Cultivo de Frijol en Santa Cruz La Laguna,Agrícola,"Siembra y cosecha de frijol negro tradicional como base alimentaria en el municipio de Santa Cruz La Laguna, departamento de Sololá."
Producción de Tejidos Mayas en Santa Cruz La Laguna,Artesanía/Textil,"Tejido tradicional en telar de cintura y pie de prendas coloridas típicas en Santa Cruz La Laguna, Sololá."
Cultivo de Hortalizas en Santa Cruz La Laguna,Agrícola,"Agricultura intensiva de hortalizas en Santa Cruz La Laguna, Sololá."
Producción de Cestería en Santa Cruz La Laguna,Artesanía/Textil,Tejido de canastas y sopladores con mimbre y fibras en Santa Cruz La Laguna.
Cultivo de Maíz en San Pablo La Laguna,Agrícola,"Producción local y siembra tradicional de maíz para consumo básico en el municipio de San Pablo La Laguna, departamento de Sololá."
Cultivo de Frijol en San Pablo La Laguna,Agrícola,"Siembra y cosecha de frijol negro tradicional como base alimentaria en el municipio de San Pablo La Laguna, departamento de Sololá."
Producción de Tejidos Mayas en San Pablo La Laguna,Artesanía/Textil,"Tejido tradicional en telar de cintura y pie de prendas coloridas típicas en San Pablo La Laguna, Sololá."
Cultivo de Hortalizas en San Pablo La Laguna,Agrícola,"Agricultura intensiva de hortalizas en San Pablo La Laguna, Sololá."
Producción de Cestería en San Pablo La Laguna,Artesanía/Textil,Tejido de canastas y sopladores con mimbre y fibras en San Pablo La Laguna.
Cultivo de Maíz en San Marcos La Laguna,Agrícola,"Producción local y siembra tradicional de maíz para consumo básico en el municipio de San Marcos La Laguna, departamento de Sololá."
Cultivo de Frijol en San Marcos La Laguna,Agrícola,"Siembra y cosecha de frijol negro tradicional como base alimentaria en el municipio de San Marcos La Laguna, departamento de Sololá."
Producción de Tejidos Mayas en San Marcos La Laguna,Artesanía/Textil,"Tejido tradicional en telar de cintura y pie de prendas coloridas típicas en San Marcos La Laguna, Sololá."
Cultivo de Hortalizas en San Marcos La Laguna,Agrícola,"Agricultura intensiva de hortalizas en San Marcos La Laguna, Sololá."
Producción de Cestería en San Marcos La Laguna,Artesanía/Textil,Tejido de canastas y sopladores con mimbre y fibras en San Marcos La Laguna.
Cultivo de Maíz en San Juan La Laguna,Agrícola,"Producción local y siembra tradicional de maíz para consumo básico en el municipio de San Juan La Laguna, departamento de Sololá."
Cultivo de Frijol en San Juan La Laguna,Agrícola,"Siembra y cosecha de frijol negro tradicional como base alimentaria en el municipio de San Juan La Laguna, departamento de Sololá."
Producción de Tejidos Mayas en San Juan La Laguna,Artesanía/Textil,"Tejido tradicional en telar de cintura y pie de prendas coloridas típicas en San Juan La Laguna, Sololá."
Cultivo de Hortalizas en San Juan La Laguna,Agrícola,"Agricultura intensiva de hortalizas en San Juan La Laguna, Sololá."
Producción de Cestería en San Juan La Laguna,Artesanía/Textil,Tejido de canastas y sopladores con mimbre y fibras en San Juan La Laguna.
Cultivo de Maíz en San Pedro La Laguna,Agrícola,"Producción local y siembra tradicional de maíz para consumo básico en el municipio de San Pedro La Laguna, departamento de Sololá."
Cultivo de Frijol en San Pedro La Laguna,Agrícola,"Siembra y cosecha de frijol negro tradicional como base alimentaria en el municipio de San Pedro La Laguna, departamento de Sololá."
Producción de Tejidos Mayas en San Pedro La Laguna,Artesanía/Textil,"Tejido tradicional en telar de cintura y pie de prendas coloridas típicas en San Pedro La Laguna, Sololá."
Cultivo de Hortalizas en San Pedro La Laguna,Agrícola,"Agricultura intensiva de hortalizas en San Pedro La Laguna, Sololá."
Producción de Cestería en San Pedro La Laguna,Artesanía/Textil,Tejido de canastas y sopladores con mimbre y fibras en San Pedro La Laguna.
Cultivo de Maíz en Santiago Atitlán,Agrícola,"Producción local y siembra tradicional de maíz para consumo básico en el municipio de Santiago Atitlán, departamento de Sololá."
Cultivo de Frijol en Santiago Atitlán,Agrícola,"Siembra y cosecha de frijol negro tradicional como base alimentaria en el municipio de Santiago Atitlán, departamento de Sololá."
Producción de Tejidos Mayas en Santiago Atitlán,Artesanía/Textil,"Tejido tradicional en telar de cintura y pie de prendas coloridas típicas en Santiago Atitlán, Sololá."
Cultivo de Hortalizas en Santiago Atitlán,Agrícola,"Agricultura intensiva de hortalizas en Santiago Atitlán, Sololá."
Producción de Cestería en Santiago Atitlán,Artesanía/Textil,Tejido de canastas y sopladores con mimbre y fibras en Santiago Atitlán.
Cultivo de Maíz en Totonicapán,Agrícola,"Producción local y siembra tradicional de maíz para consumo básico en el municipio de Totonicapán, departamento de Totonicapán."
Cultivo de Frijol en Totonicapán,Agrícola,"Siembra y cosecha de frijol negro tradicional como base alimentaria en el municipio de Totonicapán, departamento de Totonicapán."
Producción de Tejidos Mayas en Totonicapán,Artesanía/Textil,"Tejido tradicional en telar de cintura y pie de prendas coloridas típicas en Totonicapán, Totonicapán."
Producción de Muebles en Totonicapán,Artesanía/Textil,Ebanistería y carpintería tradicional de muebles de madera en el municipio de Totonicapán.
Cultivo de Maíz en San Cristóbal Totonicapán,Agrícola,"Producción local y siembra tradicional de maíz para consumo básico en el municipio de San Cristóbal Totonicapán, departamento de Totonicapán."
Cultivo de Frijol en San Cristóbal Totonicapán,Agrícola,"Siembra y cosecha de frijol negro tradicional como base alimentaria en el municipio de San Cristóbal Totonicapán, departamento de Totonicapán."
Producción de Tejidos Mayas en San Cristóbal Totonicapán,Artesanía/Textil,"Tejido tradicional en telar de cintura y pie de prendas coloridas típicas en San Cristóbal Totonicapán, Totonicapán."
Producción de Muebles en San Cristóbal Totonicapán,Artesanía/Textil,Ebanistería y carpintería tradicional de muebles de madera en el municipio de San Cristóbal Totonicapán.
Cultivo de Maíz en San Francisco El Alto,Agrícola,"Producción local y siembra tradicional de maíz para consumo básico en el municipio de San Francisco El Alto, departamento de Totonicapán."
Cultivo de Frijol en San Francisco El Alto,Agrícola,"Siembra y cosecha de frijol negro tradicional como base alimentaria en el municipio de San Francisco El Alto, departamento de Totonicapán."
Producción de Tejidos Mayas en San Francisco El Alto,Artesanía/Textil,"Tejido tradicional en telar de cintura y pie de prendas coloridas típicas en San Francisco El Alto, Totonicapán."
Producción de Muebles en San Francisco El Alto,Artesanía/Textil,Ebanistería y carpintería tradicional de muebles de madera en el municipio de San Francisco El Alto.
Cultivo de Maíz en San Andrés Xecul,Agrícola,"Producción local y siembra tradicional de maíz para consumo básico en el municipio de San Andrés Xecul, departamento de Totonicapán."
Cultivo de Frijol en San Andrés Xecul,Agrícola,"Siembra y cosecha de frijol negro tradicional como base alimentaria en el municipio de San Andrés Xecul, departamento de Totonicapán."
Producción de Tejidos Mayas en San Andrés Xecul,Artesanía/Textil,"Tejido tradicional en telar de cintura y pie de prendas coloridas típicas en San Andrés Xecul, Totonicapán."
Producción de Muebles en San Andrés Xecul,Artesanía/Textil,Ebanistería y carpintería tradicional de muebles de madera en el municipio de San Andrés Xecul.
Cultivo de Maíz en Momostenango,Agrícola,"Producción local y siembra tradicional de maíz para consumo básico en el municipio de Momostenango, departamento de Totonicapán."
Cultivo de Frijol en Momostenango,Agrícola,"Siembra y cosecha de frijol negro tradicional como base alimentaria en el municipio de Momostenango, departamento de Totonicapán."
Producción de Tejidos Mayas en Momostenango,Artesanía/Textil,"Tejido tradicional en telar de cintura y pie de prendas coloridas típicas en Momostenango, Totonicapán."
Producción de Muebles en Momostenango,Artesanía/Textil,Ebanistería y carpintería tradicional de muebles de madera en el municipio de Momostenango.
Cultivo de Maíz en Santa María Chiquimula,Agrícola,"Producción local y siembra tradicional de maíz para consumo básico en el municipio de Santa María Chiquimula, departamento de Totonicapán."
Cultivo de Frijol en Santa María Chiquimula,Agrícola,"Siembra y cosecha de frijol negro tradicional como base alimentaria en el municipio de Santa María Chiquimula, departamento de Totonicapán."
Producción de Tejidos Mayas en Santa María Chiquimula,Artesanía/Textil,"Tejido tradicional en telar de cintura y pie de prendas coloridas típicas en Santa María Chiquimula, Totonicapán."
Producción de Muebles en Santa María Chiquimula,Artesanía/Textil,Ebanistería y carpintería tradicional de muebles de madera en el municipio de Santa María Chiquimula.
Cultivo de Maíz en Santa Lucía La Reforma,Agrícola,"Producción local y siembra tradicional de maíz para consumo básico en el municipio de Santa Lucía La Reforma, departamento de Totonicapán."
Cultivo de Frijol en Santa Lucía La Reforma,Agrícola,"Siembra y cosecha de frijol negro tradicional como base alimentaria en el municipio de Santa Lucía La Reforma, departamento de Totonicapán."
Producción de Tejidos Mayas en Santa Lucía La Reforma,Artesanía/Textil,"Tejido tradicional en telar de cintura y pie de prendas coloridas típicas en Santa Lucía La Reforma, Totonicapán."
Producción de Muebles en Santa Lucía La Reforma,Artesanía/Textil,Ebanistería y carpintería tradicional de muebles de madera en el municipio de Santa Lucía La Reforma.
Cultivo de Maíz en San Bartolo,Agrícola,"Producción local y siembra tradicional de maíz para consumo básico en el municipio de San Bartolo, departamento de Totonicapán."
Cultivo de Frijol en San Bartolo,Agrícola,"Siembra y cosecha de frijol negro tradicional como base alimentaria en el municipio de San Bartolo, departamento de Totonicapán."
Producción de Tejidos Mayas en San Bartolo,Artesanía/Textil,"Tejido tradicional en telar de cintura y pie de prendas coloridas típicas en San Bartolo, Totonicapán."
Producción de Muebles en San Bartolo,Artesanía/Textil,Ebanistería y carpintería tradicional de muebles de madera en el municipio de San Bartolo.
Cultivo de Maíz en Quetzaltenango,Agrícola,"Producción local y siembra tradicional de maíz para consumo básico en el municipio de Quetzaltenango, departamento de Quetzaltenango."
Cultivo de Frijol en Quetzaltenango,Agrícola,"Siembra y cosecha de frijol negro tradicional como base alimentaria en el municipio de Quetzaltenango, departamento de Quetzaltenango."
Producción de Tejidos Mayas en Quetzaltenango,Artesanía/Textil,"Tejido tradicional en telar de cintura y pie de prendas coloridas típicas en Quetzaltenango, Quetzaltenango."
Cultivo de Hortalizas en Quetzaltenango,Agrícola,"Agricultura intensiva de hortalizas en Quetzaltenango, Quetzaltenango."
Cultivo de Maíz en Salcajá,Agrícola,"Producción local y siembra tradicional de maíz para consumo básico en el municipio de Salcajá, departamento de Quetzaltenango."
Cultivo de Frijol en Salcajá,Agrícola,"Siembra y cosecha de frijol negro tradicional como base alimentaria en el municipio de Salcajá, departamento de Quetzaltenango."
Producción de Tejidos Mayas en Salcajá,Artesanía/Textil,"Tejido tradicional en telar de cintura y pie de prendas coloridas típicas en Salcajá, Quetzaltenango."
Cultivo de Hortalizas en Salcajá,Agrícola,"Agricultura intensiva de hortalizas en Salcajá, Quetzaltenango."
Cultivo de Maíz en Olintepeque,Agrícola,"Producción local y siembra tradicional de maíz para consumo básico en el municipio de Olintepeque, departamento de Quetzaltenango."
Cultivo de Frijol en Olintepeque,Agrícola,"Siembra y cosecha de frijol negro tradicional como base alimentaria en el municipio de Olintepeque, departamento de Quetzaltenango."
Producción de Tejidos Mayas en Olintepeque,Artesanía/Textil,"Tejido tradicional en telar de cintura y pie de prendas coloridas típicas en Olintepeque, Quetzaltenango."
Cultivo de Hortalizas en Olintepeque,Agrícola,"Agricultura intensiva de hortalizas en Olintepeque, Quetzaltenango."
Cultivo de Maíz en San Carlos Sija,Agrícola,"Producción local y siembra tradicional de maíz para consumo básico en el municipio de San Carlos Sija, departamento de Quetzaltenango."
Cultivo de Frijol en San Carlos Sija,Agrícola,"Siembra y cosecha de frijol negro tradicional como base alimentaria en el municipio de San Carlos Sija, departamento de Quetzaltenango."
Producción de Tejidos Mayas en San Carlos Sija,Artesanía/Textil,"Tejido tradicional en telar de cintura y pie de prendas coloridas típicas en San Carlos Sija, Quetzaltenango."
Cultivo de Hortalizas en San Carlos Sija,Agrícola,"Agricultura intensiva de hortalizas en San Carlos Sija, Quetzaltenango."
Cultivo de Maíz en Sibilia,Agrícola,"Producción local y siembra tradicional de maíz para consumo básico en el municipio de Sibilia, departamento de Quetzaltenango."
Cultivo de Frijol en Sibilia,Agrícola,"Siembra y cosecha de frijol negro tradicional como base alimentaria en el municipio de Sibilia, departamento de Quetzaltenango."
Producción de Tejidos Mayas en Sibilia,Artesanía/Textil,"Tejido tradicional en telar de cintura y pie de prendas coloridas típicas en Sibilia, Quetzaltenango."
Cultivo de Hortalizas en Sibilia,Agrícola,"Agricultura intensiva de hortalizas en Sibilia, Quetzaltenango."
Cultivo de Maíz en Cabricán,Agrícola,"Producción local y siembra tradicional de maíz para consumo básico en el municipio de Cabricán, departamento de Quetzaltenango."
Cultivo de Frijol en Cabricán,Agrícola,"Siembra y cosecha de frijol negro tradicional como base alimentaria en el municipio de Cabricán, departamento de Quetzaltenango."
Producción de Tejidos Mayas en Cabricán,Artesanía/Textil,"Tejido tradicional en telar de cintura y pie de prendas coloridas típicas en Cabricán, Quetzaltenango."
Cultivo de Hortalizas en Cabricán,Agrícola,"Agricultura intensiva de hortalizas en Cabricán, Quetzaltenango."
Cultivo de Maíz en Cajolá,Agrícola,"Producción local y siembra tradicional de maíz para consumo básico en el municipio de Cajolá, departamento de Quetzaltenango."
Cultivo de Frijol en Cajolá,Agrícola,"Siembra y cosecha de frijol negro tradicional como base alimentaria en el municipio de Cajolá, departamento de Quetzaltenango."
Producción de Tejidos Mayas en Cajolá,Artesanía/Textil,"Tejido tradicional en telar de cintura y pie de prendas coloridas típicas en Cajolá, Quetzaltenango."
Cultivo de Hortalizas en Cajolá,Agrícola,"Agricultura intensiva de hortalizas en Cajolá, Quetzaltenango."
Cultivo de Maíz en San Miguel Sigüila,Agrícola,"Producción local y siembra tradicional de maíz para consumo básico en el municipio de San Miguel Sigüila, departamento de Quetzaltenango."
Cultivo de Frijol en San Miguel Sigüila,Agrícola,"Siembra y cosecha de frijol negro tradicional como base alimentaria en el municipio de San Miguel Sigüila, departamento de Quetzaltenango."
Producción de Tejidos Mayas en San Miguel Sigüila,Artesanía/Textil,"Tejido tradicional en telar de cintura y pie de prendas coloridas típicas en San Miguel Sigüila, Quetzaltenango."
Cultivo de Hortalizas en San Miguel Sigüila,Agrícola,"Agricultura intensiva de hortalizas en San Miguel Sigüila, Quetzaltenango."
Cultivo de Maíz en Ostuncalco,Agrícola,"Producción local y siembra tradicional de maíz para consumo básico en el municipio de Ostuncalco, departamento de Quetzaltenango."
Cultivo de Frijol en Ostuncalco,Agrícola,"Siembra y cosecha de frijol negro tradicional como base alimentaria en el municipio de Ostuncalco, departamento de Quetzaltenango."
Producción de Tejidos Mayas en Ostuncalco,Artesanía/Textil,"Tejido tradicional en telar de cintura y pie de prendas coloridas típicas en Ostuncalco, Quetzaltenango."
Cultivo de Hortalizas en Ostuncalco,Agrícola,"Agricultura intensiva de hortalizas en Ostuncalco, Quetzaltenango."
Cultivo de Maíz en San Mateo,Agrícola,"Producción local y siembra tradicional de maíz para consumo básico en el municipio de San Mateo, departamento de Quetzaltenango."
Cultivo de Frijol en San Mateo,Agrícola,"Siembra y cosecha de frijol negro tradicional como base alimentaria en el municipio de San Mateo, departamento de Quetzaltenango."
Producción de Tejidos Mayas en San Mateo,Artesanía/Textil,"Tejido tradicional en telar de cintura y pie de prendas coloridas típicas en San Mateo, Quetzaltenango."
Cultivo de Hortalizas en San Mateo,Agrícola,"Agricultura intensiva de hortalizas en San Mateo, Quetzaltenango."
Cultivo de Maíz en Concepción Chiquirichapa,Agrícola,"Producción local y siembra tradicional de maíz para consumo básico en el municipio de Concepción Chiquirichapa, departamento de Quetzaltenango."
Cultivo de Frijol en Concepción Chiquirichapa,Agrícola,"Siembra y cosecha de frijol negro tradicional como base alimentaria en el municipio de Concepción Chiquirichapa, departamento de Quetzaltenango."
Producción de Tejidos Mayas en Concepción Chiquirichapa,Artesanía/Textil,"Tejido tradicional en telar de cintura y pie de prendas coloridas típicas en Concepción Chiquirichapa, Quetzaltenango."
Cultivo de Hortalizas en Concepción Chiquirichapa,Agrícola,"Agricultura intensiva de hortalizas en Concepción Chiquirichapa, Quetzaltenango."
Cultivo de Maíz en San Martín Sacatepéquez,Agrícola,"Producción local y siembra tradicional de maíz para consumo básico en el municipio de San Martín Sacatepéquez, departamento de Quetzaltenango."
Cultivo de Frijol en San Martín Sacatepéquez,Agrícola,"Siembra y cosecha de frijol negro tradicional como base alimentaria en el municipio de San Martín Sacatepéquez, departamento de Quetzaltenango."
Producción de Tejidos Mayas en San Martín Sacatepéquez,Artesanía/Textil,"Tejido tradicional en telar de cintura y pie de prendas coloridas típicas en San Martín Sacatepéquez, Quetzaltenango."
Cultivo de Hortalizas en San Martín Sacatepéquez,Agrícola,"Agricultura intensiva de hortalizas en San Martín Sacatepéquez, Quetzaltenango."
Cultivo de Maíz en Almolonga,Agrícola,"Producción local y siembra tradicional de maíz para consumo básico en el municipio de Almolonga, departamento de Quetzaltenango."
Cultivo de Frijol en Almolonga,Agrícola,"Siembra y cosecha de frijol negro tradicional como base alimentaria en el municipio de Almolonga, departamento de Quetzaltenango."
Producción de Tejidos Mayas en Almolonga,Artesanía/Textil,"Tejido tradicional en telar de cintura y pie de prendas coloridas típicas en Almolonga, Quetzaltenango."
Cultivo de Hortalizas en Almolonga,Agrícola,"Agricultura intensiva de hortalizas en Almolonga, Quetzaltenango."
Cultivo de Maíz en Cantel,Agrícola,"Producción local y siembra tradicional de maíz para consumo básico en el municipio de Cantel, departamento de Quetzaltenango."
Cultivo de Frijol en Cantel,Agrícola,"Siembra y cosecha de frijol negro tradicional como base alimentaria en el municipio de Cantel, departamento de Quetzaltenango."
Producción de Tejidos Mayas en Cantel,Artesanía/Textil,"Tejido tradicional en telar de cintura y pie de prendas coloridas típicas en Cantel, Quetzaltenango."
Cultivo de Hortalizas en Cantel,Agrícola,"Agricultura intensiva de hortalizas en Cantel, Quetzaltenango."
Cultivo de Maíz en Huitán,Agrícola,"Producción local y siembra tradicional de maíz para consumo básico en el municipio de Huitán, departamento de Quetzaltenango."
Cultivo de Frijol en Huitán,Agrícola,"Siembra y cosecha de frijol negro tradicional como base alimentaria en el municipio de Huitán, departamento de Quetzaltenango."
Producción de Tejidos Mayas en Huitán,Artesanía/Textil,"Tejido tradicional en telar de cintura y pie de prendas coloridas típicas en Huitán, Quetzaltenango."
Cultivo de Hortalizas en Huitán,Agrícola,"Agricultura intensiva de hortalizas en Huitán, Quetzaltenango."
Cultivo de Maíz en Zunil,Agrícola,"Producción local y siembra tradicional de maíz para consumo básico en el municipio de Zunil, departamento de Quetzaltenango."
Cultivo de Frijol en Zunil,Agrícola,"Siembra y cosecha de frijol negro tradicional como base alimentaria en el municipio de Zunil, departamento de Quetzaltenango."
Producción de Tejidos Mayas en Zunil,Artesanía/Textil,"Tejido tradicional en telar de cintura y pie de prendas coloridas típicas en Zunil, Quetzaltenango."
Cultivo de Hortalizas en Zunil,Agrícola,"Agricultura intensiva de hortalizas en Zunil, Quetzaltenango."
Cultivo de Maíz en Colomba,Agrícola,"Producción local y siembra tradicional de maíz para consumo básico en el municipio de Colomba, departamento de Quetzaltenango."
Cultivo de Frijol en Colomba,Agrícola,"Siembra y cosecha de frijol negro tradicional como base alimentaria en el municipio de Colomba, departamento de Quetzaltenango."
Producción de Tejidos Mayas en Colomba,Artesanía/Textil,"Tejido tradicional en telar de cintura y pie de prendas coloridas típicas en Colomba, Quetzaltenango."
Cultivo de Hortalizas en Colomba,Agrícola,"Agricultura intensiva de hortalizas en Colomba, Quetzaltenango."
Cultivo de Maíz en San Francisco La Unión,Agrícola,"Producción local y siembra tradicional de maíz para consumo básico en el municipio de San Francisco La Unión, departamento de Quetzaltenango."
Cultivo de Frijol en San Francisco La Unión,Agrícola,"Siembra y cosecha de frijol negro tradicional como base alimentaria en el municipio de San Francisco La Unión, departamento de Quetzaltenango."
Producción de Tejidos Mayas en San Francisco La Unión,Artesanía/Textil,"Tejido tradicional en telar de cintura y pie de prendas coloridas típicas en San Francisco La Unión, Quetzaltenango."
Cultivo de Hortalizas en San Francisco La Unión,Agrícola,"Agricultura intensiva de hortalizas en San Francisco La Unión, Quetzaltenango."
Cultivo de Maíz en El Palmar,Agrícola,"Producción local y siembra tradicional de maíz para consumo básico en el municipio de El Palmar, departamento de Quetzaltenango."
Cultivo de Frijol en El Palmar,Agrícola,"Siembra y cosecha de frijol negro tradicional como base alimentaria en el municipio de El Palmar, departamento de Quetzaltenango."
Producción de Tejidos Mayas en El Palmar,Artesanía/Textil,"Tejido tradicional en telar de cintura y pie de prendas coloridas típicas en El Palmar, Quetzaltenango."
Cultivo de Hortalizas en El Palmar,Agrícola,"Agricultura intensiva de hortalizas en El Palmar, Quetzaltenango."
Cultivo de Maíz en Coatepeque,Agrícola,"Producción local y siembra tradicional de maíz para consumo básico en el municipio de Coatepeque, departamento de Quetzaltenango."
Cultivo de Frijol en Coatepeque,Agrícola,"Siembra y cosecha de frijol negro tradicional como base alimentaria en el municipio de Coatepeque, departamento de Quetzaltenango."
Producción de Tejidos Mayas en Coatepeque,Artesanía/Textil,"Tejido tradicional en telar de cintura y pie de prendas coloridas típicas en Coatepeque, Quetzaltenango."
Cultivo de Hortalizas en Coatepeque,Agrícola,"Agricultura intensiva de hortalizas en Coatepeque, Quetzaltenango."
Cultivo de Maíz en Génova,Agrícola,"Producción local y siembra tradicional de maíz para consumo básico en el municipio de Génova, departamento de Quetzaltenango."
Cultivo de Frijol en Génova,Agrícola,"Siembra y cosecha de frijol negro tradicional como base alimentaria en el municipio de Génova, departamento de Quetzaltenango."
Producción de Tejidos Mayas en Génova,Artesanía/Textil,"Tejido tradicional en telar de cintura y pie de prendas coloridas típicas en Génova, Quetzaltenango."
Cultivo de Hortalizas en Génova,Agrícola,"Agricultura intensiva de hortalizas en Génova, Quetzaltenango."
Cultivo de Maíz en Flores Costa Cuca,Agrícola,"Producción local y siembra tradicional de maíz para consumo básico en el municipio de Flores Costa Cuca, departamento de Quetzaltenango."
Cultivo de Frijol en Flores Costa Cuca,Agrícola,"Siembra y cosecha de frijol negro tradicional como base alimentaria en el municipio de Flores Costa Cuca, departamento de Quetzaltenango."
Producción de Tejidos Mayas en Flores Costa Cuca,Artesanía/Textil,"Tejido tradicional en telar de cintura y pie de prendas coloridas típicas en Flores Costa Cuca, Quetzaltenango."
Cultivo de Hortalizas en Flores Costa Cuca,Agrícola,"Agricultura intensiva de hortalizas en Flores Costa Cuca, Quetzaltenango."
Cultivo de Maíz en La Esperanza,Agrícola,"Producción local y siembra tradicional de maíz para consumo básico en el municipio de La Esperanza, departamento de Quetzaltenango."
Cultivo de Frijol en La Esperanza,Agrícola,"Siembra y cosecha de frijol negro tradicional como base alimentaria en el municipio de La Esperanza, departamento de Quetzaltenango."
Producción de Tejidos Mayas en La Esperanza,Artesanía/Textil,"Tejido tradicional en telar de cintura y pie de prendas coloridas típicas en La Esperanza, Quetzaltenango."
Cultivo de Hortalizas en La Esperanza,Agrícola,"Agricultura intensiva de hortalizas en La Esperanza, Quetzaltenango."
Cultivo de Maíz en Palestina de Los Altos,Agrícola,"Producción local y siembra tradicional de maíz para consumo básico en el municipio de Palestina de Los Altos, departamento de Quetzaltenango."
Cultivo de Frijol en Palestina de Los Altos,Agrícola,"Siembra y cosecha de frijol negro tradicional como base alimentaria en el municipio de Palestina de Los Altos, departamento de Quetzaltenango."
Producción de Tejidos Mayas en Palestina de Los Altos,Artesanía/Textil,"Tejido tradicional en telar de cintura y pie de prendas coloridas típicas en Palestina de Los Altos, Quetzaltenango."
Cultivo de Hortalizas en Palestina de Los Altos,Agrícola,"Agricultura intensiva de hortalizas en Palestina de Los Altos, Quetzaltenango."
Cultivo de Maíz en Mazatenango,Agrícola,"Producción local y siembra tradicional de maíz para consumo básico en el municipio de Mazatenango, departamento de Suchitepéquez."
Cultivo de Frijol en Mazatenango,Agrícola,"Siembra y cosecha de frijol negro tradicional como base alimentaria en el municipio de Mazatenango, departamento de Suchitepéquez."
Cultivo de Caña de Azúcar en Mazatenango,Agrícola,"Cultivo extensivo de caña de azúcar en las planicies fértiles de Mazatenango, Suchitepéquez."
Cultivo de Banano en Mazatenango,Agrícola,"Producción de banano y plátano para exportación en Mazatenango, Suchitepéquez."
Producción Ganadera en Mazatenango,Pecuaria,"Crianza de ganado vacuno de doble propósito en Mazatenango, Suchitepéquez."
Cultivo de Maíz en Cuyotenango,Agrícola,"Producción local y siembra tradicional de maíz para consumo básico en el municipio de Cuyotenango, departamento de Suchitepéquez."
Cultivo de Frijol en Cuyotenango,Agrícola,"Siembra y cosecha de frijol negro tradicional como base alimentaria en el municipio de Cuyotenango, departamento de Suchitepéquez."
Cultivo de Caña de Azúcar en Cuyotenango,Agrícola,"Cultivo extensivo de caña de azúcar en las planicies fértiles de Cuyotenango, Suchitepéquez."
Cultivo de Banano en Cuyotenango,Agrícola,"Producción de banano y plátano para exportación en Cuyotenango, Suchitepéquez."
Producción Ganadera en Cuyotenango,Pecuaria,"Crianza de ganado vacuno de doble propósito en Cuyotenango, Suchitepéquez."
Cultivo de Maíz en San Francisco Zapotitlán,Agrícola,"Producción local y siembra tradicional de maíz para consumo básico en el municipio de San Francisco Zapotitlán, departamento de Suchitepéquez."
Cultivo de Frijol en San Francisco Zapotitlán,Agrícola,"Siembra y cosecha de frijol negro tradicional como base alimentaria en el municipio de San Francisco Zapotitlán, departamento de Suchitepéquez."
Cultivo de Caña de Azúcar en San Francisco Zapotitlán,Agrícola,"Cultivo extensivo de caña de azúcar en las planicies fértiles de San Francisco Zapotitlán, Suchitepéquez."
Cultivo de Banano en San Francisco Zapotitlán,Agrícola,"Producción de banano y plátano para exportación en San Francisco Zapotitlán, Suchitepéquez."
Producción Ganadera en San Francisco Zapotitlán,Pecuaria,"Crianza de ganado vacuno de doble propósito en San Francisco Zapotitlán, Suchitepéquez."
Cultivo de Maíz en San Bernardino,Agrícola,"Producción local y siembra tradicional de maíz para consumo básico en el municipio de San Bernardino, departamento de Suchitepéquez."
Cultivo de Frijol en San Bernardino,Agrícola,"Siembra y cosecha de frijol negro tradicional como base alimentaria en el municipio de San Bernardino, departamento de Suchitepéquez."
Cultivo de Caña de Azúcar en San Bernardino,Agrícola,"Cultivo extensivo de caña de azúcar en las planicies fértiles de San Bernardino, Suchitepéquez."
Cultivo de Banano en San Bernardino,Agrícola,"Producción de banano y plátano para exportación en San Bernardino, Suchitepéquez."
Producción Ganadera en San Bernardino,Pecuaria,"Crianza de ganado vacuno de doble propósito en San Bernardino, Suchitepéquez."
Cultivo de Maíz en San José El Ídolo,Agrícola,"Producción local y siembra tradicional de maíz para consumo básico en el municipio de San José El Ídolo, departamento de Suchitepéquez."
Cultivo de Frijol en San José El Ídolo,Agrícola,"Siembra y cosecha de frijol negro tradicional como base alimentaria en el municipio de San José El Ídolo, departamento de Suchitepéquez."
Cultivo de Caña de Azúcar en San José El Ídolo,Agrícola,"Cultivo extensivo de caña de azúcar en las planicies fértiles de San José El Ídolo, Suchitepéquez."
Cultivo de Banano en San José El Ídolo,Agrícola,"Producción de banano y plátano para exportación en San José El Ídolo, Suchitepéquez."
Producción Ganadera en San José El Ídolo,Pecuaria,"Crianza de ganado vacuno de doble propósito en San José El Ídolo, Suchitepéquez."
Cultivo de Maíz en Santo Domingo Suchitepéquez,Agrícola,"Producción local y siembra tradicional de maíz para consumo básico en el municipio de Santo Domingo Suchitepéquez, departamento de Suchitepéquez."
Cultivo de Frijol en Santo Domingo Suchitepéquez,Agrícola,"Siembra y cosecha de frijol negro tradicional como base alimentaria en el municipio de Santo Domingo Suchitepéquez, departamento de Suchitepéquez."
Cultivo de Caña de Azúcar en Santo Domingo Suchitepéquez,Agrícola,"Cultivo extensivo de caña de azúcar en las planicies fértiles de Santo Domingo Suchitepéquez, Suchitepéquez."
Cultivo de Banano en Santo Domingo Suchitepéquez,Agrícola,"Producción de banano y plátano para exportación en Santo Domingo Suchitepéquez, Suchitepéquez."
Producción Ganadera en Santo Domingo Suchitepéquez,Pecuaria,"Crianza de ganado vacuno de doble propósito en Santo Domingo Suchitepéquez, Suchitepéquez."
Cultivo de Maíz en San Lorenzo,Agrícola,"Producción local y siembra tradicional de maíz para consumo básico en el municipio de San Lorenzo, departamento de Suchitepéquez."
Cultivo de Frijol en San Lorenzo,Agrícola,"Siembra y cosecha de frijol negro tradicional como base alimentaria en el municipio de San Lorenzo, departamento de Suchitepéquez."
Cultivo de Caña de Azúcar en San Lorenzo,Agrícola,"Cultivo extensivo de caña de azúcar en las planicies fértiles de San Lorenzo, Suchitepéquez."
Cultivo de Banano en San Lorenzo,Agrícola,"Producción de banano y plátano para exportación en San Lorenzo, Suchitepéquez."
Producción Ganadera en San Lorenzo,Pecuaria,"Crianza de ganado vacuno de doble propósito en San Lorenzo, Suchitepéquez."
Cultivo de Maíz en Samayac,Agrícola,"Producción local y siembra tradicional de maíz para consumo básico en el municipio de Samayac, departamento de Suchitepéquez."
Cultivo de Frijol en Samayac,Agrícola,"Siembra y cosecha de frijol negro tradicional como base alimentaria en el municipio de Samayac, departamento de Suchitepéquez."
Cultivo de Caña de Azúcar en Samayac,Agrícola,"Cultivo extensivo de caña de azúcar en las planicies fértiles de Samayac, Suchitepéquez."
Cultivo de Banano en Samayac,Agrícola,"Producción de banano y plátano para exportación en Samayac, Suchitepéquez."
Producción Ganadera en Samayac,Pecuaria,"Crianza de ganado vacuno de doble propósito en Samayac, Suchitepéquez."
Cultivo de Maíz en San Pablo Jocopilas,Agrícola,"Producción local y siembra tradicional de maíz para consumo básico en el municipio de San Pablo Jocopilas, departamento de Suchitepéquez."
Cultivo de Frijol en San Pablo Jocopilas,Agrícola,"Siembra y cosecha de frijol negro tradicional como base alimentaria en el municipio de San Pablo Jocopilas, departamento de Suchitepéquez."
Cultivo de Caña de Azúcar en San Pablo Jocopilas,Agrícola,"Cultivo extensivo de caña de azúcar en las planicies fértiles de San Pablo Jocopilas, Suchitepéquez."
Cultivo de Banano en San Pablo Jocopilas,Agrícola,"Producción de banano y plátano para exportación en San Pablo Jocopilas, Suchitepéquez."
Producción Ganadera en San Pablo Jocopilas,Pecuaria,"Crianza de ganado vacuno de doble propósito en San Pablo Jocopilas, Suchitepéquez."
Cultivo de Maíz en San Antonio Suchitepéquez,Agrícola,"Producción local y siembra tradicional de maíz para consumo básico en el municipio de San Antonio Suchitepéquez, departamento de Suchitepéquez."
Cultivo de Frijol en San Antonio Suchitepéquez,Agrícola,"Siembra y cosecha de frijol negro tradicional como base alimentaria en el municipio de San Antonio Suchitepéquez, departamento de Suchitepéquez."
Cultivo de Caña de Azúcar en San Antonio Suchitepéquez,Agrícola,"Cultivo extensivo de caña de azúcar en las planicies fértiles de San Antonio Suchitepéquez, Suchitepéquez."
Cultivo de Banano en San Antonio Suchitepéquez,Agrícola,"Producción de banano y plátano para exportación en San Antonio Suchitepéquez, Suchitepéquez."
Producción Ganadera en San Antonio Suchitepéquez,Pecuaria,"Crianza de ganado vacuno de doble propósito en San Antonio Suchitepéquez, Suchitepéquez."
Cultivo de Maíz en San Miguel Panán,Agrícola,"Producción local y siembra tradicional de maíz para consumo básico en el municipio de San Miguel Panán, departamento de Suchitepéquez."
Cultivo de Frijol en San Miguel Panán,Agrícola,"Siembra y cosecha de frijol negro tradicional como base alimentaria en el municipio de San Miguel Panán, departamento de Suchitepéquez."
Cultivo de Caña de Azúcar en San Miguel Panán,Agrícola,"Cultivo extensivo de caña de azúcar en las planicies fértiles de San Miguel Panán, Suchitepéquez."
Cultivo de Banano en San Miguel Panán,Agrícola,"Producción de banano y plátano para exportación en San Miguel Panán, Suchitepéquez."
Producción Ganadera en San Miguel Panán,Pecuaria,"Crianza de ganado vacuno de doble propósito en San Miguel Panán, Suchitepéquez."
Cultivo de Maíz en San Gabriel,Agrícola,"Producción local y siembra tradicional de maíz para consumo básico en el municipio de San Gabriel, departamento de Suchitepéquez."
Cultivo de Frijol en San Gabriel,Agrícola,"Siembra y cosecha de frijol negro tradicional como base alimentaria en el municipio de San Gabriel, departamento de Suchitepéquez."
Cultivo de Caña de Azúcar en San Gabriel,Agrícola,"Cultivo extensivo de caña de azúcar en las planicies fértiles de San Gabriel, Suchitepéquez."
Cultivo de Banano en San Gabriel,Agrícola,"Producción de banano y plátano para exportación en San Gabriel, Suchitepéquez."
Producción Ganadera en San Gabriel,Pecuaria,"Crianza de ganado vacuno de doble propósito en San Gabriel, Suchitepéquez."
Cultivo de Maíz en Chicacao,Agrícola,"Producción local y siembra tradicional de maíz para consumo básico en el municipio de Chicacao, departamento de Suchitepéquez."
Cultivo de Frijol en Chicacao,Agrícola,"Siembra y cosecha de frijol negro tradicional como base alimentaria en el municipio de Chicacao, departamento de Suchitepéquez."
Cultivo de Caña de Azúcar en Chicacao,Agrícola,"Cultivo extensivo de caña de azúcar en las planicies fértiles de Chicacao, Suchitepéquez."
Cultivo de Banano en Chicacao,Agrícola,"Producción de banano y plátano para exportación en Chicacao, Suchitepéquez."
Producción Ganadera en Chicacao,Pecuaria,"Crianza de ganado vacuno de doble propósito en Chicacao, Suchitepéquez."
Cultivo de Maíz en Patulul,Agrícola,"Producción local y siembra tradicional de maíz para consumo básico en el municipio de Patulul, departamento de Suchitepéquez."
Cultivo de Frijol en Patulul,Agrícola,"Siembra y cosecha de frijol negro tradicional como base alimentaria en el municipio de Patulul, departamento de Suchitepéquez."
Cultivo de Caña de Azúcar en Patulul,Agrícola,"Cultivo extensivo de caña de azúcar en las planicies fértiles de Patulul, Suchitepéquez."
Cultivo de Banano en Patulul,Agrícola,"Producción de banano y plátano para exportación en Patulul, Suchitepéquez."
Producción Ganadera en Patulul,Pecuaria,"Crianza de ganado vacuno de doble propósito en Patulul, Suchitepéquez."
Cultivo de Maíz en Santa Bárbara,Agrícola,"Producción local y siembra tradicional de maíz para consumo básico en el municipio de Santa Bárbara, departamento de Suchitepéquez."
Cultivo de Frijol en Santa Bárbara,Agrícola,"Siembra y cosecha de frijol negro tradicional como base alimentaria en el municipio de Santa Bárbara, departamento de Suchitepéquez."
Cultivo de Caña de Azúcar en Santa Bárbara,Agrícola,"Cultivo extensivo de caña de azúcar en las planicies fértiles de Santa Bárbara, Suchitepéquez."
Cultivo de Banano en Santa Bárbara,Agrícola,"Producción de banano y plátano para exportación en Santa Bárbara, Suchitepéquez."
Producción Ganadera en Santa Bárbara,Pecuaria,"Crianza de ganado vacuno de doble propósito en Santa Bárbara, Suchitepéquez."
Cultivo de Maíz en San Juan Bautista,Agrícola,"Producción local y siembra tradicional de maíz para consumo básico en el municipio de San Juan Bautista, departamento de Suchitepéquez."
Cultivo de Frijol en San Juan Bautista,Agrícola,"Siembra y cosecha de frijol negro tradicional como base alimentaria en el municipio de San Juan Bautista, departamento de Suchitepéquez."
Cultivo de Caña de Azúcar en San Juan Bautista,Agrícola,"Cultivo extensivo de caña de azúcar en las planicies fértiles de San Juan Bautista, Suchitepéquez."
Cultivo de Banano en San Juan Bautista,Agrícola,"Producción de banano y plátano para exportación en San Juan Bautista, Suchitepéquez."
Producción Ganadera en San Juan Bautista,Pecuaria,"Crianza de ganado vacuno de doble propósito en San Juan Bautista, Suchitepéquez."
Cultivo de Maíz en Santo Tomás La Unión,Agrícola,"Producción local y siembra tradicional de maíz para consumo básico en el municipio de Santo Tomás La Unión, departamento de Suchitepéquez."
Cultivo de Frijol en Santo Tomás La Unión,Agrícola,"Siembra y cosecha de frijol negro tradicional como base alimentaria en el municipio de Santo Tomás La Unión, departamento de Suchitepéquez."
Cultivo de Caña de Azúcar en Santo Tomás La Unión,Agrícola,"Cultivo extensivo de caña de azúcar en las planicies fértiles de Santo Tomás La Unión, Suchitepéquez."
Cultivo de Banano en Santo Tomás La Unión,Agrícola,"Producción de banano y plátano para exportación en Santo Tomás La Unión, Suchitepéquez."
Producción Ganadera en Santo Tomás La Unión,Pecuaria,"Crianza de ganado vacuno de doble propósito en Santo Tomás La Unión, Suchitepéquez."
Cultivo de Maíz en Zunilito,Agrícola,"Producción local y siembra tradicional de maíz para consumo básico en el municipio de Zunilito, departamento de Suchitepéquez."
Cultivo de Frijol en Zunilito,Agrícola,"Siembra y cosecha de frijol negro tradicional como base alimentaria en el municipio de Zunilito, departamento de Suchitepéquez."
Cultivo de Caña de Azúcar en Zunilito,Agrícola,"Cultivo extensivo de caña de azúcar en las planicies fértiles de Zunilito, Suchitepéquez."
Cultivo de Banano en Zunilito,Agrícola,"Producción de banano y plátano para exportación en Zunilito, Suchitepéquez."
Producción Ganadera en Zunilito,Pecuaria,"Crianza de ganado vacuno de doble propósito en Zunilito, Suchitepéquez."
Cultivo de Maíz en Pueblo Nuevo,Agrícola,"Producción local y siembra tradicional de maíz para consumo básico en el municipio de Pueblo Nuevo, departamento de Suchitepéquez."
Cultivo de Frijol en Pueblo Nuevo,Agrícola,"Siembra y cosecha de frijol negro tradicional como base alimentaria en el municipio de Pueblo Nuevo, departamento de Suchitepéquez."
Cultivo de Caña de Azúcar en Pueblo Nuevo,Agrícola,"Cultivo extensivo de caña de azúcar en las planicies fértiles de Pueblo Nuevo, Suchitepéquez."
Cultivo de Banano en Pueblo Nuevo,Agrícola,"Producción de banano y plátano para exportación en Pueblo Nuevo, Suchitepéquez."
Producción Ganadera en Pueblo Nuevo,Pecuaria,"Crianza de ganado vacuno de doble propósito en Pueblo Nuevo, Suchitepéquez."
Cultivo de Maíz en Río Bravo,Agrícola,"Producción local y siembra tradicional de maíz para consumo básico en el municipio de Río Bravo, departamento de Suchitepéquez."
Cultivo de Frijol en Río Bravo,Agrícola,"Siembra y cosecha de frijol negro tradicional como base alimentaria en el municipio de Río Bravo, departamento de Suchitepéquez."
Cultivo de Caña de Azúcar en Río Bravo,Agrícola,"Cultivo extensivo de caña de azúcar en las planicies fértiles de Río Bravo, Suchitepéquez."
Cultivo de Banano en Río Bravo,Agrícola,"Producción de banano y plátano para exportación en Río Bravo, Suchitepéquez."
Producción Ganadera en Río Bravo,Pecuaria,"Crianza de ganado vacuno de doble propósito en Río Bravo, Suchitepéquez."
Cultivo de Maíz en San José La Máquina,Agrícola,"Producción local y siembra tradicional de maíz para consumo básico en el municipio de San José La Máquina, departamento de Suchitepéquez."
Cultivo de Frijol en San José La Máquina,Agrícola,"Siembra y cosecha de frijol negro tradicional como base alimentaria en el municipio de San José La Máquina, departamento de Suchitepéquez."
Cultivo de Caña de Azúcar en San José La Máquina,Agrícola,"Cultivo extensivo de caña de azúcar en las planicies fértiles de San José La Máquina, Suchitepéquez."
Cultivo de Banano en San José La Máquina,Agrícola,"Producción de banano y plátano para exportación en San José La Máquina, Suchitepéquez."
Producción Ganadera en San José La Máquina,Pecuaria,"Crianza de ganado vacuno de doble propósito en San José La Máquina, Suchitepéquez."
Cultivo de Maíz en Retalhuleu,Agrícola,"Producción local y siembra tradicional de maíz para consumo básico en el municipio de Retalhuleu, departamento de Retalhuleu."
Cultivo de Frijol en Retalhuleu,Agrícola,"Siembra y cosecha de frijol negro tradicional como base alimentaria en el municipio de Retalhuleu, departamento de Retalhuleu."
Cultivo de Caña de Azúcar en Retalhuleu,Agrícola,"Cultivo extensivo de caña de azúcar en las planicies fértiles de Retalhuleu, Retalhuleu."
Cultivo de Banano en Retalhuleu,Agrícola,"Producción de banano y plátano para exportación en Retalhuleu, Retalhuleu."
Producción Ganadera en Retalhuleu,Pecuaria,"Crianza de ganado vacuno de doble propósito en Retalhuleu, Retalhuleu."
Cultivo de Maíz en San Sebastián,Agrícola,"Producción local y siembra tradicional de maíz para consumo básico en el municipio de San Sebastián, departamento de Retalhuleu."
Cultivo de Frijol en San Sebastián,Agrícola,"Siembra y cosecha de frijol negro tradicional como base alimentaria en el municipio de San Sebastián, departamento de Retalhuleu."
Cultivo de Caña de Azúcar en San Sebastián,Agrícola,"Cultivo extensivo de caña de azúcar en las planicies fértiles de San Sebastián, Retalhuleu."
Cultivo de Banano en San Sebastián,Agrícola,"Producción de banano y plátano para exportación en San Sebastián, Retalhuleu."
Producción Ganadera en San Sebastián,Pecuaria,"Crianza de ganado vacuno de doble propósito en San Sebastián, Retalhuleu."
Cultivo de Maíz en Santa Cruz Muluá,Agrícola,"Producción local y siembra tradicional de maíz para consumo básico en el municipio de Santa Cruz Muluá, departamento de Retalhuleu."
Cultivo de Frijol en Santa Cruz Muluá,Agrícola,"Siembra y cosecha de frijol negro tradicional como base alimentaria en el municipio de Santa Cruz Muluá, departamento de Retalhuleu."
Cultivo de Caña de Azúcar en Santa Cruz Muluá,Agrícola,"Cultivo extensivo de caña de azúcar en las planicies fértiles de Santa Cruz Muluá, Retalhuleu."
Cultivo de Banano en Santa Cruz Muluá,Agrícola,"Producción de banano y plátano para exportación en Santa Cruz Muluá, Retalhuleu."
Producción Ganadera en Santa Cruz Muluá,Pecuaria,"Crianza de ganado vacuno de doble propósito en Santa Cruz Muluá, Retalhuleu."
Cultivo de Maíz en San Martín Zapotitlán,Agrícola,"Producción local y siembra tradicional de maíz para consumo básico en el municipio de San Martín Zapotitlán, departamento de Retalhuleu."
Cultivo de Frijol en San Martín Zapotitlán,Agrícola,"Siembra y cosecha de frijol negro tradicional como base alimentaria en el municipio de San Martín Zapotitlán, departamento de Retalhuleu."
Cultivo de Caña de Azúcar en San Martín Zapotitlán,Agrícola,"Cultivo extensivo de caña de azúcar en las planicies fértiles de San Martín Zapotitlán, Retalhuleu."
Cultivo de Banano en San Martín Zapotitlán,Agrícola,"Producción de banano y plátano para exportación en San Martín Zapotitlán, Retalhuleu."
Producción Ganadera en San Martín Zapotitlán,Pecuaria,"Crianza de ganado vacuno de doble propósito en San Martín Zapotitlán, Retalhuleu."
Cultivo de Maíz en San Felipe,Agrícola,"Producción local y siembra tradicional de maíz para consumo básico en el municipio de San Felipe, departamento de Retalhuleu."
Cultivo de Frijol en San Felipe,Agrícola,"Siembra y cosecha de frijol negro tradicional como base alimentaria en el municipio de San Felipe, departamento de Retalhuleu."
Cultivo de Caña de Azúcar en San Felipe,Agrícola,"Cultivo extensivo de caña de azúcar en las planicies fértiles de San Felipe, Retalhuleu."
Cultivo de Banano en San Felipe,Agrícola,"Producción de banano y plátano para exportación en San Felipe, Retalhuleu."
Producción Ganadera en San Felipe,Pecuaria,"Crianza de ganado vacuno de doble propósito en San Felipe, Retalhuleu."
Cultivo de Maíz en San Andrés Villa Seca,Agrícola,"Producción local y siembra tradicional de maíz para consumo básico en el municipio de San Andrés Villa Seca, departamento de Retalhuleu."
Cultivo de Frijol en San Andrés Villa Seca,Agrícola,"Siembra y cosecha de frijol negro tradicional como base alimentaria en el municipio de San Andrés Villa Seca, departamento de Retalhuleu."
Cultivo de Caña de Azúcar en San Andrés Villa Seca,Agrícola,"Cultivo extensivo de caña de azúcar en las planicies fértiles de San Andrés Villa Seca, Retalhuleu."
Cultivo de Banano en San Andrés Villa Seca,Agrícola,"Producción de banano y plátano para exportación en San Andrés Villa Seca, Retalhuleu."
Producción Ganadera en San Andrés Villa Seca,Pecuaria,"Crianza de ganado vacuno de doble propósito en San Andrés Villa Seca, Retalhuleu."
Cultivo de Maíz en Champerico,Agrícola,"Producción local y siembra tradicional de maíz para consumo básico en el municipio de Champerico, departamento de Retalhuleu."
Cultivo de Frijol en Champerico,Agrícola,"Siembra y cosecha de frijol negro tradicional como base alimentaria en el municipio de Champerico, departamento de Retalhuleu."
Cultivo de Caña de Azúcar en Champerico,Agrícola,"Cultivo extensivo de caña de azúcar en las planicies fértiles de Champerico, Retalhuleu."
Cultivo de Banano en Champerico,Agrícola,"Producción de banano y plátano para exportación en Champerico, Retalhuleu."
Producción Ganadera en Champerico,Pecuaria,"Crianza de ganado vacuno de doble propósito en Champerico, Retalhuleu."
Cultivo de Maíz en Nuevo San Carlos,Agrícola,"Producción local y siembra tradicional de maíz para consumo básico en el municipio de Nuevo San Carlos, departamento de Retalhuleu."
Cultivo de Frijol en Nuevo San Carlos,Agrícola,"Siembra y cosecha de frijol negro tradicional como base alimentaria en el municipio de Nuevo San Carlos, departamento de Retalhuleu."
Cultivo de Caña de Azúcar en Nuevo San Carlos,Agrícola,"Cultivo extensivo de caña de azúcar en las planicies fértiles de Nuevo San Carlos, Retalhuleu."
Cultivo de Banano en Nuevo San Carlos,Agrícola,"Producción de banano y plátano para exportación en Nuevo San Carlos, Retalhuleu."
Producción Ganadera en Nuevo San Carlos,Pecuaria,"Crianza de ganado vacuno de doble propósito en Nuevo San Carlos, Retalhuleu."
Cultivo de Maíz en El Asintal,Agrícola,"Producción local y siembra tradicional de maíz para consumo básico en el municipio de El Asintal, departamento de Retalhuleu."
Cultivo de Frijol en El Asintal,Agrícola,"Siembra y cosecha de frijol negro tradicional como base alimentaria en el municipio de El Asintal, departamento de Retalhuleu."
Cultivo de Caña de Azúcar en El Asintal,Agrícola,"Cultivo extensivo de caña de azúcar en las planicies fértiles de El Asintal, Retalhuleu."
Cultivo de Banano en El Asintal,Agrícola,"Producción de banano y plátano para exportación en El Asintal, Retalhuleu."
Producción Ganadera en El Asintal,Pecuaria,"Crianza de ganado vacuno de doble propósito en El Asintal, Retalhuleu."
Cultivo de Maíz en San Marcos,Agrícola,"Producción local y siembra tradicional de maíz para consumo básico en el municipio de San Marcos, departamento de San Marcos."
Cultivo de Frijol en San Marcos,Agrícola,"Siembra y cosecha de frijol negro tradicional como base alimentaria en el municipio de San Marcos, departamento de San Marcos."
Cultivo de Café en San Marcos,Agrícola,"Producción de café especial de altura en el municipio montañoso de San Marcos, San Marcos."
Apicultura en San Marcos,Agrícola,"Producción de miel de abeja y cera en San Marcos, San Marcos."
Cultivo de Maíz en San Pedro Sacatepéquez,Agrícola,"Producción local y siembra tradicional de maíz para consumo básico en el municipio de San Pedro Sacatepéquez, departamento de San Marcos."
Cultivo de Frijol en San Pedro Sacatepéquez,Agrícola,"Siembra y cosecha de frijol negro tradicional como base alimentaria en el municipio de San Pedro Sacatepéquez, departamento de San Marcos."
Cultivo de Café en San Pedro Sacatepéquez,Agrícola,"Producción de café especial de altura en el municipio montañoso de San Pedro Sacatepéquez, San Marcos."
Apicultura en San Pedro Sacatepéquez,Agrícola,"Producción de miel de abeja y cera en San Pedro Sacatepéquez, San Marcos."
Cultivo de Maíz en San Antonio Sacatepéquez,Agrícola,"Producción local y siembra tradicional de maíz para consumo básico en el municipio de San Antonio Sacatepéquez, departamento de San Marcos."
Cultivo de Frijol en San Antonio Sacatepéquez,Agrícola,"Siembra y cosecha de frijol negro tradicional como base alimentaria en el municipio de San Antonio Sacatepéquez, departamento de San Marcos."
Cultivo de Café en San Antonio Sacatepéquez,Agrícola,"Producción de café especial de altura en el municipio montañoso de San Antonio Sacatepéquez, San Marcos."
Apicultura en San Antonio Sacatepéquez,Agrícola,"Producción de miel de abeja y cera en San Antonio Sacatepéquez, San Marcos."
Cultivo de Maíz en Comitancillo,Agrícola,"Producción local y siembra tradicional de maíz para consumo básico en el municipio de Comitancillo, departamento de San Marcos."
Cultivo de Frijol en Comitancillo,Agrícola,"Siembra y cosecha de frijol negro tradicional como base alimentaria en el municipio de Comitancillo, departamento de San Marcos."
Cultivo de Café en Comitancillo,Agrícola,"Producción de café especial de altura en el municipio montañoso de Comitancillo, San Marcos."
Apicultura en Comitancillo,Agrícola,"Producción de miel de abeja y cera en Comitancillo, San Marcos."
Cultivo de Maíz en San Miguel Ixtahuacán,Agrícola,"Producción local y siembra tradicional de maíz para consumo básico en el municipio de San Miguel Ixtahuacán, departamento de San Marcos."
Cultivo de Frijol en San Miguel Ixtahuacán,Agrícola,"Siembra y cosecha de frijol negro tradicional como base alimentaria en el municipio de San Miguel Ixtahuacán, departamento de San Marcos."
Cultivo de Café en San Miguel Ixtahuacán,Agrícola,"Producción de café especial de altura en el municipio montañoso de San Miguel Ixtahuacán, San Marcos."
Apicultura en San Miguel Ixtahuacán,Agrícola,"Producción de miel de abeja y cera en San Miguel Ixtahuacán, San Marcos."
Cultivo de Maíz en Concepción Tutuapa,Agrícola,"Producción local y siembra tradicional de maíz para consumo básico en el municipio de Concepción Tutuapa, departamento de San Marcos."
Cultivo de Frijol en Concepción Tutuapa,Agrícola,"Siembra y cosecha de frijol negro tradicional como base alimentaria en el municipio de Concepción Tutuapa, departamento de San Marcos."
Cultivo de Café en Concepción Tutuapa,Agrícola,"Producción de café especial de altura en el municipio montañoso de Concepción Tutuapa, San Marcos."
Apicultura en Concepción Tutuapa,Agrícola,"Producción de miel de abeja y cera en Concepción Tutuapa, San Marcos."
Cultivo de Maíz en Tacaná,Agrícola,"Producción local y siembra tradicional de maíz para consumo básico en el municipio de Tacaná, departamento de San Marcos."
Cultivo de Frijol en Tacaná,Agrícola,"Siembra y cosecha de frijol negro tradicional como base alimentaria en el municipio de Tacaná, departamento de San Marcos."
Cultivo de Café en Tacaná,Agrícola,"Producción de café especial de altura en el municipio montañoso de Tacaná, San Marcos."
Apicultura en Tacaná,Agrícola,"Producción de miel de abeja y cera en Tacaná, San Marcos."
Cultivo de Maíz en Sibinal,Agrícola,"Producción local y siembra tradicional de maíz para consumo básico en el municipio de Sibinal, departamento de San Marcos."
Cultivo de Frijol en Sibinal,Agrícola,"Siembra y cosecha de frijol negro tradicional como base alimentaria en el municipio de Sibinal, departamento de San Marcos."
Cultivo de Café en Sibinal,Agrícola,"Producción de café especial de altura en el municipio montañoso de Sibinal, San Marcos."
Apicultura en Sibinal,Agrícola,"Producción de miel de abeja y cera en Sibinal, San Marcos."
Cultivo de Maíz en Tajumulco,Agrícola,"Producción local y siembra tradicional de maíz para consumo básico en el municipio de Tajumulco, departamento de San Marcos."
Cultivo de Frijol en Tajumulco,Agrícola,"Siembra y cosecha de frijol negro tradicional como base alimentaria en el municipio de Tajumulco, departamento de San Marcos."
Cultivo de Café en Tajumulco,Agrícola,"Producción de café especial de altura en el municipio montañoso de Tajumulco, San Marcos."
Apicultura en Tajumulco,Agrícola,"Producción de miel de abeja y cera en Tajumulco, San Marcos."
Cultivo de Maíz en Tejutla,Agrícola,"Producción local y siembra tradicional de maíz para consumo básico en el municipio de Tejutla, departamento de San Marcos."
Cultivo de Frijol en Tejutla,Agrícola,"Siembra y cosecha de frijol negro tradicional como base alimentaria en el municipio de Tejutla, departamento de San Marcos."
Cultivo de Café en Tejutla,Agrícola,"Producción de café especial de altura en el municipio montañoso de Tejutla, San Marcos."
Apicultura en Tejutla,Agrícola,"Producción de miel de abeja y cera en Tejutla, San Marcos."
Cultivo de Maíz en San Rafael Pie de la Cuesta,Agrícola,"Producción local y siembra tradicional de maíz para consumo básico en el municipio de San Rafael Pie de la Cuesta, departamento de San Marcos."
Cultivo de Frijol en San Rafael Pie de la Cuesta,Agrícola,"Siembra y cosecha de frijol negro tradicional como base alimentaria en el municipio de San Rafael Pie de la Cuesta, departamento de San Marcos."
Cultivo de Café en San Rafael Pie de la Cuesta,Agrícola,"Producción de café especial de altura en el municipio montañoso de San Rafael Pie de la Cuesta, San Marcos."
Apicultura en San Rafael Pie de la Cuesta,Agrícola,"Producción de miel de abeja y cera en San Rafael Pie de la Cuesta, San Marcos."
Cultivo de Maíz en Nuevo Progreso,Agrícola,"Producción local y siembra tradicional de maíz para consumo básico en el municipio de Nuevo Progreso, departamento de San Marcos."
Cultivo de Frijol en Nuevo Progreso,Agrícola,"Siembra y cosecha de frijol negro tradicional como base alimentaria en el municipio de Nuevo Progreso, departamento de San Marcos."
Cultivo de Café en Nuevo Progreso,Agrícola,"Producción de café especial de altura en el municipio montañoso de Nuevo Progreso, San Marcos."
Apicultura en Nuevo Progreso,Agrícola,"Producción de miel de abeja y cera en Nuevo Progreso, San Marcos."
Cultivo de Maíz en El Tumbador,Agrícola,"Producción local y siembra tradicional de maíz para consumo básico en el municipio de El Tumbador, departamento de San Marcos."
Cultivo de Frijol en El Tumbador,Agrícola,"Siembra y cosecha de frijol negro tradicional como base alimentaria en el municipio de El Tumbador, departamento de San Marcos."
Cultivo de Café en El Tumbador,Agrícola,"Producción de café especial de altura en el municipio montañoso de El Tumbador, San Marcos."
Apicultura en El Tumbador,Agrícola,"Producción de miel de abeja y cera en El Tumbador, San Marcos."
Cultivo de Maíz en El Rodeo,Agrícola,"Producción local y siembra tradicional de maíz para consumo básico en el municipio de El Rodeo, departamento de San Marcos."
Cultivo de Frijol en El Rodeo,Agrícola,"Siembra y cosecha de frijol negro tradicional como base alimentaria en el municipio de El Rodeo, departamento de San Marcos."
Cultivo de Café en El Rodeo,Agrícola,"Producción de café especial de altura en el municipio montañoso de El Rodeo, San Marcos."
Apicultura en El Rodeo,Agrícola,"Producción de miel de abeja y cera en El Rodeo, San Marcos."
Cultivo de Maíz en Malacatán,Agrícola,"Producción local y siembra tradicional de maíz para consumo básico en el municipio de Malacatán, departamento de San Marcos."
Cultivo de Frijol en Malacatán,Agrícola,"Siembra y cosecha de frijol negro tradicional como base alimentaria en el municipio de Malacatán, departamento de San Marcos."
Cultivo de Café en Malacatán,Agrícola,"Producción de café especial de altura en el municipio montañoso de Malacatán, San Marcos."
Apicultura en Malacatán,Agrícola,"Producción de miel de abeja y cera en Malacatán, San Marcos."
Cultivo de Maíz en Catarina,Agrícola,"Producción local y siembra tradicional de maíz para consumo básico en el municipio de Catarina, departamento de San Marcos."
Cultivo de Frijol en Catarina,Agrícola,"Siembra y cosecha de frijol negro tradicional como base alimentaria en el municipio de Catarina, departamento de San Marcos."
Cultivo de Café en Catarina,Agrícola,"Producción de café especial de altura en el municipio montañoso de Catarina, San Marcos."
Apicultura en Catarina,Agrícola,"Producción de miel de abeja y cera en Catarina, San Marcos."
Cultivo de Maíz en Ayutla,Agrícola,"Producción local y siembra tradicional de maíz para consumo básico en el municipio de Ayutla, departamento de San Marcos."
Cultivo de Frijol en Ayutla,Agrícola,"Siembra y cosecha de frijol negro tradicional como base alimentaria en el municipio de Ayutla, departamento de San Marcos."
Cultivo de Café en Ayutla,Agrícola,"Producción de café especial de altura en el municipio montañoso de Ayutla, San Marcos."
Apicultura en Ayutla,Agrícola,"Producción de miel de abeja y cera en Ayutla, San Marcos."
Cultivo de Maíz en Ocós,Agrícola,"Producción local y siembra tradicional de maíz para consumo básico en el municipio de Ocós, departamento de San Marcos."
Cultivo de Frijol en Ocós,Agrícola,"Siembra y cosecha de frijol negro tradicional como base alimentaria en el municipio de Ocós, departamento de San Marcos."
Cultivo de Café en Ocós,Agrícola,"Producción de café especial de altura en el municipio montañoso de Ocós, San Marcos."
Apicultura en Ocós,Agrícola,"Producción de miel de abeja y cera en Ocós, San Marcos."
Cultivo de Maíz en San Pablo,Agrícola,"Producción local y siembra tradicional de maíz para consumo básico en el municipio de San Pablo, departamento de San Marcos."
Cultivo de Frijol en San Pablo,Agrícola,"Siembra y cosecha de frijol negro tradicional como base alimentaria en el municipio de San Pablo, departamento de San Marcos."
Cultivo de Café en San Pablo,Agrícola,"Producción de café especial de altura en el municipio montañoso de San Pablo, San Marcos."
Apicultura en San Pablo,Agrícola,"Producción de miel de abeja y cera en San Pablo, San Marcos."
Cultivo de Maíz en El Quetzal,Agrícola,"Producción local y siembra tradicional de maíz para consumo básico en el municipio de El Quetzal, departamento de San Marcos."
Cultivo de Frijol en El Quetzal,Agrícola,"Siembra y cosecha de frijol negro tradicional como base alimentaria en el municipio de El Quetzal, departamento de San Marcos."
Cultivo de Café en El Quetzal,Agrícola,"Producción de café especial de altura en el municipio montañoso de El Quetzal, San Marcos."
Apicultura en El Quetzal,Agrícola,"Producción de miel de abeja y cera en El Quetzal, San Marcos."
Cultivo de Maíz en La Reforma,Agrícola,"Producción local y siembra tradicional de maíz para consumo básico en el municipio de La Reforma, departamento de San Marcos."
Cultivo de Frijol en La Reforma,Agrícola,"Siembra y cosecha de frijol negro tradicional como base alimentaria en el municipio de La Reforma, departamento de San Marcos."
Cultivo de Café en La Reforma,Agrícola,"Producción de café especial de altura en el municipio montañoso de La Reforma, San Marcos."
Apicultura en La Reforma,Agrícola,"Producción de miel de abeja y cera en La Reforma, San Marcos."
Cultivo de Maíz en Pajapita,Agrícola,"Producción local y siembra tradicional de maíz para consumo básico en el municipio de Pajapita, departamento de San Marcos."
Cultivo de Frijol en Pajapita,Agrícola,"Siembra y cosecha de frijol negro tradicional como base alimentaria en el municipio de Pajapita, departamento de San Marcos."
Cultivo de Café en Pajapita,Agrícola,"Producción de café especial de altura en el municipio montañoso de Pajapita, San Marcos."
Apicultura en Pajapita,Agrícola,"Producción de miel de abeja y cera en Pajapita, San Marcos."
Cultivo de Maíz en Ixchiguán,Agrícola,"Producción local y siembra tradicional de maíz para consumo básico en el municipio de Ixchiguán, departamento de San Marcos."
Cultivo de Frijol en Ixchiguán,Agrícola,"Siembra y cosecha de frijol negro tradicional como base alimentaria en el municipio de Ixchiguán, departamento de San Marcos."
Cultivo de Café en Ixchiguán,Agrícola,"Producción de café especial de altura en el municipio montañoso de Ixchiguán, San Marcos."
Apicultura en Ixchiguán,Agrícola,"Producción de miel de abeja y cera en Ixchiguán, San Marcos."
Cultivo de Maíz en San José Ojetenam,Agrícola,"Producción local y siembra tradicional de maíz para consumo básico en el municipio de San José Ojetenam, departamento de San Marcos."
Cultivo de Frijol en San José Ojetenam,Agrícola,"Siembra y cosecha de frijol negro tradicional como base alimentaria en el municipio de San José Ojetenam, departamento de San Marcos."
Cultivo de Café en San José Ojetenam,Agrícola,"Producción de café especial de altura en el municipio montañoso de San José Ojetenam, San Marcos."
Apicultura en San José Ojetenam,Agrícola,"Producción de miel de abeja y cera en San José Ojetenam, San Marcos."
Cultivo de Maíz en San Cristóbal Cucho,Agrícola,"Producción local y siembra tradicional de maíz para consumo básico en el municipio de San Cristóbal Cucho, departamento de San Marcos."
Cultivo de Frijol en San Cristóbal Cucho,Agrícola,"Siembra y cosecha de frijol negro tradicional como base alimentaria en el municipio de San Cristóbal Cucho, departamento de San Marcos."
Cultivo de Café en San Cristóbal Cucho,Agrícola,"Producción de café especial de altura en el municipio montañoso de San Cristóbal Cucho, San Marcos."
Apicultura en San Cristóbal Cucho,Agrícola,"Producción de miel de abeja y cera en San Cristóbal Cucho, San Marcos."
Cultivo de Maíz en Sipacapa,Agrícola,"Producción local y siembra tradicional de maíz para consumo básico en el municipio de Sipacapa, departamento de San Marcos."
Cultivo de Frijol en Sipacapa,Agrícola,"Siembra y cosecha de frijol negro tradicional como base alimentaria en el municipio de Sipacapa, departamento de San Marcos."
Cultivo de Café en Sipacapa,Agrícola,"Producción de café especial de altura en el municipio montañoso de Sipacapa, San Marcos."
Apicultura en Sipacapa,Agrícola,"Producción de miel de abeja y cera en Sipacapa, San Marcos."
Cultivo de Maíz en Esquipulas Palo Gordo,Agrícola,"Producción local y siembra tradicional de maíz para consumo básico en el municipio de Esquipulas Palo Gordo, departamento de San Marcos."
Cultivo de Frijol en Esquipulas Palo Gordo,Agrícola,"Siembra y cosecha de frijol negro tradicional como base alimentaria en el municipio de Esquipulas Palo Gordo, departamento de San Marcos."
Cultivo de Café en Esquipulas Palo Gordo,Agrícola,"Producción de café especial de altura en el municipio montañoso de Esquipulas Palo Gordo, San Marcos."
Apicultura en Esquipulas Palo Gordo,Agrícola,"Producción de miel de abeja y cera en Esquipulas Palo Gordo, San Marcos."
Cultivo de Maíz en Río Blanco,Agrícola,"Producción local y siembra tradicional de maíz para consumo básico en el municipio de Río Blanco, departamento de San Marcos."
Cultivo de Frijol en Río Blanco,Agrícola,"Siembra y cosecha de frijol negro tradicional como base alimentaria en el municipio de Río Blanco, departamento de San Marcos."
Cultivo de Café en Río Blanco,Agrícola,"Producción de café especial de altura en el municipio montañoso de Río Blanco, San Marcos."
Apicultura en Río Blanco,Agrícola,"Producción de miel de abeja y cera en Río Blanco, San Marcos."
Cultivo de Maíz en San Lorenzo,Agrícola,"Producción local y siembra tradicional de maíz para consumo básico en el municipio de San Lorenzo, departamento de San Marcos."
Cultivo de Frijol en San Lorenzo,Agrícola,"Siembra y cosecha de frijol negro tradicional como base alimentaria en el municipio de San Lorenzo, departamento de San Marcos."
Cultivo de Café en San Lorenzo,Agrícola,"Producción de café especial de altura en el municipio montañoso de San Lorenzo, San Marcos."
Apicultura en San Lorenzo,Agrícola,"Producción de miel de abeja y cera en San Lorenzo, San Marcos."
Cultivo de Maíz en La Blanca,Agrícola,"Producción local y siembra tradicional de maíz para consumo básico en el municipio de La Blanca, departamento de San Marcos."
Cultivo de Frijol en La Blanca,Agrícola,"Siembra y cosecha de frijol negro tradicional como base alimentaria en el municipio de La Blanca, departamento de San Marcos."
Cultivo de Café en La Blanca,Agrícola,"Producción de café especial de altura en el municipio montañoso de La Blanca, San Marcos."
Apicultura en La Blanca,Agrícola,"Producción de miel de abeja y cera en La Blanca, San Marcos."
Cultivo de Maíz en Huehuetenango,Agrícola,"Producción local y siembra tradicional de maíz para consumo básico en el municipio de Huehuetenango, departamento de Huehuetenango."
Cultivo de Frijol en Huehuetenango,Agrícola,"Siembra y cosecha de frijol negro tradicional como base alimentaria en el municipio de Huehuetenango, departamento de Huehuetenango."
Cultivo de Café en Huehuetenango,Agrícola,"Producción de café especial de altura en el municipio montañoso de Huehuetenango, Huehuetenango."
Apicultura en Huehuetenango,Agrícola,"Producción de miel de abeja y cera en Huehuetenango, Huehuetenango."
Cultivo de Maíz en Chiantla,Agrícola,"Producción local y siembra tradicional de maíz para consumo básico en el municipio de Chiantla, departamento de Huehuetenango."
Cultivo de Frijol en Chiantla,Agrícola,"Siembra y cosecha de frijol negro tradicional como base alimentaria en el municipio de Chiantla, departamento de Huehuetenango."
Cultivo de Café en Chiantla,Agrícola,"Producción de café especial de altura en el municipio montañoso de Chiantla, Huehuetenango."
Apicultura en Chiantla,Agrícola,"Producción de miel de abeja y cera en Chiantla, Huehuetenango."
Cultivo de Maíz en Malacatancito,Agrícola,"Producción local y siembra tradicional de maíz para consumo básico en el municipio de Malacatancito, departamento de Huehuetenango."
Cultivo de Frijol en Malacatancito,Agrícola,"Siembra y cosecha de frijol negro tradicional como base alimentaria en el municipio de Malacatancito, departamento de Huehuetenango."
Cultivo de Café en Malacatancito,Agrícola,"Producción de café especial de altura en el municipio montañoso de Malacatancito, Huehuetenango."
Apicultura en Malacatancito,Agrícola,"Producción de miel de abeja y cera en Malacatancito, Huehuetenango."
Cultivo de Maíz en Cuilco,Agrícola,"Producción local y siembra tradicional de maíz para consumo básico en el municipio de Cuilco, departamento de Huehuetenango."
Cultivo de Frijol en Cuilco,Agrícola,"Siembra y cosecha de frijol negro tradicional como base alimentaria en el municipio de Cuilco, departamento de Huehuetenango."
Cultivo de Café en Cuilco,Agrícola,"Producción de café especial de altura en el municipio montañoso de Cuilco, Huehuetenango."
Apicultura en Cuilco,Agrícola,"Producción de miel de abeja y cera en Cuilco, Huehuetenango."
Cultivo de Maíz en Nentón,Agrícola,"Producción local y siembra tradicional de maíz para consumo básico en el municipio de Nentón, departamento de Huehuetenango."
Cultivo de Frijol en Nentón,Agrícola,"Siembra y cosecha de frijol negro tradicional como base alimentaria en el municipio de Nentón, departamento de Huehuetenango."
Cultivo de Café en Nentón,Agrícola,"Producción de café especial de altura en el municipio montañoso de Nentón, Huehuetenango."
Apicultura en Nentón,Agrícola,"Producción de miel de abeja y cera en Nentón, Huehuetenango."
Cultivo de Maíz en San Pedro Necta,Agrícola,"Producción local y siembra tradicional de maíz para consumo básico en el municipio de San Pedro Necta, departamento de Huehuetenango."
Cultivo de Frijol en San Pedro Necta,Agrícola,"Siembra y cosecha de frijol negro tradicional como base alimentaria en el municipio de San Pedro Necta, departamento de Huehuetenango."
Cultivo de Café en San Pedro Necta,Agrícola,"Producción de café especial de altura en el municipio montañoso de San Pedro Necta, Huehuetenango."
Apicultura en San Pedro Necta,Agrícola,"Producción de miel de abeja y cera en San Pedro Necta, Huehuetenango."
Cultivo de Maíz en Jacaltenango,Agrícola,"Producción local y siembra tradicional de maíz para consumo básico en el municipio de Jacaltenango, departamento de Huehuetenango."
Cultivo de Frijol en Jacaltenango,Agrícola,"Siembra y cosecha de frijol negro tradicional como base alimentaria en el municipio de Jacaltenango, departamento de Huehuetenango."
Cultivo de Café en Jacaltenango,Agrícola,"Producción de café especial de altura en el municipio montañoso de Jacaltenango, Huehuetenango."
Apicultura en Jacaltenango,Agrícola,"Producción de miel de abeja y cera en Jacaltenango, Huehuetenango."
Cultivo de Maíz en Soloma,Agrícola,"Producción local y siembra tradicional de maíz para consumo básico en el municipio de Soloma, departamento de Huehuetenango."
Cultivo de Frijol en Soloma,Agrícola,"Siembra y cosecha de frijol negro tradicional como base alimentaria en el municipio de Soloma, departamento de Huehuetenango."
Cultivo de Café en Soloma,Agrícola,"Producción de café especial de altura en el municipio montañoso de Soloma, Huehuetenango."
Apicultura en Soloma,Agrícola,"Producción de miel de abeja y cera en Soloma, Huehuetenango."
Cultivo de Maíz en Ixtahuacán,Agrícola,"Producción local y siembra tradicional de maíz para consumo básico en el municipio de Ixtahuacán, departamento de Huehuetenango."
Cultivo de Frijol en Ixtahuacán,Agrícola,"Siembra y cosecha de frijol negro tradicional como base alimentaria en el municipio de Ixtahuacán, departamento de Huehuetenango."
Cultivo de Café en Ixtahuacán,Agrícola,"Producción de café especial de altura en el municipio montañoso de Ixtahuacán, Huehuetenango."
Apicultura en Ixtahuacán,Agrícola,"Producción de miel de abeja y cera en Ixtahuacán, Huehuetenango."
Cultivo de Maíz en Santa Bárbara,Agrícola,"Producción local y siembra tradicional de maíz para consumo básico en el municipio de Santa Bárbara, departamento de Huehuetenango."
Cultivo de Frijol en Santa Bárbara,Agrícola,"Siembra y cosecha de frijol negro tradicional como base alimentaria en el municipio de Santa Bárbara, departamento de Huehuetenango."
Cultivo de Café en Santa Bárbara,Agrícola,"Producción de café especial de altura en el municipio montañoso de Santa Bárbara, Huehuetenango."
Apicultura en Santa Bárbara,Agrícola,"Producción de miel de abeja y cera en Santa Bárbara, Huehuetenango."
Cultivo de Maíz en La Libertad,Agrícola,"Producción local y siembra tradicional de maíz para consumo básico en el municipio de La Libertad, departamento de Huehuetenango."
Cultivo de Frijol en La Libertad,Agrícola,"Siembra y cosecha de frijol negro tradicional como base alimentaria en el municipio de La Libertad, departamento de Huehuetenango."
Cultivo de Café en La Libertad,Agrícola,"Producción de café especial de altura en el municipio montañoso de La Libertad, Huehuetenango."
Apicultura en La Libertad,Agrícola,"Producción de miel de abeja y cera en La Libertad, Huehuetenango."
Cultivo de Maíz en La Democracia,Agrícola,"Producción local y siembra tradicional de maíz para consumo básico en el municipio de La Democracia, departamento de Huehuetenango."
Cultivo de Frijol en La Democracia,Agrícola,"Siembra y cosecha de frijol negro tradicional como base alimentaria en el municipio de La Democracia, departamento de Huehuetenango."
Cultivo de Café en La Democracia,Agrícola,"Producción de café especial de altura en el municipio montañoso de La Democracia, Huehuetenango."
Apicultura en La Democracia,Agrícola,"Producción de miel de abeja y cera en La Democracia, Huehuetenango."
Cultivo de Maíz en San Miguel Acatán,Agrícola,"Producción local y siembra tradicional de maíz para consumo básico en el municipio de San Miguel Acatán, departamento de Huehuetenango."
Cultivo de Frijol en San Miguel Acatán,Agrícola,"Siembra y cosecha de frijol negro tradicional como base alimentaria en el municipio de San Miguel Acatán, departamento de Huehuetenango."
Cultivo de Café en San Miguel Acatán,Agrícola,"Producción de café especial de altura en el municipio montañoso de San Miguel Acatán, Huehuetenango."
Apicultura en San Miguel Acatán,Agrícola,"Producción de miel de abeja y cera en San Miguel Acatán, Huehuetenango."
Cultivo de Maíz en San Rafael La Independencia,Agrícola,"Producción local y siembra tradicional de maíz para consumo básico en el municipio de San Rafael La Independencia, departamento de Huehuetenango."
Cultivo de Frijol en San Rafael La Independencia,Agrícola,"Siembra y cosecha de frijol negro tradicional como base alimentaria en el municipio de San Rafael La Independencia, departamento de Huehuetenango."
Cultivo de Café en San Rafael La Independencia,Agrícola,"Producción de café especial de altura en el municipio montañoso de San Rafael La Independencia, Huehuetenango."
Apicultura en San Rafael La Independencia,Agrícola,"Producción de miel de abeja y cera en San Rafael La Independencia, Huehuetenango."
Cultivo de Maíz en Todos Santos Cuchumatán,Agrícola,"Producción local y siembra tradicional de maíz para consumo básico en el municipio de Todos Santos Cuchumatán, departamento de Huehuetenango."
Cultivo de Frijol en Todos Santos Cuchumatán,Agrícola,"Siembra y cosecha de frijol negro tradicional como base alimentaria en el municipio de Todos Santos Cuchumatán, departamento de Huehuetenango."
Cultivo de Café en Todos Santos Cuchumatán,Agrícola,"Producción de café especial de altura en el municipio montañoso de Todos Santos Cuchumatán, Huehuetenango."
Apicultura en Todos Santos Cuchumatán,Agrícola,"Producción de miel de abeja y cera en Todos Santos Cuchumatán, Huehuetenango."
Cultivo de Maíz en San Juan Atitán,Agrícola,"Producción local y siembra tradicional de maíz para consumo básico en el municipio de San Juan Atitán, departamento de Huehuetenango."
Cultivo de Frijol en San Juan Atitán,Agrícola,"Siembra y cosecha de frijol negro tradicional como base alimentaria en el municipio de San Juan Atitán, departamento de Huehuetenango."
Cultivo de Café en San Juan Atitán,Agrícola,"Producción de café especial de altura en el municipio montañoso de San Juan Atitán, Huehuetenango."
Apicultura en San Juan Atitán,Agrícola,"Producción de miel de abeja y cera en San Juan Atitán, Huehuetenango."
Cultivo de Maíz en Santa Eulalia,Agrícola,"Producción local y siembra tradicional de maíz para consumo básico en el municipio de Santa Eulalia, departamento de Huehuetenango."
Cultivo de Frijol en Santa Eulalia,Agrícola,"Siembra y cosecha de frijol negro tradicional como base alimentaria en el municipio de Santa Eulalia, departamento de Huehuetenango."
Cultivo de Café en Santa Eulalia,Agrícola,"Producción de café especial de altura en el municipio montañoso de Santa Eulalia, Huehuetenango."
Apicultura en Santa Eulalia,Agrícola,"Producción de miel de abeja y cera en Santa Eulalia, Huehuetenango."
Cultivo de Maíz en San Mateo Ixtatán,Agrícola,"Producción local y siembra tradicional de maíz para consumo básico en el municipio de San Mateo Ixtatán, departamento de Huehuetenango."
Cultivo de Frijol en San Mateo Ixtatán,Agrícola,"Siembra y cosecha de frijol negro tradicional como base alimentaria en el municipio de San Mateo Ixtatán, departamento de Huehuetenango."
Cultivo de Café en San Mateo Ixtatán,Agrícola,"Producción de café especial de altura en el municipio montañoso de San Mateo Ixtatán, Huehuetenango."
Apicultura en San Mateo Ixtatán,Agrícola,"Producción de miel de abeja y cera en San Mateo Ixtatán, Huehuetenango."
Cultivo de Maíz en Colotenango,Agrícola,"Producción local y siembra tradicional de maíz para consumo básico en el municipio de Colotenango, departamento de Huehuetenango."
Cultivo de Frijol en Colotenango,Agrícola,"Siembra y cosecha de frijol negro tradicional como base alimentaria en el municipio de Colotenango, departamento de Huehuetenango."
Cultivo de Café en Colotenango,Agrícola,"Producción de café especial de altura en el municipio montañoso de Colotenango, Huehuetenango."
Apicultura en Colotenango,Agrícola,"Producción de miel de abeja y cera en Colotenango, Huehuetenango."
Cultivo de Maíz en San Sebastián Huehuetenango,Agrícola,"Producción local y siembra tradicional de maíz para consumo básico en el municipio de San Sebastián Huehuetenango, departamento de Huehuetenango."
Cultivo de Frijol en San Sebastián Huehuetenango,Agrícola,"Siembra y cosecha de frijol negro tradicional como base alimentaria en el municipio de San Sebastián Huehuetenango, departamento de Huehuetenango."
Cultivo de Café en San Sebastián Huehuetenango,Agrícola,"Producción de café especial de altura en el municipio montañoso de San Sebastián Huehuetenango, Huehuetenango."
Apicultura en San Sebastián Huehuetenango,Agrícola,"Producción de miel de abeja y cera en San Sebastián Huehuetenango, Huehuetenango."
Cultivo de Maíz en Tectitán,Agrícola,"Producción local y siembra tradicional de maíz para consumo básico en el municipio de Tectitán, departamento de Huehuetenango."
Cultivo de Frijol en Tectitán,Agrícola,"Siembra y cosecha de frijol negro tradicional como base alimentaria en el municipio de Tectitán, departamento de Huehuetenango."
Cultivo de Café en Tectitán,Agrícola,"Producción de café especial de altura en el municipio montañoso de Tectitán, Huehuetenango."
Apicultura en Tectitán,Agrícola,"Producción de miel de abeja y cera en Tectitán, Huehuetenango."
Cultivo de Maíz en Concepción Huista,Agrícola,"Producción local y siembra tradicional de maíz para consumo básico en el municipio de Concepción Huista, departamento de Huehuetenango."
Cultivo de Frijol en Concepción Huista,Agrícola,"Siembra y cosecha de frijol negro tradicional como base alimentaria en el municipio de Concepción Huista, departamento de Huehuetenango."
Cultivo de Café en Concepción Huista,Agrícola,"Producción de café especial de altura en el municipio montañoso de Concepción Huista, Huehuetenango."
Apicultura en Concepción Huista,Agrícola,"Producción de miel de abeja y cera en Concepción Huista, Huehuetenango."
Cultivo de Maíz en San Juan Ixcoy,Agrícola,"Producción local y siembra tradicional de maíz para consumo básico en el municipio de San Juan Ixcoy, departamento de Huehuetenango."
Cultivo de Frijol en San Juan Ixcoy,Agrícola,"Siembra y cosecha de frijol negro tradicional como base alimentaria en el municipio de San Juan Ixcoy, departamento de Huehuetenango."
Cultivo de Café en San Juan Ixcoy,Agrícola,"Producción de café especial de altura en el municipio montañoso de San Juan Ixcoy, Huehuetenango."
Apicultura en San Juan Ixcoy,Agrícola,"Producción de miel de abeja y cera en San Juan Ixcoy, Huehuetenango."
Cultivo de Maíz en San Antonio Huista,Agrícola,"Producción local y siembra tradicional de maíz para consumo básico en el municipio de San Antonio Huista, departamento de Huehuetenango."
Cultivo de Frijol en San Antonio Huista,Agrícola,"Siembra y cosecha de frijol negro tradicional como base alimentaria en el municipio de San Antonio Huista, departamento de Huehuetenango."
Cultivo de Café en San Antonio Huista,Agrícola,"Producción de café especial de altura en el municipio montañoso de San Antonio Huista, Huehuetenango."
Apicultura en San Antonio Huista,Agrícola,"Producción de miel de abeja y cera en San Antonio Huista, Huehuetenango."
Cultivo de Maíz en San Sebastián Coatán,Agrícola,"Producción local y siembra tradicional de maíz para consumo básico en el municipio de San Sebastián Coatán, departamento de Huehuetenango."
Cultivo de Frijol en San Sebastián Coatán,Agrícola,"Siembra y cosecha de frijol negro tradicional como base alimentaria en el municipio de San Sebastián Coatán, departamento de Huehuetenango."
Cultivo de Café en San Sebastián Coatán,Agrícola,"Producción de café especial de altura en el municipio montañoso de San Sebastián Coatán, Huehuetenango."
Apicultura en San Sebastián Coatán,Agrícola,"Producción de miel de abeja y cera en San Sebastián Coatán, Huehuetenango."
Cultivo de Maíz en Barillas,Agrícola,"Producción local y siembra tradicional de maíz para consumo básico en el municipio de Barillas, departamento de Huehuetenango."
Cultivo de Frijol en Barillas,Agrícola,"Siembra y cosecha de frijol negro tradicional como base alimentaria en el municipio de Barillas, departamento de Huehuetenango."
Cultivo de Café en Barillas,Agrícola,"Producción de café especial de altura en el municipio montañoso de Barillas, Huehuetenango."
Apicultura en Barillas,Agrícola,"Producción de miel de abeja y cera en Barillas, Huehuetenango."
Cultivo de Maíz en Aguacatán,Agrícola,"Producción local y siembra tradicional de maíz para consumo básico en el municipio de Aguacatán, departamento de Huehuetenango."
Cultivo de Frijol en Aguacatán,Agrícola,"Siembra y cosecha de frijol negro tradicional como base alimentaria en el municipio de Aguacatán, departamento de Huehuetenango."
Cultivo de Café en Aguacatán,Agrícola,"Producción de café especial de altura en el municipio montañoso de Aguacatán, Huehuetenango."
Apicultura en Aguacatán,Agrícola,"Producción de miel de abeja y cera en Aguacatán, Huehuetenango."
Cultivo de Maíz en San Rafael Petzal,Agrícola,"Producción local y siembra tradicional de maíz para consumo básico en el municipio de San Rafael Petzal, departamento de Huehuetenango."
Cultivo de Frijol en San Rafael Petzal,Agrícola,"Siembra y cosecha de frijol negro tradicional como base alimentaria en el municipio de San Rafael Petzal, departamento de Huehuetenango."
Cultivo de Café en San Rafael Petzal,Agrícola,"Producción de café especial de altura en el municipio montañoso de San Rafael Petzal, Huehuetenango."
Apicultura en San Rafael Petzal,Agrícola,"Producción de miel de abeja y cera en San Rafael Petzal, Huehuetenango."
Cultivo de Maíz en San Gaspar Ixchil,Agrícola,"Producción local y siembra tradicional de maíz para consumo básico en el municipio de San Gaspar Ixchil, departamento de Huehuetenango."
Cultivo de Frijol en San Gaspar Ixchil,Agrícola,"Siembra y cosecha de frijol negro tradicional como base alimentaria en el municipio de San Gaspar Ixchil, departamento de Huehuetenango."
Cultivo de Café en San Gaspar Ixchil,Agrícola,"Producción de café especial de altura en el municipio montañoso de San Gaspar Ixchil, Huehuetenango."
Apicultura en San Gaspar Ixchil,Agrícola,"Producción de miel de abeja y cera en San Gaspar Ixchil, Huehuetenango."
Cultivo de Maíz en Santiago Chimaltenango,Agrícola,"Producción local y siembra tradicional de maíz para consumo básico en el municipio de Santiago Chimaltenango, departamento de Huehuetenango."
Cultivo de Frijol en Santiago Chimaltenango,Agrícola,"Siembra y cosecha de frijol negro tradicional como base alimentaria en el municipio de Santiago Chimaltenango, departamento de Huehuetenango."
Cultivo de Café en Santiago Chimaltenango,Agrícola,"Producción de café especial de altura en el municipio montañoso de Santiago Chimaltenango, Huehuetenango."
Apicultura en Santiago Chimaltenango,Agrícola,"Producción de miel de abeja y cera en Santiago Chimaltenango, Huehuetenango."
Cultivo de Maíz en Santa Ana Huista,Agrícola,"Producción local y siembra tradicional de maíz para consumo básico en el municipio de Santa Ana Huista, departamento de Huehuetenango."
Cultivo de Frijol en Santa Ana Huista,Agrícola,"Siembra y cosecha de frijol negro tradicional como base alimentaria en el municipio de Santa Ana Huista, departamento de Huehuetenango."
Cultivo de Café en Santa Ana Huista,Agrícola,"Producción de café especial de altura en el municipio montañoso de Santa Ana Huista, Huehuetenango."
Apicultura en Santa Ana Huista,Agrícola,"Producción de miel de abeja y cera en Santa Ana Huista, Huehuetenango."
Cultivo de Maíz en Unión Cantinil,Agrícola,"Producción local y siembra tradicional de maíz para consumo básico en el municipio de Unión Cantinil, departamento de Huehuetenango."
Cultivo de Frijol en Unión Cantinil,Agrícola,"Siembra y cosecha de frijol negro tradicional como base alimentaria en el municipio de Unión Cantinil, departamento de Huehuetenango."
Cultivo de Café en Unión Cantinil,Agrícola,"Producción de café especial de altura en el municipio montañoso de Unión Cantinil, Huehuetenango."
Apicultura en Unión Cantinil,Agrícola,"Producción de miel de abeja y cera en Unión Cantinil, Huehuetenango."
Cultivo de Maíz en Petatán,Agrícola,"Producción local y siembra tradicional de maíz para consumo básico en el municipio de Petatán, departamento de Huehuetenango."
Cultivo de Frijol en Petatán,Agrícola,"Siembra y cosecha de frijol negro tradicional como base alimentaria en el municipio de Petatán, departamento de Huehuetenango."
Cultivo de Café en Petatán,Agrícola,"Producción de café especial de altura en el municipio montañoso de Petatán, Huehuetenango."
Apicultura en Petatán,Agrícola,"Producción de miel de abeja y cera en Petatán, Huehuetenango."
Cultivo de Maíz en Santa Cruz del Quiché,Agrícola,"Producción local y siembra tradicional de maíz para consumo básico en el municipio de Santa Cruz del Quiché, departamento de Quiché."
Cultivo de Frijol en Santa Cruz del Quiché,Agrícola,"Siembra y cosecha de frijol negro tradicional como base alimentaria en el municipio de Santa Cruz del Quiché, departamento de Quiché."
Producción de Tejidos Mayas en Santa Cruz del Quiché,Artesanía/Textil,"Tejido tradicional en telar de cintura y pie de prendas coloridas típicas en Santa Cruz del Quiché, Quiché."
Producción de Cestería en Santa Cruz del Quiché,Artesanía/Textil,Tejido de canastas y sopladores con mimbre y fibras en Santa Cruz del Quiché.
Cultivo de Maíz en Chiché,Agrícola,"Producción local y siembra tradicional de maíz para consumo básico en el municipio de Chiché, departamento de Quiché."
Cultivo de Frijol en Chiché,Agrícola,"Siembra y cosecha de frijol negro tradicional como base alimentaria en el municipio de Chiché, departamento de Quiché."
Producción de Tejidos Mayas en Chiché,Artesanía/Textil,"Tejido tradicional en telar de cintura y pie de prendas coloridas típicas en Chiché, Quiché."
Producción de Cestería en Chiché,Artesanía/Textil,Tejido de canastas y sopladores con mimbre y fibras en Chiché.
Cultivo de Maíz en Chinique,Agrícola,"Producción local y siembra tradicional de maíz para consumo básico en el municipio de Chinique, departamento de Quiché."
Cultivo de Frijol en Chinique,Agrícola,"Siembra y cosecha de frijol negro tradicional como base alimentaria en el municipio de Chinique, departamento de Quiché."
Producción de Tejidos Mayas en Chinique,Artesanía/Textil,"Tejido tradicional en telar de cintura y pie de prendas coloridas típicas en Chinique, Quiché."
Producción de Cestería en Chinique,Artesanía/Textil,Tejido de canastas y sopladores con mimbre y fibras en Chinique.
Cultivo de Maíz en Zacualpa,Agrícola,"Producción local y siembra tradicional de maíz para consumo básico en el municipio de Zacualpa, departamento de Quiché."
Cultivo de Frijol en Zacualpa,Agrícola,"Siembra y cosecha de frijol negro tradicional como base alimentaria en el municipio de Zacualpa, departamento de Quiché."
Producción de Tejidos Mayas en Zacualpa,Artesanía/Textil,"Tejido tradicional en telar de cintura y pie de prendas coloridas típicas en Zacualpa, Quiché."
Producción de Cestería en Zacualpa,Artesanía/Textil,Tejido de canastas y sopladores con mimbre y fibras en Zacualpa.
Cultivo de Maíz en Chajul,Agrícola,"Producción local y siembra tradicional de maíz para consumo básico en el municipio de Chajul, departamento de Quiché."
Cultivo de Frijol en Chajul,Agrícola,"Siembra y cosecha de frijol negro tradicional como base alimentaria en el municipio de Chajul, departamento de Quiché."
Producción de Tejidos Mayas en Chajul,Artesanía/Textil,"Tejido tradicional en telar de cintura y pie de prendas coloridas típicas en Chajul, Quiché."
Producción de Cestería en Chajul,Artesanía/Textil,Tejido de canastas y sopladores con mimbre y fibras en Chajul.
Cultivo de Maíz en Chichicastenango,Agrícola,"Producción local y siembra tradicional de maíz para consumo básico en el municipio de Chichicastenango, departamento de Quiché."
Cultivo de Frijol en Chichicastenango,Agrícola,"Siembra y cosecha de frijol negro tradicional como base alimentaria en el municipio de Chichicastenango, departamento de Quiché."
Producción de Tejidos Mayas en Chichicastenango,Artesanía/Textil,"Tejido tradicional en telar de cintura y pie de prendas coloridas típicas en Chichicastenango, Quiché."
Producción de Cestería en Chichicastenango,Artesanía/Textil,Tejido de canastas y sopladores con mimbre y fibras en Chichicastenango.
Cultivo de Maíz en Patzité,Agrícola,"Producción local y siembra tradicional de maíz para consumo básico en el municipio de Patzité, departamento de Quiché."
Cultivo de Frijol en Patzité,Agrícola,"Siembra y cosecha de frijol negro tradicional como base alimentaria en el municipio de Patzité, departamento de Quiché."
Producción de Tejidos Mayas en Patzité,Artesanía/Textil,"Tejido tradicional en telar de cintura y pie de prendas coloridas típicas en Patzité, Quiché."
Producción de Cestería en Patzité,Artesanía/Textil,Tejido de canastas y sopladores con mimbre y fibras en Patzité.
Cultivo de Maíz en San Antonio Ilotenango,Agrícola,"Producción local y siembra tradicional de maíz para consumo básico en el municipio de San Antonio Ilotenango, departamento de Quiché."
Cultivo de Frijol en San Antonio Ilotenango,Agrícola,"Siembra y cosecha de frijol negro tradicional como base alimentaria en el municipio de San Antonio Ilotenango, departamento de Quiché."
Producción de Tejidos Mayas en San Antonio Ilotenango,Artesanía/Textil,"Tejido tradicional en telar de cintura y pie de prendas coloridas típicas en San Antonio Ilotenango, Quiché."
Producción de Cestería en San Antonio Ilotenango,Artesanía/Textil,Tejido de canastas y sopladores con mimbre y fibras en San Antonio Ilotenango.
Cultivo de Maíz en San Pedro Jocopilas,Agrícola,"Producción local y siembra tradicional de maíz para consumo básico en el municipio de San Pedro Jocopilas, departamento de Quiché."
Cultivo de Frijol en San Pedro Jocopilas,Agrícola,"Siembra y cosecha de frijol negro tradicional como base alimentaria en el municipio de San Pedro Jocopilas, departamento de Quiché."
Producción de Tejidos Mayas en San Pedro Jocopilas,Artesanía/Textil,"Tejido tradicional en telar de cintura y pie de prendas coloridas típicas en San Pedro Jocopilas, Quiché."
Producción de Cestería en San Pedro Jocopilas,Artesanía/Textil,Tejido de canastas y sopladores con mimbre y fibras en San Pedro Jocopilas.
Cultivo de Maíz en Cunén,Agrícola,"Producción local y siembra tradicional de maíz para consumo básico en el municipio de Cunén, departamento de Quiché."
Cultivo de Frijol en Cunén,Agrícola,"Siembra y cosecha de frijol negro tradicional como base alimentaria en el municipio de Cunén, departamento de Quiché."
Producción de Tejidos Mayas en Cunén,Artesanía/Textil,"Tejido tradicional en telar de cintura y pie de prendas coloridas típicas en Cunén, Quiché."
Producción de Cestería en Cunén,Artesanía/Textil,Tejido de canastas y sopladores con mimbre y fibras en Cunén.
Cultivo de Maíz en San Juan Cotzal,Agrícola,"Producción local y siembra tradicional de maíz para consumo básico en el municipio de San Juan Cotzal, departamento de Quiché."
Cultivo de Frijol en San Juan Cotzal,Agrícola,"Siembra y cosecha de frijol negro tradicional como base alimentaria en el municipio de San Juan Cotzal, departamento de Quiché."
Producción de Tejidos Mayas en San Juan Cotzal,Artesanía/Textil,"Tejido tradicional en telar de cintura y pie de prendas coloridas típicas en San Juan Cotzal, Quiché."
Producción de Cestería en San Juan Cotzal,Artesanía/Textil,Tejido de canastas y sopladores con mimbre y fibras en San Juan Cotzal.
Cultivo de Maíz en Joyabaj,Agrícola,"Producción local y siembra tradicional de maíz para consumo básico en el municipio de Joyabaj, departamento de Quiché."
Cultivo de Frijol en Joyabaj,Agrícola,"Siembra y cosecha de frijol negro tradicional como base alimentaria en el municipio de Joyabaj, departamento de Quiché."
Producción de Tejidos Mayas en Joyabaj,Artesanía/Textil,"Tejido tradicional en telar de cintura y pie de prendas coloridas típicas en Joyabaj, Quiché."
Producción de Cestería en Joyabaj,Artesanía/Textil,Tejido de canastas y sopladores con mimbre y fibras en Joyabaj.
Cultivo de Maíz en Nebaj,Agrícola,"Producción local y siembra tradicional de maíz para consumo básico en el municipio de Nebaj, departamento de Quiché."
Cultivo de Frijol en Nebaj,Agrícola,"Siembra y cosecha de frijol negro tradicional como base alimentaria en el municipio de Nebaj, departamento de Quiché."
Producción de Tejidos Mayas en Nebaj,Artesanía/Textil,"Tejido tradicional en telar de cintura y pie de prendas coloridas típicas en Nebaj, Quiché."
Producción de Cestería en Nebaj,Artesanía/Textil,Tejido de canastas y sopladores con mimbre y fibras en Nebaj.
Cultivo de Maíz en San Andrés Sajcabajá,Agrícola,"Producción local y siembra tradicional de maíz para consumo básico en el municipio de San Andrés Sajcabajá, departamento de Quiché."
Cultivo de Frijol en San Andrés Sajcabajá,Agrícola,"Siembra y cosecha de frijol negro tradicional como base alimentaria en el municipio de San Andrés Sajcabajá, departamento de Quiché."
Producción de Tejidos Mayas en San Andrés Sajcabajá,Artesanía/Textil,"Tejido tradicional en telar de cintura y pie de prendas coloridas típicas en San Andrés Sajcabajá, Quiché."
Producción de Cestería en San Andrés Sajcabajá,Artesanía/Textil,Tejido de canastas y sopladores con mimbre y fibras en San Andrés Sajcabajá.
Cultivo de Maíz en Uspantán,Agrícola,"Producción local y siembra tradicional de maíz para consumo básico en el municipio de Uspantán, departamento de Quiché."
Cultivo de Frijol en Uspantán,Agrícola,"Siembra y cosecha de frijol negro tradicional como base alimentaria en el municipio de Uspantán, departamento de Quiché."
Producción de Tejidos Mayas en Uspantán,Artesanía/Textil,"Tejido tradicional en telar de cintura y pie de prendas coloridas típicas en Uspantán, Quiché."
Producción de Cestería en Uspantán,Artesanía/Textil,Tejido de canastas y sopladores con mimbre y fibras en Uspantán.
Cultivo de Maíz en Sacapulas,Agrícola,"Producción local y siembra tradicional de maíz para consumo básico en el municipio de Sacapulas, departamento de Quiché."
Cultivo de Frijol en Sacapulas,Agrícola,"Siembra y cosecha de frijol negro tradicional como base alimentaria en el municipio de Sacapulas, departamento de Quiché."
Producción de Tejidos Mayas en Sacapulas,Artesanía/Textil,"Tejido tradicional en telar de cintura y pie de prendas coloridas típicas en Sacapulas, Quiché."
Producción de Cestería en Sacapulas,Artesanía/Textil,Tejido de canastas y sopladores con mimbre y fibras en Sacapulas.
Cultivo de Maíz en San Bartolomé Jocotenango,Agrícola,"Producción local y siembra tradicional de maíz para consumo básico en el municipio de San Bartolomé Jocotenango, departamento de Quiché."
Cultivo de Frijol en San Bartolomé Jocotenango,Agrícola,"Siembra y cosecha de frijol negro tradicional como base alimentaria en el municipio de San Bartolomé Jocotenango, departamento de Quiché."
Producción de Tejidos Mayas en San Bartolomé Jocotenango,Artesanía/Textil,"Tejido tradicional en telar de cintura y pie de prendas coloridas típicas en San Bartolomé Jocotenango, Quiché."
Producción de Cestería en San Bartolomé Jocotenango,Artesanía/Textil,Tejido de canastas y sopladores con mimbre y fibras en San Bartolomé Jocotenango.
Cultivo de Maíz en Canillá,Agrícola,"Producción local y siembra tradicional de maíz para consumo básico en el municipio de Canillá, departamento de Quiché."
Cultivo de Frijol en Canillá,Agrícola,"Siembra y cosecha de frijol negro tradicional como base alimentaria en el municipio de Canillá, departamento de Quiché."
Producción de Tejidos Mayas en Canillá,Artesanía/Textil,"Tejido tradicional en telar de cintura y pie de prendas coloridas típicas en Canillá, Quiché."
Producción de Cestería en Canillá,Artesanía/Textil,Tejido de canastas y sopladores con mimbre y fibras en Canillá.
Cultivo de Maíz en Chicamán,Agrícola,"Producción local y siembra tradicional de maíz para consumo básico en el municipio de Chicamán, departamento de Quiché."
Cultivo de Frijol en Chicamán,Agrícola,"Siembra y cosecha de frijol negro tradicional como base alimentaria en el municipio de Chicamán, departamento de Quiché."
Producción de Tejidos Mayas en Chicamán,Artesanía/Textil,"Tejido tradicional en telar de cintura y pie de prendas coloridas típicas en Chicamán, Quiché."
Producción de Cestería en Chicamán,Artesanía/Textil,Tejido de canastas y sopladores con mimbre y fibras en Chicamán.
Cultivo de Maíz en Ixcán,Agrícola,"Producción local y siembra tradicional de maíz para consumo básico en el municipio de Ixcán, departamento de Quiché."
Cultivo de Frijol en Ixcán,Agrícola,"Siembra y cosecha de frijol negro tradicional como base alimentaria en el municipio de Ixcán, departamento de Quiché."
Producción de Tejidos Mayas en Ixcán,Artesanía/Textil,"Tejido tradicional en telar de cintura y pie de prendas coloridas típicas en Ixcán, Quiché."
Producción de Cestería en Ixcán,Artesanía/Textil,Tejido de canastas y sopladores con mimbre y fibras en Ixcán.
Cultivo de Maíz en Pachalum,Agrícola,"Producción local y siembra tradicional de maíz para consumo básico en el municipio de Pachalum, departamento de Quiché."
Cultivo de Frijol en Pachalum,Agrícola,"Siembra y cosecha de frijol negro tradicional como base alimentaria en el municipio de Pachalum, departamento de Quiché."
Producción de Tejidos Mayas en Pachalum,Artesanía/Textil,"Tejido tradicional en telar de cintura y pie de prendas coloridas típicas en Pachalum, Quiché."
Producción de Cestería en Pachalum,Artesanía/Textil,Tejido de canastas y sopladores con mimbre y fibras en Pachalum.
Cultivo de Maíz en Salamá,Agrícola,"Producción local y siembra tradicional de maíz para consumo básico en el municipio de Salamá, departamento de Baja Verapaz."
Cultivo de Frijol en Salamá,Agrícola,"Siembra y cosecha de frijol negro tradicional como base alimentaria en el municipio de Salamá, departamento de Baja Verapaz."
Cultivo de Hortalizas en Salamá,Agrícola,"Producción de hortalizas y granos básicos en Salamá, Baja Verapaz."
Cultivo de Maíz en San Miguel Chicaj,Agrícola,"Producción local y siembra tradicional de maíz para consumo básico en el municipio de San Miguel Chicaj, departamento de Baja Verapaz."
Cultivo de Frijol en San Miguel Chicaj,Agrícola,"Siembra y cosecha de frijol negro tradicional como base alimentaria en el municipio de San Miguel Chicaj, departamento de Baja Verapaz."
Cultivo de Hortalizas en San Miguel Chicaj,Agrícola,"Producción de hortalizas y granos básicos en San Miguel Chicaj, Baja Verapaz."
Cultivo de Maíz en Rabinal,Agrícola,"Producción local y siembra tradicional de maíz para consumo básico en el municipio de Rabinal, departamento de Baja Verapaz."
Cultivo de Frijol en Rabinal,Agrícola,"Siembra y cosecha de frijol negro tradicional como base alimentaria en el municipio de Rabinal, departamento de Baja Verapaz."
Cultivo de Hortalizas en Rabinal,Agrícola,"Producción de hortalizas y granos básicos en Rabinal, Baja Verapaz."
Producción de Alfarería en Rabinal,Artesanía/Textil,Alfarería tradicional de barro en Rabinal.
Cultivo de Maíz en Cubulco,Agrícola,"Producción local y siembra tradicional de maíz para consumo básico en el municipio de Cubulco, departamento de Baja Verapaz."
Cultivo de Frijol en Cubulco,Agrícola,"Siembra y cosecha de frijol negro tradicional como base alimentaria en el municipio de Cubulco, departamento de Baja Verapaz."
Cultivo de Hortalizas en Cubulco,Agrícola,"Producción de hortalizas y granos básicos en Cubulco, Baja Verapaz."
Cultivo de Maíz en Granados,Agrícola,"Producción local y siembra tradicional de maíz para consumo básico en el municipio de Granados, departamento de Baja Verapaz."
Cultivo de Frijol en Granados,Agrícola,"Siembra y cosecha de frijol negro tradicional como base alimentaria en el municipio de Granados, departamento de Baja Verapaz."
Cultivo de Hortalizas en Granados,Agrícola,"Producción de hortalizas y granos básicos en Granados, Baja Verapaz."
Cultivo de Maíz en El Chol,Agrícola,"Producción local y siembra tradicional de maíz para consumo básico en el municipio de El Chol, departamento de Baja Verapaz."
Cultivo de Frijol en El Chol,Agrícola,"Siembra y cosecha de frijol negro tradicional como base alimentaria en el municipio de El Chol, departamento de Baja Verapaz."
Cultivo de Hortalizas en El Chol,Agrícola,"Producción de hortalizas y granos básicos en El Chol, Baja Verapaz."
Cultivo de Maíz en San Jerónimo,Agrícola,"Producción local y siembra tradicional de maíz para consumo básico en el municipio de San Jerónimo, departamento de Baja Verapaz."
Cultivo de Frijol en San Jerónimo,Agrícola,"Siembra y cosecha de frijol negro tradicional como base alimentaria en el municipio de San Jerónimo, departamento de Baja Verapaz."
Cultivo de Hortalizas en San Jerónimo,Agrícola,"Producción de hortalizas y granos básicos en San Jerónimo, Baja Verapaz."
Cultivo de Maíz en Purulhá,Agrícola,"Producción local y siembra tradicional de maíz para consumo básico en el municipio de Purulhá, departamento de Baja Verapaz."
Cultivo de Frijol en Purulhá,Agrícola,"Siembra y cosecha de frijol negro tradicional como base alimentaria en el municipio de Purulhá, departamento de Baja Verapaz."
Cultivo de Hortalizas en Purulhá,Agrícola,"Producción de hortalizas y granos básicos en Purulhá, Baja Verapaz."
Cultivo de Maíz en Cobán,Agrícola,"Producción local y siembra tradicional de maíz para consumo básico en el municipio de Cobán, departamento de Alta Verapaz."
Cultivo de Frijol en Cobán,Agrícola,"Siembra y cosecha de frijol negro tradicional como base alimentaria en el municipio de Cobán, departamento de Alta Verapaz."
Cultivo de Cardamomo en Cobán,Agrícola,"Cosecha y secado de cardamomo para exportación en el clima húmedo de Cobán, Alta Verapaz."
Cultivo de Café en Cobán,Agrícola,"Caficultura de altura bajo sombra en el municipio de Cobán, departamento de Alta Verapaz."
Cultivo de Cacao en Cobán,Agrícola,"Producción tradicional y fermentación de cacao fino en Cobán, Alta Verapaz."
Cultivo de Maíz en Santa Cruz Verapaz,Agrícola,"Producción local y siembra tradicional de maíz para consumo básico en el municipio de Santa Cruz Verapaz, departamento de Alta Verapaz."
Cultivo de Frijol en Santa Cruz Verapaz,Agrícola,"Siembra y cosecha de frijol negro tradicional como base alimentaria en el municipio de Santa Cruz Verapaz, departamento de Alta Verapaz."
Cultivo de Cardamomo en Santa Cruz Verapaz,Agrícola,"Cosecha y secado de cardamomo para exportación en el clima húmedo de Santa Cruz Verapaz, Alta Verapaz."
Cultivo de Café en Santa Cruz Verapaz,Agrícola,"Caficultura de altura bajo sombra en el municipio de Santa Cruz Verapaz, departamento de Alta Verapaz."
Cultivo de Cacao en Santa Cruz Verapaz,Agrícola,"Producción tradicional y fermentación de cacao fino en Santa Cruz Verapaz, Alta Verapaz."
Cultivo de Maíz en San Cristóbal Verapaz,Agrícola,"Producción local y siembra tradicional de maíz para consumo básico en el municipio de San Cristóbal Verapaz, departamento de Alta Verapaz."
Cultivo de Frijol en San Cristóbal Verapaz,Agrícola,"Siembra y cosecha de frijol negro tradicional como base alimentaria en el municipio de San Cristóbal Verapaz, departamento de Alta Verapaz."
Cultivo de Cardamomo en San Cristóbal Verapaz,Agrícola,"Cosecha y secado de cardamomo para exportación en el clima húmedo de San Cristóbal Verapaz, Alta Verapaz."
Cultivo de Café en San Cristóbal Verapaz,Agrícola,"Caficultura de altura bajo sombra en el municipio de San Cristóbal Verapaz, departamento de Alta Verapaz."
Cultivo de Cacao en San Cristóbal Verapaz,Agrícola,"Producción tradicional y fermentación de cacao fino en San Cristóbal Verapaz, Alta Verapaz."
Cultivo de Maíz en Tactic,Agrícola,"Producción local y siembra tradicional de maíz para consumo básico en el municipio de Tactic, departamento de Alta Verapaz."
Cultivo de Frijol en Tactic,Agrícola,"Siembra y cosecha de frijol negro tradicional como base alimentaria en el municipio de Tactic, departamento de Alta Verapaz."
Cultivo de Cardamomo en Tactic,Agrícola,"Cosecha y secado de cardamomo para exportación en el clima húmedo de Tactic, Alta Verapaz."
Cultivo de Café en Tactic,Agrícola,"Caficultura de altura bajo sombra en el municipio de Tactic, departamento de Alta Verapaz."
Cultivo de Cacao en Tactic,Agrícola,"Producción tradicional y fermentación de cacao fino en Tactic, Alta Verapaz."
Cultivo de Maíz en Tamahú,Agrícola,"Producción local y siembra tradicional de maíz para consumo básico en el municipio de Tamahú, departamento de Alta Verapaz."
Cultivo de Frijol en Tamahú,Agrícola,"Siembra y cosecha de frijol negro tradicional como base alimentaria en el municipio de Tamahú, departamento de Alta Verapaz."
Cultivo de Cardamomo en Tamahú,Agrícola,"Cosecha y secado de cardamomo para exportación en el clima húmedo de Tamahú, Alta Verapaz."
Cultivo de Café en Tamahú,Agrícola,"Caficultura de altura bajo sombra en el municipio de Tamahú, departamento de Alta Verapaz."
Cultivo de Cacao en Tamahú,Agrícola,"Producción tradicional y fermentación de cacao fino en Tamahú, Alta Verapaz."
Cultivo de Maíz en Tucurú,Agrícola,"Producción local y siembra tradicional de maíz para consumo básico en el municipio de Tucurú, departamento de Alta Verapaz."
Cultivo de Frijol en Tucurú,Agrícola,"Siembra y cosecha de frijol negro tradicional como base alimentaria en el municipio de Tucurú, departamento de Alta Verapaz."
Cultivo de Cardamomo en Tucurú,Agrícola,"Cosecha y secado de cardamomo para exportación en el clima húmedo de Tucurú, Alta Verapaz."
Cultivo de Café en Tucurú,Agrícola,"Caficultura de altura bajo sombra en el municipio de Tucurú, departamento de Alta Verapaz."
Cultivo de Cacao en Tucurú,Agrícola,"Producción tradicional y fermentación de cacao fino en Tucurú, Alta Verapaz."
Cultivo de Maíz en Panzós,Agrícola,"Producción local y siembra tradicional de maíz para consumo básico en el municipio de Panzós, departamento de Alta Verapaz."
Cultivo de Frijol en Panzós,Agrícola,"Siembra y cosecha de frijol negro tradicional como base alimentaria en el municipio de Panzós, departamento de Alta Verapaz."
Cultivo de Cardamomo en Panzós,Agrícola,"Cosecha y secado de cardamomo para exportación en el clima húmedo de Panzós, Alta Verapaz."
Cultivo de Café en Panzós,Agrícola,"Caficultura de altura bajo sombra en el municipio de Panzós, departamento de Alta Verapaz."
Cultivo de Cacao en Panzós,Agrícola,"Producción tradicional y fermentación de cacao fino en Panzós, Alta Verapaz."
Cultivo de Palma de Aceite en Panzós,Agrícola,Cultivo agroindustrial de palma de aceite en las llanuras húmedas de Panzós.
Cultivo de Maíz en Senahú,Agrícola,"Producción local y siembra tradicional de maíz para consumo básico en el municipio de Senahú, departamento de Alta Verapaz."
Cultivo de Frijol en Senahú,Agrícola,"Siembra y cosecha de frijol negro tradicional como base alimentaria en el municipio de Senahú, departamento de Alta Verapaz."
Cultivo de Cardamomo en Senahú,Agrícola,"Cosecha y secado de cardamomo para exportación en el clima húmedo de Senahú, Alta Verapaz."
Cultivo de Café en Senahú,Agrícola,"Caficultura de altura bajo sombra en el municipio de Senahú, departamento de Alta Verapaz."
Cultivo de Cacao en Senahú,Agrícola,"Producción tradicional y fermentación de cacao fino en Senahú, Alta Verapaz."
Cultivo de Palma de Aceite en Senahú,Agrícola,Cultivo agroindustrial de palma de aceite en las llanuras húmedas de Senahú.
Cultivo de Maíz en San Pedro Carchá,Agrícola,"Producción local y siembra tradicional de maíz para consumo básico en el municipio de San Pedro Carchá, departamento de Alta Verapaz."
Cultivo de Frijol en San Pedro Carchá,Agrícola,"Siembra y cosecha de frijol negro tradicional como base alimentaria en el municipio de San Pedro Carchá, departamento de Alta Verapaz."
Cultivo de Cardamomo en San Pedro Carchá,Agrícola,"Cosecha y secado de cardamomo para exportación en el clima húmedo de San Pedro Carchá, Alta Verapaz."
Cultivo de Café en San Pedro Carchá,Agrícola,"Caficultura de altura bajo sombra en el municipio de San Pedro Carchá, departamento de Alta Verapaz."
Cultivo de Cacao en San Pedro Carchá,Agrícola,"Producción tradicional y fermentación de cacao fino en San Pedro Carchá, Alta Verapaz."
Cultivo de Palma de Aceite en San Pedro Carchá,Agrícola,Cultivo agroindustrial de palma de aceite en las llanuras húmedas de San Pedro Carchá.
Cultivo de Maíz en San Juan Chamelco,Agrícola,"Producción local y siembra tradicional de maíz para consumo básico en el municipio de San Juan Chamelco, departamento de Alta Verapaz."
Cultivo de Frijol en San Juan Chamelco,Agrícola,"Siembra y cosecha de frijol negro tradicional como base alimentaria en el municipio de San Juan Chamelco, departamento de Alta Verapaz."
Cultivo de Cardamomo en San Juan Chamelco,Agrícola,"Cosecha y secado de cardamomo para exportación en el clima húmedo de San Juan Chamelco, Alta Verapaz."
Cultivo de Café en San Juan Chamelco,Agrícola,"Caficultura de altura bajo sombra en el municipio de San Juan Chamelco, departamento de Alta Verapaz."
Cultivo de Cacao en San Juan Chamelco,Agrícola,"Producción tradicional y fermentación de cacao fino en San Juan Chamelco, Alta Verapaz."
Cultivo de Maíz en Lanquín,Agrícola,"Producción local y siembra tradicional de maíz para consumo básico en el municipio de Lanquín, departamento de Alta Verapaz."
Cultivo de Frijol en Lanquín,Agrícola,"Siembra y cosecha de frijol negro tradicional como base alimentaria en el municipio de Lanquín, departamento de Alta Verapaz."
Cultivo de Cardamomo en Lanquín,Agrícola,"Cosecha y secado de cardamomo para exportación en el clima húmedo de Lanquín, Alta Verapaz."
Cultivo de Café en Lanquín,Agrícola,"Caficultura de altura bajo sombra en el municipio de Lanquín, departamento de Alta Verapaz."
Cultivo de Cacao en Lanquín,Agrícola,"Producción tradicional y fermentación de cacao fino en Lanquín, Alta Verapaz."
Cultivo de Maíz en Cahabón,Agrícola,"Producción local y siembra tradicional de maíz para consumo básico en el municipio de Cahabón, departamento de Alta Verapaz."
Cultivo de Frijol en Cahabón,Agrícola,"Siembra y cosecha de frijol negro tradicional como base alimentaria en el municipio de Cahabón, departamento de Alta Verapaz."
Cultivo de Cardamomo en Cahabón,Agrícola,"Cosecha y secado de cardamomo para exportación en el clima húmedo de Cahabón, Alta Verapaz."
Cultivo de Café en Cahabón,Agrícola,"Caficultura de altura bajo sombra en el municipio de Cahabón, departamento de Alta Verapaz."
Cultivo de Cacao en Cahabón,Agrícola,"Producción tradicional y fermentación de cacao fino en Cahabón, Alta Verapaz."
Cultivo de Maíz en Chisec,Agrícola,"Producción local y siembra tradicional de maíz para consumo básico en el municipio de Chisec, departamento de Alta Verapaz."
Cultivo de Frijol en Chisec,Agrícola,"Siembra y cosecha de frijol negro tradicional como base alimentaria en el municipio de Chisec, departamento de Alta Verapaz."
Cultivo de Cardamomo en Chisec,Agrícola,"Cosecha y secado de cardamomo para exportación en el clima húmedo de Chisec, Alta Verapaz."
Cultivo de Café en Chisec,Agrícola,"Caficultura de altura bajo sombra en el municipio de Chisec, departamento de Alta Verapaz."
Cultivo de Cacao en Chisec,Agrícola,"Producción tradicional y fermentación de cacao fino en Chisec, Alta Verapaz."
Cultivo de Maíz en Chahal,Agrícola,"Producción local y siembra tradicional de maíz para consumo básico en el municipio de Chahal, departamento de Alta Verapaz."
Cultivo de Frijol en Chahal,Agrícola,"Siembra y cosecha de frijol negro tradicional como base alimentaria en el municipio de Chahal, departamento de Alta Verapaz."
Cultivo de Cardamomo en Chahal,Agrícola,"Cosecha y secado de cardamomo para exportación en el clima húmedo de Chahal, Alta Verapaz."
Cultivo de Café en Chahal,Agrícola,"Caficultura de altura bajo sombra en el municipio de Chahal, departamento de Alta Verapaz."
Cultivo de Cacao en Chahal,Agrícola,"Producción tradicional y fermentación de cacao fino en Chahal, Alta Verapaz."
Cultivo de Maíz en Fray Bartolomé de Las Casas,Agrícola,"Producción local y siembra tradicional de maíz para consumo básico en el municipio de Fray Bartolomé de Las Casas, departamento de Alta Verapaz."
Cultivo de Frijol en Fray Bartolomé de Las Casas,Agrícola,"Siembra y cosecha de frijol negro tradicional como base alimentaria en el municipio de Fray Bartolomé de Las Casas, departamento de Alta Verapaz."
Cultivo de Cardamomo en Fray Bartolomé de Las Casas,Agrícola,"Cosecha y secado de cardamomo para exportación en el clima húmedo de Fray Bartolomé de Las Casas, Alta Verapaz."
Cultivo de Café en Fray Bartolomé de Las Casas,Agrícola,"Caficultura de altura bajo sombra en el municipio de Fray Bartolomé de Las Casas, departamento de Alta Verapaz."
Cultivo de Cacao en Fray Bartolomé de Las Casas,Agrícola,"Producción tradicional y fermentación de cacao fino en Fray Bartolomé de Las Casas, Alta Verapaz."
Cultivo de Maíz en Santa Catalina La Tinta,Agrícola,"Producción local y siembra tradicional de maíz para consumo básico en el municipio de Santa Catalina La Tinta, departamento de Alta Verapaz."
Cultivo de Frijol en Santa Catalina La Tinta,Agrícola,"Siembra y cosecha de frijol negro tradicional como base alimentaria en el municipio de Santa Catalina La Tinta, departamento de Alta Verapaz."
Cultivo de Cardamomo en Santa Catalina La Tinta,Agrícola,"Cosecha y secado de cardamomo para exportación en el clima húmedo de Santa Catalina La Tinta, Alta Verapaz."
Cultivo de Café en Santa Catalina La Tinta,Agrícola,"Caficultura de altura bajo sombra en el municipio de Santa Catalina La Tinta, departamento de Alta Verapaz."
Cultivo de Cacao en Santa Catalina La Tinta,Agrícola,"Producción tradicional y fermentación de cacao fino en Santa Catalina La Tinta, Alta Verapaz."
Cultivo de Maíz en Raxruhá,Agrícola,"Producción local y siembra tradicional de maíz para consumo básico en el municipio de Raxruhá, departamento de Alta Verapaz."
Cultivo de Frijol en Raxruhá,Agrícola,"Siembra y cosecha de frijol negro tradicional como base alimentaria en el municipio de Raxruhá, departamento de Alta Verapaz."
Cultivo de Cardamomo en Raxruhá,Agrícola,"Cosecha y secado de cardamomo para exportación en el clima húmedo de Raxruhá, Alta Verapaz."
Cultivo de Café en Raxruhá,Agrícola,"Caficultura de altura bajo sombra en el municipio de Raxruhá, departamento de Alta Verapaz."
Cultivo de Cacao en Raxruhá,Agrícola,"Producción tradicional y fermentación de cacao fino en Raxruhá, Alta Verapaz."
Cultivo de Palma de Aceite en Raxruhá,Agrícola,Cultivo agroindustrial de palma de aceite en las llanuras húmedas de Raxruhá.
Cultivo de Maíz en Flores,Agrícola,"Producción local y siembra tradicional de maíz para consumo básico en el municipio de Flores, departamento de Petén."
Cultivo de Frijol en Flores,Agrícola,"Siembra y cosecha de frijol negro tradicional como base alimentaria en el municipio de Flores, departamento de Petén."
Producción Ganadera en Flores,Pecuaria,"Crianza y engorde de ganado vacuno en las llanuras secas de Flores, Petén."
Pesca y Acuicultura en Flores,Pecuaria,Pesca artesanal lacustre y marina en Flores.
Cultivo de Maíz en San José,Agrícola,"Producción local y siembra tradicional de maíz para consumo básico en el municipio de San José, departamento de Petén."
Cultivo de Frijol en San José,Agrícola,"Siembra y cosecha de frijol negro tradicional como base alimentaria en el municipio de San José, departamento de Petén."
Producción Ganadera en San José,Pecuaria,"Crianza y engorde de ganado vacuno en las llanuras secas de San José, Petén."
Pesca y Acuicultura en San José,Pecuaria,Pesca artesanal lacustre y marina en San José.
Cultivo de Maíz en San Benito,Agrícola,"Producción local y siembra tradicional de maíz para consumo básico en el municipio de San Benito, departamento de Petén."
Cultivo de Frijol en San Benito,Agrícola,"Siembra y cosecha de frijol negro tradicional como base alimentaria en el municipio de San Benito, departamento de Petén."
Producción Ganadera en San Benito,Pecuaria,"Crianza y engorde de ganado vacuno en las llanuras secas de San Benito, Petén."
Pesca y Acuicultura en San Benito,Pecuaria,Pesca artesanal lacustre y marina en San Benito.
Cultivo de Maíz en San Andrés,Agrícola,"Producción local y siembra tradicional de maíz para consumo básico en el municipio de San Andrés, departamento de Petén."
Cultivo de Frijol en San Andrés,Agrícola,"Siembra y cosecha de frijol negro tradicional como base alimentaria en el municipio de San Andrés, departamento de Petén."
Producción Ganadera en San Andrés,Pecuaria,"Crianza y engorde de ganado vacuno en las llanuras secas de San Andrés, Petén."
Pesca y Acuicultura en San Andrés,Pecuaria,Pesca artesanal lacustre y marina en San Andrés.
Cultivo de Maíz en La Libertad,Agrícola,"Producción local y siembra tradicional de maíz para consumo básico en el municipio de La Libertad, departamento de Petén."
Cultivo de Frijol en La Libertad,Agrícola,"Siembra y cosecha de frijol negro tradicional como base alimentaria en el municipio de La Libertad, departamento de Petén."
Producción Ganadera en La Libertad,Pecuaria,"Crianza y engorde de ganado vacuno en las llanuras secas de La Libertad, Petén."
Pesca y Acuicultura en La Libertad,Pecuaria,Pesca artesanal lacustre y marina en La Libertad.
Cultivo de Maíz en San Francisco,Agrícola,"Producción local y siembra tradicional de maíz para consumo básico en el municipio de San Francisco, departamento de Petén."
Cultivo de Frijol en San Francisco,Agrícola,"Siembra y cosecha de frijol negro tradicional como base alimentaria en el municipio de San Francisco, departamento de Petén."
Producción Ganadera en San Francisco,Pecuaria,"Crianza y engorde de ganado vacuno en las llanuras secas de San Francisco, Petén."
Pesca y Acuicultura en San Francisco,Pecuaria,Pesca artesanal lacustre y marina en San Francisco.
Cultivo de Maíz en Santa Ana,Agrícola,"Producción local y siembra tradicional de maíz para consumo básico en el municipio de Santa Ana, departamento de Petén."
Cultivo de Frijol en Santa Ana,Agrícola,"Siembra y cosecha de frijol negro tradicional como base alimentaria en el municipio de Santa Ana, departamento de Petén."
Producción Ganadera en Santa Ana,Pecuaria,"Crianza y engorde de ganado vacuno en las llanuras secas de Santa Ana, Petén."
Pesca y Acuicultura en Santa Ana,Pecuaria,Pesca artesanal lacustre y marina en Santa Ana.
Cultivo de Maíz en Dolores,Agrícola,"Producción local y siembra tradicional de maíz para consumo básico en el municipio de Dolores, departamento de Petén."
Cultivo de Frijol en Dolores,Agrícola,"Siembra y cosecha de frijol negro tradicional como base alimentaria en el municipio de Dolores, departamento de Petén."
Producción Ganadera en Dolores,Pecuaria,"Crianza y engorde de ganado vacuno en las llanuras secas de Dolores, Petén."
Pesca y Acuicultura en Dolores,Pecuaria,Pesca artesanal lacustre y marina en Dolores.
Cultivo de Maíz en San Luis,Agrícola,"Producción local y siembra tradicional de maíz para consumo básico en el municipio de San Luis, departamento de Petén."
Cultivo de Frijol en San Luis,Agrícola,"Siembra y cosecha de frijol negro tradicional como base alimentaria en el municipio de San Luis, departamento de Petén."
Producción Ganadera en San Luis,Pecuaria,"Crianza y engorde de ganado vacuno en las llanuras secas de San Luis, Petén."
Pesca y Acuicultura en San Luis,Pecuaria,Pesca artesanal lacustre y marina en San Luis.
Cultivo de Maíz en Sayaxché,Agrícola,"Producción local y siembra tradicional de maíz para consumo básico en el municipio de Sayaxché, departamento de Petén."
Cultivo de Frijol en Sayaxché,Agrícola,"Siembra y cosecha de frijol negro tradicional como base alimentaria en el municipio de Sayaxché, departamento de Petén."
Producción Ganadera en Sayaxché,Pecuaria,"Crianza y engorde de ganado vacuno en las llanuras secas de Sayaxché, Petén."
Pesca y Acuicultura en Sayaxché,Pecuaria,Pesca artesanal lacustre y marina en Sayaxché.
Cultivo de Maíz en Melchor de Mencos,Agrícola,"Producción local y siembra tradicional de maíz para consumo básico en el municipio de Melchor de Mencos, departamento de Petén."
Cultivo de Frijol en Melchor de Mencos,Agrícola,"Siembra y cosecha de frijol negro tradicional como base alimentaria en el municipio de Melchor de Mencos, departamento de Petén."
Producción Ganadera en Melchor de Mencos,Pecuaria,"Crianza y engorde de ganado vacuno en las llanuras secas de Melchor de Mencos, Petén."
Pesca y Acuicultura en Melchor de Mencos,Pecuaria,Pesca artesanal lacustre y marina en Melchor de Mencos.
Cultivo de Maíz en Poptún,Agrícola,"Producción local y siembra tradicional de maíz para consumo básico en el municipio de Poptún, departamento de Petén."
Cultivo de Frijol en Poptún,Agrícola,"Siembra y cosecha de frijol negro tradicional como base alimentaria en el municipio de Poptún, departamento de Petén."
Producción Ganadera en Poptún,Pecuaria,"Crianza y engorde de ganado vacuno en las llanuras secas de Poptún, Petén."
Pesca y Acuicultura en Poptún,Pecuaria,Pesca artesanal lacustre y marina en Poptún.
Cultivo de Maíz en Las Cruces,Agrícola,"Producción local y siembra tradicional de maíz para consumo básico en el municipio de Las Cruces, departamento de Petén."
Cultivo de Frijol en Las Cruces,Agrícola,"Siembra y cosecha de frijol negro tradicional como base alimentaria en el municipio de Las Cruces, departamento de Petén."
Producción Ganadera en Las Cruces,Pecuaria,"Crianza y engorde de ganado vacuno en las llanuras secas de Las Cruces, Petén."
Pesca y Acuicultura en Las Cruces,Pecuaria,Pesca artesanal lacustre y marina en Las Cruces.
Cultivo de Maíz en El Chal,Agrícola,"Producción local y siembra tradicional de maíz para consumo básico en el municipio de El Chal, departamento de Petén."
Cultivo de Frijol en El Chal,Agrícola,"Siembra y cosecha de frijol negro tradicional como base alimentaria en el municipio de El Chal, departamento de Petén."
Producción Ganadera en El Chal,Pecuaria,"Crianza y engorde de ganado vacuno en las llanuras secas de El Chal, Petén."
Pesca y Acuicultura en El Chal,Pecuaria,Pesca artesanal lacustre y marina en El Chal.
Cultivo de Maíz en Puerto Barrios,Agrícola,"Producción local y siembra tradicional de maíz para consumo básico en el municipio de Puerto Barrios, departamento de Izabal."
Cultivo de Frijol en Puerto Barrios,Agrícola,"Siembra y cosecha de frijol negro tradicional como base alimentaria en el municipio de Puerto Barrios, departamento de Izabal."
Cultivo de Cardamomo en Puerto Barrios,Agrícola,"Cosecha y secado de cardamomo para exportación en el clima húmedo de Puerto Barrios, Izabal."
Cultivo de Café en Puerto Barrios,Agrícola,"Caficultura de altura bajo sombra en el municipio de Puerto Barrios, departamento de Izabal."
Cultivo de Cacao en Puerto Barrios,Agrícola,"Producción tradicional y fermentación de cacao fino en Puerto Barrios, Izabal."
Cultivo de Maíz en Lívingston,Agrícola,"Producción local y siembra tradicional de maíz para consumo básico en el municipio de Lívingston, departamento de Izabal."
Cultivo de Frijol en Lívingston,Agrícola,"Siembra y cosecha de frijol negro tradicional como base alimentaria en el municipio de Lívingston, departamento de Izabal."
Cultivo de Cardamomo en Lívingston,Agrícola,"Cosecha y secado de cardamomo para exportación en el clima húmedo de Lívingston, Izabal."
Cultivo de Café en Lívingston,Agrícola,"Caficultura de altura bajo sombra en el municipio de Lívingston, departamento de Izabal."
Cultivo de Cacao en Lívingston,Agrícola,"Producción tradicional y fermentación de cacao fino en Lívingston, Izabal."
Cultivo de Maíz en El Estor,Agrícola,"Producción local y siembra tradicional de maíz para consumo básico en el municipio de El Estor, departamento de Izabal."
Cultivo de Frijol en El Estor,Agrícola,"Siembra y cosecha de frijol negro tradicional como base alimentaria en el municipio de El Estor, departamento de Izabal."
Cultivo de Cardamomo en El Estor,Agrícola,"Cosecha y secado de cardamomo para exportación en el clima húmedo de El Estor, Izabal."
Cultivo de Café en El Estor,Agrícola,"Caficultura de altura bajo sombra en el municipio de El Estor, departamento de Izabal."
Cultivo de Cacao en El Estor,Agrícola,"Producción tradicional y fermentación de cacao fino en El Estor, Izabal."
Cultivo de Maíz en Morales,Agrícola,"Producción local y siembra tradicional de maíz para consumo básico en el municipio de Morales, departamento de Izabal."
Cultivo de Frijol en Morales,Agrícola,"Siembra y cosecha de frijol negro tradicional como base alimentaria en el municipio de Morales, departamento de Izabal."
Cultivo de Cardamomo en Morales,Agrícola,"Cosecha y secado de cardamomo para exportación en el clima húmedo de Morales, Izabal."
Cultivo de Café en Morales,Agrícola,"Caficultura de altura bajo sombra en el municipio de Morales, departamento de Izabal."
Cultivo de Cacao en Morales,Agrícola,"Producción tradicional y fermentación de cacao fino en Morales, Izabal."
Cultivo de Maíz en Los Amates,Agrícola,"Producción local y siembra tradicional de maíz para consumo básico en el municipio de Los Amates, departamento de Izabal."
Cultivo de Frijol en Los Amates,Agrícola,"Siembra y cosecha de frijol negro tradicional como base alimentaria en el municipio de Los Amates, departamento de Izabal."
Cultivo de Cardamomo en Los Amates,Agrícola,"Cosecha y secado de cardamomo para exportación en el clima húmedo de Los Amates, Izabal."
Cultivo de Café en Los Amates,Agrícola,"Caficultura de altura bajo sombra en el municipio de Los Amates, departamento de Izabal."
Cultivo de Cacao en Los Amates,Agrícola,"Producción tradicional y fermentación de cacao fino en Los Amates, Izabal."
Cultivo de Maíz en Zacapa,Agrícola,"Producción local y siembra tradicional de maíz para consumo básico en el municipio de Zacapa, departamento de Zacapa."
Cultivo de Frijol en Zacapa,Agrícola,"Siembra y cosecha de frijol negro tradicional como base alimentaria en el municipio de Zacapa, departamento de Zacapa."
Producción Ganadera en Zacapa,Pecuaria,"Crianza y engorde de ganado vacuno en las llanuras secas de Zacapa, Zacapa."
Cultivo de Maíz en Estanzuela,Agrícola,"Producción local y siembra tradicional de maíz para consumo básico en el municipio de Estanzuela, departamento de Zacapa."
Cultivo de Frijol en Estanzuela,Agrícola,"Siembra y cosecha de frijol negro tradicional como base alimentaria en el municipio de Estanzuela, departamento de Zacapa."
Producción Ganadera en Estanzuela,Pecuaria,"Crianza y engorde de ganado vacuno en las llanuras secas de Estanzuela, Zacapa."
Cultivo de Maíz en Río Hondo,Agrícola,"Producción local y siembra tradicional de maíz para consumo básico en el municipio de Río Hondo, departamento de Zacapa."
Cultivo de Frijol en Río Hondo,Agrícola,"Siembra y cosecha de frijol negro tradicional como base alimentaria en el municipio de Río Hondo, departamento de Zacapa."
Producción Ganadera en Río Hondo,Pecuaria,"Crianza y engorde de ganado vacuno en las llanuras secas de Río Hondo, Zacapa."
Cultivo de Maíz en Gualán,Agrícola,"Producción local y siembra tradicional de maíz para consumo básico en el municipio de Gualán, departamento de Zacapa."
Cultivo de Frijol en Gualán,Agrícola,"Siembra y cosecha de frijol negro tradicional como base alimentaria en el municipio de Gualán, departamento de Zacapa."
Producción Ganadera en Gualán,Pecuaria,"Crianza y engorde de ganado vacuno en las llanuras secas de Gualán, Zacapa."
Cultivo de Maíz en Teculután,Agrícola,"Producción local y siembra tradicional de maíz para consumo básico en el municipio de Teculután, departamento de Zacapa."
Cultivo de Frijol en Teculután,Agrícola,"Siembra y cosecha de frijol negro tradicional como base alimentaria en el municipio de Teculután, departamento de Zacapa."
Producción Ganadera en Teculután,Pecuaria,"Crianza y engorde de ganado vacuno en las llanuras secas de Teculután, Zacapa."
Cultivo de Maíz en Usumatlán,Agrícola,"Producción local y siembra tradicional de maíz para consumo básico en el municipio de Usumatlán, departamento de Zacapa."
Cultivo de Frijol en Usumatlán,Agrícola,"Siembra y cosecha de frijol negro tradicional como base alimentaria en el municipio de Usumatlán, departamento de Zacapa."
Producción Ganadera en Usumatlán,Pecuaria,"Crianza y engorde de ganado vacuno en las llanuras secas de Usumatlán, Zacapa."
Cultivo de Maíz en Cabañas,Agrícola,"Producción local y siembra tradicional de maíz para consumo básico en el municipio de Cabañas, departamento de Zacapa."
Cultivo de Frijol en Cabañas,Agrícola,"Siembra y cosecha de frijol negro tradicional como base alimentaria en el municipio de Cabañas, departamento de Zacapa."
Producción Ganadera en Cabañas,Pecuaria,"Crianza y engorde de ganado vacuno en las llanuras secas de Cabañas, Zacapa."
Cultivo de Maíz en San Diego,Agrícola,"Producción local y siembra tradicional de maíz para consumo básico en el municipio de San Diego, departamento de Zacapa."
Cultivo de Frijol en San Diego,Agrícola,"Siembra y cosecha de frijol negro tradicional como base alimentaria en el municipio de San Diego, departamento de Zacapa."
Producción Ganadera en San Diego,Pecuaria,"Crianza y engorde de ganado vacuno en las llanuras secas de San Diego, Zacapa."
Cultivo de Maíz en La Unión,Agrícola,"Producción local y siembra tradicional de maíz para consumo básico en el municipio de La Unión, departamento de Zacapa."
Cultivo de Frijol en La Unión,Agrícola,"Siembra y cosecha de frijol negro tradicional como base alimentaria en el municipio de La Unión, departamento de Zacapa."
Producción Ganadera en La Unión,Pecuaria,"Crianza y engorde de ganado vacuno en las llanuras secas de La Unión, Zacapa."
Cultivo de Maíz en Huité,Agrícola,"Producción local y siembra tradicional de maíz para consumo básico en el municipio de Huité, departamento de Zacapa."
Cultivo de Frijol en Huité,Agrícola,"Siembra y cosecha de frijol negro tradicional como base alimentaria en el municipio de Huité, departamento de Zacapa."
Producción Ganadera en Huité,Pecuaria,"Crianza y engorde de ganado vacuno en las llanuras secas de Huité, Zacapa."
Cultivo de Maíz en San Jorge,Agrícola,"Producción local y siembra tradicional de maíz para consumo básico en el municipio de San Jorge, departamento de Zacapa."
Cultivo de Frijol en San Jorge,Agrícola,"Siembra y cosecha de frijol negro tradicional como base alimentaria en el municipio de San Jorge, departamento de Zacapa."
Producción Ganadera en San Jorge,Pecuaria,"Crianza y engorde de ganado vacuno en las llanuras secas de San Jorge, Zacapa."
Cultivo de Maíz en Chiquimula,Agrícola,"Producción local y siembra tradicional de maíz para consumo básico en el municipio de Chiquimula, departamento de Chiquimula."
Cultivo de Frijol en Chiquimula,Agrícola,"Siembra y cosecha de frijol negro tradicional como base alimentaria en el municipio de Chiquimula, departamento de Chiquimula."
Producción Ganadera en Chiquimula,Pecuaria,"Crianza y engorde de ganado vacuno en las llanuras secas de Chiquimula, Chiquimula."
Cultivo de Maíz en San José La Arada,Agrícola,"Producción local y siembra tradicional de maíz para consumo básico en el municipio de San José La Arada, departamento de Chiquimula."
Cultivo de Frijol en San José La Arada,Agrícola,"Siembra y cosecha de frijol negro tradicional como base alimentaria en el municipio de San José La Arada, departamento de Chiquimula."
Producción Ganadera en San José La Arada,Pecuaria,"Crianza y engorde de ganado vacuno en las llanuras secas de San José La Arada, Chiquimula."
Cultivo de Maíz en San Juan Ermita,Agrícola,"Producción local y siembra tradicional de maíz para consumo básico en el municipio de San Juan Ermita, departamento de Chiquimula."
Cultivo de Frijol en San Juan Ermita,Agrícola,"Siembra y cosecha de frijol negro tradicional como base alimentaria en el municipio de San Juan Ermita, departamento de Chiquimula."
Producción Ganadera en San Juan Ermita,Pecuaria,"Crianza y engorde de ganado vacuno en las llanuras secas de San Juan Ermita, Chiquimula."
Cultivo de Maíz en Jocotán,Agrícola,"Producción local y siembra tradicional de maíz para consumo básico en el municipio de Jocotán, departamento de Chiquimula."
Cultivo de Frijol en Jocotán,Agrícola,"Siembra y cosecha de frijol negro tradicional como base alimentaria en el municipio de Jocotán, departamento de Chiquimula."
Producción Ganadera en Jocotán,Pecuaria,"Crianza y engorde de ganado vacuno en las llanuras secas de Jocotán, Chiquimula."
Cultivo de Maíz en Camotán,Agrícola,"Producción local y siembra tradicional de maíz para consumo básico en el municipio de Camotán, departamento de Chiquimula."
Cultivo de Frijol en Camotán,Agrícola,"Siembra y cosecha de frijol negro tradicional como base alimentaria en el municipio de Camotán, departamento de Chiquimula."
Producción Ganadera en Camotán,Pecuaria,"Crianza y engorde de ganado vacuno en las llanuras secas de Camotán, Chiquimula."
Cultivo de Maíz en Olopa,Agrícola,"Producción local y siembra tradicional de maíz para consumo básico en el municipio de Olopa, departamento de Chiquimula."
Cultivo de Frijol en Olopa,Agrícola,"Siembra y cosecha de frijol negro tradicional como base alimentaria en el municipio de Olopa, departamento de Chiquimula."
Producción Ganadera en Olopa,Pecuaria,"Crianza y engorde de ganado vacuno en las llanuras secas de Olopa, Chiquimula."
Cultivo de Maíz en Esquipulas,Agrícola,"Producción local y siembra tradicional de maíz para consumo básico en el municipio de Esquipulas, departamento de Chiquimula."
Cultivo de Frijol en Esquipulas,Agrícola,"Siembra y cosecha de frijol negro tradicional como base alimentaria en el municipio de Esquipulas, departamento de Chiquimula."
Producción Ganadera en Esquipulas,Pecuaria,"Crianza y engorde de ganado vacuno en las llanuras secas de Esquipulas, Chiquimula."
Cultivo de Maíz en Concepción Las Minas,Agrícola,"Producción local y siembra tradicional de maíz para consumo básico en el municipio de Concepción Las Minas, departamento de Chiquimula."
Cultivo de Frijol en Concepción Las Minas,Agrícola,"Siembra y cosecha de frijol negro tradicional como base alimentaria en el municipio de Concepción Las Minas, departamento de Chiquimula."
Producción Ganadera en Concepción Las Minas,Pecuaria,"Crianza y engorde de ganado vacuno en las llanuras secas de Concepción Las Minas, Chiquimula."
Cultivo de Maíz en Quezaltepeque,Agrícola,"Producción local y siembra tradicional de maíz para consumo básico en el municipio de Quezaltepeque, departamento de Chiquimula."
Cultivo de Frijol en Quezaltepeque,Agrícola,"Siembra y cosecha de frijol negro tradicional como base alimentaria en el municipio de Quezaltepeque, departamento de Chiquimula."
Producción Ganadera en Quezaltepeque,Pecuaria,"Crianza y engorde de ganado vacuno en las llanuras secas de Quezaltepeque, Chiquimula."
Cultivo de Maíz en San Jacinto,Agrícola,"Producción local y siembra tradicional de maíz para consumo básico en el municipio de San Jacinto, departamento de Chiquimula."
Cultivo de Frijol en San Jacinto,Agrícola,"Siembra y cosecha de frijol negro tradicional como base alimentaria en el municipio de San Jacinto, departamento de Chiquimula."
Producción Ganadera en San Jacinto,Pecuaria,"Crianza y engorde de ganado vacuno en las llanuras secas de San Jacinto, Chiquimula."
Cultivo de Maíz en Ipala,Agrícola,"Producción local y siembra tradicional de maíz para consumo básico en el municipio de Ipala, departamento de Chiquimula."
Cultivo de Frijol en Ipala,Agrícola,"Siembra y cosecha de frijol negro tradicional como base alimentaria en el municipio de Ipala, departamento de Chiquimula."
Producción Ganadera en Ipala,Pecuaria,"Crianza y engorde de ganado vacuno en las llanuras secas de Ipala, Chiquimula."
Cultivo de Maíz en Jalapa,Agrícola,"Producción local y siembra tradicional de maíz para consumo básico en el municipio de Jalapa, departamento de Jalapa."
Cultivo de Frijol en Jalapa,Agrícola,"Siembra y cosecha de frijol negro tradicional como base alimentaria en el municipio de Jalapa, departamento de Jalapa."
Producción Ganadera en Jalapa,Pecuaria,"Crianza y engorde de ganado vacuno en las llanuras secas de Jalapa, Jalapa."
Cultivo de Maíz en San Pedro Pinula,Agrícola,"Producción local y siembra tradicional de maíz para consumo básico en el municipio de San Pedro Pinula, departamento de Jalapa."
Cultivo de Frijol en San Pedro Pinula,Agrícola,"Siembra y cosecha de frijol negro tradicional como base alimentaria en el municipio de San Pedro Pinula, departamento de Jalapa."
Producción Ganadera en San Pedro Pinula,Pecuaria,"Crianza y engorde de ganado vacuno en las llanuras secas de San Pedro Pinula, Jalapa."
Cultivo de Maíz en San Luis Jilotepeque,Agrícola,"Producción local y siembra tradicional de maíz para consumo básico en el municipio de San Luis Jilotepeque, departamento de Jalapa."
Cultivo de Frijol en San Luis Jilotepeque,Agrícola,"Siembra y cosecha de frijol negro tradicional como base alimentaria en el municipio de San Luis Jilotepeque, departamento de Jalapa."
Producción Ganadera en San Luis Jilotepeque,Pecuaria,"Crianza y engorde de ganado vacuno en las llanuras secas de San Luis Jilotepeque, Jalapa."
Cultivo de Maíz en San Manuel Chaparrón,Agrícola,"Producción local y siembra tradicional de maíz para consumo básico en el municipio de San Manuel Chaparrón, departamento de Jalapa."
Cultivo de Frijol en San Manuel Chaparrón,Agrícola,"Siembra y cosecha de frijol negro tradicional como base alimentaria en el municipio de San Manuel Chaparrón, departamento de Jalapa."
Producción Ganadera en San Manuel Chaparrón,Pecuaria,"Crianza y engorde de ganado vacuno en las llanuras secas de San Manuel Chaparrón, Jalapa."
Cultivo de Maíz en San Carlos Alzatate,Agrícola,"Producción local y siembra tradicional de maíz para consumo básico en el municipio de San Carlos Alzatate, departamento de Jalapa."
Cultivo de Frijol en San Carlos Alzatate,Agrícola,"Siembra y cosecha de frijol negro tradicional como base alimentaria en el municipio de San Carlos Alzatate, departamento de Jalapa."
Producción Ganadera en San Carlos Alzatate,Pecuaria,"Crianza y engorde de ganado vacuno en las llanuras secas de San Carlos Alzatate, Jalapa."
Cultivo de Maíz en Monjas,Agrícola,"Producción local y siembra tradicional de maíz para consumo básico en el municipio de Monjas, departamento de Jalapa."
Cultivo de Frijol en Monjas,Agrícola,"Siembra y cosecha de frijol negro tradicional como base alimentaria en el municipio de Monjas, departamento de Jalapa."
Producción Ganadera en Monjas,Pecuaria,"Crianza y engorde de ganado vacuno en las llanuras secas de Monjas, Jalapa."
Cultivo de Maíz en Mataquescuintla,Agrícola,"Producción local y siembra tradicional de maíz para consumo básico en el municipio de Mataquescuintla, departamento de Jalapa."
Cultivo de Frijol en Mataquescuintla,Agrícola,"Siembra y cosecha de frijol negro tradicional como base alimentaria en el municipio de Mataquescuintla, departamento de Jalapa."
Producción Ganadera en Mataquescuintla,Pecuaria,"Crianza y engorde de ganado vacuno en las llanuras secas de Mataquescuintla, Jalapa."
Cultivo de Maíz en Jutiapa,Agrícola,"Producción local y siembra tradicional de maíz para consumo básico en el municipio de Jutiapa, departamento de Jutiapa."
Cultivo de Frijol en Jutiapa,Agrícola,"Siembra y cosecha de frijol negro tradicional como base alimentaria en el municipio de Jutiapa, departamento de Jutiapa."
Producción Ganadera en Jutiapa,Pecuaria,"Crianza y engorde de ganado vacuno en las llanuras secas de Jutiapa, Jutiapa."
Cultivo de Maíz en El Progreso,Agrícola,"Producción local y siembra tradicional de maíz para consumo básico en el municipio de El Progreso, departamento de Jutiapa."
Cultivo de Frijol en El Progreso,Agrícola,"Siembra y cosecha de frijol negro tradicional como base alimentaria en el municipio de El Progreso, departamento de Jutiapa."
Producción Ganadera en El Progreso,Pecuaria,"Crianza y engorde de ganado vacuno en las llanuras secas de El Progreso, Jutiapa."
Cultivo de Maíz en Santa Catarina Mita,Agrícola,"Producción local y siembra tradicional de maíz para consumo básico en el municipio de Santa Catarina Mita, departamento de Jutiapa."
Cultivo de Frijol en Santa Catarina Mita,Agrícola,"Siembra y cosecha de frijol negro tradicional como base alimentaria en el municipio de Santa Catarina Mita, departamento de Jutiapa."
Producción Ganadera en Santa Catarina Mita,Pecuaria,"Crianza y engorde de ganado vacuno en las llanuras secas de Santa Catarina Mita, Jutiapa."
Cultivo de Maíz en Agua Blanca,Agrícola,"Producción local y siembra tradicional de maíz para consumo básico en el municipio de Agua Blanca, departamento de Jutiapa."
Cultivo de Frijol en Agua Blanca,Agrícola,"Siembra y cosecha de frijol negro tradicional como base alimentaria en el municipio de Agua Blanca, departamento de Jutiapa."
Producción Ganadera en Agua Blanca,Pecuaria,"Crianza y engorde de ganado vacuno en las llanuras secas de Agua Blanca, Jutiapa."
Cultivo de Maíz en Asunción Mita,Agrícola,"Producción local y siembra tradicional de maíz para consumo básico en el municipio de Asunción Mita, departamento de Jutiapa."
Cultivo de Frijol en Asunción Mita,Agrícola,"Siembra y cosecha de frijol negro tradicional como base alimentaria en el municipio de Asunción Mita, departamento de Jutiapa."
Producción Ganadera en Asunción Mita,Pecuaria,"Crianza y engorde de ganado vacuno en las llanuras secas de Asunción Mita, Jutiapa."
Cultivo de Maíz en Yupiltepeque,Agrícola,"Producción local y siembra tradicional de maíz para consumo básico en el municipio de Yupiltepeque, departamento de Jutiapa."
Cultivo de Frijol en Yupiltepeque,Agrícola,"Siembra y cosecha de frijol negro tradicional como base alimentaria en el municipio de Yupiltepeque, departamento de Jutiapa."
Producción Ganadera en Yupiltepeque,Pecuaria,"Crianza y engorde de ganado vacuno en las llanuras secas de Yupiltepeque, Jutiapa."
Cultivo de Maíz en Atescatempa,Agrícola,"Producción local y siembra tradicional de maíz para consumo básico en el municipio de Atescatempa, departamento de Jutiapa."
Cultivo de Frijol en Atescatempa,Agrícola,"Siembra y cosecha de frijol negro tradicional como base alimentaria en el municipio de Atescatempa, departamento de Jutiapa."
Producción Ganadera en Atescatempa,Pecuaria,"Crianza y engorde de ganado vacuno en las llanuras secas de Atescatempa, Jutiapa."
Cultivo de Maíz en Jerez,Agrícola,"Producción local y siembra tradicional de maíz para consumo básico en el municipio de Jerez, departamento de Jutiapa."
Cultivo de Frijol en Jerez,Agrícola,"Siembra y cosecha de frijol negro tradicional como base alimentaria en el municipio de Jerez, departamento de Jutiapa."
Producción Ganadera en Jerez,Pecuaria,"Crianza y engorde de ganado vacuno en las llanuras secas de Jerez, Jutiapa."
Cultivo de Maíz en El Adelanto,Agrícola,"Producción local y siembra tradicional de maíz para consumo básico en el municipio de El Adelanto, departamento de Jutiapa."
Cultivo de Frijol en El Adelanto,Agrícola,"Siembra y cosecha de frijol negro tradicional como base alimentaria en el municipio de El Adelanto, departamento de Jutiapa."
Producción Ganadera en El Adelanto,Pecuaria,"Crianza y engorde de ganado vacuno en las llanuras secas de El Adelanto, Jutiapa."
Cultivo de Maíz en Zapotitlán,Agrícola,"Producción local y siembra tradicional de maíz para consumo básico en el municipio de Zapotitlán, departamento de Jutiapa."
Cultivo de Frijol en Zapotitlán,Agrícola,"Siembra y cosecha de frijol negro tradicional como base alimentaria en el municipio de Zapotitlán, departamento de Jutiapa."
Producción Ganadera en Zapotitlán,Pecuaria,"Crianza y engorde de ganado vacuno en las llanuras secas de Zapotitlán, Jutiapa."
Cultivo de Maíz en Comapa,Agrícola,"Producción local y siembra tradicional de maíz para consumo básico en el municipio de Comapa, departamento de Jutiapa."
Cultivo de Frijol en Comapa,Agrícola,"Siembra y cosecha de frijol negro tradicional como base alimentaria en el municipio de Comapa, departamento de Jutiapa."
Producción Ganadera en Comapa,Pecuaria,"Crianza y engorde de ganado vacuno en las llanuras secas de Comapa, Jutiapa."
Cultivo de Maíz en Jalpatagua,Agrícola,"Producción local y siembra tradicional de maíz para consumo básico en el municipio de Jalpatagua, departamento de Jutiapa."
Cultivo de Frijol en Jalpatagua,Agrícola,"Siembra y cosecha de frijol negro tradicional como base alimentaria en el municipio de Jalpatagua, departamento de Jutiapa."
Producción Ganadera en Jalpatagua,Pecuaria,"Crianza y engorde de ganado vacuno en las llanuras secas de Jalpatagua, Jutiapa."
Cultivo de Maíz en Conguaco,Agrícola,"Producción local y siembra tradicional de maíz para consumo básico en el municipio de Conguaco, departamento de Jutiapa."
Cultivo de Frijol en Conguaco,Agrícola,"Siembra y cosecha de frijol negro tradicional como base alimentaria en el municipio de Conguaco, departamento de Jutiapa."
Producción Ganadera en Conguaco,Pecuaria,"Crianza y engorde de ganado vacuno en las llanuras secas de Conguaco, Jutiapa."
Cultivo de Maíz en Moyuta,Agrícola,"Producción local y siembra tradicional de maíz para consumo básico en el municipio de Moyuta, departamento de Jutiapa."
Cultivo de Frijol en Moyuta,Agrícola,"Siembra y cosecha de frijol negro tradicional como base alimentaria en el municipio de Moyuta, departamento de Jutiapa."
Producción Ganadera en Moyuta,Pecuaria,"Crianza y engorde de ganado vacuno en las llanuras secas de Moyuta, Jutiapa."
Cultivo de Maíz en Pasaco,Agrícola,"Producción local y siembra tradicional de maíz para consumo básico en el municipio de Pasaco, departamento de Jutiapa."
Cultivo de Frijol en Pasaco,Agrícola,"Siembra y cosecha de frijol negro tradicional como base alimentaria en el municipio de Pasaco, departamento de Jutiapa."
Producción Ganadera en Pasaco,Pecuaria,"Crianza y engorde de ganado vacuno en las llanuras secas de Pasaco, Jutiapa."
Cultivo de Maíz en San José Acatempa,Agrícola,"Producción local y siembra tradicional de maíz para consumo básico en el municipio de San José Acatempa, departamento de Jutiapa."
Cultivo de Frijol en San José Acatempa,Agrícola,"Siembra y cosecha de frijol negro tradicional como base alimentaria en el municipio de San José Acatempa, departamento de Jutiapa."
Producción Ganadera en San José Acatempa,Pecuaria,"Crianza y engorde de ganado vacuno en las llanuras secas de San José Acatempa, Jutiapa."
Cultivo de Maíz en Quesada,Agrícola,"Producción local y siembra tradicional de maíz para consumo básico en el municipio de Quesada, departamento de Jutiapa."
Cultivo de Frijol en Quesada,Agrícola,"Siembra y cosecha de frijol negro tradicional como base alimentaria en el municipio de Quesada, departamento de Jutiapa."
Producción Ganadera en Quesada,Pecuaria,"Crianza y engorde de ganado vacuno en las llanuras secas de Quesada, Jutiapa."
