nombre,tipo,municipio_pcode,capacidad_estimada
Centro de Acopio Agrícola Municipal de Lago De Amatitlan,Centro de Acopio,GT0100,1008 quintales por día
Taller Textil y Artesanal Municipal de Lago De Amatitlan,Taller Artesanal,GT0100,313 prendas tejidas por semana
Planta Procesadora Agroindustrial de Lago De Amatitlan,Beneficio de Café,GT0100,937 toneladas métricas por año
Centro de Acopio Agrícola Municipal de Guatemala,Centro de Acopio,GT0101,1155 quintales por día
Taller Textil y Artesanal Municipal de Guatemala,Taller Artesanal,GT0101,238 prendas tejidas por semana
Planta Procesadora Agroindustrial de Guatemala,Taller Artesanal,GT0101,279 toneladas métricas por año
Centro de Acopio Agrícola Municipal de Santa Catarina Pinula,Centro de Acopio,GT0102,1670 quintales por día
Taller Textil y Artesanal Municipal de Santa Catarina Pinula,Taller Artesanal,GT0102,290 prendas tejidas por semana
Planta Procesadora Agroindustrial de Santa Catarina Pinula,Centro de Acopio,GT0102,322 toneladas métricas por año
Centro de Acopio Agrícola Municipal de San José Pinula,Centro de Acopio,GT0103,1528 quintales por día
Taller Textil y Artesanal Municipal de San José Pinula,Taller Artesanal,GT0103,126 prendas tejidas por semana
Planta Procesadora Agroindustrial de San José Pinula,Aserradero,GT0103,383 toneladas métricas por año
Centro de Acopio Agrícola Municipal de San José del Golfo,Centro de Acopio,GT0104,957 quintales por día
Taller Textil y Artesanal Municipal de San José del Golfo,Taller Artesanal,GT0104,364 prendas tejidas por semana
Planta Procesadora Agroindustrial de San José del Golfo,Procesadora,GT0104,247 toneladas métricas por año
Centro de Acopio Agrícola Municipal de Palencia,Centro de Acopio,GT0105,1321 quintales por día
Taller Textil y Artesanal Municipal de Palencia,Taller Artesanal,GT0105,135 prendas tejidas por semana
Planta Procesadora Agroindustrial de Palencia,Beneficio de Café,GT0105,676 toneladas métricas por año
Centro de Acopio Agrícola Municipal de Chinautla,Centro de Acopio,GT0106,1078 quintales por día
Taller Textil y Artesanal Municipal de Chinautla,Taller Artesanal,GT0106,259 prendas tejidas por semana
Planta Procesadora Agroindustrial de Chinautla,Taller Artesanal,GT0106,535 toneladas métricas por año
Centro de Acopio Agrícola Municipal de San Pedro Ayampuc,Centro de Acopio,GT0107,676 quintales por día
Taller Textil y Artesanal Municipal de San Pedro Ayampuc,Taller Artesanal,GT0107,383 prendas tejidas por semana
Planta Procesadora Agroindustrial de San Pedro Ayampuc,Centro de Acopio,GT0107,667 toneladas métricas por año
Centro de Acopio Agrícola Municipal de Mixco,Centro de Acopio,GT0108,516 quintales por día
Taller Textil y Artesanal Municipal de Mixco,Taller Artesanal,GT0108,288 prendas tejidas por semana
Planta Procesadora Agroindustrial de Mixco,Aserradero,GT0108,405 toneladas métricas por año
Centro de Acopio Agrícola Municipal de San Pedro Sacatepéquez,Centro de Acopio,GT0109,1097 quintales por día
Taller Textil y Artesanal Municipal de San Pedro Sacatepéquez,Taller Artesanal,GT0109,388 prendas tejidas por semana
Planta Procesadora Agroindustrial de San Pedro Sacatepéquez,Procesadora,GT0109,511 toneladas métricas por año
Centro de Acopio Agrícola Municipal de San Juan Sacatepéquez,Centro de Acopio,GT0110,1775 quintales por día
Taller Textil y Artesanal Municipal de San Juan Sacatepéquez,Taller Artesanal,GT0110,224 prendas tejidas por semana
Planta Procesadora Agroindustrial de San Juan Sacatepéquez,Beneficio de Café,GT0110,675 toneladas métricas por año
Centro de Acopio Agrícola Municipal de San Raimundo,Centro de Acopio,GT0111,1254 quintales por día
Taller Textil y Artesanal Municipal de San Raimundo,Taller Artesanal,GT0111,352 prendas tejidas por semana
Planta Procesadora Agroindustrial de San Raimundo,Taller Artesanal,GT0111,991 toneladas métricas por año
Centro de Acopio Agrícola Municipal de Chuarrancho,Centro de Acopio,GT0112,900 quintales por día
Taller Textil y Artesanal Municipal de Chuarrancho,Taller Artesanal,GT0112,379 prendas tejidas por semana
Planta Procesadora Agroindustrial de Chuarrancho,Centro de Acopio,GT0112,978 toneladas métricas por año
Centro de Acopio Agrícola Municipal de Fraijanes,Centro de Acopio,GT0113,1002 quintales por día
Taller Textil y Artesanal Municipal de Fraijanes,Taller Artesanal,GT0113,177 prendas tejidas por semana
Planta Procesadora Agroindustrial de Fraijanes,Aserradero,GT0113,206 toneladas métricas por año
Centro de Acopio Agrícola Municipal de Amatitlán,Centro de Acopio,GT0114,1339 quintales por día
Taller Textil y Artesanal Municipal de Amatitlán,Taller Artesanal,GT0114,112 prendas tejidas por semana
Planta Procesadora Agroindustrial de Amatitlán,Procesadora,GT0114,438 toneladas métricas por año
Centro de Acopio Agrícola Municipal de Villa Nueva,Centro de Acopio,GT0115,1609 quintales por día
Taller Textil y Artesanal Municipal de Villa Nueva,Taller Artesanal,GT0115,277 prendas tejidas por semana
Planta Procesadora Agroindustrial de Villa Nueva,Beneficio de Café,GT0115,851 toneladas métricas por año
Centro de Acopio Agrícola Municipal de Villa Canales,Centro de Acopio,GT0116,1920 quintales por día
Taller Textil y Artesanal Municipal de Villa Canales,Taller Artesanal,GT0116,104 prendas tejidas por semana
Planta Procesadora Agroindustrial de Villa Canales,Taller Artesanal,GT0116,543 toneladas métricas por año
Centro de Acopio Agrícola Municipal de Petapa,Centro de Acopio,GT0117,502 quintales por día
Taller Textil y Artesanal Municipal de Petapa,Taller Artesanal,GT0117,292 prendas tejidas por semana
Planta Procesadora Agroindustrial de Petapa,Centro de Acopio,GT0117,955 toneladas métricas por año
Centro de Acopio Agrícola Municipal de Guastatoya,Centro de Acopio,GT0201,1989 quintales por día
Taller Textil y Artesanal Municipal de Guastatoya,Taller Artesanal,GT0201,257 prendas tejidas por semana
Planta Procesadora Agroindustrial de Guastatoya,Aserradero,GT0201,306 toneladas métricas por año
Centro de Acopio Agrícola Municipal de Morazán,Centro de Acopio,GT0202,920 quintales por día
Taller Textil y Artesanal Municipal de Morazán,Taller Artesanal,GT0202,371 prendas tejidas por semana
Planta Procesadora Agroindustrial de Morazán,Procesadora,GT0202,443 toneladas métricas por año
Centro de Acopio Agrícola Municipal de San Agustín Acasaguastlán,Centro de Acopio,GT0203,1359 quintales por día
Taller Textil y Artesanal Municipal de San Agustín Acasaguastlán,Taller Artesanal,GT0203,351 prendas tejidas por semana
Planta Procesadora Agroindustrial de San Agustín Acasaguastlán,Beneficio de Café,GT0203,261 toneladas métricas por año
Centro de Acopio Agrícola Municipal de San Cristóbal Acasaguastlán,Centro de Acopio,GT0204,791 quintales por día
Taller Textil y Artesanal Municipal de San Cristóbal Acasaguastlán,Taller Artesanal,GT0204,243 prendas tejidas por semana
Planta Procesadora Agroindustrial de San Cristóbal Acasaguastlán,Taller Artesanal,GT0204,295 toneladas métricas por año
Centro de Acopio Agrícola Municipal de El Jícaro,Centro de Acopio,GT0205,589 quintales por día
Taller Textil y Artesanal Municipal de El Jícaro,Taller Artesanal,GT0205,218 prendas tejidas por semana
Planta Procesadora Agroindustrial de El Jícaro,Centro de Acopio,GT0205,732 toneladas métricas por año
Centro de Acopio Agrícola Municipal de Sanarate,Centro de Acopio,GT0206,1345 quintales por día
Taller Textil y Artesanal Municipal de Sanarate,Taller Artesanal,GT0206,290 prendas tejidas por semana
Planta Procesadora Agroindustrial de Sanarate,Aserradero,GT0206,669 toneladas métricas por año
Centro de Acopio Agrícola Municipal de Sansare,Centro de Acopio,GT0207,673 quintales por día
Taller Textil y Artesanal Municipal de Sansare,Taller Artesanal,GT0207,397 prendas tejidas por semana
Planta Procesadora Agroindustrial de Sansare,Procesadora,GT0207,297 toneladas métricas por año
Centro de Acopio Agrícola Municipal de San Antonio La Paz,Centro de Acopio,GT0208,1535 quintales por día
Taller Textil y Artesanal Municipal de San Antonio La Paz,Taller Artesanal,GT0208,168 prendas tejidas por semana
Planta Procesadora Agroindustrial de San Antonio La Paz,Beneficio de Café,GT0208,852 toneladas métricas por año
Centro de Acopio Agrícola Municipal de Antigua Guatemala,Centro de Acopio,GT0301,1307 quintales por día
Taller Textil y Artesanal Municipal de Antigua Guatemala,Taller Artesanal,GT0301,138 prendas tejidas por semana
Planta Procesadora Agroindustrial de Antigua Guatemala,Taller Artesanal,GT0301,806 toneladas métricas por año
Centro de Acopio Agrícola Municipal de Jocotenango,Centro de Acopio,GT0302,1662 quintales por día
Taller Textil y Artesanal Municipal de Jocotenango,Taller Artesanal,GT0302,131 prendas tejidas por semana
Planta Procesadora Agroindustrial de Jocotenango,Centro de Acopio,GT0302,645 toneladas métricas por año
Centro de Acopio Agrícola Municipal de Pastores,Centro de Acopio,GT0303,1856 quintales por día
Taller Textil y Artesanal Municipal de Pastores,Taller Artesanal,GT0303,166 prendas tejidas por semana
Planta Procesadora Agroindustrial de Pastores,Aserradero,GT0303,442 toneladas métricas por año
Centro de Acopio Agrícola Municipal de Sumpango,Centro de Acopio,GT0304,1097 quintales por día
Taller Textil y Artesanal Municipal de Sumpango,Taller Artesanal,GT0304,233 prendas tejidas por semana
Planta Procesadora Agroindustrial de Sumpango,Procesadora,GT0304,522 toneladas métricas por año
Centro de Acopio Agrícola Municipal de Santo Domingo Xenacoj,Centro de Acopio,GT0305,1304 quintales por día
Taller Textil y Artesanal Municipal de Santo Domingo Xenacoj,Taller Artesanal,GT0305,267 prendas tejidas por semana
Planta Procesadora Agroindustrial de Santo Domingo Xenacoj,Beneficio de Café,GT0305,525 toneladas métricas por año
Centro de Acopio Agrícola Municipal de Santiago Sacatepéquez,Centro de Acopio,GT0306,1427 quintales por día
Taller Textil y Artesanal Municipal de Santiago Sacatepéquez,Taller Artesanal,GT0306,239 prendas tejidas por semana
Planta Procesadora Agroindustrial de Santiago Sacatepéquez,Taller Artesanal,GT0306,439 toneladas métricas por año
Centro de Acopio Agrícola Municipal de San Bartolomé Milpas Altas,Centro de Acopio,GT0307,652 quintales por día
Taller Textil y Artesanal Municipal de San Bartolomé Milpas Altas,Taller Artesanal,GT0307,203 prendas tejidas por semana
Planta Procesadora Agroindustrial de San Bartolomé Milpas Altas,Centro de Acopio,GT0307,339 toneladas métricas por año
Centro de Acopio Agrícola Municipal de San Lucas Sacatepéquez,Centro de Acopio,GT0308,1697 quintales por día
Taller Textil y Artesanal Municipal de San Lucas Sacatepéquez,Taller Artesanal,GT0308,155 prendas tejidas por semana
Planta Procesadora Agroindustrial de San Lucas Sacatepéquez,Aserradero,GT0308,359 toneladas métricas por año
Centro de Acopio Agrícola Municipal de Santa Lucía Milpas Altas,Centro de Acopio,GT0309,716 quintales por día
Taller Textil y Artesanal Municipal de Santa Lucía Milpas Altas,Taller Artesanal,GT0309,184 prendas tejidas por semana
Planta Procesadora Agroindustrial de Santa Lucía Milpas Altas,Procesadora,GT0309,660 toneladas métricas por año
Centro de Acopio Agrícola Municipal de Magdalena Milpas Altas,Centro de Acopio,GT0310,1454 quintales por día
Taller Textil y Artesanal Municipal de Magdalena Milpas Altas,Taller Artesanal,GT0310,260 prendas tejidas por semana
Planta Procesadora Agroindustrial de Magdalena Milpas Altas,Beneficio de Café,GT0310,616 toneladas métricas por año
Centro de Acopio Agrícola Municipal de Santa María de Jesús,Centro de Acopio,GT0311,747 quintales por día
Taller Textil y Artesanal Municipal de Santa María de Jesús,Taller Artesanal,GT0311,374 prendas tejidas por semana
Planta Procesadora Agroindustrial de Santa María de Jesús,Taller Artesanal,GT0311,566 toneladas métricas por año
Centro de Acopio Agrícola Municipal de Ciudad Vieja,Centro de Acopio,GT0312,925 quintales por día
Taller Textil y Artesanal Municipal de Ciudad Vieja,Taller Artesanal,GT0312,331 prendas tejidas por semana
Planta Procesadora Agroindustrial de Ciudad Vieja,Centro de Acopio,GT0312,515 toneladas métricas por año
Centro de Acopio Agrícola Municipal de San Miguel Dueñas,Centro de Acopio,GT0313,1448 quintales por día
Taller Textil y Artesanal Municipal de San Miguel Dueñas,Taller Artesanal,GT0313,235 prendas tejidas por semana
Planta Procesadora Agroindustrial de San Miguel Dueñas,Aserradero,GT0313,322 toneladas métricas por año
Centro de Acopio Agrícola Municipal de Alotenango,Centro de Acopio,GT0314,685 quintales por día
Taller Textil y Artesanal Municipal de Alotenango,Taller Artesanal,GT0314,180 prendas tejidas por semana
Planta Procesadora Agroindustrial de Alotenango,Procesadora,GT0314,902 toneladas métricas por año
Centro de Acopio Agrícola Municipal de San Antonio Aguas Calientes,Centro de Acopio,GT0315,1123 quintales por día
Taller Textil y Artesanal Municipal de San Antonio Aguas Calientes,Taller Artesanal,GT0315,120 prendas tejidas por semana
Planta Procesadora Agroindustrial de San Antonio Aguas Calientes,Beneficio de Café,GT0315,420 toneladas métricas por año
Centro de Acopio Agrícola Municipal de Santa Catarina Barahona,Centro de Acopio,GT0316,1171 quintales por día
Taller Textil y Artesanal Municipal de Santa Catarina Barahona,Taller Artesanal,GT0316,175 prendas tejidas por semana
Planta Procesadora Agroindustrial de Santa Catarina Barahona,Taller Artesanal,GT0316,293 toneladas métricas por año
Centro de Acopio Agrícola Municipal de Chimaltenango,Centro de Acopio,GT0401,1956 quintales por día
Taller Textil y Artesanal Municipal de Chimaltenango,Taller Artesanal,GT0401,227 prendas tejidas por semana
Planta Procesadora Agroindustrial de Chimaltenango,Centro de Acopio,GT0401,564 toneladas métricas por año
Centro de Acopio Agrícola Municipal de San José Poaquil,Centro de Acopio,GT0402,1311 quintales por día
Taller Textil y Artesanal Municipal de San José Poaquil,Taller Artesanal,GT0402,362 prendas tejidas por semana
Planta Procesadora Agroindustrial de San José Poaquil,Aserradero,GT0402,250 toneladas métricas por año
Centro de Acopio Agrícola Municipal de San Martín Jilotepeque,Centro de Acopio,GT0403,1886 quintales por día
Taller Textil y Artesanal Municipal de San Martín Jilotepeque,Taller Artesanal,GT0403,253 prendas tejidas por semana
Planta Procesadora Agroindustrial de San Martín Jilotepeque,Procesadora,GT0403,466 toneladas métricas por año
Centro de Acopio Agrícola Municipal de Comalapa,Centro de Acopio,GT0404,856 quintales por día
Taller Textil y Artesanal Municipal de Comalapa,Taller Artesanal,GT0404,115 prendas tejidas por semana
Planta Procesadora Agroindustrial de Comalapa,Beneficio de Café,GT0404,614 toneladas métricas por año
Centro de Acopio Agrícola Municipal de Santa Apolonia,Centro de Acopio,GT0405,1426 quintales por día
Taller Textil y Artesanal Municipal de Santa Apolonia,Taller Artesanal,GT0405,384 prendas tejidas por semana
Planta Procesadora Agroindustrial de Santa Apolonia,Taller Artesanal,GT0405,966 toneladas métricas por año
Centro de Acopio Agrícola Municipal de Tecpán Guatemala,Centro de Acopio,GT0406,1626 quintales por día
Taller Textil y Artesanal Municipal de Tecpán Guatemala,Taller Artesanal,GT0406,227 prendas tejidas por semana
Planta Procesadora Agroindustrial de Tecpán Guatemala,Centro de Acopio,GT0406,296 toneladas métricas por año
Centro de Acopio Agrícola Municipal de Patzún,Centro de Acopio,GT0407,1446 quintales por día
Taller Textil y Artesanal Municipal de Patzún,Taller Artesanal,GT0407,152 prendas tejidas por semana
Planta Procesadora Agroindustrial de Patzún,Aserradero,GT0407,343 toneladas métricas por año
Centro de Acopio Agrícola Municipal de Pochuta,Centro de Acopio,GT0408,748 quintales por día
Taller Textil y Artesanal Municipal de Pochuta,Taller Artesanal,GT0408,106 prendas tejidas por semana
Planta Procesadora Agroindustrial de Pochuta,Procesadora,GT0408,263 toneladas métricas por año
Centro de Acopio Agrícola Municipal de Patzicía,Centro de Acopio,GT0409,955 quintales por día
Taller Textil y Artesanal Municipal de Patzicía,Taller Artesanal,GT0409,166 prendas tejidas por semana
Planta Procesadora Agroindustrial de Patzicía,Beneficio de Café,GT0409,402 toneladas métricas por año
Centro de Acopio Agrícola Municipal de Santa Cruz Balanyá,Centro de Acopio,GT0410,1320 quintales por día
Taller Textil y Artesanal Municipal de Santa Cruz Balanyá,Taller Artesanal,GT0410,290 prendas tejidas por semana
Planta Procesadora Agroindustrial de Santa Cruz Balanyá,Taller Artesanal,GT0410,902 toneladas métricas por año
Centro de Acopio Agrícola Municipal de Acatenango,Centro de Acopio,GT0411,1790 quintales por día
Taller Textil y Artesanal Municipal de Acatenango,Taller Artesanal,GT0411,143 prendas tejidas por semana
Planta Procesadora Agroindustrial de Acatenango,Centro de Acopio,GT0411,796 toneladas métricas por año
Centro de Acopio Agrícola Municipal de Yepocapa,Centro de Acopio,GT0412,1700 quintales por día
Taller Textil y Artesanal Municipal de Yepocapa,Taller Artesanal,GT0412,232 prendas tejidas por semana
Planta Procesadora Agroindustrial de Yepocapa,Aserradero,GT0412,276 toneladas métricas por año
Centro de Acopio Agrícola Municipal de San Andrés Itzapa,Centro de Acopio,GT0413,544 quintales por día
Taller Textil y Artesanal Municipal de San Andrés Itzapa,Taller Artesanal,GT0413,133 prendas tejidas por semana
Planta Procesadora Agroindustrial de San Andrés Itzapa,Procesadora,GT0413,402 toneladas métricas por año
Centro de Acopio Agrícola Municipal de Parramos,Centro de Acopio,GT0414,1822 quintales por día
Taller Textil y Artesanal Municipal de Parramos,Taller Artesanal,GT0414,327 prendas tejidas por semana
Planta Procesadora Agroindustrial de Parramos,Beneficio de Café,GT0414,331 toneladas métricas por año
Centro de Acopio Agrícola Municipal de Zaragoza,Centro de Acopio,GT0415,688 quintales por día
Taller Textil y Artesanal Municipal de Zaragoza,Taller Artesanal,GT0415,269 prendas tejidas por semana
Planta Procesadora Agroindustrial de Zaragoza,Taller Artesanal,GT0415,325 toneladas métricas por año
Centro de Acopio Agrícola Municipal de El Tejar,Centro de Acopio,GT0416,587 quintales por día
Taller Textil y Artesanal Municipal de El Tejar,Taller Artesanal,GT0416,336 prendas tejidas por semana
Planta Procesadora Agroindustrial de El Tejar,Centro de Acopio,GT0416,251 toneladas métricas por año
Centro de Acopio Agrícola Municipal de Escuintla,Centro de Acopio,GT0501,844 quintales por día
Taller Textil y Artesanal Municipal de Escuintla,Taller Artesanal,GT0501,393 prendas tejidas por semana
Planta Procesadora Agroindustrial de Escuintla,Aserradero,GT0501,643 toneladas métricas por año
Centro de Acopio Agrícola Municipal de Santa Lucía Cotzumalguapa,Centro de Acopio,GT0502,1983 quintales por día
Taller Textil y Artesanal Municipal de Santa Lucía Cotzumalguapa,Taller Artesanal,GT0502,302 prendas tejidas por semana
Planta Procesadora Agroindustrial de Santa Lucía Cotzumalguapa,Procesadora,GT0502,708 toneladas métricas por año
Centro de Acopio Agrícola Municipal de La Democracia,Centro de Acopio,GT0503,560 quintales por día
Taller Textil y Artesanal Municipal de La Democracia,Taller Artesanal,GT0503,295 prendas tejidas por semana
Planta Procesadora Agroindustrial de La Democracia,Beneficio de Café,GT0503,899 toneladas métricas por año
Centro de Acopio Agrícola Municipal de Siquinalá,Centro de Acopio,GT0504,1373 quintales por día
Taller Textil y Artesanal Municipal de Siquinalá,Taller Artesanal,GT0504,188 prendas tejidas por semana
Planta Procesadora Agroindustrial de Siquinalá,Taller Artesanal,GT0504,562 toneladas métricas por año
Centro de Acopio Agrícola Municipal de Masagua,Centro de Acopio,GT0505,939 quintales por día
Taller Textil y Artesanal Municipal de Masagua,Taller Artesanal,GT0505,195 prendas tejidas por semana
Planta Procesadora Agroindustrial de Masagua,Centro de Acopio,GT0505,481 toneladas métricas por año
Centro de Acopio Agrícola Municipal de Tiquisate,Centro de Acopio,GT0506,1073 quintales por día
Taller Textil y Artesanal Municipal de Tiquisate,Taller Artesanal,GT0506,328 prendas tejidas por semana
Planta Procesadora Agroindustrial de Tiquisate,Aserradero,GT0506,352 toneladas métricas por año
Centro de Acopio Agrícola Municipal de La Gomera,Centro de Acopio,GT0507,570 quintales por día
Taller Textil y Artesanal Municipal de La Gomera,Taller Artesanal,GT0507,225 prendas tejidas por semana
Planta Procesadora Agroindustrial de La Gomera,Procesadora,GT0507,862 toneladas métricas por año
Centro de Acopio Agrícola Municipal de Guanagazapa,Centro de Acopio,GT0508,1104 quintales por día
Taller Textil y Artesanal Municipal de Guanagazapa,Taller Artesanal,GT0508,355 prendas tejidas por semana
Planta Procesadora Agroindustrial de Guanagazapa,Beneficio de Café,GT0508,621 toneladas métricas por año
Centro de Acopio Agrícola Municipal de San José,Centro de Acopio,GT0509,1627 quintales por día
Taller Textil y Artesanal Municipal de San José,Taller Artesanal,GT0509,345 prendas tejidas por semana
Planta Procesadora Agroindustrial de San José,Taller Artesanal,GT0509,262 toneladas métricas por año
Centro de Acopio Agrícola Municipal de Iztapa,Centro de Acopio,GT0510,679 quintales por día
Taller Textil y Artesanal Municipal de Iztapa,Taller Artesanal,GT0510,243 prendas tejidas por semana
Planta Procesadora Agroindustrial de Iztapa,Centro de Acopio,GT0510,592 toneladas métricas por año
Centro de Acopio Agrícola Municipal de Palín,Centro de Acopio,GT0511,781 quintales por día
Taller Textil y Artesanal Municipal de Palín,Taller Artesanal,GT0511,314 prendas tejidas por semana
Planta Procesadora Agroindustrial de Palín,Aserradero,GT0511,404 toneladas métricas por año
Centro de Acopio Agrícola Municipal de San Vicente Pacaya,Centro de Acopio,GT0512,1816 quintales por día
Taller Textil y Artesanal Municipal de San Vicente Pacaya,Taller Artesanal,GT0512,369 prendas tejidas por semana
Planta Procesadora Agroindustrial de San Vicente Pacaya,Procesadora,GT0512,455 toneladas métricas por año
Centro de Acopio Agrícola Municipal de Nueva Concepción,Centro de Acopio,GT0513,1791 quintales por día
Taller Textil y Artesanal Municipal de Nueva Concepción,Taller Artesanal,GT0513,378 prendas tejidas por semana
Planta Procesadora Agroindustrial de Nueva Concepción,Beneficio de Café,GT0513,219 toneladas métricas por año
Centro de Acopio Agrícola Municipal de Sipacate,Centro de Acopio,GT0514,1283 quintales por día
Taller Textil y Artesanal Municipal de Sipacate,Taller Artesanal,GT0514,283 prendas tejidas por semana
Planta Procesadora Agroindustrial de Sipacate,Taller Artesanal,GT0514,691 toneladas métricas por año
Centro de Acopio Agrícola Municipal de Cuilapa,Centro de Acopio,GT0601,1615 quintales por día
Taller Textil y Artesanal Municipal de Cuilapa,Taller Artesanal,GT0601,348 prendas tejidas por semana
Planta Procesadora Agroindustrial de Cuilapa,Centro de Acopio,GT0601,552 toneladas métricas por año
Centro de Acopio Agrícola Municipal de Barberena,Centro de Acopio,GT0602,1658 quintales por día
Taller Textil y Artesanal Municipal de Barberena,Taller Artesanal,GT0602,357 prendas tejidas por semana
Planta Procesadora Agroindustrial de Barberena,Aserradero,GT0602,529 toneladas métricas por año
Centro de Acopio Agrícola Municipal de Santa Rosa de Lima,Centro de Acopio,GT0603,1295 quintales por día
Taller Textil y Artesanal Municipal de Santa Rosa de Lima,Taller Artesanal,GT0603,238 prendas tejidas por semana
Planta Procesadora Agroindustrial de Santa Rosa de Lima,Procesadora,GT0603,384 toneladas métricas por año
Centro de Acopio Agrícola Municipal de Casillas,Centro de Acopio,GT0604,553 quintales por día
Taller Textil y Artesanal Municipal de Casillas,Taller Artesanal,GT0604,263 prendas tejidas por semana
Planta Procesadora Agroindustrial de Casillas,Beneficio de Café,GT0604,811 toneladas métricas por año
Centro de Acopio Agrícola Municipal de San Rafael Las Flores,Centro de Acopio,GT0605,948 quintales por día
Taller Textil y Artesanal Municipal de San Rafael Las Flores,Taller Artesanal,GT0605,115 prendas tejidas por semana
Planta Procesadora Agroindustrial de San Rafael Las Flores,Taller Artesanal,GT0605,997 toneladas métricas por año
Centro de Acopio Agrícola Municipal de Oratorio,Centro de Acopio,GT0606,1075 quintales por día
Taller Textil y Artesanal Municipal de Oratorio,Taller Artesanal,GT0606,129 prendas tejidas por semana
Planta Procesadora Agroindustrial de Oratorio,Centro de Acopio,GT0606,683 toneladas métricas por año
Centro de Acopio Agrícola Municipal de San Juan Tecuaco,Centro de Acopio,GT0607,1584 quintales por día
Taller Textil y Artesanal Municipal de San Juan Tecuaco,Taller Artesanal,GT0607,283 prendas tejidas por semana
Planta Procesadora Agroindustrial de San Juan Tecuaco,Aserradero,GT0607,985 toneladas métricas por año
Centro de Acopio Agrícola Municipal de Chiquimulilla,Centro de Acopio,GT0608,1696 quintales por día
Taller Textil y Artesanal Municipal de Chiquimulilla,Taller Artesanal,GT0608,219 prendas tejidas por semana
Planta Procesadora Agroindustrial de Chiquimulilla,Procesadora,GT0608,363 toneladas métricas por año
Centro de Acopio Agrícola Municipal de Taxisco,Centro de Acopio,GT0609,705 quintales por día
Taller Textil y Artesanal Municipal de Taxisco,Taller Artesanal,GT0609,226 prendas tejidas por semana
Planta Procesadora Agroindustrial de Taxisco,Beneficio de Café,GT0609,872 toneladas métricas por año
Centro de Acopio Agrícola Municipal de Santa María Ixhuatán,Centro de Acopio,GT0610,993 quintales por día
Taller Textil y Artesanal Municipal de Santa María Ixhuatán,Taller Artesanal,GT0610,236 prendas tejidas por semana
Planta Procesadora Agroindustrial de Santa María Ixhuatán,Taller Artesanal,GT0610,746 toneladas métricas por año
Centro de Acopio Agrícola Municipal de Guazacapán,Centro de Acopio,GT0611,614 quintales por día
Taller Textil y Artesanal Municipal de Guazacapán,Taller Artesanal,GT0611,212 prendas tejidas por semana
Planta Procesadora Agroindustrial de Guazacapán,Centro de Acopio,GT0611,789 toneladas métricas por año
Centro de Acopio Agrícola Municipal de Santa Cruz Naranjo,Centro de Acopio,GT0612,1295 quintales por día
Taller Textil y Artesanal Municipal de Santa Cruz Naranjo,Taller Artesanal,GT0612,281 prendas tejidas por semana
Planta Procesadora Agroindustrial de Santa Cruz Naranjo,Aserradero,GT0612,377 toneladas métricas por año
Centro de Acopio Agrícola Municipal de Pueblo Nuevo Viñas,Centro de Acopio,GT0613,860 quintales por día
Taller Textil y Artesanal Municipal de Pueblo Nuevo Viñas,Taller Artesanal,GT0613,221 prendas tejidas por semana
Planta Procesadora Agroindustrial de Pueblo Nuevo Viñas,Procesadora,GT0613,806 toneladas métricas por año
Centro de Acopio Agrícola Municipal de Nueva Santa Rosa,Centro de Acopio,GT0614,1151 quintales por día
Taller Textil y Artesanal Municipal de Nueva Santa Rosa,Taller Artesanal,GT0614,283 prendas tejidas por semana
Planta Procesadora Agroindustrial de Nueva Santa Rosa,Beneficio de Café,GT0614,805 toneladas métricas por año
Centro de Acopio Agrícola Municipal de Lago De Atitlan,Centro de Acopio,GT0700,557 quintales por día
Taller Textil y Artesanal Municipal de Lago De Atitlan,Taller Artesanal,GT0700,280 prendas tejidas por semana
Planta Procesadora Agroindustrial de Lago De Atitlan,Taller Artesanal,GT0700,781 toneladas métricas por año
Centro de Acopio Agrícola Municipal de Sololá,Centro de Acopio,GT0701,1654 quintales por día
Taller Textil y Artesanal Municipal de Sololá,Taller Artesanal,GT0701,172 prendas tejidas por semana
Planta Procesadora Agroindustrial de Sololá,Centro de Acopio,GT0701,776 toneladas métricas por año
Centro de Acopio Agrícola Municipal de San José Chacayá,Centro de Acopio,GT0702,885 quintales por día
Taller Textil y Artesanal Municipal de San José Chacayá,Taller Artesanal,GT0702,352 prendas tejidas por semana
Planta Procesadora Agroindustrial de San José Chacayá,Aserradero,GT0702,755 toneladas métricas por año
Centro de Acopio Agrícola Municipal de Santa María Visitación,Centro de Acopio,GT0703,1132 quintales por día
Taller Textil y Artesanal Municipal de Santa María Visitación,Taller Artesanal,GT0703,189 prendas tejidas por semana
Planta Procesadora Agroindustrial de Santa María Visitación,Procesadora,GT0703,702 toneladas métricas por año
Centro de Acopio Agrícola Municipal de Santa Lucía Utatlán,Centro de Acopio,GT0704,577 quintales por día
Taller Textil y Artesanal Municipal de Santa Lucía Utatlán,Taller Artesanal,GT0704,146 prendas tejidas por semana
Planta Procesadora Agroindustrial de Santa Lucía Utatlán,Beneficio de Café,GT0704,257 toneladas métricas por año
Centro de Acopio Agrícola Municipal de Nahualá,Centro de Acopio,GT0705,976 quintales por día
Taller Textil y Artesanal Municipal de Nahualá,Taller Artesanal,GT0705,212 prendas tejidas por semana
Planta Procesadora Agroindustrial de Nahualá,Taller Artesanal,GT0705,220 toneladas métricas por año
Centro de Acopio Agrícola Municipal de Santa Catarina Ixtahuacán,Centro de Acopio,GT0706,1578 quintales por día
Taller Textil y Artesanal Municipal de Santa Catarina Ixtahuacán,Taller Artesanal,GT0706,344 prendas tejidas por semana
Planta Procesadora Agroindustrial de Santa Catarina Ixtahuacán,Centro de Acopio,GT0706,200 toneladas métricas por año
Centro de Acopio Agrícola Municipal de Santa Clara La Laguna,Centro de Acopio,GT0707,1179 quintales por día
Taller Textil y Artesanal Municipal de Santa Clara La Laguna,Taller Artesanal,GT0707,203 prendas tejidas por semana
Planta Procesadora Agroindustrial de Santa Clara La Laguna,Aserradero,GT0707,333 toneladas métricas por año
Centro de Acopio Agrícola Municipal de Concepción,Centro de Acopio,GT0708,1197 quintales por día
Taller Textil y Artesanal Municipal de Concepción,Taller Artesanal,GT0708,190 prendas tejidas por semana
Planta Procesadora Agroindustrial de Concepción,Procesadora,GT0708,531 toneladas métricas por año
Centro de Acopio Agrícola Municipal de San Andrés Semetabaj,Centro de Acopio,GT0709,621 quintales por día
Taller Textil y Artesanal Municipal de San Andrés Semetabaj,Taller Artesanal,GT0709,111 prendas tejidas por semana
Planta Procesadora Agroindustrial de San Andrés Semetabaj,Beneficio de Café,GT0709,351 toneladas métricas por año
Centro de Acopio Agrícola Municipal de Panajachel,Centro de Acopio,GT0710,1701 quintales por día
Taller Textil y Artesanal Municipal de Panajachel,Taller Artesanal,GT0710,172 prendas tejidas por semana
Planta Procesadora Agroindustrial de Panajachel,Taller Artesanal,GT0710,992 toneladas métricas por año
Centro de Acopio Agrícola Municipal de Santa Catarina Palopó,Centro de Acopio,GT0711,727 quintales por día
Taller Textil y Artesanal Municipal de Santa Catarina Palopó,Taller Artesanal,GT0711,369 prendas tejidas por semana
Planta Procesadora Agroindustrial de Santa Catarina Palopó,Centro de Acopio,GT0711,573 toneladas métricas por año
Centro de Acopio Agrícola Municipal de San Antonio Palopó,Centro de Acopio,GT0712,648 quintales por día
Taller Textil y Artesanal Municipal de San Antonio Palopó,Taller Artesanal,GT0712,291 prendas tejidas por semana
Planta Procesadora Agroindustrial de San Antonio Palopó,Aserradero,GT0712,921 toneladas métricas por año
Centro de Acopio Agrícola Municipal de San Lucas Tolimán,Centro de Acopio,GT0713,1856 quintales por día
Taller Textil y Artesanal Municipal de San Lucas Tolimán,Taller Artesanal,GT0713,302 prendas tejidas por semana
Planta Procesadora Agroindustrial de San Lucas Tolimán,Procesadora,GT0713,800 toneladas métricas por año
Centro de Acopio Agrícola Municipal de Santa Cruz La Laguna,Centro de Acopio,GT0714,706 quintales por día
Taller Textil y Artesanal Municipal de Santa Cruz La Laguna,Taller Artesanal,GT0714,272 prendas tejidas por semana
Planta Procesadora Agroindustrial de Santa Cruz La Laguna,Beneficio de Café,GT0714,509 toneladas métricas por año
Centro de Acopio Agrícola Municipal de San Pablo La Laguna,Centro de Acopio,GT0715,1160 quintales por día
Taller Textil y Artesanal Municipal de San Pablo La Laguna,Taller Artesanal,GT0715,169 prendas tejidas por semana
Planta Procesadora Agroindustrial de San Pablo La Laguna,Taller Artesanal,GT0715,361 toneladas métricas por año
Centro de Acopio Agrícola Municipal de San Marcos La Laguna,Centro de Acopio,GT0716,1999 quintales por día
Taller Textil y Artesanal Municipal de San Marcos La Laguna,Taller Artesanal,GT0716,323 prendas tejidas por semana
Planta Procesadora Agroindustrial de San Marcos La Laguna,Centro de Acopio,GT0716,854 toneladas métricas por año
Centro de Acopio Agrícola Municipal de San Juan La Laguna,Centro de Acopio,GT0717,1497 quintales por día
Taller Textil y Artesanal Municipal de San Juan La Laguna,Taller Artesanal,GT0717,262 prendas tejidas por semana
Planta Procesadora Agroindustrial de San Juan La Laguna,Aserradero,GT0717,378 toneladas métricas por año
Centro de Acopio Agrícola Municipal de San Pedro La Laguna,Centro de Acopio,GT0718,1948 quintales por día
Taller Textil y Artesanal Municipal de San Pedro La Laguna,Taller Artesanal,GT0718,387 prendas tejidas por semana
Planta Procesadora Agroindustrial de San Pedro La Laguna,Procesadora,GT0718,910 toneladas métricas por año
Centro de Acopio Agrícola Municipal de Santiago Atitlán,Centro de Acopio,GT0719,1756 quintales por día
Taller Textil y Artesanal Municipal de Santiago Atitlán,Taller Artesanal,GT0719,282 prendas tejidas por semana
Planta Procesadora Agroindustrial de Santiago Atitlán,Beneficio de Café,GT0719,428 toneladas métricas por año
Centro de Acopio Agrícola Municipal de Totonicapán,Centro de Acopio,GT0801,1863 quintales por día
Taller Textil y Artesanal Municipal de Totonicapán,Taller Artesanal,GT0801,189 prendas tejidas por semana
Planta Procesadora Agroindustrial de Totonicapán,Taller Artesanal,GT0801,587 toneladas métricas por año
Centro de Acopio Agrícola Municipal de San Cristóbal Totonicapán,Centro de Acopio,GT0802,1128 quintales por día
Taller Textil y Artesanal Municipal de San Cristóbal Totonicapán,Taller Artesanal,GT0802,250 prendas tejidas por semana
Planta Procesadora Agroindustrial de San Cristóbal Totonicapán,Centro de Acopio,GT0802,330 toneladas métricas por año
Centro de Acopio Agrícola Municipal de San Francisco El Alto,Centro de Acopio,GT0803,863 quintales por día
Taller Textil y Artesanal Municipal de San Francisco El Alto,Taller Artesanal,GT0803,100 prendas tejidas por semana
Planta Procesadora Agroindustrial de San Francisco El Alto,Aserradero,GT0803,918 toneladas métricas por año
Centro de Acopio Agrícola Municipal de San Andrés Xecul,Centro de Acopio,GT0804,1673 quintales por día
Taller Textil y Artesanal Municipal de San Andrés Xecul,Taller Artesanal,GT0804,300 prendas tejidas por semana
Planta Procesadora Agroindustrial de San Andrés Xecul,Procesadora,GT0804,989 toneladas métricas por año
Centro de Acopio Agrícola Municipal de Momostenango,Centro de Acopio,GT0805,1662 quintales por día
Taller Textil y Artesanal Municipal de Momostenango,Taller Artesanal,GT0805,116 prendas tejidas por semana
Planta Procesadora Agroindustrial de Momostenango,Beneficio de Café,GT0805,386 toneladas métricas por año
Centro de Acopio Agrícola Municipal de Santa María Chiquimula,Centro de Acopio,GT0806,1733 quintales por día
Taller Textil y Artesanal Municipal de Santa María Chiquimula,Taller Artesanal,GT0806,262 prendas tejidas por semana
Planta Procesadora Agroindustrial de Santa María Chiquimula,Taller Artesanal,GT0806,826 toneladas métricas por año
Centro de Acopio Agrícola Municipal de Santa Lucía La Reforma,Centro de Acopio,GT0807,952 quintales por día
Taller Textil y Artesanal Municipal de Santa Lucía La Reforma,Taller Artesanal,GT0807,389 prendas tejidas por semana
Planta Procesadora Agroindustrial de Santa Lucía La Reforma,Centro de Acopio,GT0807,306 toneladas métricas por año
Centro de Acopio Agrícola Municipal de San Bartolo,Centro de Acopio,GT0808,1516 quintales por día
Taller Textil y Artesanal Municipal de San Bartolo,Taller Artesanal,GT0808,172 prendas tejidas por semana
Planta Procesadora Agroindustrial de San Bartolo,Aserradero,GT0808,539 toneladas métricas por año
Centro de Acopio Agrícola Municipal de Quetzaltenango,Centro de Acopio,GT0901,659 quintales por día
Taller Textil y Artesanal Municipal de Quetzaltenango,Taller Artesanal,GT0901,221 prendas tejidas por semana
Planta Procesadora Agroindustrial de Quetzaltenango,Procesadora,GT0901,555 toneladas métricas por año
Centro de Acopio Agrícola Municipal de Salcajá,Centro de Acopio,GT0902,1154 quintales por día
Taller Textil y Artesanal Municipal de Salcajá,Taller Artesanal,GT0902,185 prendas tejidas por semana
Planta Procesadora Agroindustrial de Salcajá,Beneficio de Café,GT0902,851 toneladas métricas por año
Centro de Acopio Agrícola Municipal de Olintepeque,Centro de Acopio,GT0903,681 quintales por día
Taller Textil y Artesanal Municipal de Olintepeque,Taller Artesanal,GT0903,271 prendas tejidas por semana
Planta Procesadora Agroindustrial de Olintepeque,Taller Artesanal,GT0903,657 toneladas métricas por año
Centro de Acopio Agrícola Municipal de San Carlos Sija,Centro de Acopio,GT0904,523 quintales por día
Taller Textil y Artesanal Municipal de San Carlos Sija,Taller Artesanal,GT0904,235 prendas tejidas por semana
Planta Procesadora Agroindustrial de San Carlos Sija,Centro de Acopio,GT0904,414 toneladas métricas por año
Centro de Acopio Agrícola Municipal de Sibilia,Centro de Acopio,GT0905,1011 quintales por día
Taller Textil y Artesanal Municipal de Sibilia,Taller Artesanal,GT0905,134 prendas tejidas por semana
Planta Procesadora Agroindustrial de Sibilia,Aserradero,GT0905,558 toneladas métricas por año
Centro de Acopio Agrícola Municipal de Cabricán,Centro de Acopio,GT0906,1025 quintales por día
Taller Textil y Artesanal Municipal de Cabricán,Taller Artesanal,GT0906,155 prendas tejidas por semana
Planta Procesadora Agroindustrial de Cabricán,Procesadora,GT0906,937 toneladas métricas por año
Centro de Acopio Agrícola Municipal de Cajolá,Centro de Acopio,GT0907,502 quintales por día
Taller Textil y Artesanal Municipal de Cajolá,Taller Artesanal,GT0907,124 prendas tejidas por semana
Planta Procesadora Agroindustrial de Cajolá,Beneficio de Café,GT0907,595 toneladas métricas por año
Centro de Acopio Agrícola Municipal de San Miguel Sigüila,Centro de Acopio,GT0908,1397 quintales por día
Taller Textil y Artesanal Municipal de San Miguel Sigüila,Taller Artesanal,GT0908,314 prendas tejidas por semana
Planta Procesadora Agroindustrial de San Miguel Sigüila,Taller Artesanal,GT0908,370 toneladas métricas por año
Centro de Acopio Agrícola Municipal de Ostuncalco,Centro de Acopio,GT0909,1347 quintales por día
Taller Textil y Artesanal Municipal de Ostuncalco,Taller Artesanal,GT0909,352 prendas tejidas por semana
Planta Procesadora Agroindustrial de Ostuncalco,Centro de Acopio,GT0909,587 toneladas métricas por año
Centro de Acopio Agrícola Municipal de San Mateo,Centro de Acopio,GT0910,1219 quintales por día
Taller Textil y Artesanal Municipal de San Mateo,Taller Artesanal,GT0910,379 prendas tejidas por semana
Planta Procesadora Agroindustrial de San Mateo,Aserradero,GT0910,584 toneladas métricas por año
Centro de Acopio Agrícola Municipal de Concepción Chiquirichapa,Centro de Acopio,GT0911,707 quintales por día
Taller Textil y Artesanal Municipal de Concepción Chiquirichapa,Taller Artesanal,GT0911,345 prendas tejidas por semana
Planta Procesadora Agroindustrial de Concepción Chiquirichapa,Procesadora,GT0911,791 toneladas métricas por año
Centro de Acopio Agrícola Municipal de San Martín Sacatepéquez,Centro de Acopio,GT0912,1833 quintales por día
Taller Textil y Artesanal Municipal de San Martín Sacatepéquez,Taller Artesanal,GT0912,215 prendas tejidas por semana
Planta Procesadora Agroindustrial de San Martín Sacatepéquez,Beneficio de Café,GT0912,366 toneladas métricas por año
Centro de Acopio Agrícola Municipal de Almolonga,Centro de Acopio,GT0913,1424 quintales por día
Taller Textil y Artesanal Municipal de Almolonga,Taller Artesanal,GT0913,137 prendas tejidas por semana
Planta Procesadora Agroindustrial de Almolonga,Taller Artesanal,GT0913,234 toneladas métricas por año
Centro de Acopio Agrícola Municipal de Cantel,Centro de Acopio,GT0914,1103 quintales por día
Taller Textil y Artesanal Municipal de Cantel,Taller Artesanal,GT0914,110 prendas tejidas por semana
Planta Procesadora Agroindustrial de Cantel,Centro de Acopio,GT0914,526 toneladas métricas por año
Centro de Acopio Agrícola Municipal de Huitán,Centro de Acopio,GT0915,1034 quintales por día
Taller Textil y Artesanal Municipal de Huitán,Taller Artesanal,GT0915,153 prendas tejidas por semana
Planta Procesadora Agroindustrial de Huitán,Aserradero,GT0915,275 toneladas métricas por año
Centro de Acopio Agrícola Municipal de Zunil,Centro de Acopio,GT0916,1200 quintales por día
Taller Textil y Artesanal Municipal de Zunil,Taller Artesanal,GT0916,187 prendas tejidas por semana
Planta Procesadora Agroindustrial de Zunil,Procesadora,GT0916,584 toneladas métricas por año
Centro de Acopio Agrícola Municipal de Colomba,Centro de Acopio,GT0917,829 quintales por día
Taller Textil y Artesanal Municipal de Colomba,Taller Artesanal,GT0917,138 prendas tejidas por semana
Planta Procesadora Agroindustrial de Colomba,Beneficio de Café,GT0917,760 toneladas métricas por año
Centro de Acopio Agrícola Municipal de San Francisco La Unión,Centro de Acopio,GT0918,690 quintales por día
Taller Textil y Artesanal Municipal de San Francisco La Unión,Taller Artesanal,GT0918,273 prendas tejidas por semana
Planta Procesadora Agroindustrial de San Francisco La Unión,Taller Artesanal,GT0918,808 toneladas métricas por año
Centro de Acopio Agrícola Municipal de El Palmar,Centro de Acopio,GT0919,1756 quintales por día
Taller Textil y Artesanal Municipal de El Palmar,Taller Artesanal,GT0919,347 prendas tejidas por semana
Planta Procesadora Agroindustrial de El Palmar,Centro de Acopio,GT0919,921 toneladas métricas por año
Centro de Acopio Agrícola Municipal de Coatepeque,Centro de Acopio,GT0920,563 quintales por día
Taller Textil y Artesanal Municipal de Coatepeque,Taller Artesanal,GT0920,320 prendas tejidas por semana
Planta Procesadora Agroindustrial de Coatepeque,Aserradero,GT0920,869 toneladas métricas por año
Centro de Acopio Agrícola Municipal de Génova,Centro de Acopio,GT0921,837 quintales por día
Taller Textil y Artesanal Municipal de Génova,Taller Artesanal,GT0921,322 prendas tejidas por semana
Planta Procesadora Agroindustrial de Génova,Procesadora,GT0921,360 toneladas métricas por año
Centro de Acopio Agrícola Municipal de Flores Costa Cuca,Centro de Acopio,GT0922,609 quintales por día
Taller Textil y Artesanal Municipal de Flores Costa Cuca,Taller Artesanal,GT0922,151 prendas tejidas por semana
Planta Procesadora Agroindustrial de Flores Costa Cuca,Beneficio de Café,GT0922,539 toneladas métricas por año
Centro de Acopio Agrícola Municipal de La Esperanza,Centro de Acopio,GT0923,920 quintales por día
Taller Textil y Artesanal Municipal de La Esperanza,Taller Artesanal,GT0923,197 prendas tejidas por semana
Planta Procesadora Agroindustrial de La Esperanza,Taller Artesanal,GT0923,619 toneladas métricas por año
Centro de Acopio Agrícola Municipal de Palestina de Los Altos,Centro de Acopio,GT0924,1927 quintales por día
Taller Textil y Artesanal Municipal de Palestina de Los Altos,Taller Artesanal,GT0924,383 prendas tejidas por semana
Planta Procesadora Agroindustrial de Palestina de Los Altos,Centro de Acopio,GT0924,939 toneladas métricas por año
Centro de Acopio Agrícola Municipal de Mazatenango,Centro de Acopio,GT1001,1994 quintales por día
Taller Textil y Artesanal Municipal de Mazatenango,Taller Artesanal,GT1001,376 prendas tejidas por semana
Planta Procesadora Agroindustrial de Mazatenango,Aserradero,GT1001,471 toneladas métricas por año
Centro de Acopio Agrícola Municipal de Cuyotenango,Centro de Acopio,GT1002,1852 quintales por día
Taller Textil y Artesanal Municipal de Cuyotenango,Taller Artesanal,GT1002,244 prendas tejidas por semana
Planta Procesadora Agroindustrial de Cuyotenango,Procesadora,GT1002,504 toneladas métricas por año
Centro de Acopio Agrícola Municipal de San Francisco Zapotitlán,Centro de Acopio,GT1003,986 quintales por día
Taller Textil y Artesanal Municipal de San Francisco Zapotitlán,Taller Artesanal,GT1003,149 prendas tejidas por semana
Planta Procesadora Agroindustrial de San Francisco Zapotitlán,Beneficio de Café,GT1003,250 toneladas métricas por año
Centro de Acopio Agrícola Municipal de San Bernardino,Centro de Acopio,GT1004,1304 quintales por día
Taller Textil y Artesanal Municipal de San Bernardino,Taller Artesanal,GT1004,392 prendas tejidas por semana
Planta Procesadora Agroindustrial de San Bernardino,Taller Artesanal,GT1004,762 toneladas métricas por año
Centro de Acopio Agrícola Municipal de San José El Ídolo,Centro de Acopio,GT1005,1505 quintales por día
Taller Textil y Artesanal Municipal de San José El Ídolo,Taller Artesanal,GT1005,178 prendas tejidas por semana
Planta Procesadora Agroindustrial de San José El Ídolo,Centro de Acopio,GT1005,255 toneladas métricas por año
Centro de Acopio Agrícola Municipal de Santo Domingo Suchitepéquez,Centro de Acopio,GT1006,1238 quintales por día
Taller Textil y Artesanal Municipal de Santo Domingo Suchitepéquez,Taller Artesanal,GT1006,101 prendas tejidas por semana
Planta Procesadora Agroindustrial de Santo Domingo Suchitepéquez,Aserradero,GT1006,637 toneladas métricas por año
Centro de Acopio Agrícola Municipal de San Lorenzo,Centro de Acopio,GT1007,679 quintales por día
Taller Textil y Artesanal Municipal de San Lorenzo,Taller Artesanal,GT1007,250 prendas tejidas por semana
Planta Procesadora Agroindustrial de San Lorenzo,Procesadora,GT1007,877 toneladas métricas por año
Centro de Acopio Agrícola Municipal de Samayac,Centro de Acopio,GT1008,1780 quintales por día
Taller Textil y Artesanal Municipal de Samayac,Taller Artesanal,GT1008,345 prendas tejidas por semana
Planta Procesadora Agroindustrial de Samayac,Beneficio de Café,GT1008,404 toneladas métricas por año
Centro de Acopio Agrícola Municipal de San Pablo Jocopilas,Centro de Acopio,GT1009,698 quintales por día
Taller Textil y Artesanal Municipal de San Pablo Jocopilas,Taller Artesanal,GT1009,113 prendas tejidas por semana
Planta Procesadora Agroindustrial de San Pablo Jocopilas,Taller Artesanal,GT1009,411 toneladas métricas por año
Centro de Acopio Agrícola Municipal de San Antonio Suchitepéquez,Centro de Acopio,GT1010,849 quintales por día
Taller Textil y Artesanal Municipal de San Antonio Suchitepéquez,Taller Artesanal,GT1010,249 prendas tejidas por semana
Planta Procesadora Agroindustrial de San Antonio Suchitepéquez,Centro de Acopio,GT1010,283 toneladas métricas por año
Centro de Acopio Agrícola Municipal de San Miguel Panán,Centro de Acopio,GT1011,1469 quintales por día
Taller Textil y Artesanal Municipal de San Miguel Panán,Taller Artesanal,GT1011,159 prendas tejidas por semana
Planta Procesadora Agroindustrial de San Miguel Panán,Aserradero,GT1011,515 toneladas métricas por año
Centro de Acopio Agrícola Municipal de San Gabriel,Centro de Acopio,GT1012,1314 quintales por día
Taller Textil y Artesanal Municipal de San Gabriel,Taller Artesanal,GT1012,341 prendas tejidas por semana
Planta Procesadora Agroindustrial de San Gabriel,Procesadora,GT1012,700 toneladas métricas por año
Centro de Acopio Agrícola Municipal de Chicacao,Centro de Acopio,GT1013,1853 quintales por día
Taller Textil y Artesanal Municipal de Chicacao,Taller Artesanal,GT1013,235 prendas tejidas por semana
Planta Procesadora Agroindustrial de Chicacao,Beneficio de Café,GT1013,293 toneladas métricas por año
Centro de Acopio Agrícola Municipal de Patulul,Centro de Acopio,GT1014,1814 quintales por día
Taller Textil y Artesanal Municipal de Patulul,Taller Artesanal,GT1014,378 prendas tejidas por semana
Planta Procesadora Agroindustrial de Patulul,Taller Artesanal,GT1014,596 toneladas métricas por año
Centro de Acopio Agrícola Municipal de Santa Bárbara,Centro de Acopio,GT1015,878 quintales por día
Taller Textil y Artesanal Municipal de Santa Bárbara,Taller Artesanal,GT1015,289 prendas tejidas por semana
Planta Procesadora Agroindustrial de Santa Bárbara,Centro de Acopio,GT1015,590 toneladas métricas por año
Centro de Acopio Agrícola Municipal de San Juan Bautista,Centro de Acopio,GT1016,1256 quintales por día
Taller Textil y Artesanal Municipal de San Juan Bautista,Taller Artesanal,GT1016,195 prendas tejidas por semana
Planta Procesadora Agroindustrial de San Juan Bautista,Aserradero,GT1016,656 toneladas métricas por año
Centro de Acopio Agrícola Municipal de Santo Tomás La Unión,Centro de Acopio,GT1017,591 quintales por día
Taller Textil y Artesanal Municipal de Santo Tomás La Unión,Taller Artesanal,GT1017,234 prendas tejidas por semana
Planta Procesadora Agroindustrial de Santo Tomás La Unión,Procesadora,GT1017,650 toneladas métricas por año
Centro de Acopio Agrícola Municipal de Zunilito,Centro de Acopio,GT1018,1452 quintales por día
Taller Textil y Artesanal Municipal de Zunilito,Taller Artesanal,GT1018,234 prendas tejidas por semana
Planta Procesadora Agroindustrial de Zunilito,Beneficio de Café,GT1018,431 toneladas métricas por año
Centro de Acopio Agrícola Municipal de Pueblo Nuevo,Centro de Acopio,GT1019,1050 quintales por día
Taller Textil y Artesanal Municipal de Pueblo Nuevo,Taller Artesanal,GT1019,388 prendas tejidas por semana
Planta Procesadora Agroindustrial de Pueblo Nuevo,Taller Artesanal,GT1019,263 toneladas métricas por año
Centro de Acopio Agrícola Municipal de Río Bravo,Centro de Acopio,GT1020,809 quintales por día
Taller Textil y Artesanal Municipal de Río Bravo,Taller Artesanal,GT1020,149 prendas tejidas por semana
Planta Procesadora Agroindustrial de Río Bravo,Centro de Acopio,GT1020,287 toneladas métricas por año
Centro de Acopio Agrícola Municipal de San José La Máquina,Centro de Acopio,GT1021,1868 quintales por día
Taller Textil y Artesanal Municipal de San José La Máquina,Taller Artesanal,GT1021,276 prendas tejidas por semana
Planta Procesadora Agroindustrial de San José La Máquina,Aserradero,GT1021,754 toneladas métricas por año
Centro de Acopio Agrícola Municipal de Retalhuleu,Centro de Acopio,GT1101,1347 quintales por día
Taller Textil y Artesanal Municipal de Retalhuleu,Taller Artesanal,GT1101,216 prendas tejidas por semana
Planta Procesadora Agroindustrial de Retalhuleu,Procesadora,GT1101,766 toneladas métricas por año
Centro de Acopio Agrícola Municipal de San Sebastián,Centro de Acopio,GT1102,624 quintales por día
Taller Textil y Artesanal Municipal de San Sebastián,Taller Artesanal,GT1102,298 prendas tejidas por semana
Planta Procesadora Agroindustrial de San Sebastián,Beneficio de Café,GT1102,735 toneladas métricas por año
Centro de Acopio Agrícola Municipal de Santa Cruz Muluá,Centro de Acopio,GT1103,1357 quintales por día
Taller Textil y Artesanal Municipal de Santa Cruz Muluá,Taller Artesanal,GT1103,374 prendas tejidas por semana
Planta Procesadora Agroindustrial de Santa Cruz Muluá,Taller Artesanal,GT1103,903 toneladas métricas por año
Centro de Acopio Agrícola Municipal de San Martín Zapotitlán,Centro de Acopio,GT1104,1472 quintales por día
Taller Textil y Artesanal Municipal de San Martín Zapotitlán,Taller Artesanal,GT1104,393 prendas tejidas por semana
Planta Procesadora Agroindustrial de San Martín Zapotitlán,Centro de Acopio,GT1104,441 toneladas métricas por año
Centro de Acopio Agrícola Municipal de San Felipe,Centro de Acopio,GT1105,1475 quintales por día
Taller Textil y Artesanal Municipal de San Felipe,Taller Artesanal,GT1105,253 prendas tejidas por semana
Planta Procesadora Agroindustrial de San Felipe,Aserradero,GT1105,280 toneladas métricas por año
Centro de Acopio Agrícola Municipal de San Andrés Villa Seca,Centro de Acopio,GT1106,1308 quintales por día
Taller Textil y Artesanal Municipal de San Andrés Villa Seca,Taller Artesanal,GT1106,117 prendas tejidas por semana
Planta Procesadora Agroindustrial de San Andrés Villa Seca,Procesadora,GT1106,714 toneladas métricas por año
Centro de Acopio Agrícola Municipal de Champerico,Centro de Acopio,GT1107,1669 quintales por día
Taller Textil y Artesanal Municipal de Champerico,Taller Artesanal,GT1107,364 prendas tejidas por semana
Planta Procesadora Agroindustrial de Champerico,Beneficio de Café,GT1107,785 toneladas métricas por año
Centro de Acopio Agrícola Municipal de Nuevo San Carlos,Centro de Acopio,GT1108,1887 quintales por día
Taller Textil y Artesanal Municipal de Nuevo San Carlos,Taller Artesanal,GT1108,175 prendas tejidas por semana
Planta Procesadora Agroindustrial de Nuevo San Carlos,Taller Artesanal,GT1108,323 toneladas métricas por año
Centro de Acopio Agrícola Municipal de El Asintal,Centro de Acopio,GT1109,1419 quintales por día
Taller Textil y Artesanal Municipal de El Asintal,Taller Artesanal,GT1109,188 prendas tejidas por semana
Planta Procesadora Agroindustrial de El Asintal,Centro de Acopio,GT1109,371 toneladas métricas por año
Centro de Acopio Agrícola Municipal de San Marcos,Centro de Acopio,GT1201,933 quintales por día
Taller Textil y Artesanal Municipal de San Marcos,Taller Artesanal,GT1201,198 prendas tejidas por semana
Planta Procesadora Agroindustrial de San Marcos,Aserradero,GT1201,329 toneladas métricas por año
Centro de Acopio Agrícola Municipal de San Pedro Sacatepéquez,Centro de Acopio,GT1202,587 quintales por día
Taller Textil y Artesanal Municipal de San Pedro Sacatepéquez,Taller Artesanal,GT1202,316 prendas tejidas por semana
Planta Procesadora Agroindustrial de San Pedro Sacatepéquez,Procesadora,GT1202,280 toneladas métricas por año
Centro de Acopio Agrícola Municipal de San Antonio Sacatepéquez,Centro de Acopio,GT1203,1899 quintales por día
Taller Textil y Artesanal Municipal de San Antonio Sacatepéquez,Taller Artesanal,GT1203,322 prendas tejidas por semana
Planta Procesadora Agroindustrial de San Antonio Sacatepéquez,Beneficio de Café,GT1203,406 toneladas métricas por año
Centro de Acopio Agrícola Municipal de Comitancillo,Centro de Acopio,GT1204,1784 quintales por día
Taller Textil y Artesanal Municipal de Comitancillo,Taller Artesanal,GT1204,175 prendas tejidas por semana
Planta Procesadora Agroindustrial de Comitancillo,Taller Artesanal,GT1204,809 toneladas métricas por año
Centro de Acopio Agrícola Municipal de San Miguel Ixtahuacán,Centro de Acopio,GT1205,1028 quintales por día
Taller Textil y Artesanal Municipal de San Miguel Ixtahuacán,Taller Artesanal,GT1205,263 prendas tejidas por semana
Planta Procesadora Agroindustrial de San Miguel Ixtahuacán,Centro de Acopio,GT1205,944 toneladas métricas por año
Centro de Acopio Agrícola Municipal de Concepción Tutuapa,Centro de Acopio,GT1206,637 quintales por día
Taller Textil y Artesanal Municipal de Concepción Tutuapa,Taller Artesanal,GT1206,144 prendas tejidas por semana
Planta Procesadora Agroindustrial de Concepción Tutuapa,Aserradero,GT1206,597 toneladas métricas por año
Centro de Acopio Agrícola Municipal de Tacaná,Centro de Acopio,GT1207,1639 quintales por día
Taller Textil y Artesanal Municipal de Tacaná,Taller Artesanal,GT1207,303 prendas tejidas por semana
Planta Procesadora Agroindustrial de Tacaná,Procesadora,GT1207,765 toneladas métricas por año
Centro de Acopio Agrícola Municipal de Sibinal,Centro de Acopio,GT1208,1167 quintales por día
Taller Textil y Artesanal Municipal de Sibinal,Taller Artesanal,GT1208,241 prendas tejidas por semana
Planta Procesadora Agroindustrial de Sibinal,Beneficio de Café,GT1208,732 toneladas métricas por año
Centro de Acopio Agrícola Municipal de Tajumulco,Centro de Acopio,GT1209,1438 quintales por día
Taller Textil y Artesanal Municipal de Tajumulco,Taller Artesanal,GT1209,106 prendas tejidas por semana
Planta Procesadora Agroindustrial de Tajumulco,Taller Artesanal,GT1209,917 toneladas métricas por año
Centro de Acopio Agrícola Municipal de Tejutla,Centro de Acopio,GT1210,1776 quintales por día
Taller Textil y Artesanal Municipal de Tejutla,Taller Artesanal,GT1210,400 prendas tejidas por semana
Planta Procesadora Agroindustrial de Tejutla,Centro de Acopio,GT1210,735 toneladas métricas por año
Centro de Acopio Agrícola Municipal de San Rafael Pie de la Cuesta,Centro de Acopio,GT1211,1359 quintales por día
Taller Textil y Artesanal Municipal de San Rafael Pie de la Cuesta,Taller Artesanal,GT1211,157 prendas tejidas por semana
Planta Procesadora Agroindustrial de San Rafael Pie de la Cuesta,Aserradero,GT1211,624 toneladas métricas por año
Centro de Acopio Agrícola Municipal de Nuevo Progreso,Centro de Acopio,GT1212,806 quintales por día
Taller Textil y Artesanal Municipal de Nuevo Progreso,Taller Artesanal,GT1212,175 prendas tejidas por semana
Planta Procesadora Agroindustrial de Nuevo Progreso,Procesadora,GT1212,780 toneladas métricas por año
Centro de Acopio Agrícola Municipal de El Tumbador,Centro de Acopio,GT1213,1704 quintales por día
Taller Textil y Artesanal Municipal de El Tumbador,Taller Artesanal,GT1213,398 prendas tejidas por semana
Planta Procesadora Agroindustrial de El Tumbador,Beneficio de Café,GT1213,976 toneladas métricas por año
Centro de Acopio Agrícola Municipal de El Rodeo,Centro de Acopio,GT1214,705 quintales por día
Taller Textil y Artesanal Municipal de El Rodeo,Taller Artesanal,GT1214,154 prendas tejidas por semana
Planta Procesadora Agroindustrial de El Rodeo,Taller Artesanal,GT1214,776 toneladas métricas por año
Centro de Acopio Agrícola Municipal de Malacatán,Centro de Acopio,GT1215,706 quintales por día
Taller Textil y Artesanal Municipal de Malacatán,Taller Artesanal,GT1215,246 prendas tejidas por semana
Planta Procesadora Agroindustrial de Malacatán,Centro de Acopio,GT1215,748 toneladas métricas por año
Centro de Acopio Agrícola Municipal de Catarina,Centro de Acopio,GT1216,1204 quintales por día
Taller Textil y Artesanal Municipal de Catarina,Taller Artesanal,GT1216,310 prendas tejidas por semana
Planta Procesadora Agroindustrial de Catarina,Aserradero,GT1216,470 toneladas métricas por año
Centro de Acopio Agrícola Municipal de Ayutla,Centro de Acopio,GT1217,1284 quintales por día
Taller Textil y Artesanal Municipal de Ayutla,Taller Artesanal,GT1217,348 prendas tejidas por semana
Planta Procesadora Agroindustrial de Ayutla,Procesadora,GT1217,785 toneladas métricas por año
Centro de Acopio Agrícola Municipal de Ocós,Centro de Acopio,GT1218,1747 quintales por día
Taller Textil y Artesanal Municipal de Ocós,Taller Artesanal,GT1218,342 prendas tejidas por semana
Planta Procesadora Agroindustrial de Ocós,Beneficio de Café,GT1218,238 toneladas métricas por año
Centro de Acopio Agrícola Municipal de San Pablo,Centro de Acopio,GT1219,852 quintales por día
Taller Textil y Artesanal Municipal de San Pablo,Taller Artesanal,GT1219,241 prendas tejidas por semana
Planta Procesadora Agroindustrial de San Pablo,Taller Artesanal,GT1219,612 toneladas métricas por año
Centro de Acopio Agrícola Municipal de El Quetzal,Centro de Acopio,GT1220,794 quintales por día
Taller Textil y Artesanal Municipal de El Quetzal,Taller Artesanal,GT1220,305 prendas tejidas por semana
Planta Procesadora Agroindustrial de El Quetzal,Centro de Acopio,GT1220,239 toneladas métricas por año
Centro de Acopio Agrícola Municipal de La Reforma,Centro de Acopio,GT1221,1310 quintales por día
Taller Textil y Artesanal Municipal de La Reforma,Taller Artesanal,GT1221,269 prendas tejidas por semana
Planta Procesadora Agroindustrial de La Reforma,Aserradero,GT1221,907 toneladas métricas por año
Centro de Acopio Agrícola Municipal de Pajapita,Centro de Acopio,GT1222,986 quintales por día
Taller Textil y Artesanal Municipal de Pajapita,Taller Artesanal,GT1222,125 prendas tejidas por semana
Planta Procesadora Agroindustrial de Pajapita,Procesadora,GT1222,963 toneladas métricas por año
Centro de Acopio Agrícola Municipal de Ixchiguán,Centro de Acopio,GT1223,1473 quintales por día
Taller Textil y Artesanal Municipal de Ixchiguán,Taller Artesanal,GT1223,237 prendas tejidas por semana
Planta Procesadora Agroindustrial de Ixchiguán,Beneficio de Café,GT1223,581 toneladas métricas por año
Centro de Acopio Agrícola Municipal de San José Ojetenam,Centro de Acopio,GT1224,541 quintales por día
Taller Textil y Artesanal Municipal de San José Ojetenam,Taller Artesanal,GT1224,272 prendas tejidas por semana
Planta Procesadora Agroindustrial de San José Ojetenam,Taller Artesanal,GT1224,510 toneladas métricas por año
Centro de Acopio Agrícola Municipal de San Cristóbal Cucho,Centro de Acopio,GT1225,1136 quintales por día
Taller Textil y Artesanal Municipal de San Cristóbal Cucho,Taller Artesanal,GT1225,243 prendas tejidas por semana
Planta Procesadora Agroindustrial de San Cristóbal Cucho,Centro de Acopio,GT1225,703 toneladas métricas por año
Centro de Acopio Agrícola Municipal de Sipacapa,Centro de Acopio,GT1226,1925 quintales por día
Taller Textil y Artesanal Municipal de Sipacapa,Taller Artesanal,GT1226,150 prendas tejidas por semana
Planta Procesadora Agroindustrial de Sipacapa,Aserradero,GT1226,433 toneladas métricas por año
Centro de Acopio Agrícola Municipal de Esquipulas Palo Gordo,Centro de Acopio,GT1227,775 quintales por día
Taller Textil y Artesanal Municipal de Esquipulas Palo Gordo,Taller Artesanal,GT1227,253 prendas tejidas por semana
Planta Procesadora Agroindustrial de Esquipulas Palo Gordo,Procesadora,GT1227,961 toneladas métricas por año
Centro de Acopio Agrícola Municipal de Río Blanco,Centro de Acopio,GT1228,1407 quintales por día
Taller Textil y Artesanal Municipal de Río Blanco,Taller Artesanal,GT1228,264 prendas tejidas por semana
Planta Procesadora Agroindustrial de Río Blanco,Beneficio de Café,GT1228,475 toneladas métricas por año
Centro de Acopio Agrícola Municipal de San Lorenzo,Centro de Acopio,GT1229,1992 quintales por día
Taller Textil y Artesanal Municipal de San Lorenzo,Taller Artesanal,GT1229,313 prendas tejidas por semana
Planta Procesadora Agroindustrial de San Lorenzo,Taller Artesanal,GT1229,819 toneladas métricas por año
Centro de Acopio Agrícola Municipal de La Blanca,Centro de Acopio,GT1230,1822 quintales por día
Taller Textil y Artesanal Municipal de La Blanca,Taller Artesanal,GT1230,145 prendas tejidas por semana
Planta Procesadora Agroindustrial de La Blanca,Centro de Acopio,GT1230,392 toneladas métricas por año
Centro de Acopio Agrícola Municipal de Huehuetenango,Centro de Acopio,GT1301,1404 quintales por día
Taller Textil y Artesanal Municipal de Huehuetenango,Taller Artesanal,GT1301,208 prendas tejidas por semana
Planta Procesadora Agroindustrial de Huehuetenango,Aserradero,GT1301,616 toneladas métricas por año
Centro de Acopio Agrícola Municipal de Chiantla,Centro de Acopio,GT1302,1492 quintales por día
Taller Textil y Artesanal Municipal de Chiantla,Taller Artesanal,GT1302,364 prendas tejidas por semana
Planta Procesadora Agroindustrial de Chiantla,Procesadora,GT1302,582 toneladas métricas por año
Centro de Acopio Agrícola Municipal de Malacatancito,Centro de Acopio,GT1303,615 quintales por día
Taller Textil y Artesanal Municipal de Malacatancito,Taller Artesanal,GT1303,363 prendas tejidas por semana
Planta Procesadora Agroindustrial de Malacatancito,Beneficio de Café,GT1303,362 toneladas métricas por año
Centro de Acopio Agrícola Municipal de Cuilco,Centro de Acopio,GT1304,634 quintales por día
Taller Textil y Artesanal Municipal de Cuilco,Taller Artesanal,GT1304,259 prendas tejidas por semana
Planta Procesadora Agroindustrial de Cuilco,Taller Artesanal,GT1304,926 toneladas métricas por año
Centro de Acopio Agrícola Municipal de Nentón,Centro de Acopio,GT1305,1537 quintales por día
Taller Textil y Artesanal Municipal de Nentón,Taller Artesanal,GT1305,306 prendas tejidas por semana
Planta Procesadora Agroindustrial de Nentón,Centro de Acopio,GT1305,338 toneladas métricas por año
Centro de Acopio Agrícola Municipal de San Pedro Necta,Centro de Acopio,GT1306,1573 quintales por día
Taller Textil y Artesanal Municipal de San Pedro Necta,Taller Artesanal,GT1306,391 prendas tejidas por semana
Planta Procesadora Agroindustrial de San Pedro Necta,Aserradero,GT1306,229 toneladas métricas por año
Centro de Acopio Agrícola Municipal de Jacaltenango,Centro de Acopio,GT1307,855 quintales por día
Taller Textil y Artesanal Municipal de Jacaltenango,Taller Artesanal,GT1307,198 prendas tejidas por semana
Planta Procesadora Agroindustrial de Jacaltenango,Procesadora,GT1307,405 toneladas métricas por año
Centro de Acopio Agrícola Municipal de Soloma,Centro de Acopio,GT1308,618 quintales por día
Taller Textil y Artesanal Municipal de Soloma,Taller Artesanal,GT1308,227 prendas tejidas por semana
Planta Procesadora Agroindustrial de Soloma,Beneficio de Café,GT1308,233 toneladas métricas por año
Centro de Acopio Agrícola Municipal de Ixtahuacán,Centro de Acopio,GT1309,1434 quintales por día
Taller Textil y Artesanal Municipal de Ixtahuacán,Taller Artesanal,GT1309,125 prendas tejidas por semana
Planta Procesadora Agroindustrial de Ixtahuacán,Taller Artesanal,GT1309,569 toneladas métricas por año
Centro de Acopio Agrícola Municipal de Santa Bárbara,Centro de Acopio,GT1310,1943 quintales por día
Taller Textil y Artesanal Municipal de Santa Bárbara,Taller Artesanal,GT1310,201 prendas tejidas por semana
Planta Procesadora Agroindustrial de Santa Bárbara,Centro de Acopio,GT1310,480 toneladas métricas por año
Centro de Acopio Agrícola Municipal de La Libertad,Centro de Acopio,GT1311,1254 quintales por día
Taller Textil y Artesanal Municipal de La Libertad,Taller Artesanal,GT1311,337 prendas tejidas por semana
Planta Procesadora Agroindustrial de La Libertad,Aserradero,GT1311,717 toneladas métricas por año
Centro de Acopio Agrícola Municipal de La Democracia,Centro de Acopio,GT1312,1312 quintales por día
Taller Textil y Artesanal Municipal de La Democracia,Taller Artesanal,GT1312,163 prendas tejidas por semana
Planta Procesadora Agroindustrial de La Democracia,Procesadora,GT1312,897 toneladas métricas por año
Centro de Acopio Agrícola Municipal de San Miguel Acatán,Centro de Acopio,GT1313,562 quintales por día
Taller Textil y Artesanal Municipal de San Miguel Acatán,Taller Artesanal,GT1313,223 prendas tejidas por semana
Planta Procesadora Agroindustrial de San Miguel Acatán,Beneficio de Café,GT1313,581 toneladas métricas por año
Centro de Acopio Agrícola Municipal de San Rafael La Independencia,Centro de Acopio,GT1314,1501 quintales por día
Taller Textil y Artesanal Municipal de San Rafael La Independencia,Taller Artesanal,GT1314,328 prendas tejidas por semana
Planta Procesadora Agroindustrial de San Rafael La Independencia,Taller Artesanal,GT1314,381 toneladas métricas por año
Centro de Acopio Agrícola Municipal de Todos Santos Cuchumatán,Centro de Acopio,GT1315,1471 quintales por día
Taller Textil y Artesanal Municipal de Todos Santos Cuchumatán,Taller Artesanal,GT1315,400 prendas tejidas por semana
Planta Procesadora Agroindustrial de Todos Santos Cuchumatán,Centro de Acopio,GT1315,764 toneladas métricas por año
Centro de Acopio Agrícola Municipal de San Juan Atitán,Centro de Acopio,GT1316,1216 quintales por día
Taller Textil y Artesanal Municipal de San Juan Atitán,Taller Artesanal,GT1316,276 prendas tejidas por semana
Planta Procesadora Agroindustrial de San Juan Atitán,Aserradero,GT1316,367 toneladas métricas por año
Centro de Acopio Agrícola Municipal de Santa Eulalia,Centro de Acopio,GT1317,1029 quintales por día
Taller Textil y Artesanal Municipal de Santa Eulalia,Taller Artesanal,GT1317,146 prendas tejidas por semana
Planta Procesadora Agroindustrial de Santa Eulalia,Procesadora,GT1317,491 toneladas métricas por año
Centro de Acopio Agrícola Municipal de San Mateo Ixtatán,Centro de Acopio,GT1318,556 quintales por día
Taller Textil y Artesanal Municipal de San Mateo Ixtatán,Taller Artesanal,GT1318,297 prendas tejidas por semana
Planta Procesadora Agroindustrial de San Mateo Ixtatán,Beneficio de Café,GT1318,250 toneladas métricas por año
Centro de Acopio Agrícola Municipal de Colotenango,Centro de Acopio,GT1319,833 quintales por día
Taller Textil y Artesanal Municipal de Colotenango,Taller Artesanal,GT1319,392 prendas tejidas por semana
Planta Procesadora Agroindustrial de Colotenango,Taller Artesanal,GT1319,998 toneladas métricas por año
Centro de Acopio Agrícola Municipal de San Sebastián Huehuetenango,Centro de Acopio,GT1320,938 quintales por día
Taller Textil y Artesanal Municipal de San Sebastián Huehuetenango,Taller Artesanal,GT1320,213 prendas tejidas por semana
Planta Procesadora Agroindustrial de San Sebastián Huehuetenango,Centro de Acopio,GT1320,862 toneladas métricas por año
Centro de Acopio Agrícola Municipal de Tectitán,Centro de Acopio,GT1321,961 quintales por día
Taller Textil y Artesanal Municipal de Tectitán,Taller Artesanal,GT1321,205 prendas tejidas por semana
Planta Procesadora Agroindustrial de Tectitán,Aserradero,GT1321,475 toneladas métricas por año
Centro de Acopio Agrícola Municipal de Concepción Huista,Centro de Acopio,GT1322,1834 quintales por día
Taller Textil y Artesanal Municipal de Concepción Huista,Taller Artesanal,GT1322,309 prendas tejidas por semana
Planta Procesadora Agroindustrial de Concepción Huista,Procesadora,GT1322,725 toneladas métricas por año
Centro de Acopio Agrícola Municipal de San Juan Ixcoy,Centro de Acopio,GT1323,541 quintales por día
Taller Textil y Artesanal Municipal de San Juan Ixcoy,Taller Artesanal,GT1323,104 prendas tejidas por semana
Planta Procesadora Agroindustrial de San Juan Ixcoy,Beneficio de Café,GT1323,685 toneladas métricas por año
Centro de Acopio Agrícola Municipal de San Antonio Huista,Centro de Acopio,GT1324,770 quintales por día
Taller Textil y Artesanal Municipal de San Antonio Huista,Taller Artesanal,GT1324,188 prendas tejidas por semana
Planta Procesadora Agroindustrial de San Antonio Huista,Taller Artesanal,GT1324,815 toneladas métricas por año
Centro de Acopio Agrícola Municipal de San Sebastián Coatán,Centro de Acopio,GT1325,517 quintales por día
Taller Textil y Artesanal Municipal de San Sebastián Coatán,Taller Artesanal,GT1325,214 prendas tejidas por semana
Planta Procesadora Agroindustrial de San Sebastián Coatán,Centro de Acopio,GT1325,458 toneladas métricas por año
Centro de Acopio Agrícola Municipal de Barillas,Centro de Acopio,GT1326,1745 quintales por día
Taller Textil y Artesanal Municipal de Barillas,Taller Artesanal,GT1326,256 prendas tejidas por semana
Planta Procesadora Agroindustrial de Barillas,Aserradero,GT1326,929 toneladas métricas por año
Centro de Acopio Agrícola Municipal de Aguacatán,Centro de Acopio,GT1327,1952 quintales por día
Taller Textil y Artesanal Municipal de Aguacatán,Taller Artesanal,GT1327,240 prendas tejidas por semana
Planta Procesadora Agroindustrial de Aguacatán,Procesadora,GT1327,633 toneladas métricas por año
Centro de Acopio Agrícola Municipal de San Rafael Petzal,Centro de Acopio,GT1328,1271 quintales por día
Taller Textil y Artesanal Municipal de San Rafael Petzal,Taller Artesanal,GT1328,278 prendas tejidas por semana
Planta Procesadora Agroindustrial de San Rafael Petzal,Beneficio de Café,GT1328,670 toneladas métricas por año
Centro de Acopio Agrícola Municipal de San Gaspar Ixchil,Centro de Acopio,GT1329,1016 quintales por día
Taller Textil y Artesanal Municipal de San Gaspar Ixchil,Taller Artesanal,GT1329,211 prendas tejidas por semana
Planta Procesadora Agroindustrial de San Gaspar Ixchil,Taller Artesanal,GT1329,677 toneladas métricas por año
Centro de Acopio Agrícola Municipal de Santiago Chimaltenango,Centro de Acopio,GT1330,1118 quintales por día
Taller Textil y Artesanal Municipal de Santiago Chimaltenango,Taller Artesanal,GT1330,366 prendas tejidas por semana
Planta Procesadora Agroindustrial de Santiago Chimaltenango,Centro de Acopio,GT1330,838 toneladas métricas por año
Centro de Acopio Agrícola Municipal de Santa Ana Huista,Centro de Acopio,GT1331,1313 quintales por día
Taller Textil y Artesanal Municipal de Santa Ana Huista,Taller Artesanal,GT1331,399 prendas tejidas por semana
Planta Procesadora Agroindustrial de Santa Ana Huista,Aserradero,GT1331,304 toneladas métricas por año
Centro de Acopio Agrícola Municipal de Unión Cantinil,Centro de Acopio,GT1332,515 quintales por día
Taller Textil y Artesanal Municipal de Unión Cantinil,Taller Artesanal,GT1332,361 prendas tejidas por semana
Planta Procesadora Agroindustrial de Unión Cantinil,Procesadora,GT1332,878 toneladas métricas por año
Centro de Acopio Agrícola Municipal de Petatán,Centro de Acopio,GT1333,1266 quintales por día
Taller Textil y Artesanal Municipal de Petatán,Taller Artesanal,GT1333,387 prendas tejidas por semana
Planta Procesadora Agroindustrial de Petatán,Beneficio de Café,GT1333,862 toneladas métricas por año
Centro de Acopio Agrícola Municipal de Santa Cruz del Quiché,Centro de Acopio,GT1401,1716 quintales por día
Taller Textil y Artesanal Municipal de Santa Cruz del Quiché,Taller Artesanal,GT1401,244 prendas tejidas por semana
Planta Procesadora Agroindustrial de Santa Cruz del Quiché,Taller Artesanal,GT1401,505 toneladas métricas por año
Centro de Acopio Agrícola Municipal de Chiché,Centro de Acopio,GT1402,1901 quintales por día
Taller Textil y Artesanal Municipal de Chiché,Taller Artesanal,GT1402,155 prendas tejidas por semana
Planta Procesadora Agroindustrial de Chiché,Centro de Acopio,GT1402,693 toneladas métricas por año
Centro de Acopio Agrícola Municipal de Chinique,Centro de Acopio,GT1403,630 quintales por día
Taller Textil y Artesanal Municipal de Chinique,Taller Artesanal,GT1403,272 prendas tejidas por semana
Planta Procesadora Agroindustrial de Chinique,Aserradero,GT1403,483 toneladas métricas por año
Centro de Acopio Agrícola Municipal de Zacualpa,Centro de Acopio,GT1404,1811 quintales por día
Taller Textil y Artesanal Municipal de Zacualpa,Taller Artesanal,GT1404,266 prendas tejidas por semana
Planta Procesadora Agroindustrial de Zacualpa,Procesadora,GT1404,483 toneladas métricas por año
Centro de Acopio Agrícola Municipal de Chajul,Centro de Acopio,GT1405,1034 quintales por día
Taller Textil y Artesanal Municipal de Chajul,Taller Artesanal,GT1405,252 prendas tejidas por semana
Planta Procesadora Agroindustrial de Chajul,Beneficio de Café,GT1405,392 toneladas métricas por año
Centro de Acopio Agrícola Municipal de Chichicastenango,Centro de Acopio,GT1406,807 quintales por día
Taller Textil y Artesanal Municipal de Chichicastenango,Taller Artesanal,GT1406,364 prendas tejidas por semana
Planta Procesadora Agroindustrial de Chichicastenango,Taller Artesanal,GT1406,983 toneladas métricas por año
Centro de Acopio Agrícola Municipal de Patzité,Centro de Acopio,GT1407,992 quintales por día
Taller Textil y Artesanal Municipal de Patzité,Taller Artesanal,GT1407,129 prendas tejidas por semana
Planta Procesadora Agroindustrial de Patzité,Centro de Acopio,GT1407,814 toneladas métricas por año
Centro de Acopio Agrícola Municipal de San Antonio Ilotenango,Centro de Acopio,GT1408,1327 quintales por día
Taller Textil y Artesanal Municipal de San Antonio Ilotenango,Taller Artesanal,GT1408,263 prendas tejidas por semana
Planta Procesadora Agroindustrial de San Antonio Ilotenango,Aserradero,GT1408,897 toneladas métricas por año
Centro de Acopio Agrícola Municipal de San Pedro Jocopilas,Centro de Acopio,GT1409,786 quintales por día
Taller Textil y Artesanal Municipal de San Pedro Jocopilas,Taller Artesanal,GT1409,113 prendas tejidas por semana
Planta Procesadora Agroindustrial de San Pedro Jocopilas,Procesadora,GT1409,871 toneladas métricas por año
Centro de Acopio Agrícola Municipal de Cunén,Centro de Acopio,GT1410,1518 quintales por día
Taller Textil y Artesanal Municipal de Cunén,Taller Artesanal,GT1410,251 prendas tejidas por semana
Planta Procesadora Agroindustrial de Cunén,Beneficio de Café,GT1410,465 toneladas métricas por año
Centro de Acopio Agrícola Municipal de San Juan Cotzal,Centro de Acopio,GT1411,1357 quintales por día
Taller Textil y Artesanal Municipal de San Juan Cotzal,Taller Artesanal,GT1411,307 prendas tejidas por semana
Planta Procesadora Agroindustrial de San Juan Cotzal,Taller Artesanal,GT1411,597 toneladas métricas por año
Centro de Acopio Agrícola Municipal de Joyabaj,Centro de Acopio,GT1412,572 quintales por día
Taller Textil y Artesanal Municipal de Joyabaj,Taller Artesanal,GT1412,398 prendas tejidas por semana
Planta Procesadora Agroindustrial de Joyabaj,Centro de Acopio,GT1412,925 toneladas métricas por año
Centro de Acopio Agrícola Municipal de Nebaj,Centro de Acopio,GT1413,1671 quintales por día
Taller Textil y Artesanal Municipal de Nebaj,Taller Artesanal,GT1413,197 prendas tejidas por semana
Planta Procesadora Agroindustrial de Nebaj,Aserradero,GT1413,551 toneladas métricas por año
Centro de Acopio Agrícola Municipal de San Andrés Sajcabajá,Centro de Acopio,GT1414,1987 quintales por día
Taller Textil y Artesanal Municipal de San Andrés Sajcabajá,Taller Artesanal,GT1414,213 prendas tejidas por semana
Planta Procesadora Agroindustrial de San Andrés Sajcabajá,Procesadora,GT1414,902 toneladas métricas por año
Centro de Acopio Agrícola Municipal de Uspantán,Centro de Acopio,GT1415,1594 quintales por día
Taller Textil y Artesanal Municipal de Uspantán,Taller Artesanal,GT1415,343 prendas tejidas por semana
Planta Procesadora Agroindustrial de Uspantán,Beneficio de Café,GT1415,887 toneladas métricas por año
Centro de Acopio Agrícola Municipal de Sacapulas,Centro de Acopio,GT1416,1234 quintales por día
Taller Textil y Artesanal Municipal de Sacapulas,Taller Artesanal,GT1416,359 prendas tejidas por semana
Planta Procesadora Agroindustrial de Sacapulas,Taller Artesanal,GT1416,507 toneladas métricas por año
Centro de Acopio Agrícola Municipal de San Bartolomé Jocotenango,Centro de Acopio,GT1417,848 quintales por día
Taller Textil y Artesanal Municipal de San Bartolomé Jocotenango,Taller Artesanal,GT1417,385 prendas tejidas por semana
Planta Procesadora Agroindustrial de San Bartolomé Jocotenango,Centro de Acopio,GT1417,385 toneladas métricas por año
Centro de Acopio Agrícola Municipal de Canillá,Centro de Acopio,GT1418,1101 quintales por día
Taller Textil y Artesanal Municipal de Canillá,Taller Artesanal,GT1418,149 prendas tejidas por semana
Planta Procesadora Agroindustrial de Canillá,Aserradero,GT1418,682 toneladas métricas por año
Centro de Acopio Agrícola Municipal de Chicamán,Centro de Acopio,GT1419,762 quintales por día
Taller Textil y Artesanal Municipal de Chicamán,Taller Artesanal,GT1419,232 prendas tejidas por semana
Planta Procesadora Agroindustrial de Chicamán,Procesadora,GT1419,942 toneladas métricas por año
Centro de Acopio Agrícola Municipal de Ixcán,Centro de Acopio,GT1420,1644 quintales por día
Taller Textil y Artesanal Municipal de Ixcán,Taller Artesanal,GT1420,193 prendas tejidas por semana
Planta Procesadora Agroindustrial de Ixcán,Beneficio de Café,GT1420,896 toneladas métricas por año
Centro de Acopio Agrícola Municipal de Pachalum,Centro de Acopio,GT1421,1187 quintales por día
Taller Textil y Artesanal Municipal de Pachalum,Taller Artesanal,GT1421,145 prendas tejidas por semana
Planta Procesadora Agroindustrial de Pachalum,Taller Artesanal,GT1421,427 toneladas métricas por año
Centro de Acopio Agrícola Municipal de Salamá,Centro de Acopio,GT1501,1227 quintales por día
Taller Textil y Artesanal Municipal de Salamá,Taller Artesanal,GT1501,214 prendas tejidas por semana
Planta Procesadora Agroindustrial de Salamá,Centro de Acopio,GT1501,962 toneladas métricas por año
Centro de Acopio Agrícola Municipal de San Miguel Chicaj,Centro de Acopio,GT1502,1128 quintales por día
Taller Textil y Artesanal Municipal de San Miguel Chicaj,Taller Artesanal,GT1502,315 prendas tejidas por semana
Planta Procesadora Agroindustrial de San Miguel Chicaj,Aserradero,GT1502,539 toneladas métricas por año
Centro de Acopio Agrícola Municipal de Rabinal,Centro de Acopio,GT1503,1261 quintales por día
Taller Textil y Artesanal Municipal de Rabinal,Taller Artesanal,GT1503,233 prendas tejidas por semana
Planta Procesadora Agroindustrial de Rabinal,Procesadora,GT1503,799 toneladas métricas por año
Centro de Acopio Agrícola Municipal de Cubulco,Centro de Acopio,GT1504,1102 quintales por día
Taller Textil y Artesanal Municipal de Cubulco,Taller Artesanal,GT1504,337 prendas tejidas por semana
Planta Procesadora Agroindustrial de Cubulco,Beneficio de Café,GT1504,320 toneladas métricas por año
Centro de Acopio Agrícola Municipal de Granados,Centro de Acopio,GT1505,1463 quintales por día
Taller Textil y Artesanal Municipal de Granados,Taller Artesanal,GT1505,127 prendas tejidas por semana
Planta Procesadora Agroindustrial de Granados,Taller Artesanal,GT1505,849 toneladas métricas por año
Centro de Acopio Agrícola Municipal de El Chol,Centro de Acopio,GT1506,1695 quintales por día
Taller Textil y Artesanal Municipal de El Chol,Taller Artesanal,GT1506,397 prendas tejidas por semana
Planta Procesadora Agroindustrial de El Chol,Centro de Acopio,GT1506,835 toneladas métricas por año
Centro de Acopio Agrícola Municipal de San Jerónimo,Centro de Acopio,GT1507,645 quintales por día
Taller Textil y Artesanal Municipal de San Jerónimo,Taller Artesanal,GT1507,341 prendas tejidas por semana
Planta Procesadora Agroindustrial de San Jerónimo,Aserradero,GT1507,399 toneladas métricas por año
Centro de Acopio Agrícola Municipal de Purulhá,Centro de Acopio,GT1508,1524 quintales por día
Taller Textil y Artesanal Municipal de Purulhá,Taller Artesanal,GT1508,161 prendas tejidas por semana
Planta Procesadora Agroindustrial de Purulhá,Procesadora,GT1508,897 toneladas métricas por año
Centro de Acopio Agrícola Municipal de Cobán,Centro de Acopio,GT1601,1281 quintales por día
Taller Textil y Artesanal Municipal de Cobán,Taller Artesanal,GT1601,371 prendas tejidas por semana
Planta Procesadora Agroindustrial de Cobán,Beneficio de Café,GT1601,505 toneladas métricas por año
Centro de Acopio Agrícola Municipal de Santa Cruz Verapaz,Centro de Acopio,GT1602,1346 quintales por día
Taller Textil y Artesanal Municipal de Santa Cruz Verapaz,Taller Artesanal,GT1602,127 prendas tejidas por semana
Planta Procesadora Agroindustrial de Santa Cruz Verapaz,Taller Artesanal,GT1602,354 toneladas métricas por año
Centro de Acopio Agrícola Municipal de San Cristóbal Verapaz,Centro de Acopio,GT1603,781 quintales por día
Taller Textil y Artesanal Municipal de San Cristóbal Verapaz,Taller Artesanal,GT1603,202 prendas tejidas por semana
Planta Procesadora Agroindustrial de San Cristóbal Verapaz,Centro de Acopio,GT1603,550 toneladas métricas por año
Centro de Acopio Agrícola Municipal de Tactic,Centro de Acopio,GT1604,1338 quintales por día
Taller Textil y Artesanal Municipal de Tactic,Taller Artesanal,GT1604,391 prendas tejidas por semana
Planta Procesadora Agroindustrial de Tactic,Aserradero,GT1604,668 toneladas métricas por año
Centro de Acopio Agrícola Municipal de Tamahú,Centro de Acopio,GT1605,793 quintales por día
Taller Textil y Artesanal Municipal de Tamahú,Taller Artesanal,GT1605,261 prendas tejidas por semana
Planta Procesadora Agroindustrial de Tamahú,Procesadora,GT1605,932 toneladas métricas por año
Centro de Acopio Agrícola Municipal de Tucurú,Centro de Acopio,GT1606,869 quintales por día
Taller Textil y Artesanal Municipal de Tucurú,Taller Artesanal,GT1606,141 prendas tejidas por semana
Planta Procesadora Agroindustrial de Tucurú,Beneficio de Café,GT1606,699 toneladas métricas por año
Centro de Acopio Agrícola Municipal de Panzós,Centro de Acopio,GT1607,1181 quintales por día
Taller Textil y Artesanal Municipal de Panzós,Taller Artesanal,GT1607,190 prendas tejidas por semana
Planta Procesadora Agroindustrial de Panzós,Taller Artesanal,GT1607,520 toneladas métricas por año
Centro de Acopio Agrícola Municipal de Senahú,Centro de Acopio,GT1608,1799 quintales por día
Taller Textil y Artesanal Municipal de Senahú,Taller Artesanal,GT1608,129 prendas tejidas por semana
Planta Procesadora Agroindustrial de Senahú,Centro de Acopio,GT1608,204 toneladas métricas por año
Centro de Acopio Agrícola Municipal de San Pedro Carchá,Centro de Acopio,GT1609,1425 quintales por día
Taller Textil y Artesanal Municipal de San Pedro Carchá,Taller Artesanal,GT1609,240 prendas tejidas por semana
Planta Procesadora Agroindustrial de San Pedro Carchá,Aserradero,GT1609,414 toneladas métricas por año
Centro de Acopio Agrícola Municipal de San Juan Chamelco,Centro de Acopio,GT1610,845 quintales por día
Taller Textil y Artesanal Municipal de San Juan Chamelco,Taller Artesanal,GT1610,395 prendas tejidas por semana
Planta Procesadora Agroindustrial de San Juan Chamelco,Procesadora,GT1610,982 toneladas métricas por año
Centro de Acopio Agrícola Municipal de Lanquín,Centro de Acopio,GT1611,824 quintales por día
Taller Textil y Artesanal Municipal de Lanquín,Taller Artesanal,GT1611,350 prendas tejidas por semana
Planta Procesadora Agroindustrial de Lanquín,Beneficio de Café,GT1611,981 toneladas métricas por año
Centro de Acopio Agrícola Municipal de Cahabón,Centro de Acopio,GT1612,680 quintales por día
Taller Textil y Artesanal Municipal de Cahabón,Taller Artesanal,GT1612,166 prendas tejidas por semana
Planta Procesadora Agroindustrial de Cahabón,Taller Artesanal,GT1612,829 toneladas métricas por año
Centro de Acopio Agrícola Municipal de Chisec,Centro de Acopio,GT1613,1388 quintales por día
Taller Textil y Artesanal Municipal de Chisec,Taller Artesanal,GT1613,319 prendas tejidas por semana
Planta Procesadora Agroindustrial de Chisec,Centro de Acopio,GT1613,613 toneladas métricas por año
Centro de Acopio Agrícola Municipal de Chahal,Centro de Acopio,GT1614,1378 quintales por día
Taller Textil y Artesanal Municipal de Chahal,Taller Artesanal,GT1614,344 prendas tejidas por semana
Planta Procesadora Agroindustrial de Chahal,Aserradero,GT1614,592 toneladas métricas por año
Centro de Acopio Agrícola Municipal de Fray Bartolomé de Las Casas,Centro de Acopio,GT1615,509 quintales por día
Taller Textil y Artesanal Municipal de Fray Bartolomé de Las Casas,Taller Artesanal,GT1615,119 prendas tejidas por semana
Planta Procesadora Agroindustrial de Fray Bartolomé de Las Casas,Procesadora,GT1615,746 toneladas métricas por año
Centro de Acopio Agrícola Municipal de Santa Catalina La Tinta,Centro de Acopio,GT1616,908 quintales por día
Taller Textil y Artesanal Municipal de Santa Catalina La Tinta,Taller Artesanal,GT1616,291 prendas tejidas por semana
Planta Procesadora Agroindustrial de Santa Catalina La Tinta,Beneficio de Café,GT1616,214 toneladas métricas por año
Centro de Acopio Agrícola Municipal de Raxruhá,Centro de Acopio,GT1617,1159 quintales por día
Taller Textil y Artesanal Municipal de Raxruhá,Taller Artesanal,GT1617,371 prendas tejidas por semana
Planta Procesadora Agroindustrial de Raxruhá,Taller Artesanal,GT1617,395 toneladas métricas por año
Centro de Acopio Agrícola Municipal de Flores,Centro de Acopio,GT1701,536 quintales por día
Taller Textil y Artesanal Municipal de Flores,Taller Artesanal,GT1701,102 prendas tejidas por semana
Planta Procesadora Agroindustrial de Flores,Centro de Acopio,GT1701,841 toneladas métricas por año
Centro de Acopio Agrícola Municipal de San José,Centro de Acopio,GT1702,1009 quintales por día
Taller Textil y Artesanal Municipal de San José,Taller Artesanal,GT1702,215 prendas tejidas por semana
Planta Procesadora Agroindustrial de San José,Aserradero,GT1702,910 toneladas métricas por año
Centro de Acopio Agrícola Municipal de San Benito,Centro de Acopio,GT1703,1205 quintales por día
Taller Textil y Artesanal Municipal de San Benito,Taller Artesanal,GT1703,259 prendas tejidas por semana
Planta Procesadora Agroindustrial de San Benito,Procesadora,GT1703,332 toneladas métricas por año
Centro de Acopio Agrícola Municipal de San Andrés,Centro de Acopio,GT1704,710 quintales por día
Taller Textil y Artesanal Municipal de San Andrés,Taller Artesanal,GT1704,296 prendas tejidas por semana
Planta Procesadora Agroindustrial de San Andrés,Beneficio de Café,GT1704,715 toneladas métricas por año
Centro de Acopio Agrícola Municipal de La Libertad,Centro de Acopio,GT1705,1705 quintales por día
Taller Textil y Artesanal Municipal de La Libertad,Taller Artesanal,GT1705,256 prendas tejidas por semana
Planta Procesadora Agroindustrial de La Libertad,Taller Artesanal,GT1705,371 toneladas métricas por año
Centro de Acopio Agrícola Municipal de San Francisco,Centro de Acopio,GT1706,633 quintales por día
Taller Textil y Artesanal Municipal de San Francisco,Taller Artesanal,GT1706,123 prendas tejidas por semana
Planta Procesadora Agroindustrial de San Francisco,Centro de Acopio,GT1706,505 toneladas métricas por año
Centro de Acopio Agrícola Municipal de Santa Ana,Centro de Acopio,GT1707,1095 quintales por día
Taller Textil y Artesanal Municipal de Santa Ana,Taller Artesanal,GT1707,333 prendas tejidas por semana
Planta Procesadora Agroindustrial de Santa Ana,Aserradero,GT1707,945 toneladas métricas por año
Centro de Acopio Agrícola Municipal de Dolores,Centro de Acopio,GT1708,1565 quintales por día
Taller Textil y Artesanal Municipal de Dolores,Taller Artesanal,GT1708,368 prendas tejidas por semana
Planta Procesadora Agroindustrial de Dolores,Procesadora,GT1708,545 toneladas métricas por año
Centro de Acopio Agrícola Municipal de San Luis,Centro de Acopio,GT1709,1388 quintales por día
Taller Textil y Artesanal Municipal de San Luis,Taller Artesanal,GT1709,168 prendas tejidas por semana
Planta Procesadora Agroindustrial de San Luis,Beneficio de Café,GT1709,550 toneladas métricas por año
Centro de Acopio Agrícola Municipal de Sayaxché,Centro de Acopio,GT1710,1503 quintales por día
Taller Textil y Artesanal Municipal de Sayaxché,Taller Artesanal,GT1710,283 prendas tejidas por semana
Planta Procesadora Agroindustrial de Sayaxché,Taller Artesanal,GT1710,968 toneladas métricas por año
Centro de Acopio Agrícola Municipal de Melchor de Mencos,Centro de Acopio,GT1711,885 quintales por día
Taller Textil y Artesanal Municipal de Melchor de Mencos,Taller Artesanal,GT1711,184 prendas tejidas por semana
Planta Procesadora Agroindustrial de Melchor de Mencos,Centro de Acopio,GT1711,613 toneladas métricas por año
Centro de Acopio Agrícola Municipal de Poptún,Centro de Acopio,GT1712,539 quintales por día
Taller Textil y Artesanal Municipal de Poptún,Taller Artesanal,GT1712,216 prendas tejidas por semana
Planta Procesadora Agroindustrial de Poptún,Aserradero,GT1712,429 toneladas métricas por año
Centro de Acopio Agrícola Municipal de Las Cruces,Centro de Acopio,GT1713,1989 quintales por día
Taller Textil y Artesanal Municipal de Las Cruces,Taller Artesanal,GT1713,167 prendas tejidas por semana
Planta Procesadora Agroindustrial de Las Cruces,Procesadora,GT1713,416 toneladas métricas por año
Centro de Acopio Agrícola Municipal de El Chal,Centro de Acopio,GT1714,544 quintales por día
Taller Textil y Artesanal Municipal de El Chal,Taller Artesanal,GT1714,358 prendas tejidas por semana
Planta Procesadora Agroindustrial de El Chal,Beneficio de Café,GT1714,373 toneladas métricas por año
Centro de Acopio Agrícola Municipal de Puerto Barrios,Centro de Acopio,GT1801,752 quintales por día
Taller Textil y Artesanal Municipal de Puerto Barrios,Taller Artesanal,GT1801,287 prendas tejidas por semana
Planta Procesadora Agroindustrial de Puerto Barrios,Taller Artesanal,GT1801,928 toneladas métricas por año
Centro de Acopio Agrícola Municipal de Lívingston,Centro de Acopio,GT1802,1832 quintales por día
Taller Textil y Artesanal Municipal de Lívingston,Taller Artesanal,GT1802,119 prendas tejidas por semana
Planta Procesadora Agroindustrial de Lívingston,Centro de Acopio,GT1802,584 toneladas métricas por año
Centro de Acopio Agrícola Municipal de El Estor,Centro de Acopio,GT1803,1811 quintales por día
Taller Textil y Artesanal Municipal de El Estor,Taller Artesanal,GT1803,230 prendas tejidas por semana
Planta Procesadora Agroindustrial de El Estor,Aserradero,GT1803,989 toneladas métricas por año
Centro de Acopio Agrícola Municipal de Morales,Centro de Acopio,GT1804,1595 quintales por día
Taller Textil y Artesanal Municipal de Morales,Taller Artesanal,GT1804,124 prendas tejidas por semana
Planta Procesadora Agroindustrial de Morales,Procesadora,GT1804,808 toneladas métricas por año
Centro de Acopio Agrícola Municipal de Los Amates,Centro de Acopio,GT1805,598 quintales por día
Taller Textil y Artesanal Municipal de Los Amates,Taller Artesanal,GT1805,155 prendas tejidas por semana
Planta Procesadora Agroindustrial de Los Amates,Beneficio de Café,GT1805,869 toneladas métricas por año
Centro de Acopio Agrícola Municipal de Zacapa,Centro de Acopio,GT1901,540 quintales por día
Taller Textil y Artesanal Municipal de Zacapa,Taller Artesanal,GT1901,124 prendas tejidas por semana
Planta Procesadora Agroindustrial de Zacapa,Taller Artesanal,GT1901,906 toneladas métricas por año
Centro de Acopio Agrícola Municipal de Estanzuela,Centro de Acopio,GT1902,737 quintales por día
Taller Textil y Artesanal Municipal de Estanzuela,Taller Artesanal,GT1902,313 prendas tejidas por semana
Planta Procesadora Agroindustrial de Estanzuela,Centro de Acopio,GT1902,654 toneladas métricas por año
Centro de Acopio Agrícola Municipal de Río Hondo,Centro de Acopio,GT1903,1278 quintales por día
Taller Textil y Artesanal Municipal de Río Hondo,Taller Artesanal,GT1903,163 prendas tejidas por semana
Planta Procesadora Agroindustrial de Río Hondo,Aserradero,GT1903,760 toneladas métricas por año
Centro de Acopio Agrícola Municipal de Gualán,Centro de Acopio,GT1904,1017 quintales por día
Taller Textil y Artesanal Municipal de Gualán,Taller Artesanal,GT1904,342 prendas tejidas por semana
Planta Procesadora Agroindustrial de Gualán,Procesadora,GT1904,918 toneladas métricas por año
Centro de Acopio Agrícola Municipal de Teculután,Centro de Acopio,GT1905,813 quintales por día
Taller Textil y Artesanal Municipal de Teculután,Taller Artesanal,GT1905,205 prendas tejidas por semana
Planta Procesadora Agroindustrial de Teculután,Beneficio de Café,GT1905,911 toneladas métricas por año
Centro de Acopio Agrícola Municipal de Usumatlán,Centro de Acopio,GT1906,1904 quintales por día
Taller Textil y Artesanal Municipal de Usumatlán,Taller Artesanal,GT1906,104 prendas tejidas por semana
Planta Procesadora Agroindustrial de Usumatlán,Taller Artesanal,GT1906,508 toneladas métricas por año
Centro de Acopio Agrícola Municipal de Cabañas,Centro de Acopio,GT1907,1361 quintales por día
Taller Textil y Artesanal Municipal de Cabañas,Taller Artesanal,GT1907,151 prendas tejidas por semana
Planta Procesadora Agroindustrial de Cabañas,Centro de Acopio,GT1907,878 toneladas métricas por año
Centro de Acopio Agrícola Municipal de San Diego,Centro de Acopio,GT1908,1565 quintales por día
Taller Textil y Artesanal Municipal de San Diego,Taller Artesanal,GT1908,238 prendas tejidas por semana
Planta Procesadora Agroindustrial de San Diego,Aserradero,GT1908,837 toneladas métricas por año
Centro de Acopio Agrícola Municipal de La Unión,Centro de Acopio,GT1909,1740 quintales por día
Taller Textil y Artesanal Municipal de La Unión,Taller Artesanal,GT1909,170 prendas tejidas por semana
Planta Procesadora Agroindustrial de La Unión,Procesadora,GT1909,628 toneladas métricas por año
Centro de Acopio Agrícola Municipal de Huité,Centro de Acopio,GT1910,714 quintales por día
Taller Textil y Artesanal Municipal de Huité,Taller Artesanal,GT1910,361 prendas tejidas por semana
Planta Procesadora Agroindustrial de Huité,Beneficio de Café,GT1910,936 toneladas métricas por año
Centro de Acopio Agrícola Municipal de San Jorge,Centro de Acopio,GT1911,1765 quintales por día
Taller Textil y Artesanal Municipal de San Jorge,Taller Artesanal,GT1911,160 prendas tejidas por semana
Planta Procesadora Agroindustrial de San Jorge,Taller Artesanal,GT1911,489 toneladas métricas por año
Centro de Acopio Agrícola Municipal de Chiquimula,Centro de Acopio,GT2001,733 quintales por día
Taller Textil y Artesanal Municipal de Chiquimula,Taller Artesanal,GT2001,154 prendas tejidas por semana
Planta Procesadora Agroindustrial de Chiquimula,Centro de Acopio,GT2001,709 toneladas métricas por año
Centro de Acopio Agrícola Municipal de San José La Arada,Centro de Acopio,GT2002,906 quintales por día
Taller Textil y Artesanal Municipal de San José La Arada,Taller Artesanal,GT2002,202 prendas tejidas por semana
Planta Procesadora Agroindustrial de San José La Arada,Aserradero,GT2002,996 toneladas métricas por año
Centro de Acopio Agrícola Municipal de San Juan Ermita,Centro de Acopio,GT2003,1038 quintales por día
Taller Textil y Artesanal Municipal de San Juan Ermita,Taller Artesanal,GT2003,367 prendas tejidas por semana
Planta Procesadora Agroindustrial de San Juan Ermita,Procesadora,GT2003,406 toneladas métricas por año
Centro de Acopio Agrícola Municipal de Jocotán,Centro de Acopio,GT2004,1233 quintales por día
Taller Textil y Artesanal Municipal de Jocotán,Taller Artesanal,GT2004,309 prendas tejidas por semana
Planta Procesadora Agroindustrial de Jocotán,Beneficio de Café,GT2004,502 toneladas métricas por año
Centro de Acopio Agrícola Municipal de Camotán,Centro de Acopio,GT2005,828 quintales por día
Taller Textil y Artesanal Municipal de Camotán,Taller Artesanal,GT2005,120 prendas tejidas por semana
Planta Procesadora Agroindustrial de Camotán,Taller Artesanal,GT2005,761 toneladas métricas por año
Centro de Acopio Agrícola Municipal de Olopa,Centro de Acopio,GT2006,1516 quintales por día
Taller Textil y Artesanal Municipal de Olopa,Taller Artesanal,GT2006,206 prendas tejidas por semana
Planta Procesadora Agroindustrial de Olopa,Centro de Acopio,GT2006,904 toneladas métricas por año
Centro de Acopio Agrícola Municipal de Esquipulas,Centro de Acopio,GT2007,1484 quintales por día
Taller Textil y Artesanal Municipal de Esquipulas,Taller Artesanal,GT2007,269 prendas tejidas por semana
Planta Procesadora Agroindustrial de Esquipulas,Aserradero,GT2007,440 toneladas métricas por año
Centro de Acopio Agrícola Municipal de Concepción Las Minas,Centro de Acopio,GT2008,505 quintales por día
Taller Textil y Artesanal Municipal de Concepción Las Minas,Taller Artesanal,GT2008,106 prendas tejidas por semana
Planta Procesadora Agroindustrial de Concepción Las Minas,Procesadora,GT2008,887 toneladas métricas por año
Centro de Acopio Agrícola Municipal de Quezaltepeque,Centro de Acopio,GT2009,682 quintales por día
Taller Textil y Artesanal Municipal de Quezaltepeque,Taller Artesanal,GT2009,156 prendas tejidas por semana
Planta Procesadora Agroindustrial de Quezaltepeque,Beneficio de Café,GT2009,787 toneladas métricas por año
Centro de Acopio Agrícola Municipal de San Jacinto,Centro de Acopio,GT2010,1870 quintales por día
Taller Textil y Artesanal Municipal de San Jacinto,Taller Artesanal,GT2010,352 prendas tejidas por semana
Planta Procesadora Agroindustrial de San Jacinto,Taller Artesanal,GT2010,352 toneladas métricas por año
Centro de Acopio Agrícola Municipal de Ipala,Centro de Acopio,GT2011,684 quintales por día
Taller Textil y Artesanal Municipal de Ipala,Taller Artesanal,GT2011,361 prendas tejidas por semana
Planta Procesadora Agroindustrial de Ipala,Centro de Acopio,GT2011,276 toneladas métricas por año
Centro de Acopio Agrícola Municipal de Jalapa,Centro de Acopio,GT2101,1981 quintales por día
Taller Textil y Artesanal Municipal de Jalapa,Taller Artesanal,GT2101,151 prendas tejidas por semana
Planta Procesadora Agroindustrial de Jalapa,Aserradero,GT2101,462 toneladas métricas por año
Centro de Acopio Agrícola Municipal de San Pedro Pinula,Centro de Acopio,GT2102,1819 quintales por día
Taller Textil y Artesanal Municipal de San Pedro Pinula,Taller Artesanal,GT2102,218 prendas tejidas por semana
Planta Procesadora Agroindustrial de San Pedro Pinula,Procesadora,GT2102,667 toneladas métricas por año
Centro de Acopio Agrícola Municipal de San Luis Jilotepeque,Centro de Acopio,GT2103,1106 quintales por día
Taller Textil y Artesanal Municipal de San Luis Jilotepeque,Taller Artesanal,GT2103,235 prendas tejidas por semana
Planta Procesadora Agroindustrial de San Luis Jilotepeque,Beneficio de Café,GT2103,675 toneladas métricas por año
Centro de Acopio Agrícola Municipal de San Manuel Chaparrón,Centro de Acopio,GT2104,602 quintales por día
Taller Textil y Artesanal Municipal de San Manuel Chaparrón,Taller Artesanal,GT2104,151 prendas tejidas por semana
Planta Procesadora Agroindustrial de San Manuel Chaparrón,Taller Artesanal,GT2104,378 toneladas métricas por año
Centro de Acopio Agrícola Municipal de San Carlos Alzatate,Centro de Acopio,GT2105,580 quintales por día
Taller Textil y Artesanal Municipal de San Carlos Alzatate,Taller Artesanal,GT2105,248 prendas tejidas por semana
Planta Procesadora Agroindustrial de San Carlos Alzatate,Centro de Acopio,GT2105,568 toneladas métricas por año
Centro de Acopio Agrícola Municipal de Monjas,Centro de Acopio,GT2106,1886 quintales por día
Taller Textil y Artesanal Municipal de Monjas,Taller Artesanal,GT2106,260 prendas tejidas por semana
Planta Procesadora Agroindustrial de Monjas,Aserradero,GT2106,636 toneladas métricas por año
Centro de Acopio Agrícola Municipal de Mataquescuintla,Centro de Acopio,GT2107,737 quintales por día
Taller Textil y Artesanal Municipal de Mataquescuintla,Taller Artesanal,GT2107,148 prendas tejidas por semana
Planta Procesadora Agroindustrial de Mataquescuintla,Procesadora,GT2107,976 toneladas métricas por año
Centro de Acopio Agrícola Municipal de Jutiapa,Centro de Acopio,GT2201,593 quintales por día
Taller Textil y Artesanal Municipal de Jutiapa,Taller Artesanal,GT2201,104 prendas tejidas por semana
Planta Procesadora Agroindustrial de Jutiapa,Beneficio de Café,GT2201,341 toneladas métricas por año
Centro de Acopio Agrícola Municipal de El Progreso,Centro de Acopio,GT2202,1858 quintales por día
Taller Textil y Artesanal Municipal de El Progreso,Taller Artesanal,GT2202,187 prendas tejidas por semana
Planta Procesadora Agroindustrial de El Progreso,Taller Artesanal,GT2202,536 toneladas métricas por año
Centro de Acopio Agrícola Municipal de Santa Catarina Mita,Centro de Acopio,GT2203,1232 quintales por día
Taller Textil y Artesanal Municipal de Santa Catarina Mita,Taller Artesanal,GT2203,324 prendas tejidas por semana
Planta Procesadora Agroindustrial de Santa Catarina Mita,Centro de Acopio,GT2203,836 toneladas métricas por año
Centro de Acopio Agrícola Municipal de Agua Blanca,Centro de Acopio,GT2204,1049 quintales por día
Taller Textil y Artesanal Municipal de Agua Blanca,Taller Artesanal,GT2204,147 prendas tejidas por semana
Planta Procesadora Agroindustrial de Agua Blanca,Aserradero,GT2204,581 toneladas métricas por año
Centro de Acopio Agrícola Municipal de Asunción Mita,Centro de Acopio,GT2205,1201 quintales por día
Taller Textil y Artesanal Municipal de Asunción Mita,Taller Artesanal,GT2205,193 prendas tejidas por semana
Planta Procesadora Agroindustrial de Asunción Mita,Procesadora,GT2205,316 toneladas métricas por año
Centro de Acopio Agrícola Municipal de Yupiltepeque,Centro de Acopio,GT2206,1320 quintales por día
Taller Textil y Artesanal Municipal de Yupiltepeque,Taller Artesanal,GT2206,304 prendas tejidas por semana
Planta Procesadora Agroindustrial de Yupiltepeque,Beneficio de Café,GT2206,667 toneladas métricas por año
Centro de Acopio Agrícola Municipal de Atescatempa,Centro de Acopio,GT2207,1056 quintales por día
Taller Textil y Artesanal Municipal de Atescatempa,Taller Artesanal,GT2207,297 prendas tejidas por semana
Planta Procesadora Agroindustrial de Atescatempa,Taller Artesanal,GT2207,906 toneladas métricas por año
Centro de Acopio Agrícola Municipal de Jerez,Centro de Acopio,GT2208,1479 quintales por día
Taller Textil y Artesanal Municipal de Jerez,Taller Artesanal,GT2208,315 prendas tejidas por semana
Planta Procesadora Agroindustrial de Jerez,Centro de Acopio,GT2208,864 toneladas métricas por año
Centro de Acopio Agrícola Municipal de El Adelanto,Centro de Acopio,GT2209,841 quintales por día
Taller Textil y Artesanal Municipal de El Adelanto,Taller Artesanal,GT2209,157 prendas tejidas por semana
Planta Procesadora Agroindustrial de El Adelanto,Aserradero,GT2209,335 toneladas métricas por año
Centro de Acopio Agrícola Municipal de Zapotitlán,Centro de Acopio,GT2210,1925 quintales por día
Taller Textil y Artesanal Municipal de Zapotitlán,Taller Artesanal,GT2210,130 prendas tejidas por semana
Planta Procesadora Agroindustrial de Zapotitlán,Procesadora,GT2210,363 toneladas métricas por año
Centro de Acopio Agrícola Municipal de Comapa,Centro de Acopio,GT2211,712 quintales por día
Taller Textil y Artesanal Municipal de Comapa,Taller Artesanal,GT2211,313 prendas tejidas por semana
Planta Procesadora Agroindustrial de Comapa,Beneficio de Café,GT2211,804 toneladas métricas por año
Centro de Acopio Agrícola Municipal de Jalpatagua,Centro de Acopio,GT2212,1488 quintales por día
Taller Textil y Artesanal Municipal de Jalpatagua,Taller Artesanal,GT2212,391 prendas tejidas por semana
Planta Procesadora Agroindustrial de Jalpatagua,Taller Artesanal,GT2212,894 toneladas métricas por año
Centro de Acopio Agrícola Municipal de Conguaco,Centro de Acopio,GT2213,1397 quintales por día
Taller Textil y Artesanal Municipal de Conguaco,Taller Artesanal,GT2213,192 prendas tejidas por semana
Planta Procesadora Agroindustrial de Conguaco,Centro de Acopio,GT2213,825 toneladas métricas por año
Centro de Acopio Agrícola Municipal de Moyuta,Centro de Acopio,GT2214,1277 quintales por día
Taller Textil y Artesanal Municipal de Moyuta,Taller Artesanal,GT2214,283 prendas tejidas por semana
Planta Procesadora Agroindustrial de Moyuta,Aserradero,GT2214,826 toneladas métricas por año
Centro de Acopio Agrícola Municipal de Pasaco,Centro de Acopio,GT2215,559 quintales por día
Taller Textil y Artesanal Municipal de Pasaco,Taller Artesanal,GT2215,166 prendas tejidas por semana
Planta Procesadora Agroindustrial de Pasaco,Procesadora,GT2215,694 toneladas métricas por año
Centro de Acopio Agrícola Municipal de San José Acatempa,Centro de Acopio,GT2216,1499 quintales por día
Taller Textil y Artesanal Municipal de San José Acatempa,Taller Artesanal,GT2216,157 prendas tejidas por semana
Planta Procesadora Agroindustrial de San José Acatempa,Beneficio de Café,GT2216,621 toneladas métricas por año
Centro de Acopio Agrícola Municipal de Quesada,Centro de Acopio,GT2217,1402 quintales por día
Taller Textil y Artesanal Municipal de Quesada,Taller Artesanal,GT2217,123 prendas tejidas por semana
Planta Procesadora Agroindustrial de Quesada,Taller Artesanal,GT2217,264 toneladas métricas por año
