nombre,ente_certificador,descripcion
Certificación Orgánica y de Origen - Reg COOP-GT0100-A,Mayacert S.A. Guatemala,Aval y certificación de calidad agrícola o artesanal extendida para la organización Cooperativa Integral de Producción Agrícola de Lago De Amatitlan R.L..
Certificación Orgánica y de Origen - Reg COOP-GT0100-B,ANACAFE,Aval y certificación de calidad agrícola o artesanal extendida para la organización Cooperativa Integral de Ahorro y Crédito de Lago De Amatitlan R.L..
Certificación Orgánica y de Origen - Reg ASO-GT0100-C,Rainforest Alliance Central America,Aval y certificación de calidad agrícola o artesanal extendida para la organización Asociación de Productores y Comercializadores de Lago De Amatitlan.
Certificación Orgánica y de Origen - Reg COOP-GT0101-A,Símbolo de Pequeños Productores (SPP),Aval y certificación de calidad agrícola o artesanal extendida para la organización Cooperativa Integral de Producción Agrícola de Guatemala R.L..
Certificación Orgánica y de Origen - Reg COOP-GT0101-B,Mayacert S.A. Guatemala,Aval y certificación de calidad agrícola o artesanal extendida para la organización Cooperativa Integral de Ahorro y Crédito de Guatemala R.L..
Certificación Orgánica y de Origen - Reg ASO-GT0101-C,ANACAFE,Aval y certificación de calidad agrícola o artesanal extendida para la organización Asociación de Productores y Comercializadores de Guatemala.
Certificación Orgánica y de Origen - Reg COOP-GT0102-A,Rainforest Alliance Central America,Aval y certificación de calidad agrícola o artesanal extendida para la organización Cooperativa Integral de Producción Agrícola de Santa Catarina Pinula R.L..
Certificación Orgánica y de Origen - Reg COOP-GT0102-B,Símbolo de Pequeños Productores (SPP),Aval y certificación de calidad agrícola o artesanal extendida para la organización Cooperativa Integral de Ahorro y Crédito de Santa Catarina Pinula R.L..
Certificación Orgánica y de Origen - Reg ASO-GT0102-C,Mayacert S.A. Guatemala,Aval y certificación de calidad agrícola o artesanal extendida para la organización Asociación de Productores y Comercializadores de Santa Catarina Pinula.
Certificación Orgánica y de Origen - Reg COOP-GT0103-A,ANACAFE,Aval y certificación de calidad agrícola o artesanal extendida para la organización Cooperativa Integral de Producción Agrícola de San José Pinula R.L..
Certificación Orgánica y de Origen - Reg COOP-GT0103-B,Rainforest Alliance Central America,Aval y certificación de calidad agrícola o artesanal extendida para la organización Cooperativa Integral de Ahorro y Crédito de San José Pinula R.L..
Certificación Orgánica y de Origen - Reg ASO-GT0103-C,Símbolo de Pequeños Productores (SPP),Aval y certificación de calidad agrícola o artesanal extendida para la organización Asociación de Productores y Comercializadores de San José Pinula.
Certificación Orgánica y de Origen - Reg COOP-GT0104-A,Mayacert S.A. Guatemala,Aval y certificación de calidad agrícola o artesanal extendida para la organización Cooperativa Integral de Producción Agrícola de San José del Golfo R.L..
Certificación Orgánica y de Origen - Reg COOP-GT0104-B,ANACAFE,Aval y certificación de calidad agrícola o artesanal extendida para la organización Cooperativa Integral de Ahorro y Crédito de San José del Golfo R.L..
Certificación Orgánica y de Origen - Reg ASO-GT0104-C,Rainforest Alliance Central America,Aval y certificación de calidad agrícola o artesanal extendida para la organización Asociación de Productores y Comercializadores de San José del Golfo.
Certificación Orgánica y de Origen - Reg COOP-GT0105-A,Símbolo de Pequeños Productores (SPP),Aval y certificación de calidad agrícola o artesanal extendida para la organización Cooperativa Integral de Producción Agrícola de Palencia R.L..
Certificación Orgánica y de Origen - Reg COOP-GT0105-B,Mayacert S.A. Guatemala,Aval y certificación de calidad agrícola o artesanal extendida para la organización Cooperativa Integral de Ahorro y Crédito de Palencia R.L..
Certificación Orgánica y de Origen - Reg ASO-GT0105-C,ANACAFE,Aval y certificación de calidad agrícola o artesanal extendida para la organización Asociación de Productores y Comercializadores de Palencia.
Certificación Orgánica y de Origen - Reg COOP-GT0106-A,Rainforest Alliance Central America,Aval y certificación de calidad agrícola o artesanal extendida para la organización Cooperativa Integral de Producción Agrícola de Chinautla R.L..
Certificación Orgánica y de Origen - Reg COOP-GT0106-B,Símbolo de Pequeños Productores (SPP),Aval y certificación de calidad agrícola o artesanal extendida para la organización Cooperativa Integral de Ahorro y Crédito de Chinautla R.L..
Certificación Orgánica y de Origen - Reg ASO-GT0106-C,Mayacert S.A. Guatemala,Aval y certificación de calidad agrícola o artesanal extendida para la organización Asociación de Productores y Comercializadores de Chinautla.
Certificación Orgánica y de Origen - Reg COOP-GT0107-A,ANACAFE,Aval y certificación de calidad agrícola o artesanal extendida para la organización Cooperativa Integral de Producción Agrícola de San Pedro Ayampuc R.L..
Certificación Orgánica y de Origen - Reg COOP-GT0107-B,Rainforest Alliance Central America,Aval y certificación de calidad agrícola o artesanal extendida para la organización Cooperativa Integral de Ahorro y Crédito de San Pedro Ayampuc R.L..
Certificación Orgánica y de Origen - Reg ASO-GT0107-C,Símbolo de Pequeños Productores (SPP),Aval y certificación de calidad agrícola o artesanal extendida para la organización Asociación de Productores y Comercializadores de San Pedro Ayampuc.
Certificación Orgánica y de Origen - Reg COOP-GT0108-A,Mayacert S.A. Guatemala,Aval y certificación de calidad agrícola o artesanal extendida para la organización Cooperativa Integral de Producción Agrícola de Mixco R.L..
Certificación Orgánica y de Origen - Reg COOP-GT0108-B,ANACAFE,Aval y certificación de calidad agrícola o artesanal extendida para la organización Cooperativa Integral de Ahorro y Crédito de Mixco R.L..
Certificación Orgánica y de Origen - Reg ASO-GT0108-C,Rainforest Alliance Central America,Aval y certificación de calidad agrícola o artesanal extendida para la organización Asociación de Productores y Comercializadores de Mixco.
Certificación Orgánica y de Origen - Reg COOP-GT0109-A,Símbolo de Pequeños Productores (SPP),Aval y certificación de calidad agrícola o artesanal extendida para la organización Cooperativa Integral de Producción Agrícola de San Pedro Sacatepéquez R.L..
Certificación Orgánica y de Origen - Reg COOP-GT0109-B,Mayacert S.A. Guatemala,Aval y certificación de calidad agrícola o artesanal extendida para la organización Cooperativa Integral de Ahorro y Crédito de San Pedro Sacatepéquez R.L..
Certificación Orgánica y de Origen - Reg ASO-GT0109-C,ANACAFE,Aval y certificación de calidad agrícola o artesanal extendida para la organización Asociación de Productores y Comercializadores de San Pedro Sacatepéquez.
Certificación Orgánica y de Origen - Reg COOP-GT0110-A,Rainforest Alliance Central America,Aval y certificación de calidad agrícola o artesanal extendida para la organización Cooperativa Integral de Producción Agrícola de San Juan Sacatepéquez R.L..
Certificación Orgánica y de Origen - Reg COOP-GT0110-B,Símbolo de Pequeños Productores (SPP),Aval y certificación de calidad agrícola o artesanal extendida para la organización Cooperativa Integral de Ahorro y Crédito de San Juan Sacatepéquez R.L..
Certificación Orgánica y de Origen - Reg ASO-GT0110-C,Mayacert S.A. Guatemala,Aval y certificación de calidad agrícola o artesanal extendida para la organización Asociación de Productores y Comercializadores de San Juan Sacatepéquez.
Certificación Orgánica y de Origen - Reg COOP-GT0111-A,ANACAFE,Aval y certificación de calidad agrícola o artesanal extendida para la organización Cooperativa Integral de Producción Agrícola de San Raimundo R.L..
Certificación Orgánica y de Origen - Reg COOP-GT0111-B,Rainforest Alliance Central America,Aval y certificación de calidad agrícola o artesanal extendida para la organización Cooperativa Integral de Ahorro y Crédito de San Raimundo R.L..
Certificación Orgánica y de Origen - Reg ASO-GT0111-C,Símbolo de Pequeños Productores (SPP),Aval y certificación de calidad agrícola o artesanal extendida para la organización Asociación de Productores y Comercializadores de San Raimundo.
Certificación Orgánica y de Origen - Reg COOP-GT0112-A,Mayacert S.A. Guatemala,Aval y certificación de calidad agrícola o artesanal extendida para la organización Cooperativa Integral de Producción Agrícola de Chuarrancho R.L..
Certificación Orgánica y de Origen - Reg COOP-GT0112-B,ANACAFE,Aval y certificación de calidad agrícola o artesanal extendida para la organización Cooperativa Integral de Ahorro y Crédito de Chuarrancho R.L..
Certificación Orgánica y de Origen - Reg ASO-GT0112-C,Rainforest Alliance Central America,Aval y certificación de calidad agrícola o artesanal extendida para la organización Asociación de Productores y Comercializadores de Chuarrancho.
Certificación Orgánica y de Origen - Reg COOP-GT0113-A,Símbolo de Pequeños Productores (SPP),Aval y certificación de calidad agrícola o artesanal extendida para la organización Cooperativa Integral de Producción Agrícola de Fraijanes R.L..
Certificación Orgánica y de Origen - Reg COOP-GT0113-B,Mayacert S.A. Guatemala,Aval y certificación de calidad agrícola o artesanal extendida para la organización Cooperativa Integral de Ahorro y Crédito de Fraijanes R.L..
Certificación Orgánica y de Origen - Reg ASO-GT0113-C,ANACAFE,Aval y certificación de calidad agrícola o artesanal extendida para la organización Asociación de Productores y Comercializadores de Fraijanes.
Certificación Orgánica y de Origen - Reg COOP-GT0114-A,Rainforest Alliance Central America,Aval y certificación de calidad agrícola o artesanal extendida para la organización Cooperativa Integral de Producción Agrícola de Amatitlán R.L..
Certificación Orgánica y de Origen - Reg COOP-GT0114-B,Símbolo de Pequeños Productores (SPP),Aval y certificación de calidad agrícola o artesanal extendida para la organización Cooperativa Integral de Ahorro y Crédito de Amatitlán R.L..
Certificación Orgánica y de Origen - Reg ASO-GT0114-C,Mayacert S.A. Guatemala,Aval y certificación de calidad agrícola o artesanal extendida para la organización Asociación de Productores y Comercializadores de Amatitlán.
Certificación Orgánica y de Origen - Reg COOP-GT0115-A,ANACAFE,Aval y certificación de calidad agrícola o artesanal extendida para la organización Cooperativa Integral de Producción Agrícola de Villa Nueva R.L..
Certificación Orgánica y de Origen - Reg COOP-GT0115-B,Rainforest Alliance Central America,Aval y certificación de calidad agrícola o artesanal extendida para la organización Cooperativa Integral de Ahorro y Crédito de Villa Nueva R.L..
Certificación Orgánica y de Origen - Reg ASO-GT0115-C,Símbolo de Pequeños Productores (SPP),Aval y certificación de calidad agrícola o artesanal extendida para la organización Asociación de Productores y Comercializadores de Villa Nueva.
Certificación Orgánica y de Origen - Reg COOP-GT0116-A,Mayacert S.A. Guatemala,Aval y certificación de calidad agrícola o artesanal extendida para la organización Cooperativa Integral de Producción Agrícola de Villa Canales R.L..
Certificación Orgánica y de Origen - Reg COOP-GT0116-B,ANACAFE,Aval y certificación de calidad agrícola o artesanal extendida para la organización Cooperativa Integral de Ahorro y Crédito de Villa Canales R.L..
Certificación Orgánica y de Origen - Reg ASO-GT0116-C,Rainforest Alliance Central America,Aval y certificación de calidad agrícola o artesanal extendida para la organización Asociación de Productores y Comercializadores de Villa Canales.
Certificación Orgánica y de Origen - Reg COOP-GT0117-A,Símbolo de Pequeños Productores (SPP),Aval y certificación de calidad agrícola o artesanal extendida para la organización Cooperativa Integral de Producción Agrícola de Petapa R.L..
Certificación Orgánica y de Origen - Reg COOP-GT0117-B,Mayacert S.A. Guatemala,Aval y certificación de calidad agrícola o artesanal extendida para la organización Cooperativa Integral de Ahorro y Crédito de Petapa R.L..
Certificación Orgánica y de Origen - Reg ASO-GT0117-C,ANACAFE,Aval y certificación de calidad agrícola o artesanal extendida para la organización Asociación de Productores y Comercializadores de Petapa.
Certificación Orgánica y de Origen - Reg COOP-GT0201-A,Rainforest Alliance Central America,Aval y certificación de calidad agrícola o artesanal extendida para la organización Cooperativa Integral de Producción Agrícola de Guastatoya R.L..
Certificación Orgánica y de Origen - Reg COOP-GT0201-B,Símbolo de Pequeños Productores (SPP),Aval y certificación de calidad agrícola o artesanal extendida para la organización Cooperativa Integral de Ahorro y Crédito de Guastatoya R.L..
Certificación Orgánica y de Origen - Reg ASO-GT0201-C,Mayacert S.A. Guatemala,Aval y certificación de calidad agrícola o artesanal extendida para la organización Asociación de Productores y Comercializadores de Guastatoya.
Certificación Orgánica y de Origen - Reg COOP-GT0202-A,ANACAFE,Aval y certificación de calidad agrícola o artesanal extendida para la organización Cooperativa Integral de Producción Agrícola de Morazán R.L..
Certificación Orgánica y de Origen - Reg COOP-GT0202-B,Rainforest Alliance Central America,Aval y certificación de calidad agrícola o artesanal extendida para la organización Cooperativa Integral de Ahorro y Crédito de Morazán R.L..
Certificación Orgánica y de Origen - Reg ASO-GT0202-C,Símbolo de Pequeños Productores (SPP),Aval y certificación de calidad agrícola o artesanal extendida para la organización Asociación de Productores y Comercializadores de Morazán.
Certificación Orgánica y de Origen - Reg COOP-GT0203-A,Mayacert S.A. Guatemala,Aval y certificación de calidad agrícola o artesanal extendida para la organización Cooperativa Integral de Producción Agrícola de San Agustín Acasaguastlán R.L..
Certificación Orgánica y de Origen - Reg COOP-GT0203-B,ANACAFE,Aval y certificación de calidad agrícola o artesanal extendida para la organización Cooperativa Integral de Ahorro y Crédito de San Agustín Acasaguastlán R.L..
Certificación Orgánica y de Origen - Reg ASO-GT0203-C,Rainforest Alliance Central America,Aval y certificación de calidad agrícola o artesanal extendida para la organización Asociación de Productores y Comercializadores de San Agustín Acasaguastlán.
Certificación Orgánica y de Origen - Reg COOP-GT0204-A,Símbolo de Pequeños Productores (SPP),Aval y certificación de calidad agrícola o artesanal extendida para la organización Cooperativa Integral de Producción Agrícola de San Cristóbal Acasaguastlán R.L..
Certificación Orgánica y de Origen - Reg COOP-GT0204-B,Mayacert S.A. Guatemala,Aval y certificación de calidad agrícola o artesanal extendida para la organización Cooperativa Integral de Ahorro y Crédito de San Cristóbal Acasaguastlán R.L..
Certificación Orgánica y de Origen - Reg ASO-GT0204-C,ANACAFE,Aval y certificación de calidad agrícola o artesanal extendida para la organización Asociación de Productores y Comercializadores de San Cristóbal Acasaguastlán.
Certificación Orgánica y de Origen - Reg COOP-GT0205-A,Rainforest Alliance Central America,Aval y certificación de calidad agrícola o artesanal extendida para la organización Cooperativa Integral de Producción Agrícola de El Jícaro R.L..
Certificación Orgánica y de Origen - Reg COOP-GT0205-B,Símbolo de Pequeños Productores (SPP),Aval y certificación de calidad agrícola o artesanal extendida para la organización Cooperativa Integral de Ahorro y Crédito de El Jícaro R.L..
Certificación Orgánica y de Origen - Reg ASO-GT0205-C,Mayacert S.A. Guatemala,Aval y certificación de calidad agrícola o artesanal extendida para la organización Asociación de Productores y Comercializadores de El Jícaro.
Certificación Orgánica y de Origen - Reg COOP-GT0206-A,ANACAFE,Aval y certificación de calidad agrícola o artesanal extendida para la organización Cooperativa Integral de Producción Agrícola de Sanarate R.L..
Certificación Orgánica y de Origen - Reg COOP-GT0206-B,Rainforest Alliance Central America,Aval y certificación de calidad agrícola o artesanal extendida para la organización Cooperativa Integral de Ahorro y Crédito de Sanarate R.L..
Certificación Orgánica y de Origen - Reg ASO-GT0206-C,Símbolo de Pequeños Productores (SPP),Aval y certificación de calidad agrícola o artesanal extendida para la organización Asociación de Productores y Comercializadores de Sanarate.
Certificación Orgánica y de Origen - Reg COOP-GT0207-A,Mayacert S.A. Guatemala,Aval y certificación de calidad agrícola o artesanal extendida para la organización Cooperativa Integral de Producción Agrícola de Sansare R.L..
Certificación Orgánica y de Origen - Reg COOP-GT0207-B,ANACAFE,Aval y certificación de calidad agrícola o artesanal extendida para la organización Cooperativa Integral de Ahorro y Crédito de Sansare R.L..
Certificación Orgánica y de Origen - Reg ASO-GT0207-C,Rainforest Alliance Central America,Aval y certificación de calidad agrícola o artesanal extendida para la organización Asociación de Productores y Comercializadores de Sansare.
Certificación Orgánica y de Origen - Reg COOP-GT0208-A,Símbolo de Pequeños Productores (SPP),Aval y certificación de calidad agrícola o artesanal extendida para la organización Cooperativa Integral de Producción Agrícola de San Antonio La Paz R.L..
Certificación Orgánica y de Origen - Reg COOP-GT0208-B,Mayacert S.A. Guatemala,Aval y certificación de calidad agrícola o artesanal extendida para la organización Cooperativa Integral de Ahorro y Crédito de San Antonio La Paz R.L..
Certificación Orgánica y de Origen - Reg ASO-GT0208-C,ANACAFE,Aval y certificación de calidad agrícola o artesanal extendida para la organización Asociación de Productores y Comercializadores de San Antonio La Paz.
Certificación Orgánica y de Origen - Reg COOP-GT0301-A,Rainforest Alliance Central America,Aval y certificación de calidad agrícola o artesanal extendida para la organización Cooperativa Integral de Producción Agrícola de Antigua Guatemala R.L..
Certificación Orgánica y de Origen - Reg COOP-GT0301-B,Símbolo de Pequeños Productores (SPP),Aval y certificación de calidad agrícola o artesanal extendida para la organización Cooperativa Integral de Ahorro y Crédito de Antigua Guatemala R.L..
Certificación Orgánica y de Origen - Reg ASO-GT0301-C,Mayacert S.A. Guatemala,Aval y certificación de calidad agrícola o artesanal extendida para la organización Asociación de Productores y Comercializadores de Antigua Guatemala.
Certificación Orgánica y de Origen - Reg COOP-GT0302-A,ANACAFE,Aval y certificación de calidad agrícola o artesanal extendida para la organización Cooperativa Integral de Producción Agrícola de Jocotenango R.L..
Certificación Orgánica y de Origen - Reg COOP-GT0302-B,Rainforest Alliance Central America,Aval y certificación de calidad agrícola o artesanal extendida para la organización Cooperativa Integral de Ahorro y Crédito de Jocotenango R.L..
Certificación Orgánica y de Origen - Reg ASO-GT0302-C,Símbolo de Pequeños Productores (SPP),Aval y certificación de calidad agrícola o artesanal extendida para la organización Asociación de Productores y Comercializadores de Jocotenango.
Certificación Orgánica y de Origen - Reg COOP-GT0303-A,Mayacert S.A. Guatemala,Aval y certificación de calidad agrícola o artesanal extendida para la organización Cooperativa Integral de Producción Agrícola de Pastores R.L..
Certificación Orgánica y de Origen - Reg COOP-GT0303-B,ANACAFE,Aval y certificación de calidad agrícola o artesanal extendida para la organización Cooperativa Integral de Ahorro y Crédito de Pastores R.L..
Certificación Orgánica y de Origen - Reg ASO-GT0303-C,Rainforest Alliance Central America,Aval y certificación de calidad agrícola o artesanal extendida para la organización Asociación de Productores y Comercializadores de Pastores.
Certificación Orgánica y de Origen - Reg COOP-GT0304-A,Símbolo de Pequeños Productores (SPP),Aval y certificación de calidad agrícola o artesanal extendida para la organización Cooperativa Integral de Producción Agrícola de Sumpango R.L..
Certificación Orgánica y de Origen - Reg COOP-GT0304-B,Mayacert S.A. Guatemala,Aval y certificación de calidad agrícola o artesanal extendida para la organización Cooperativa Integral de Ahorro y Crédito de Sumpango R.L..
Certificación Orgánica y de Origen - Reg ASO-GT0304-C,ANACAFE,Aval y certificación de calidad agrícola o artesanal extendida para la organización Asociación de Productores y Comercializadores de Sumpango.
Certificación Orgánica y de Origen - Reg COOP-GT0305-A,Rainforest Alliance Central America,Aval y certificación de calidad agrícola o artesanal extendida para la organización Cooperativa Integral de Producción Agrícola de Santo Domingo Xenacoj R.L..
Certificación Orgánica y de Origen - Reg COOP-GT0305-B,Símbolo de Pequeños Productores (SPP),Aval y certificación de calidad agrícola o artesanal extendida para la organización Cooperativa Integral de Ahorro y Crédito de Santo Domingo Xenacoj R.L..
Certificación Orgánica y de Origen - Reg ASO-GT0305-C,Mayacert S.A. Guatemala,Aval y certificación de calidad agrícola o artesanal extendida para la organización Asociación de Productores y Comercializadores de Santo Domingo Xenacoj.
Certificación Orgánica y de Origen - Reg COOP-GT0306-A,ANACAFE,Aval y certificación de calidad agrícola o artesanal extendida para la organización Cooperativa Integral de Producción Agrícola de Santiago Sacatepéquez R.L..
Certificación Orgánica y de Origen - Reg COOP-GT0306-B,Rainforest Alliance Central America,Aval y certificación de calidad agrícola o artesanal extendida para la organización Cooperativa Integral de Ahorro y Crédito de Santiago Sacatepéquez R.L..
Certificación Orgánica y de Origen - Reg ASO-GT0306-C,Símbolo de Pequeños Productores (SPP),Aval y certificación de calidad agrícola o artesanal extendida para la organización Asociación de Productores y Comercializadores de Santiago Sacatepéquez.
Certificación Orgánica y de Origen - Reg COOP-GT0307-A,Mayacert S.A. Guatemala,Aval y certificación de calidad agrícola o artesanal extendida para la organización Cooperativa Integral de Producción Agrícola de San Bartolomé Milpas Altas R.L..
Certificación Orgánica y de Origen - Reg COOP-GT0307-B,ANACAFE,Aval y certificación de calidad agrícola o artesanal extendida para la organización Cooperativa Integral de Ahorro y Crédito de San Bartolomé Milpas Altas R.L..
Certificación Orgánica y de Origen - Reg ASO-GT0307-C,Rainforest Alliance Central America,Aval y certificación de calidad agrícola o artesanal extendida para la organización Asociación de Productores y Comercializadores de San Bartolomé Milpas Altas.
Certificación Orgánica y de Origen - Reg COOP-GT0308-A,Símbolo de Pequeños Productores (SPP),Aval y certificación de calidad agrícola o artesanal extendida para la organización Cooperativa Integral de Producción Agrícola de San Lucas Sacatepéquez R.L..
Certificación Orgánica y de Origen - Reg COOP-GT0308-B,Mayacert S.A. Guatemala,Aval y certificación de calidad agrícola o artesanal extendida para la organización Cooperativa Integral de Ahorro y Crédito de San Lucas Sacatepéquez R.L..
Certificación Orgánica y de Origen - Reg ASO-GT0308-C,ANACAFE,Aval y certificación de calidad agrícola o artesanal extendida para la organización Asociación de Productores y Comercializadores de San Lucas Sacatepéquez.
Certificación Orgánica y de Origen - Reg COOP-GT0309-A,Rainforest Alliance Central America,Aval y certificación de calidad agrícola o artesanal extendida para la organización Cooperativa Integral de Producción Agrícola de Santa Lucía Milpas Altas R.L..
Certificación Orgánica y de Origen - Reg COOP-GT0309-B,Símbolo de Pequeños Productores (SPP),Aval y certificación de calidad agrícola o artesanal extendida para la organización Cooperativa Integral de Ahorro y Crédito de Santa Lucía Milpas Altas R.L..
Certificación Orgánica y de Origen - Reg ASO-GT0309-C,Mayacert S.A. Guatemala,Aval y certificación de calidad agrícola o artesanal extendida para la organización Asociación de Productores y Comercializadores de Santa Lucía Milpas Altas.
Certificación Orgánica y de Origen - Reg COOP-GT0310-A,ANACAFE,Aval y certificación de calidad agrícola o artesanal extendida para la organización Cooperativa Integral de Producción Agrícola de Magdalena Milpas Altas R.L..
Certificación Orgánica y de Origen - Reg COOP-GT0310-B,Rainforest Alliance Central America,Aval y certificación de calidad agrícola o artesanal extendida para la organización Cooperativa Integral de Ahorro y Crédito de Magdalena Milpas Altas R.L..
Certificación Orgánica y de Origen - Reg ASO-GT0310-C,Símbolo de Pequeños Productores (SPP),Aval y certificación de calidad agrícola o artesanal extendida para la organización Asociación de Productores y Comercializadores de Magdalena Milpas Altas.
Certificación Orgánica y de Origen - Reg COOP-GT0311-A,Mayacert S.A. Guatemala,Aval y certificación de calidad agrícola o artesanal extendida para la organización Cooperativa Integral de Producción Agrícola de Santa María de Jesús R.L..
Certificación Orgánica y de Origen - Reg COOP-GT0311-B,ANACAFE,Aval y certificación de calidad agrícola o artesanal extendida para la organización Cooperativa Integral de Ahorro y Crédito de Santa María de Jesús R.L..
Certificación Orgánica y de Origen - Reg ASO-GT0311-C,Rainforest Alliance Central America,Aval y certificación de calidad agrícola o artesanal extendida para la organización Asociación de Productores y Comercializadores de Santa María de Jesús.
Certificación Orgánica y de Origen - Reg COOP-GT0312-A,Símbolo de Pequeños Productores (SPP),Aval y certificación de calidad agrícola o artesanal extendida para la organización Cooperativa Integral de Producción Agrícola de Ciudad Vieja R.L..
Certificación Orgánica y de Origen - Reg COOP-GT0312-B,Mayacert S.A. Guatemala,Aval y certificación de calidad agrícola o artesanal extendida para la organización Cooperativa Integral de Ahorro y Crédito de Ciudad Vieja R.L..
Certificación Orgánica y de Origen - Reg ASO-GT0312-C,ANACAFE,Aval y certificación de calidad agrícola o artesanal extendida para la organización Asociación de Productores y Comercializadores de Ciudad Vieja.
Certificación Orgánica y de Origen - Reg COOP-GT0313-A,Rainforest Alliance Central America,Aval y certificación de calidad agrícola o artesanal extendida para la organización Cooperativa Integral de Producción Agrícola de San Miguel Dueñas R.L..
Certificación Orgánica y de Origen - Reg COOP-GT0313-B,Símbolo de Pequeños Productores (SPP),Aval y certificación de calidad agrícola o artesanal extendida para la organización Cooperativa Integral de Ahorro y Crédito de San Miguel Dueñas R.L..
Certificación Orgánica y de Origen - Reg ASO-GT0313-C,Mayacert S.A. Guatemala,Aval y certificación de calidad agrícola o artesanal extendida para la organización Asociación de Productores y Comercializadores de San Miguel Dueñas.
Certificación Orgánica y de Origen - Reg COOP-GT0314-A,ANACAFE,Aval y certificación de calidad agrícola o artesanal extendida para la organización Cooperativa Integral de Producción Agrícola de Alotenango R.L..
Certificación Orgánica y de Origen - Reg COOP-GT0314-B,Rainforest Alliance Central America,Aval y certificación de calidad agrícola o artesanal extendida para la organización Cooperativa Integral de Ahorro y Crédito de Alotenango R.L..
Certificación Orgánica y de Origen - Reg ASO-GT0314-C,Símbolo de Pequeños Productores (SPP),Aval y certificación de calidad agrícola o artesanal extendida para la organización Asociación de Productores y Comercializadores de Alotenango.
Certificación Orgánica y de Origen - Reg COOP-GT0315-A,Mayacert S.A. Guatemala,Aval y certificación de calidad agrícola o artesanal extendida para la organización Cooperativa Integral de Producción Agrícola de San Antonio Aguas Calientes R.L..
Certificación Orgánica y de Origen - Reg COOP-GT0315-B,ANACAFE,Aval y certificación de calidad agrícola o artesanal extendida para la organización Cooperativa Integral de Ahorro y Crédito de San Antonio Aguas Calientes R.L..
Certificación Orgánica y de Origen - Reg ASO-GT0315-C,Rainforest Alliance Central America,Aval y certificación de calidad agrícola o artesanal extendida para la organización Asociación de Productores y Comercializadores de San Antonio Aguas Calientes.
Certificación Orgánica y de Origen - Reg COOP-GT0316-A,Símbolo de Pequeños Productores (SPP),Aval y certificación de calidad agrícola o artesanal extendida para la organización Cooperativa Integral de Producción Agrícola de Santa Catarina Barahona R.L..
Certificación Orgánica y de Origen - Reg COOP-GT0316-B,Mayacert S.A. Guatemala,Aval y certificación de calidad agrícola o artesanal extendida para la organización Cooperativa Integral de Ahorro y Crédito de Santa Catarina Barahona R.L..
Certificación Orgánica y de Origen - Reg ASO-GT0316-C,ANACAFE,Aval y certificación de calidad agrícola o artesanal extendida para la organización Asociación de Productores y Comercializadores de Santa Catarina Barahona.
Certificación Orgánica y de Origen - Reg COOP-GT0401-A,Rainforest Alliance Central America,Aval y certificación de calidad agrícola o artesanal extendida para la organización Cooperativa Integral de Producción Agrícola de Chimaltenango R.L..
Certificación Orgánica y de Origen - Reg COOP-GT0401-B,Símbolo de Pequeños Productores (SPP),Aval y certificación de calidad agrícola o artesanal extendida para la organización Cooperativa Integral de Ahorro y Crédito de Chimaltenango R.L..
Certificación Orgánica y de Origen - Reg ASO-GT0401-C,Mayacert S.A. Guatemala,Aval y certificación de calidad agrícola o artesanal extendida para la organización Asociación de Productores y Comercializadores de Chimaltenango.
Certificación Orgánica y de Origen - Reg COOP-GT0402-A,ANACAFE,Aval y certificación de calidad agrícola o artesanal extendida para la organización Cooperativa Integral de Producción Agrícola de San José Poaquil R.L..
Certificación Orgánica y de Origen - Reg COOP-GT0402-B,Rainforest Alliance Central America,Aval y certificación de calidad agrícola o artesanal extendida para la organización Cooperativa Integral de Ahorro y Crédito de San José Poaquil R.L..
Certificación Orgánica y de Origen - Reg ASO-GT0402-C,Símbolo de Pequeños Productores (SPP),Aval y certificación de calidad agrícola o artesanal extendida para la organización Asociación de Productores y Comercializadores de San José Poaquil.
Certificación Orgánica y de Origen - Reg COOP-GT0403-A,Mayacert S.A. Guatemala,Aval y certificación de calidad agrícola o artesanal extendida para la organización Cooperativa Integral de Producción Agrícola de San Martín Jilotepeque R.L..
Certificación Orgánica y de Origen - Reg COOP-GT0403-B,ANACAFE,Aval y certificación de calidad agrícola o artesanal extendida para la organización Cooperativa Integral de Ahorro y Crédito de San Martín Jilotepeque R.L..
Certificación Orgánica y de Origen - Reg ASO-GT0403-C,Rainforest Alliance Central America,Aval y certificación de calidad agrícola o artesanal extendida para la organización Asociación de Productores y Comercializadores de San Martín Jilotepeque.
Certificación Orgánica y de Origen - Reg COOP-GT0404-A,Símbolo de Pequeños Productores (SPP),Aval y certificación de calidad agrícola o artesanal extendida para la organización Cooperativa Integral de Producción Agrícola de Comalapa R.L..
Certificación Orgánica y de Origen - Reg COOP-GT0404-B,Mayacert S.A. Guatemala,Aval y certificación de calidad agrícola o artesanal extendida para la organización Cooperativa Integral de Ahorro y Crédito de Comalapa R.L..
Certificación Orgánica y de Origen - Reg ASO-GT0404-C,ANACAFE,Aval y certificación de calidad agrícola o artesanal extendida para la organización Asociación de Productores y Comercializadores de Comalapa.
Certificación Orgánica y de Origen - Reg COOP-GT0405-A,Rainforest Alliance Central America,Aval y certificación de calidad agrícola o artesanal extendida para la organización Cooperativa Integral de Producción Agrícola de Santa Apolonia R.L..
Certificación Orgánica y de Origen - Reg COOP-GT0405-B,Símbolo de Pequeños Productores (SPP),Aval y certificación de calidad agrícola o artesanal extendida para la organización Cooperativa Integral de Ahorro y Crédito de Santa Apolonia R.L..
Certificación Orgánica y de Origen - Reg ASO-GT0405-C,Mayacert S.A. Guatemala,Aval y certificación de calidad agrícola o artesanal extendida para la organización Asociación de Productores y Comercializadores de Santa Apolonia.
Certificación Orgánica y de Origen - Reg COOP-GT0406-A,ANACAFE,Aval y certificación de calidad agrícola o artesanal extendida para la organización Cooperativa Integral de Producción Agrícola de Tecpán Guatemala R.L..
Certificación Orgánica y de Origen - Reg COOP-GT0406-B,Rainforest Alliance Central America,Aval y certificación de calidad agrícola o artesanal extendida para la organización Cooperativa Integral de Ahorro y Crédito de Tecpán Guatemala R.L..
Certificación Orgánica y de Origen - Reg ASO-GT0406-C,Símbolo de Pequeños Productores (SPP),Aval y certificación de calidad agrícola o artesanal extendida para la organización Asociación de Productores y Comercializadores de Tecpán Guatemala.
Certificación Orgánica y de Origen - Reg COOP-GT0407-A,Mayacert S.A. Guatemala,Aval y certificación de calidad agrícola o artesanal extendida para la organización Cooperativa Integral de Producción Agrícola de Patzún R.L..
Certificación Orgánica y de Origen - Reg COOP-GT0407-B,ANACAFE,Aval y certificación de calidad agrícola o artesanal extendida para la organización Cooperativa Integral de Ahorro y Crédito de Patzún R.L..
Certificación Orgánica y de Origen - Reg ASO-GT0407-C,Rainforest Alliance Central America,Aval y certificación de calidad agrícola o artesanal extendida para la organización Asociación de Productores y Comercializadores de Patzún.
Certificación Orgánica y de Origen - Reg COOP-GT0408-A,Símbolo de Pequeños Productores (SPP),Aval y certificación de calidad agrícola o artesanal extendida para la organización Cooperativa Integral de Producción Agrícola de Pochuta R.L..
Certificación Orgánica y de Origen - Reg COOP-GT0408-B,Mayacert S.A. Guatemala,Aval y certificación de calidad agrícola o artesanal extendida para la organización Cooperativa Integral de Ahorro y Crédito de Pochuta R.L..
Certificación Orgánica y de Origen - Reg ASO-GT0408-C,ANACAFE,Aval y certificación de calidad agrícola o artesanal extendida para la organización Asociación de Productores y Comercializadores de Pochuta.
Certificación Orgánica y de Origen - Reg COOP-GT0409-A,Rainforest Alliance Central America,Aval y certificación de calidad agrícola o artesanal extendida para la organización Cooperativa Integral de Producción Agrícola de Patzicía R.L..
Certificación Orgánica y de Origen - Reg COOP-GT0409-B,Símbolo de Pequeños Productores (SPP),Aval y certificación de calidad agrícola o artesanal extendida para la organización Cooperativa Integral de Ahorro y Crédito de Patzicía R.L..
Certificación Orgánica y de Origen - Reg ASO-GT0409-C,Mayacert S.A. Guatemala,Aval y certificación de calidad agrícola o artesanal extendida para la organización Asociación de Productores y Comercializadores de Patzicía.
Certificación Orgánica y de Origen - Reg COOP-GT0410-A,ANACAFE,Aval y certificación de calidad agrícola o artesanal extendida para la organización Cooperativa Integral de Producción Agrícola de Santa Cruz Balanyá R.L..
Certificación Orgánica y de Origen - Reg COOP-GT0410-B,Rainforest Alliance Central America,Aval y certificación de calidad agrícola o artesanal extendida para la organización Cooperativa Integral de Ahorro y Crédito de Santa Cruz Balanyá R.L..
Certificación Orgánica y de Origen - Reg ASO-GT0410-C,Símbolo de Pequeños Productores (SPP),Aval y certificación de calidad agrícola o artesanal extendida para la organización Asociación de Productores y Comercializadores de Santa Cruz Balanyá.
Certificación Orgánica y de Origen - Reg COOP-GT0411-A,Mayacert S.A. Guatemala,Aval y certificación de calidad agrícola o artesanal extendida para la organización Cooperativa Integral de Producción Agrícola de Acatenango R.L..
Certificación Orgánica y de Origen - Reg COOP-GT0411-B,ANACAFE,Aval y certificación de calidad agrícola o artesanal extendida para la organización Cooperativa Integral de Ahorro y Crédito de Acatenango R.L..
Certificación Orgánica y de Origen - Reg ASO-GT0411-C,Rainforest Alliance Central America,Aval y certificación de calidad agrícola o artesanal extendida para la organización Asociación de Productores y Comercializadores de Acatenango.
Certificación Orgánica y de Origen - Reg COOP-GT0412-A,Símbolo de Pequeños Productores (SPP),Aval y certificación de calidad agrícola o artesanal extendida para la organización Cooperativa Integral de Producción Agrícola de Yepocapa R.L..
Certificación Orgánica y de Origen - Reg COOP-GT0412-B,Mayacert S.A. Guatemala,Aval y certificación de calidad agrícola o artesanal extendida para la organización Cooperativa Integral de Ahorro y Crédito de Yepocapa R.L..
Certificación Orgánica y de Origen - Reg ASO-GT0412-C,ANACAFE,Aval y certificación de calidad agrícola o artesanal extendida para la organización Asociación de Productores y Comercializadores de Yepocapa.
Certificación Orgánica y de Origen - Reg COOP-GT0413-A,Rainforest Alliance Central America,Aval y certificación de calidad agrícola o artesanal extendida para la organización Cooperativa Integral de Producción Agrícola de San Andrés Itzapa R.L..
Certificación Orgánica y de Origen - Reg COOP-GT0413-B,Símbolo de Pequeños Productores (SPP),Aval y certificación de calidad agrícola o artesanal extendida para la organización Cooperativa Integral de Ahorro y Crédito de San Andrés Itzapa R.L..
Certificación Orgánica y de Origen - Reg ASO-GT0413-C,Mayacert S.A. Guatemala,Aval y certificación de calidad agrícola o artesanal extendida para la organización Asociación de Productores y Comercializadores de San Andrés Itzapa.
Certificación Orgánica y de Origen - Reg COOP-GT0414-A,ANACAFE,Aval y certificación de calidad agrícola o artesanal extendida para la organización Cooperativa Integral de Producción Agrícola de Parramos R.L..
Certificación Orgánica y de Origen - Reg COOP-GT0414-B,Rainforest Alliance Central America,Aval y certificación de calidad agrícola o artesanal extendida para la organización Cooperativa Integral de Ahorro y Crédito de Parramos R.L..
Certificación Orgánica y de Origen - Reg ASO-GT0414-C,Símbolo de Pequeños Productores (SPP),Aval y certificación de calidad agrícola o artesanal extendida para la organización Asociación de Productores y Comercializadores de Parramos.
Certificación Orgánica y de Origen - Reg COOP-GT0415-A,Mayacert S.A. Guatemala,Aval y certificación de calidad agrícola o artesanal extendida para la organización Cooperativa Integral de Producción Agrícola de Zaragoza R.L..
Certificación Orgánica y de Origen - Reg COOP-GT0415-B,ANACAFE,Aval y certificación de calidad agrícola o artesanal extendida para la organización Cooperativa Integral de Ahorro y Crédito de Zaragoza R.L..
Certificación Orgánica y de Origen - Reg ASO-GT0415-C,Rainforest Alliance Central America,Aval y certificación de calidad agrícola o artesanal extendida para la organización Asociación de Productores y Comercializadores de Zaragoza.
Certificación Orgánica y de Origen - Reg COOP-GT0416-A,Símbolo de Pequeños Productores (SPP),Aval y certificación de calidad agrícola o artesanal extendida para la organización Cooperativa Integral de Producción Agrícola de El Tejar R.L..
Certificación Orgánica y de Origen - Reg COOP-GT0416-B,Mayacert S.A. Guatemala,Aval y certificación de calidad agrícola o artesanal extendida para la organización Cooperativa Integral de Ahorro y Crédito de El Tejar R.L..
Certificación Orgánica y de Origen - Reg ASO-GT0416-C,ANACAFE,Aval y certificación de calidad agrícola o artesanal extendida para la organización Asociación de Productores y Comercializadores de El Tejar.
Certificación Orgánica y de Origen - Reg COOP-GT0501-A,Rainforest Alliance Central America,Aval y certificación de calidad agrícola o artesanal extendida para la organización Cooperativa Integral de Producción Agrícola de Escuintla R.L..
Certificación Orgánica y de Origen - Reg COOP-GT0501-B,Símbolo de Pequeños Productores (SPP),Aval y certificación de calidad agrícola o artesanal extendida para la organización Cooperativa Integral de Ahorro y Crédito de Escuintla R.L..
Certificación Orgánica y de Origen - Reg ASO-GT0501-C,Mayacert S.A. Guatemala,Aval y certificación de calidad agrícola o artesanal extendida para la organización Asociación de Productores y Comercializadores de Escuintla.
Certificación Orgánica y de Origen - Reg COOP-GT0502-A,ANACAFE,Aval y certificación de calidad agrícola o artesanal extendida para la organización Cooperativa Integral de Producción Agrícola de Santa Lucía Cotzumalguapa R.L..
Certificación Orgánica y de Origen - Reg COOP-GT0502-B,Rainforest Alliance Central America,Aval y certificación de calidad agrícola o artesanal extendida para la organización Cooperativa Integral de Ahorro y Crédito de Santa Lucía Cotzumalguapa R.L..
Certificación Orgánica y de Origen - Reg ASO-GT0502-C,Símbolo de Pequeños Productores (SPP),Aval y certificación de calidad agrícola o artesanal extendida para la organización Asociación de Productores y Comercializadores de Santa Lucía Cotzumalguapa.
Certificación Orgánica y de Origen - Reg COOP-GT0503-A,Mayacert S.A. Guatemala,Aval y certificación de calidad agrícola o artesanal extendida para la organización Cooperativa Integral de Producción Agrícola de La Democracia R.L..
Certificación Orgánica y de Origen - Reg COOP-GT0503-B,ANACAFE,Aval y certificación de calidad agrícola o artesanal extendida para la organización Cooperativa Integral de Ahorro y Crédito de La Democracia R.L..
Certificación Orgánica y de Origen - Reg ASO-GT0503-C,Rainforest Alliance Central America,Aval y certificación de calidad agrícola o artesanal extendida para la organización Asociación de Productores y Comercializadores de La Democracia.
Certificación Orgánica y de Origen - Reg COOP-GT0504-A,Símbolo de Pequeños Productores (SPP),Aval y certificación de calidad agrícola o artesanal extendida para la organización Cooperativa Integral de Producción Agrícola de Siquinalá R.L..
Certificación Orgánica y de Origen - Reg COOP-GT0504-B,Mayacert S.A. Guatemala,Aval y certificación de calidad agrícola o artesanal extendida para la organización Cooperativa Integral de Ahorro y Crédito de Siquinalá R.L..
Certificación Orgánica y de Origen - Reg ASO-GT0504-C,ANACAFE,Aval y certificación de calidad agrícola o artesanal extendida para la organización Asociación de Productores y Comercializadores de Siquinalá.
Certificación Orgánica y de Origen - Reg COOP-GT0505-A,Rainforest Alliance Central America,Aval y certificación de calidad agrícola o artesanal extendida para la organización Cooperativa Integral de Producción Agrícola de Masagua R.L..
Certificación Orgánica y de Origen - Reg COOP-GT0505-B,Símbolo de Pequeños Productores (SPP),Aval y certificación de calidad agrícola o artesanal extendida para la organización Cooperativa Integral de Ahorro y Crédito de Masagua R.L..
Certificación Orgánica y de Origen - Reg ASO-GT0505-C,Mayacert S.A. Guatemala,Aval y certificación de calidad agrícola o artesanal extendida para la organización Asociación de Productores y Comercializadores de Masagua.
Certificación Orgánica y de Origen - Reg COOP-GT0506-A,ANACAFE,Aval y certificación de calidad agrícola o artesanal extendida para la organización Cooperativa Integral de Producción Agrícola de Tiquisate R.L..
Certificación Orgánica y de Origen - Reg COOP-GT0506-B,Rainforest Alliance Central America,Aval y certificación de calidad agrícola o artesanal extendida para la organización Cooperativa Integral de Ahorro y Crédito de Tiquisate R.L..
Certificación Orgánica y de Origen - Reg ASO-GT0506-C,Símbolo de Pequeños Productores (SPP),Aval y certificación de calidad agrícola o artesanal extendida para la organización Asociación de Productores y Comercializadores de Tiquisate.
Certificación Orgánica y de Origen - Reg COOP-GT0507-A,Mayacert S.A. Guatemala,Aval y certificación de calidad agrícola o artesanal extendida para la organización Cooperativa Integral de Producción Agrícola de La Gomera R.L..
Certificación Orgánica y de Origen - Reg COOP-GT0507-B,ANACAFE,Aval y certificación de calidad agrícola o artesanal extendida para la organización Cooperativa Integral de Ahorro y Crédito de La Gomera R.L..
Certificación Orgánica y de Origen - Reg ASO-GT0507-C,Rainforest Alliance Central America,Aval y certificación de calidad agrícola o artesanal extendida para la organización Asociación de Productores y Comercializadores de La Gomera.
Certificación Orgánica y de Origen - Reg COOP-GT0508-A,Símbolo de Pequeños Productores (SPP),Aval y certificación de calidad agrícola o artesanal extendida para la organización Cooperativa Integral de Producción Agrícola de Guanagazapa R.L..
Certificación Orgánica y de Origen - Reg COOP-GT0508-B,Mayacert S.A. Guatemala,Aval y certificación de calidad agrícola o artesanal extendida para la organización Cooperativa Integral de Ahorro y Crédito de Guanagazapa R.L..
Certificación Orgánica y de Origen - Reg ASO-GT0508-C,ANACAFE,Aval y certificación de calidad agrícola o artesanal extendida para la organización Asociación de Productores y Comercializadores de Guanagazapa.
Certificación Orgánica y de Origen - Reg COOP-GT0509-A,Rainforest Alliance Central America,Aval y certificación de calidad agrícola o artesanal extendida para la organización Cooperativa Integral de Producción Agrícola de San José R.L..
Certificación Orgánica y de Origen - Reg COOP-GT0509-B,Símbolo de Pequeños Productores (SPP),Aval y certificación de calidad agrícola o artesanal extendida para la organización Cooperativa Integral de Ahorro y Crédito de San José R.L..
Certificación Orgánica y de Origen - Reg ASO-GT0509-C,Mayacert S.A. Guatemala,Aval y certificación de calidad agrícola o artesanal extendida para la organización Asociación de Productores y Comercializadores de San José.
Certificación Orgánica y de Origen - Reg COOP-GT0510-A,ANACAFE,Aval y certificación de calidad agrícola o artesanal extendida para la organización Cooperativa Integral de Producción Agrícola de Iztapa R.L..
Certificación Orgánica y de Origen - Reg COOP-GT0510-B,Rainforest Alliance Central America,Aval y certificación de calidad agrícola o artesanal extendida para la organización Cooperativa Integral de Ahorro y Crédito de Iztapa R.L..
Certificación Orgánica y de Origen - Reg ASO-GT0510-C,Símbolo de Pequeños Productores (SPP),Aval y certificación de calidad agrícola o artesanal extendida para la organización Asociación de Productores y Comercializadores de Iztapa.
Certificación Orgánica y de Origen - Reg COOP-GT0511-A,Mayacert S.A. Guatemala,Aval y certificación de calidad agrícola o artesanal extendida para la organización Cooperativa Integral de Producción Agrícola de Palín R.L..
Certificación Orgánica y de Origen - Reg COOP-GT0511-B,ANACAFE,Aval y certificación de calidad agrícola o artesanal extendida para la organización Cooperativa Integral de Ahorro y Crédito de Palín R.L..
Certificación Orgánica y de Origen - Reg ASO-GT0511-C,Rainforest Alliance Central America,Aval y certificación de calidad agrícola o artesanal extendida para la organización Asociación de Productores y Comercializadores de Palín.
Certificación Orgánica y de Origen - Reg COOP-GT0512-A,Símbolo de Pequeños Productores (SPP),Aval y certificación de calidad agrícola o artesanal extendida para la organización Cooperativa Integral de Producción Agrícola de San Vicente Pacaya R.L..
Certificación Orgánica y de Origen - Reg COOP-GT0512-B,Mayacert S.A. Guatemala,Aval y certificación de calidad agrícola o artesanal extendida para la organización Cooperativa Integral de Ahorro y Crédito de San Vicente Pacaya R.L..
Certificación Orgánica y de Origen - Reg ASO-GT0512-C,ANACAFE,Aval y certificación de calidad agrícola o artesanal extendida para la organización Asociación de Productores y Comercializadores de San Vicente Pacaya.
Certificación Orgánica y de Origen - Reg COOP-GT0513-A,Rainforest Alliance Central America,Aval y certificación de calidad agrícola o artesanal extendida para la organización Cooperativa Integral de Producción Agrícola de Nueva Concepción R.L..
Certificación Orgánica y de Origen - Reg COOP-GT0513-B,Símbolo de Pequeños Productores (SPP),Aval y certificación de calidad agrícola o artesanal extendida para la organización Cooperativa Integral de Ahorro y Crédito de Nueva Concepción R.L..
Certificación Orgánica y de Origen - Reg ASO-GT0513-C,Mayacert S.A. Guatemala,Aval y certificación de calidad agrícola o artesanal extendida para la organización Asociación de Productores y Comercializadores de Nueva Concepción.
Certificación Orgánica y de Origen - Reg COOP-GT0514-A,ANACAFE,Aval y certificación de calidad agrícola o artesanal extendida para la organización Cooperativa Integral de Producción Agrícola de Sipacate R.L..
Certificación Orgánica y de Origen - Reg COOP-GT0514-B,Rainforest Alliance Central America,Aval y certificación de calidad agrícola o artesanal extendida para la organización Cooperativa Integral de Ahorro y Crédito de Sipacate R.L..
Certificación Orgánica y de Origen - Reg ASO-GT0514-C,Símbolo de Pequeños Productores (SPP),Aval y certificación de calidad agrícola o artesanal extendida para la organización Asociación de Productores y Comercializadores de Sipacate.
Certificación Orgánica y de Origen - Reg COOP-GT0601-A,Mayacert S.A. Guatemala,Aval y certificación de calidad agrícola o artesanal extendida para la organización Cooperativa Integral de Producción Agrícola de Cuilapa R.L..
Certificación Orgánica y de Origen - Reg COOP-GT0601-B,ANACAFE,Aval y certificación de calidad agrícola o artesanal extendida para la organización Cooperativa Integral de Ahorro y Crédito de Cuilapa R.L..
Certificación Orgánica y de Origen - Reg ASO-GT0601-C,Rainforest Alliance Central America,Aval y certificación de calidad agrícola o artesanal extendida para la organización Asociación de Productores y Comercializadores de Cuilapa.
Certificación Orgánica y de Origen - Reg COOP-GT0602-A,Símbolo de Pequeños Productores (SPP),Aval y certificación de calidad agrícola o artesanal extendida para la organización Cooperativa Integral de Producción Agrícola de Barberena R.L..
Certificación Orgánica y de Origen - Reg COOP-GT0602-B,Mayacert S.A. Guatemala,Aval y certificación de calidad agrícola o artesanal extendida para la organización Cooperativa Integral de Ahorro y Crédito de Barberena R.L..
Certificación Orgánica y de Origen - Reg ASO-GT0602-C,ANACAFE,Aval y certificación de calidad agrícola o artesanal extendida para la organización Asociación de Productores y Comercializadores de Barberena.
Certificación Orgánica y de Origen - Reg COOP-GT0603-A,Rainforest Alliance Central America,Aval y certificación de calidad agrícola o artesanal extendida para la organización Cooperativa Integral de Producción Agrícola de Santa Rosa de Lima R.L..
Certificación Orgánica y de Origen - Reg COOP-GT0603-B,Símbolo de Pequeños Productores (SPP),Aval y certificación de calidad agrícola o artesanal extendida para la organización Cooperativa Integral de Ahorro y Crédito de Santa Rosa de Lima R.L..
Certificación Orgánica y de Origen - Reg ASO-GT0603-C,Mayacert S.A. Guatemala,Aval y certificación de calidad agrícola o artesanal extendida para la organización Asociación de Productores y Comercializadores de Santa Rosa de Lima.
Certificación Orgánica y de Origen - Reg COOP-GT0604-A,ANACAFE,Aval y certificación de calidad agrícola o artesanal extendida para la organización Cooperativa Integral de Producción Agrícola de Casillas R.L..
Certificación Orgánica y de Origen - Reg COOP-GT0604-B,Rainforest Alliance Central America,Aval y certificación de calidad agrícola o artesanal extendida para la organización Cooperativa Integral de Ahorro y Crédito de Casillas R.L..
Certificación Orgánica y de Origen - Reg ASO-GT0604-C,Símbolo de Pequeños Productores (SPP),Aval y certificación de calidad agrícola o artesanal extendida para la organización Asociación de Productores y Comercializadores de Casillas.
Certificación Orgánica y de Origen - Reg COOP-GT0605-A,Mayacert S.A. Guatemala,Aval y certificación de calidad agrícola o artesanal extendida para la organización Cooperativa Integral de Producción Agrícola de San Rafael Las Flores R.L..
Certificación Orgánica y de Origen - Reg COOP-GT0605-B,ANACAFE,Aval y certificación de calidad agrícola o artesanal extendida para la organización Cooperativa Integral de Ahorro y Crédito de San Rafael Las Flores R.L..
Certificación Orgánica y de Origen - Reg ASO-GT0605-C,Rainforest Alliance Central America,Aval y certificación de calidad agrícola o artesanal extendida para la organización Asociación de Productores y Comercializadores de San Rafael Las Flores.
Certificación Orgánica y de Origen - Reg COOP-GT0606-A,Símbolo de Pequeños Productores (SPP),Aval y certificación de calidad agrícola o artesanal extendida para la organización Cooperativa Integral de Producción Agrícola de Oratorio R.L..
Certificación Orgánica y de Origen - Reg COOP-GT0606-B,Mayacert S.A. Guatemala,Aval y certificación de calidad agrícola o artesanal extendida para la organización Cooperativa Integral de Ahorro y Crédito de Oratorio R.L..
Certificación Orgánica y de Origen - Reg ASO-GT0606-C,ANACAFE,Aval y certificación de calidad agrícola o artesanal extendida para la organización Asociación de Productores y Comercializadores de Oratorio.
Certificación Orgánica y de Origen - Reg COOP-GT0607-A,Rainforest Alliance Central America,Aval y certificación de calidad agrícola o artesanal extendida para la organización Cooperativa Integral de Producción Agrícola de San Juan Tecuaco R.L..
Certificación Orgánica y de Origen - Reg COOP-GT0607-B,Símbolo de Pequeños Productores (SPP),Aval y certificación de calidad agrícola o artesanal extendida para la organización Cooperativa Integral de Ahorro y Crédito de San Juan Tecuaco R.L..
Certificación Orgánica y de Origen - Reg ASO-GT0607-C,Mayacert S.A. Guatemala,Aval y certificación de calidad agrícola o artesanal extendida para la organización Asociación de Productores y Comercializadores de San Juan Tecuaco.
Certificación Orgánica y de Origen - Reg COOP-GT0608-A,ANACAFE,Aval y certificación de calidad agrícola o artesanal extendida para la organización Cooperativa Integral de Producción Agrícola de Chiquimulilla R.L..
Certificación Orgánica y de Origen - Reg COOP-GT0608-B,Rainforest Alliance Central America,Aval y certificación de calidad agrícola o artesanal extendida para la organización Cooperativa Integral de Ahorro y Crédito de Chiquimulilla R.L..
Certificación Orgánica y de Origen - Reg ASO-GT0608-C,Símbolo de Pequeños Productores (SPP),Aval y certificación de calidad agrícola o artesanal extendida para la organización Asociación de Productores y Comercializadores de Chiquimulilla.
Certificación Orgánica y de Origen - Reg COOP-GT0609-A,Mayacert S.A. Guatemala,Aval y certificación de calidad agrícola o artesanal extendida para la organización Cooperativa Integral de Producción Agrícola de Taxisco R.L..
Certificación Orgánica y de Origen - Reg COOP-GT0609-B,ANACAFE,Aval y certificación de calidad agrícola o artesanal extendida para la organización Cooperativa Integral de Ahorro y Crédito de Taxisco R.L..
Certificación Orgánica y de Origen - Reg ASO-GT0609-C,Rainforest Alliance Central America,Aval y certificación de calidad agrícola o artesanal extendida para la organización Asociación de Productores y Comercializadores de Taxisco.
Certificación Orgánica y de Origen - Reg COOP-GT0610-A,Símbolo de Pequeños Productores (SPP),Aval y certificación de calidad agrícola o artesanal extendida para la organización Cooperativa Integral de Producción Agrícola de Santa María Ixhuatán R.L..
Certificación Orgánica y de Origen - Reg COOP-GT0610-B,Mayacert S.A. Guatemala,Aval y certificación de calidad agrícola o artesanal extendida para la organización Cooperativa Integral de Ahorro y Crédito de Santa María Ixhuatán R.L..
Certificación Orgánica y de Origen - Reg ASO-GT0610-C,ANACAFE,Aval y certificación de calidad agrícola o artesanal extendida para la organización Asociación de Productores y Comercializadores de Santa María Ixhuatán.
Certificación Orgánica y de Origen - Reg COOP-GT0611-A,Rainforest Alliance Central America,Aval y certificación de calidad agrícola o artesanal extendida para la organización Cooperativa Integral de Producción Agrícola de Guazacapán R.L..
Certificación Orgánica y de Origen - Reg COOP-GT0611-B,Símbolo de Pequeños Productores (SPP),Aval y certificación de calidad agrícola o artesanal extendida para la organización Cooperativa Integral de Ahorro y Crédito de Guazacapán R.L..
Certificación Orgánica y de Origen - Reg ASO-GT0611-C,Mayacert S.A. Guatemala,Aval y certificación de calidad agrícola o artesanal extendida para la organización Asociación de Productores y Comercializadores de Guazacapán.
Certificación Orgánica y de Origen - Reg COOP-GT0612-A,ANACAFE,Aval y certificación de calidad agrícola o artesanal extendida para la organización Cooperativa Integral de Producción Agrícola de Santa Cruz Naranjo R.L..
Certificación Orgánica y de Origen - Reg COOP-GT0612-B,Rainforest Alliance Central America,Aval y certificación de calidad agrícola o artesanal extendida para la organización Cooperativa Integral de Ahorro y Crédito de Santa Cruz Naranjo R.L..
Certificación Orgánica y de Origen - Reg ASO-GT0612-C,Símbolo de Pequeños Productores (SPP),Aval y certificación de calidad agrícola o artesanal extendida para la organización Asociación de Productores y Comercializadores de Santa Cruz Naranjo.
Certificación Orgánica y de Origen - Reg COOP-GT0613-A,Mayacert S.A. Guatemala,Aval y certificación de calidad agrícola o artesanal extendida para la organización Cooperativa Integral de Producción Agrícola de Pueblo Nuevo Viñas R.L..
Certificación Orgánica y de Origen - Reg COOP-GT0613-B,ANACAFE,Aval y certificación de calidad agrícola o artesanal extendida para la organización Cooperativa Integral de Ahorro y Crédito de Pueblo Nuevo Viñas R.L..
Certificación Orgánica y de Origen - Reg ASO-GT0613-C,Rainforest Alliance Central America,Aval y certificación de calidad agrícola o artesanal extendida para la organización Asociación de Productores y Comercializadores de Pueblo Nuevo Viñas.
Certificación Orgánica y de Origen - Reg COOP-GT0614-A,Símbolo de Pequeños Productores (SPP),Aval y certificación de calidad agrícola o artesanal extendida para la organización Cooperativa Integral de Producción Agrícola de Nueva Santa Rosa R.L..
Certificación Orgánica y de Origen - Reg COOP-GT0614-B,Mayacert S.A. Guatemala,Aval y certificación de calidad agrícola o artesanal extendida para la organización Cooperativa Integral de Ahorro y Crédito de Nueva Santa Rosa R.L..
Certificación Orgánica y de Origen - Reg ASO-GT0614-C,ANACAFE,Aval y certificación de calidad agrícola o artesanal extendida para la organización Asociación de Productores y Comercializadores de Nueva Santa Rosa.
Certificación Orgánica y de Origen - Reg COOP-GT0700-A,Rainforest Alliance Central America,Aval y certificación de calidad agrícola o artesanal extendida para la organización Cooperativa Integral de Producción Agrícola de Lago De Atitlan R.L..
Certificación Orgánica y de Origen - Reg COOP-GT0700-B,Símbolo de Pequeños Productores (SPP),Aval y certificación de calidad agrícola o artesanal extendida para la organización Cooperativa Integral de Ahorro y Crédito de Lago De Atitlan R.L..
Certificación Orgánica y de Origen - Reg ASO-GT0700-C,Mayacert S.A. Guatemala,Aval y certificación de calidad agrícola o artesanal extendida para la organización Asociación de Productores y Comercializadores de Lago De Atitlan.
Certificación Orgánica y de Origen - Reg COOP-GT0701-A,ANACAFE,Aval y certificación de calidad agrícola o artesanal extendida para la organización Cooperativa Integral de Producción Agrícola de Sololá R.L..
Certificación Orgánica y de Origen - Reg COOP-GT0701-B,Rainforest Alliance Central America,Aval y certificación de calidad agrícola o artesanal extendida para la organización Cooperativa Integral de Ahorro y Crédito de Sololá R.L..
Certificación Orgánica y de Origen - Reg ASO-GT0701-C,Símbolo de Pequeños Productores (SPP),Aval y certificación de calidad agrícola o artesanal extendida para la organización Asociación de Productores y Comercializadores de Sololá.
Certificación Orgánica y de Origen - Reg COOP-GT0702-A,Mayacert S.A. Guatemala,Aval y certificación de calidad agrícola o artesanal extendida para la organización Cooperativa Integral de Producción Agrícola de San José Chacayá R.L..
Certificación Orgánica y de Origen - Reg COOP-GT0702-B,ANACAFE,Aval y certificación de calidad agrícola o artesanal extendida para la organización Cooperativa Integral de Ahorro y Crédito de San José Chacayá R.L..
Certificación Orgánica y de Origen - Reg ASO-GT0702-C,Rainforest Alliance Central America,Aval y certificación de calidad agrícola o artesanal extendida para la organización Asociación de Productores y Comercializadores de San José Chacayá.
Certificación Orgánica y de Origen - Reg COOP-GT0703-A,Símbolo de Pequeños Productores (SPP),Aval y certificación de calidad agrícola o artesanal extendida para la organización Cooperativa Integral de Producción Agrícola de Santa María Visitación R.L..
Certificación Orgánica y de Origen - Reg COOP-GT0703-B,Mayacert S.A. Guatemala,Aval y certificación de calidad agrícola o artesanal extendida para la organización Cooperativa Integral de Ahorro y Crédito de Santa María Visitación R.L..
Certificación Orgánica y de Origen - Reg ASO-GT0703-C,ANACAFE,Aval y certificación de calidad agrícola o artesanal extendida para la organización Asociación de Productores y Comercializadores de Santa María Visitación.
Certificación Orgánica y de Origen - Reg COOP-GT0704-A,Rainforest Alliance Central America,Aval y certificación de calidad agrícola o artesanal extendida para la organización Cooperativa Integral de Producción Agrícola de Santa Lucía Utatlán R.L..
Certificación Orgánica y de Origen - Reg COOP-GT0704-B,Símbolo de Pequeños Productores (SPP),Aval y certificación de calidad agrícola o artesanal extendida para la organización Cooperativa Integral de Ahorro y Crédito de Santa Lucía Utatlán R.L..
Certificación Orgánica y de Origen - Reg ASO-GT0704-C,Mayacert S.A. Guatemala,Aval y certificación de calidad agrícola o artesanal extendida para la organización Asociación de Productores y Comercializadores de Santa Lucía Utatlán.
Certificación Orgánica y de Origen - Reg COOP-GT0705-A,ANACAFE,Aval y certificación de calidad agrícola o artesanal extendida para la organización Cooperativa Integral de Producción Agrícola de Nahualá R.L..
Certificación Orgánica y de Origen - Reg COOP-GT0705-B,Rainforest Alliance Central America,Aval y certificación de calidad agrícola o artesanal extendida para la organización Cooperativa Integral de Ahorro y Crédito de Nahualá R.L..
Certificación Orgánica y de Origen - Reg ASO-GT0705-C,Símbolo de Pequeños Productores (SPP),Aval y certificación de calidad agrícola o artesanal extendida para la organización Asociación de Productores y Comercializadores de Nahualá.
Certificación Orgánica y de Origen - Reg COOP-GT0706-A,Mayacert S.A. Guatemala,Aval y certificación de calidad agrícola o artesanal extendida para la organización Cooperativa Integral de Producción Agrícola de Santa Catarina Ixtahuacán R.L..
Certificación Orgánica y de Origen - Reg COOP-GT0706-B,ANACAFE,Aval y certificación de calidad agrícola o artesanal extendida para la organización Cooperativa Integral de Ahorro y Crédito de Santa Catarina Ixtahuacán R.L..
Certificación Orgánica y de Origen - Reg ASO-GT0706-C,Rainforest Alliance Central America,Aval y certificación de calidad agrícola o artesanal extendida para la organización Asociación de Productores y Comercializadores de Santa Catarina Ixtahuacán.
Certificación Orgánica y de Origen - Reg COOP-GT0707-A,Símbolo de Pequeños Productores (SPP),Aval y certificación de calidad agrícola o artesanal extendida para la organización Cooperativa Integral de Producción Agrícola de Santa Clara La Laguna R.L..
Certificación Orgánica y de Origen - Reg COOP-GT0707-B,Mayacert S.A. Guatemala,Aval y certificación de calidad agrícola o artesanal extendida para la organización Cooperativa Integral de Ahorro y Crédito de Santa Clara La Laguna R.L..
Certificación Orgánica y de Origen - Reg ASO-GT0707-C,ANACAFE,Aval y certificación de calidad agrícola o artesanal extendida para la organización Asociación de Productores y Comercializadores de Santa Clara La Laguna.
Certificación Orgánica y de Origen - Reg COOP-GT0708-A,Rainforest Alliance Central America,Aval y certificación de calidad agrícola o artesanal extendida para la organización Cooperativa Integral de Producción Agrícola de Concepción R.L..
Certificación Orgánica y de Origen - Reg COOP-GT0708-B,Símbolo de Pequeños Productores (SPP),Aval y certificación de calidad agrícola o artesanal extendida para la organización Cooperativa Integral de Ahorro y Crédito de Concepción R.L..
Certificación Orgánica y de Origen - Reg ASO-GT0708-C,Mayacert S.A. Guatemala,Aval y certificación de calidad agrícola o artesanal extendida para la organización Asociación de Productores y Comercializadores de Concepción.
Certificación Orgánica y de Origen - Reg COOP-GT0709-A,ANACAFE,Aval y certificación de calidad agrícola o artesanal extendida para la organización Cooperativa Integral de Producción Agrícola de San Andrés Semetabaj R.L..
Certificación Orgánica y de Origen - Reg COOP-GT0709-B,Rainforest Alliance Central America,Aval y certificación de calidad agrícola o artesanal extendida para la organización Cooperativa Integral de Ahorro y Crédito de San Andrés Semetabaj R.L..
Certificación Orgánica y de Origen - Reg ASO-GT0709-C,Símbolo de Pequeños Productores (SPP),Aval y certificación de calidad agrícola o artesanal extendida para la organización Asociación de Productores y Comercializadores de San Andrés Semetabaj.
Certificación Orgánica y de Origen - Reg COOP-GT0710-A,Mayacert S.A. Guatemala,Aval y certificación de calidad agrícola o artesanal extendida para la organización Cooperativa Integral de Producción Agrícola de Panajachel R.L..
Certificación Orgánica y de Origen - Reg COOP-GT0710-B,ANACAFE,Aval y certificación de calidad agrícola o artesanal extendida para la organización Cooperativa Integral de Ahorro y Crédito de Panajachel R.L..
Certificación Orgánica y de Origen - Reg ASO-GT0710-C,Rainforest Alliance Central America,Aval y certificación de calidad agrícola o artesanal extendida para la organización Asociación de Productores y Comercializadores de Panajachel.
Certificación Orgánica y de Origen - Reg COOP-GT0711-A,Símbolo de Pequeños Productores (SPP),Aval y certificación de calidad agrícola o artesanal extendida para la organización Cooperativa Integral de Producción Agrícola de Santa Catarina Palopó R.L..
Certificación Orgánica y de Origen - Reg COOP-GT0711-B,Mayacert S.A. Guatemala,Aval y certificación de calidad agrícola o artesanal extendida para la organización Cooperativa Integral de Ahorro y Crédito de Santa Catarina Palopó R.L..
Certificación Orgánica y de Origen - Reg ASO-GT0711-C,ANACAFE,Aval y certificación de calidad agrícola o artesanal extendida para la organización Asociación de Productores y Comercializadores de Santa Catarina Palopó.
Certificación Orgánica y de Origen - Reg COOP-GT0712-A,Rainforest Alliance Central America,Aval y certificación de calidad agrícola o artesanal extendida para la organización Cooperativa Integral de Producción Agrícola de San Antonio Palopó R.L..
Certificación Orgánica y de Origen - Reg COOP-GT0712-B,Símbolo de Pequeños Productores (SPP),Aval y certificación de calidad agrícola o artesanal extendida para la organización Cooperativa Integral de Ahorro y Crédito de San Antonio Palopó R.L..
Certificación Orgánica y de Origen - Reg ASO-GT0712-C,Mayacert S.A. Guatemala,Aval y certificación de calidad agrícola o artesanal extendida para la organización Asociación de Productores y Comercializadores de San Antonio Palopó.
Certificación Orgánica y de Origen - Reg COOP-GT0713-A,ANACAFE,Aval y certificación de calidad agrícola o artesanal extendida para la organización Cooperativa Integral de Producción Agrícola de San Lucas Tolimán R.L..
Certificación Orgánica y de Origen - Reg COOP-GT0713-B,Rainforest Alliance Central America,Aval y certificación de calidad agrícola o artesanal extendida para la organización Cooperativa Integral de Ahorro y Crédito de San Lucas Tolimán R.L..
Certificación Orgánica y de Origen - Reg ASO-GT0713-C,Símbolo de Pequeños Productores (SPP),Aval y certificación de calidad agrícola o artesanal extendida para la organización Asociación de Productores y Comercializadores de San Lucas Tolimán.
Certificación Orgánica y de Origen - Reg COOP-GT0714-A,Mayacert S.A. Guatemala,Aval y certificación de calidad agrícola o artesanal extendida para la organización Cooperativa Integral de Producción Agrícola de Santa Cruz La Laguna R.L..
Certificación Orgánica y de Origen - Reg COOP-GT0714-B,ANACAFE,Aval y certificación de calidad agrícola o artesanal extendida para la organización Cooperativa Integral de Ahorro y Crédito de Santa Cruz La Laguna R.L..
Certificación Orgánica y de Origen - Reg ASO-GT0714-C,Rainforest Alliance Central America,Aval y certificación de calidad agrícola o artesanal extendida para la organización Asociación de Productores y Comercializadores de Santa Cruz La Laguna.
Certificación Orgánica y de Origen - Reg COOP-GT0715-A,Símbolo de Pequeños Productores (SPP),Aval y certificación de calidad agrícola o artesanal extendida para la organización Cooperativa Integral de Producción Agrícola de San Pablo La Laguna R.L..
Certificación Orgánica y de Origen - Reg COOP-GT0715-B,Mayacert S.A. Guatemala,Aval y certificación de calidad agrícola o artesanal extendida para la organización Cooperativa Integral de Ahorro y Crédito de San Pablo La Laguna R.L..
Certificación Orgánica y de Origen - Reg ASO-GT0715-C,ANACAFE,Aval y certificación de calidad agrícola o artesanal extendida para la organización Asociación de Productores y Comercializadores de San Pablo La Laguna.
Certificación Orgánica y de Origen - Reg COOP-GT0716-A,Rainforest Alliance Central America,Aval y certificación de calidad agrícola o artesanal extendida para la organización Cooperativa Integral de Producción Agrícola de San Marcos La Laguna R.L..
Certificación Orgánica y de Origen - Reg COOP-GT0716-B,Símbolo de Pequeños Productores (SPP),Aval y certificación de calidad agrícola o artesanal extendida para la organización Cooperativa Integral de Ahorro y Crédito de San Marcos La Laguna R.L..
Certificación Orgánica y de Origen - Reg ASO-GT0716-C,Mayacert S.A. Guatemala,Aval y certificación de calidad agrícola o artesanal extendida para la organización Asociación de Productores y Comercializadores de San Marcos La Laguna.
Certificación Orgánica y de Origen - Reg COOP-GT0717-A,ANACAFE,Aval y certificación de calidad agrícola o artesanal extendida para la organización Cooperativa Integral de Producción Agrícola de San Juan La Laguna R.L..
Certificación Orgánica y de Origen - Reg COOP-GT0717-B,Rainforest Alliance Central America,Aval y certificación de calidad agrícola o artesanal extendida para la organización Cooperativa Integral de Ahorro y Crédito de San Juan La Laguna R.L..
Certificación Orgánica y de Origen - Reg ASO-GT0717-C,Símbolo de Pequeños Productores (SPP),Aval y certificación de calidad agrícola o artesanal extendida para la organización Asociación de Productores y Comercializadores de San Juan La Laguna.
Certificación Orgánica y de Origen - Reg COOP-GT0718-A,Mayacert S.A. Guatemala,Aval y certificación de calidad agrícola o artesanal extendida para la organización Cooperativa Integral de Producción Agrícola de San Pedro La Laguna R.L..
Certificación Orgánica y de Origen - Reg COOP-GT0718-B,ANACAFE,Aval y certificación de calidad agrícola o artesanal extendida para la organización Cooperativa Integral de Ahorro y Crédito de San Pedro La Laguna R.L..
Certificación Orgánica y de Origen - Reg ASO-GT0718-C,Rainforest Alliance Central America,Aval y certificación de calidad agrícola o artesanal extendida para la organización Asociación de Productores y Comercializadores de San Pedro La Laguna.
Certificación Orgánica y de Origen - Reg COOP-GT0719-A,Símbolo de Pequeños Productores (SPP),Aval y certificación de calidad agrícola o artesanal extendida para la organización Cooperativa Integral de Producción Agrícola de Santiago Atitlán R.L..
Certificación Orgánica y de Origen - Reg COOP-GT0719-B,Mayacert S.A. Guatemala,Aval y certificación de calidad agrícola o artesanal extendida para la organización Cooperativa Integral de Ahorro y Crédito de Santiago Atitlán R.L..
Certificación Orgánica y de Origen - Reg ASO-GT0719-C,ANACAFE,Aval y certificación de calidad agrícola o artesanal extendida para la organización Asociación de Productores y Comercializadores de Santiago Atitlán.
Certificación Orgánica y de Origen - Reg COOP-GT0801-A,Rainforest Alliance Central America,Aval y certificación de calidad agrícola o artesanal extendida para la organización Cooperativa Integral de Producción Agrícola de Totonicapán R.L..
Certificación Orgánica y de Origen - Reg COOP-GT0801-B,Símbolo de Pequeños Productores (SPP),Aval y certificación de calidad agrícola o artesanal extendida para la organización Cooperativa Integral de Ahorro y Crédito de Totonicapán R.L..
Certificación Orgánica y de Origen - Reg ASO-GT0801-C,Mayacert S.A. Guatemala,Aval y certificación de calidad agrícola o artesanal extendida para la organización Asociación de Productores y Comercializadores de Totonicapán.
Certificación Orgánica y de Origen - Reg COOP-GT0802-A,ANACAFE,Aval y certificación de calidad agrícola o artesanal extendida para la organización Cooperativa Integral de Producción Agrícola de San Cristóbal Totonicapán R.L..
Certificación Orgánica y de Origen - Reg COOP-GT0802-B,Rainforest Alliance Central America,Aval y certificación de calidad agrícola o artesanal extendida para la organización Cooperativa Integral de Ahorro y Crédito de San Cristóbal Totonicapán R.L..
Certificación Orgánica y de Origen - Reg ASO-GT0802-C,Símbolo de Pequeños Productores (SPP),Aval y certificación de calidad agrícola o artesanal extendida para la organización Asociación de Productores y Comercializadores de San Cristóbal Totonicapán.
Certificación Orgánica y de Origen - Reg COOP-GT0803-A,Mayacert S.A. Guatemala,Aval y certificación de calidad agrícola o artesanal extendida para la organización Cooperativa Integral de Producción Agrícola de San Francisco El Alto R.L..
Certificación Orgánica y de Origen - Reg COOP-GT0803-B,ANACAFE,Aval y certificación de calidad agrícola o artesanal extendida para la organización Cooperativa Integral de Ahorro y Crédito de San Francisco El Alto R.L..
Certificación Orgánica y de Origen - Reg ASO-GT0803-C,Rainforest Alliance Central America,Aval y certificación de calidad agrícola o artesanal extendida para la organización Asociación de Productores y Comercializadores de San Francisco El Alto.
Certificación Orgánica y de Origen - Reg COOP-GT0804-A,Símbolo de Pequeños Productores (SPP),Aval y certificación de calidad agrícola o artesanal extendida para la organización Cooperativa Integral de Producción Agrícola de San Andrés Xecul R.L..
Certificación Orgánica y de Origen - Reg COOP-GT0804-B,Mayacert S.A. Guatemala,Aval y certificación de calidad agrícola o artesanal extendida para la organización Cooperativa Integral de Ahorro y Crédito de San Andrés Xecul R.L..
Certificación Orgánica y de Origen - Reg ASO-GT0804-C,ANACAFE,Aval y certificación de calidad agrícola o artesanal extendida para la organización Asociación de Productores y Comercializadores de San Andrés Xecul.
Certificación Orgánica y de Origen - Reg COOP-GT0805-A,Rainforest Alliance Central America,Aval y certificación de calidad agrícola o artesanal extendida para la organización Cooperativa Integral de Producción Agrícola de Momostenango R.L..
Certificación Orgánica y de Origen - Reg COOP-GT0805-B,Símbolo de Pequeños Productores (SPP),Aval y certificación de calidad agrícola o artesanal extendida para la organización Cooperativa Integral de Ahorro y Crédito de Momostenango R.L..
Certificación Orgánica y de Origen - Reg ASO-GT0805-C,Mayacert S.A. Guatemala,Aval y certificación de calidad agrícola o artesanal extendida para la organización Asociación de Productores y Comercializadores de Momostenango.
Certificación Orgánica y de Origen - Reg COOP-GT0806-A,ANACAFE,Aval y certificación de calidad agrícola o artesanal extendida para la organización Cooperativa Integral de Producción Agrícola de Santa María Chiquimula R.L..
Certificación Orgánica y de Origen - Reg COOP-GT0806-B,Rainforest Alliance Central America,Aval y certificación de calidad agrícola o artesanal extendida para la organización Cooperativa Integral de Ahorro y Crédito de Santa María Chiquimula R.L..
Certificación Orgánica y de Origen - Reg ASO-GT0806-C,Símbolo de Pequeños Productores (SPP),Aval y certificación de calidad agrícola o artesanal extendida para la organización Asociación de Productores y Comercializadores de Santa María Chiquimula.
Certificación Orgánica y de Origen - Reg COOP-GT0807-A,Mayacert S.A. Guatemala,Aval y certificación de calidad agrícola o artesanal extendida para la organización Cooperativa Integral de Producción Agrícola de Santa Lucía La Reforma R.L..
Certificación Orgánica y de Origen - Reg COOP-GT0807-B,ANACAFE,Aval y certificación de calidad agrícola o artesanal extendida para la organización Cooperativa Integral de Ahorro y Crédito de Santa Lucía La Reforma R.L..
Certificación Orgánica y de Origen - Reg ASO-GT0807-C,Rainforest Alliance Central America,Aval y certificación de calidad agrícola o artesanal extendida para la organización Asociación de Productores y Comercializadores de Santa Lucía La Reforma.
Certificación Orgánica y de Origen - Reg COOP-GT0808-A,Símbolo de Pequeños Productores (SPP),Aval y certificación de calidad agrícola o artesanal extendida para la organización Cooperativa Integral de Producción Agrícola de San Bartolo R.L..
Certificación Orgánica y de Origen - Reg COOP-GT0808-B,Mayacert S.A. Guatemala,Aval y certificación de calidad agrícola o artesanal extendida para la organización Cooperativa Integral de Ahorro y Crédito de San Bartolo R.L..
Certificación Orgánica y de Origen - Reg ASO-GT0808-C,ANACAFE,Aval y certificación de calidad agrícola o artesanal extendida para la organización Asociación de Productores y Comercializadores de San Bartolo.
Certificación Orgánica y de Origen - Reg COOP-GT0901-A,Rainforest Alliance Central America,Aval y certificación de calidad agrícola o artesanal extendida para la organización Cooperativa Integral de Producción Agrícola de Quetzaltenango R.L..
Certificación Orgánica y de Origen - Reg COOP-GT0901-B,Símbolo de Pequeños Productores (SPP),Aval y certificación de calidad agrícola o artesanal extendida para la organización Cooperativa Integral de Ahorro y Crédito de Quetzaltenango R.L..
Certificación Orgánica y de Origen - Reg ASO-GT0901-C,Mayacert S.A. Guatemala,Aval y certificación de calidad agrícola o artesanal extendida para la organización Asociación de Productores y Comercializadores de Quetzaltenango.
Certificación Orgánica y de Origen - Reg COOP-GT0902-A,ANACAFE,Aval y certificación de calidad agrícola o artesanal extendida para la organización Cooperativa Integral de Producción Agrícola de Salcajá R.L..
Certificación Orgánica y de Origen - Reg COOP-GT0902-B,Rainforest Alliance Central America,Aval y certificación de calidad agrícola o artesanal extendida para la organización Cooperativa Integral de Ahorro y Crédito de Salcajá R.L..
Certificación Orgánica y de Origen - Reg ASO-GT0902-C,Símbolo de Pequeños Productores (SPP),Aval y certificación de calidad agrícola o artesanal extendida para la organización Asociación de Productores y Comercializadores de Salcajá.
Certificación Orgánica y de Origen - Reg COOP-GT0903-A,Mayacert S.A. Guatemala,Aval y certificación de calidad agrícola o artesanal extendida para la organización Cooperativa Integral de Producción Agrícola de Olintepeque R.L..
Certificación Orgánica y de Origen - Reg COOP-GT0903-B,ANACAFE,Aval y certificación de calidad agrícola o artesanal extendida para la organización Cooperativa Integral de Ahorro y Crédito de Olintepeque R.L..
Certificación Orgánica y de Origen - Reg ASO-GT0903-C,Rainforest Alliance Central America,Aval y certificación de calidad agrícola o artesanal extendida para la organización Asociación de Productores y Comercializadores de Olintepeque.
Certificación Orgánica y de Origen - Reg COOP-GT0904-A,Símbolo de Pequeños Productores (SPP),Aval y certificación de calidad agrícola o artesanal extendida para la organización Cooperativa Integral de Producción Agrícola de San Carlos Sija R.L..
Certificación Orgánica y de Origen - Reg COOP-GT0904-B,Mayacert S.A. Guatemala,Aval y certificación de calidad agrícola o artesanal extendida para la organización Cooperativa Integral de Ahorro y Crédito de San Carlos Sija R.L..
Certificación Orgánica y de Origen - Reg ASO-GT0904-C,ANACAFE,Aval y certificación de calidad agrícola o artesanal extendida para la organización Asociación de Productores y Comercializadores de San Carlos Sija.
Certificación Orgánica y de Origen - Reg COOP-GT0905-A,Rainforest Alliance Central America,Aval y certificación de calidad agrícola o artesanal extendida para la organización Cooperativa Integral de Producción Agrícola de Sibilia R.L..
Certificación Orgánica y de Origen - Reg COOP-GT0905-B,Símbolo de Pequeños Productores (SPP),Aval y certificación de calidad agrícola o artesanal extendida para la organización Cooperativa Integral de Ahorro y Crédito de Sibilia R.L..
Certificación Orgánica y de Origen - Reg ASO-GT0905-C,Mayacert S.A. Guatemala,Aval y certificación de calidad agrícola o artesanal extendida para la organización Asociación de Productores y Comercializadores de Sibilia.
Certificación Orgánica y de Origen - Reg COOP-GT0906-A,ANACAFE,Aval y certificación de calidad agrícola o artesanal extendida para la organización Cooperativa Integral de Producción Agrícola de Cabricán R.L..
Certificación Orgánica y de Origen - Reg COOP-GT0906-B,Rainforest Alliance Central America,Aval y certificación de calidad agrícola o artesanal extendida para la organización Cooperativa Integral de Ahorro y Crédito de Cabricán R.L..
Certificación Orgánica y de Origen - Reg ASO-GT0906-C,Símbolo de Pequeños Productores (SPP),Aval y certificación de calidad agrícola o artesanal extendida para la organización Asociación de Productores y Comercializadores de Cabricán.
Certificación Orgánica y de Origen - Reg COOP-GT0907-A,Mayacert S.A. Guatemala,Aval y certificación de calidad agrícola o artesanal extendida para la organización Cooperativa Integral de Producción Agrícola de Cajolá R.L..
Certificación Orgánica y de Origen - Reg COOP-GT0907-B,ANACAFE,Aval y certificación de calidad agrícola o artesanal extendida para la organización Cooperativa Integral de Ahorro y Crédito de Cajolá R.L..
Certificación Orgánica y de Origen - Reg ASO-GT0907-C,Rainforest Alliance Central America,Aval y certificación de calidad agrícola o artesanal extendida para la organización Asociación de Productores y Comercializadores de Cajolá.
Certificación Orgánica y de Origen - Reg COOP-GT0908-A,Símbolo de Pequeños Productores (SPP),Aval y certificación de calidad agrícola o artesanal extendida para la organización Cooperativa Integral de Producción Agrícola de San Miguel Sigüila R.L..
Certificación Orgánica y de Origen - Reg COOP-GT0908-B,Mayacert S.A. Guatemala,Aval y certificación de calidad agrícola o artesanal extendida para la organización Cooperativa Integral de Ahorro y Crédito de San Miguel Sigüila R.L..
Certificación Orgánica y de Origen - Reg ASO-GT0908-C,ANACAFE,Aval y certificación de calidad agrícola o artesanal extendida para la organización Asociación de Productores y Comercializadores de San Miguel Sigüila.
Certificación Orgánica y de Origen - Reg COOP-GT0909-A,Rainforest Alliance Central America,Aval y certificación de calidad agrícola o artesanal extendida para la organización Cooperativa Integral de Producción Agrícola de Ostuncalco R.L..
Certificación Orgánica y de Origen - Reg COOP-GT0909-B,Símbolo de Pequeños Productores (SPP),Aval y certificación de calidad agrícola o artesanal extendida para la organización Cooperativa Integral de Ahorro y Crédito de Ostuncalco R.L..
Certificación Orgánica y de Origen - Reg ASO-GT0909-C,Mayacert S.A. Guatemala,Aval y certificación de calidad agrícola o artesanal extendida para la organización Asociación de Productores y Comercializadores de Ostuncalco.
Certificación Orgánica y de Origen - Reg COOP-GT0910-A,ANACAFE,Aval y certificación de calidad agrícola o artesanal extendida para la organización Cooperativa Integral de Producción Agrícola de San Mateo R.L..
Certificación Orgánica y de Origen - Reg COOP-GT0910-B,Rainforest Alliance Central America,Aval y certificación de calidad agrícola o artesanal extendida para la organización Cooperativa Integral de Ahorro y Crédito de San Mateo R.L..
Certificación Orgánica y de Origen - Reg ASO-GT0910-C,Símbolo de Pequeños Productores (SPP),Aval y certificación de calidad agrícola o artesanal extendida para la organización Asociación de Productores y Comercializadores de San Mateo.
Certificación Orgánica y de Origen - Reg COOP-GT0911-A,Mayacert S.A. Guatemala,Aval y certificación de calidad agrícola o artesanal extendida para la organización Cooperativa Integral de Producción Agrícola de Concepción Chiquirichapa R.L..
Certificación Orgánica y de Origen - Reg COOP-GT0911-B,ANACAFE,Aval y certificación de calidad agrícola o artesanal extendida para la organización Cooperativa Integral de Ahorro y Crédito de Concepción Chiquirichapa R.L..
Certificación Orgánica y de Origen - Reg ASO-GT0911-C,Rainforest Alliance Central America,Aval y certificación de calidad agrícola o artesanal extendida para la organización Asociación de Productores y Comercializadores de Concepción Chiquirichapa.
Certificación Orgánica y de Origen - Reg COOP-GT0912-A,Símbolo de Pequeños Productores (SPP),Aval y certificación de calidad agrícola o artesanal extendida para la organización Cooperativa Integral de Producción Agrícola de San Martín Sacatepéquez R.L..
Certificación Orgánica y de Origen - Reg COOP-GT0912-B,Mayacert S.A. Guatemala,Aval y certificación de calidad agrícola o artesanal extendida para la organización Cooperativa Integral de Ahorro y Crédito de San Martín Sacatepéquez R.L..
Certificación Orgánica y de Origen - Reg ASO-GT0912-C,ANACAFE,Aval y certificación de calidad agrícola o artesanal extendida para la organización Asociación de Productores y Comercializadores de San Martín Sacatepéquez.
Certificación Orgánica y de Origen - Reg COOP-GT0913-A,Rainforest Alliance Central America,Aval y certificación de calidad agrícola o artesanal extendida para la organización Cooperativa Integral de Producción Agrícola de Almolonga R.L..
Certificación Orgánica y de Origen - Reg COOP-GT0913-B,Símbolo de Pequeños Productores (SPP),Aval y certificación de calidad agrícola o artesanal extendida para la organización Cooperativa Integral de Ahorro y Crédito de Almolonga R.L..
Certificación Orgánica y de Origen - Reg ASO-GT0913-C,Mayacert S.A. Guatemala,Aval y certificación de calidad agrícola o artesanal extendida para la organización Asociación de Productores y Comercializadores de Almolonga.
Certificación Orgánica y de Origen - Reg COOP-GT0914-A,ANACAFE,Aval y certificación de calidad agrícola o artesanal extendida para la organización Cooperativa Integral de Producción Agrícola de Cantel R.L..
Certificación Orgánica y de Origen - Reg COOP-GT0914-B,Rainforest Alliance Central America,Aval y certificación de calidad agrícola o artesanal extendida para la organización Cooperativa Integral de Ahorro y Crédito de Cantel R.L..
Certificación Orgánica y de Origen - Reg ASO-GT0914-C,Símbolo de Pequeños Productores (SPP),Aval y certificación de calidad agrícola o artesanal extendida para la organización Asociación de Productores y Comercializadores de Cantel.
Certificación Orgánica y de Origen - Reg COOP-GT0915-A,Mayacert S.A. Guatemala,Aval y certificación de calidad agrícola o artesanal extendida para la organización Cooperativa Integral de Producción Agrícola de Huitán R.L..
Certificación Orgánica y de Origen - Reg COOP-GT0915-B,ANACAFE,Aval y certificación de calidad agrícola o artesanal extendida para la organización Cooperativa Integral de Ahorro y Crédito de Huitán R.L..
Certificación Orgánica y de Origen - Reg ASO-GT0915-C,Rainforest Alliance Central America,Aval y certificación de calidad agrícola o artesanal extendida para la organización Asociación de Productores y Comercializadores de Huitán.
Certificación Orgánica y de Origen - Reg COOP-GT0916-A,Símbolo de Pequeños Productores (SPP),Aval y certificación de calidad agrícola o artesanal extendida para la organización Cooperativa Integral de Producción Agrícola de Zunil R.L..
Certificación Orgánica y de Origen - Reg COOP-GT0916-B,Mayacert S.A. Guatemala,Aval y certificación de calidad agrícola o artesanal extendida para la organización Cooperativa Integral de Ahorro y Crédito de Zunil R.L..
Certificación Orgánica y de Origen - Reg ASO-GT0916-C,ANACAFE,Aval y certificación de calidad agrícola o artesanal extendida para la organización Asociación de Productores y Comercializadores de Zunil.
Certificación Orgánica y de Origen - Reg COOP-GT0917-A,Rainforest Alliance Central America,Aval y certificación de calidad agrícola o artesanal extendida para la organización Cooperativa Integral de Producción Agrícola de Colomba R.L..
Certificación Orgánica y de Origen - Reg COOP-GT0917-B,Símbolo de Pequeños Productores (SPP),Aval y certificación de calidad agrícola o artesanal extendida para la organización Cooperativa Integral de Ahorro y Crédito de Colomba R.L..
Certificación Orgánica y de Origen - Reg ASO-GT0917-C,Mayacert S.A. Guatemala,Aval y certificación de calidad agrícola o artesanal extendida para la organización Asociación de Productores y Comercializadores de Colomba.
Certificación Orgánica y de Origen - Reg COOP-GT0918-A,ANACAFE,Aval y certificación de calidad agrícola o artesanal extendida para la organización Cooperativa Integral de Producción Agrícola de San Francisco La Unión R.L..
Certificación Orgánica y de Origen - Reg COOP-GT0918-B,Rainforest Alliance Central America,Aval y certificación de calidad agrícola o artesanal extendida para la organización Cooperativa Integral de Ahorro y Crédito de San Francisco La Unión R.L..
Certificación Orgánica y de Origen - Reg ASO-GT0918-C,Símbolo de Pequeños Productores (SPP),Aval y certificación de calidad agrícola o artesanal extendida para la organización Asociación de Productores y Comercializadores de San Francisco La Unión.
Certificación Orgánica y de Origen - Reg COOP-GT0919-A,Mayacert S.A. Guatemala,Aval y certificación de calidad agrícola o artesanal extendida para la organización Cooperativa Integral de Producción Agrícola de El Palmar R.L..
Certificación Orgánica y de Origen - Reg COOP-GT0919-B,ANACAFE,Aval y certificación de calidad agrícola o artesanal extendida para la organización Cooperativa Integral de Ahorro y Crédito de El Palmar R.L..
Certificación Orgánica y de Origen - Reg ASO-GT0919-C,Rainforest Alliance Central America,Aval y certificación de calidad agrícola o artesanal extendida para la organización Asociación de Productores y Comercializadores de El Palmar.
Certificación Orgánica y de Origen - Reg COOP-GT0920-A,Símbolo de Pequeños Productores (SPP),Aval y certificación de calidad agrícola o artesanal extendida para la organización Cooperativa Integral de Producción Agrícola de Coatepeque R.L..
Certificación Orgánica y de Origen - Reg COOP-GT0920-B,Mayacert S.A. Guatemala,Aval y certificación de calidad agrícola o artesanal extendida para la organización Cooperativa Integral de Ahorro y Crédito de Coatepeque R.L..
Certificación Orgánica y de Origen - Reg ASO-GT0920-C,ANACAFE,Aval y certificación de calidad agrícola o artesanal extendida para la organización Asociación de Productores y Comercializadores de Coatepeque.
Certificación Orgánica y de Origen - Reg COOP-GT0921-A,Rainforest Alliance Central America,Aval y certificación de calidad agrícola o artesanal extendida para la organización Cooperativa Integral de Producción Agrícola de Génova R.L..
Certificación Orgánica y de Origen - Reg COOP-GT0921-B,Símbolo de Pequeños Productores (SPP),Aval y certificación de calidad agrícola o artesanal extendida para la organización Cooperativa Integral de Ahorro y Crédito de Génova R.L..
Certificación Orgánica y de Origen - Reg ASO-GT0921-C,Mayacert S.A. Guatemala,Aval y certificación de calidad agrícola o artesanal extendida para la organización Asociación de Productores y Comercializadores de Génova.
Certificación Orgánica y de Origen - Reg COOP-GT0922-A,ANACAFE,Aval y certificación de calidad agrícola o artesanal extendida para la organización Cooperativa Integral de Producción Agrícola de Flores Costa Cuca R.L..
Certificación Orgánica y de Origen - Reg COOP-GT0922-B,Rainforest Alliance Central America,Aval y certificación de calidad agrícola o artesanal extendida para la organización Cooperativa Integral de Ahorro y Crédito de Flores Costa Cuca R.L..
Certificación Orgánica y de Origen - Reg ASO-GT0922-C,Símbolo de Pequeños Productores (SPP),Aval y certificación de calidad agrícola o artesanal extendida para la organización Asociación de Productores y Comercializadores de Flores Costa Cuca.
Certificación Orgánica y de Origen - Reg COOP-GT0923-A,Mayacert S.A. Guatemala,Aval y certificación de calidad agrícola o artesanal extendida para la organización Cooperativa Integral de Producción Agrícola de La Esperanza R.L..
Certificación Orgánica y de Origen - Reg COOP-GT0923-B,ANACAFE,Aval y certificación de calidad agrícola o artesanal extendida para la organización Cooperativa Integral de Ahorro y Crédito de La Esperanza R.L..
Certificación Orgánica y de Origen - Reg ASO-GT0923-C,Rainforest Alliance Central America,Aval y certificación de calidad agrícola o artesanal extendida para la organización Asociación de Productores y Comercializadores de La Esperanza.
Certificación Orgánica y de Origen - Reg COOP-GT0924-A,Símbolo de Pequeños Productores (SPP),Aval y certificación de calidad agrícola o artesanal extendida para la organización Cooperativa Integral de Producción Agrícola de Palestina de Los Altos R.L..
Certificación Orgánica y de Origen - Reg COOP-GT0924-B,Mayacert S.A. Guatemala,Aval y certificación de calidad agrícola o artesanal extendida para la organización Cooperativa Integral de Ahorro y Crédito de Palestina de Los Altos R.L..
Certificación Orgánica y de Origen - Reg ASO-GT0924-C,ANACAFE,Aval y certificación de calidad agrícola o artesanal extendida para la organización Asociación de Productores y Comercializadores de Palestina de Los Altos.
Certificación Orgánica y de Origen - Reg COOP-GT1001-A,Rainforest Alliance Central America,Aval y certificación de calidad agrícola o artesanal extendida para la organización Cooperativa Integral de Producción Agrícola de Mazatenango R.L..
Certificación Orgánica y de Origen - Reg COOP-GT1001-B,Símbolo de Pequeños Productores (SPP),Aval y certificación de calidad agrícola o artesanal extendida para la organización Cooperativa Integral de Ahorro y Crédito de Mazatenango R.L..
Certificación Orgánica y de Origen - Reg ASO-GT1001-C,Mayacert S.A. Guatemala,Aval y certificación de calidad agrícola o artesanal extendida para la organización Asociación de Productores y Comercializadores de Mazatenango.
Certificación Orgánica y de Origen - Reg COOP-GT1002-A,ANACAFE,Aval y certificación de calidad agrícola o artesanal extendida para la organización Cooperativa Integral de Producción Agrícola de Cuyotenango R.L..
Certificación Orgánica y de Origen - Reg COOP-GT1002-B,Rainforest Alliance Central America,Aval y certificación de calidad agrícola o artesanal extendida para la organización Cooperativa Integral de Ahorro y Crédito de Cuyotenango R.L..
Certificación Orgánica y de Origen - Reg ASO-GT1002-C,Símbolo de Pequeños Productores (SPP),Aval y certificación de calidad agrícola o artesanal extendida para la organización Asociación de Productores y Comercializadores de Cuyotenango.
Certificación Orgánica y de Origen - Reg COOP-GT1003-A,Mayacert S.A. Guatemala,Aval y certificación de calidad agrícola o artesanal extendida para la organización Cooperativa Integral de Producción Agrícola de San Francisco Zapotitlán R.L..
Certificación Orgánica y de Origen - Reg COOP-GT1003-B,ANACAFE,Aval y certificación de calidad agrícola o artesanal extendida para la organización Cooperativa Integral de Ahorro y Crédito de San Francisco Zapotitlán R.L..
Certificación Orgánica y de Origen - Reg ASO-GT1003-C,Rainforest Alliance Central America,Aval y certificación de calidad agrícola o artesanal extendida para la organización Asociación de Productores y Comercializadores de San Francisco Zapotitlán.
Certificación Orgánica y de Origen - Reg COOP-GT1004-A,Símbolo de Pequeños Productores (SPP),Aval y certificación de calidad agrícola o artesanal extendida para la organización Cooperativa Integral de Producción Agrícola de San Bernardino R.L..
Certificación Orgánica y de Origen - Reg COOP-GT1004-B,Mayacert S.A. Guatemala,Aval y certificación de calidad agrícola o artesanal extendida para la organización Cooperativa Integral de Ahorro y Crédito de San Bernardino R.L..
Certificación Orgánica y de Origen - Reg ASO-GT1004-C,ANACAFE,Aval y certificación de calidad agrícola o artesanal extendida para la organización Asociación de Productores y Comercializadores de San Bernardino.
Certificación Orgánica y de Origen - Reg COOP-GT1005-A,Rainforest Alliance Central America,Aval y certificación de calidad agrícola o artesanal extendida para la organización Cooperativa Integral de Producción Agrícola de San José El Ídolo R.L..
Certificación Orgánica y de Origen - Reg COOP-GT1005-B,Símbolo de Pequeños Productores (SPP),Aval y certificación de calidad agrícola o artesanal extendida para la organización Cooperativa Integral de Ahorro y Crédito de San José El Ídolo R.L..
Certificación Orgánica y de Origen - Reg ASO-GT1005-C,Mayacert S.A. Guatemala,Aval y certificación de calidad agrícola o artesanal extendida para la organización Asociación de Productores y Comercializadores de San José El Ídolo.
Certificación Orgánica y de Origen - Reg COOP-GT1006-A,ANACAFE,Aval y certificación de calidad agrícola o artesanal extendida para la organización Cooperativa Integral de Producción Agrícola de Santo Domingo Suchitepéquez R.L..
Certificación Orgánica y de Origen - Reg COOP-GT1006-B,Rainforest Alliance Central America,Aval y certificación de calidad agrícola o artesanal extendida para la organización Cooperativa Integral de Ahorro y Crédito de Santo Domingo Suchitepéquez R.L..
Certificación Orgánica y de Origen - Reg ASO-GT1006-C,Símbolo de Pequeños Productores (SPP),Aval y certificación de calidad agrícola o artesanal extendida para la organización Asociación de Productores y Comercializadores de Santo Domingo Suchitepéquez.
Certificación Orgánica y de Origen - Reg COOP-GT1007-A,Mayacert S.A. Guatemala,Aval y certificación de calidad agrícola o artesanal extendida para la organización Cooperativa Integral de Producción Agrícola de San Lorenzo R.L..
Certificación Orgánica y de Origen - Reg COOP-GT1007-B,ANACAFE,Aval y certificación de calidad agrícola o artesanal extendida para la organización Cooperativa Integral de Ahorro y Crédito de San Lorenzo R.L..
Certificación Orgánica y de Origen - Reg ASO-GT1007-C,Rainforest Alliance Central America,Aval y certificación de calidad agrícola o artesanal extendida para la organización Asociación de Productores y Comercializadores de San Lorenzo.
Certificación Orgánica y de Origen - Reg COOP-GT1008-A,Símbolo de Pequeños Productores (SPP),Aval y certificación de calidad agrícola o artesanal extendida para la organización Cooperativa Integral de Producción Agrícola de Samayac R.L..
Certificación Orgánica y de Origen - Reg COOP-GT1008-B,Mayacert S.A. Guatemala,Aval y certificación de calidad agrícola o artesanal extendida para la organización Cooperativa Integral de Ahorro y Crédito de Samayac R.L..
Certificación Orgánica y de Origen - Reg ASO-GT1008-C,ANACAFE,Aval y certificación de calidad agrícola o artesanal extendida para la organización Asociación de Productores y Comercializadores de Samayac.
Certificación Orgánica y de Origen - Reg COOP-GT1009-A,Rainforest Alliance Central America,Aval y certificación de calidad agrícola o artesanal extendida para la organización Cooperativa Integral de Producción Agrícola de San Pablo Jocopilas R.L..
Certificación Orgánica y de Origen - Reg COOP-GT1009-B,Símbolo de Pequeños Productores (SPP),Aval y certificación de calidad agrícola o artesanal extendida para la organización Cooperativa Integral de Ahorro y Crédito de San Pablo Jocopilas R.L..
Certificación Orgánica y de Origen - Reg ASO-GT1009-C,Mayacert S.A. Guatemala,Aval y certificación de calidad agrícola o artesanal extendida para la organización Asociación de Productores y Comercializadores de San Pablo Jocopilas.
Certificación Orgánica y de Origen - Reg COOP-GT1010-A,ANACAFE,Aval y certificación de calidad agrícola o artesanal extendida para la organización Cooperativa Integral de Producción Agrícola de San Antonio Suchitepéquez R.L..
Certificación Orgánica y de Origen - Reg COOP-GT1010-B,Rainforest Alliance Central America,Aval y certificación de calidad agrícola o artesanal extendida para la organización Cooperativa Integral de Ahorro y Crédito de San Antonio Suchitepéquez R.L..
Certificación Orgánica y de Origen - Reg ASO-GT1010-C,Símbolo de Pequeños Productores (SPP),Aval y certificación de calidad agrícola o artesanal extendida para la organización Asociación de Productores y Comercializadores de San Antonio Suchitepéquez.
Certificación Orgánica y de Origen - Reg COOP-GT1011-A,Mayacert S.A. Guatemala,Aval y certificación de calidad agrícola o artesanal extendida para la organización Cooperativa Integral de Producción Agrícola de San Miguel Panán R.L..
Certificación Orgánica y de Origen - Reg COOP-GT1011-B,ANACAFE,Aval y certificación de calidad agrícola o artesanal extendida para la organización Cooperativa Integral de Ahorro y Crédito de San Miguel Panán R.L..
Certificación Orgánica y de Origen - Reg ASO-GT1011-C,Rainforest Alliance Central America,Aval y certificación de calidad agrícola o artesanal extendida para la organización Asociación de Productores y Comercializadores de San Miguel Panán.
Certificación Orgánica y de Origen - Reg COOP-GT1012-A,Símbolo de Pequeños Productores (SPP),Aval y certificación de calidad agrícola o artesanal extendida para la organización Cooperativa Integral de Producción Agrícola de San Gabriel R.L..
Certificación Orgánica y de Origen - Reg COOP-GT1012-B,Mayacert S.A. Guatemala,Aval y certificación de calidad agrícola o artesanal extendida para la organización Cooperativa Integral de Ahorro y Crédito de San Gabriel R.L..
Certificación Orgánica y de Origen - Reg ASO-GT1012-C,ANACAFE,Aval y certificación de calidad agrícola o artesanal extendida para la organización Asociación de Productores y Comercializadores de San Gabriel.
Certificación Orgánica y de Origen - Reg COOP-GT1013-A,Rainforest Alliance Central America,Aval y certificación de calidad agrícola o artesanal extendida para la organización Cooperativa Integral de Producción Agrícola de Chicacao R.L..
Certificación Orgánica y de Origen - Reg COOP-GT1013-B,Símbolo de Pequeños Productores (SPP),Aval y certificación de calidad agrícola o artesanal extendida para la organización Cooperativa Integral de Ahorro y Crédito de Chicacao R.L..
Certificación Orgánica y de Origen - Reg ASO-GT1013-C,Mayacert S.A. Guatemala,Aval y certificación de calidad agrícola o artesanal extendida para la organización Asociación de Productores y Comercializadores de Chicacao.
Certificación Orgánica y de Origen - Reg COOP-GT1014-A,ANACAFE,Aval y certificación de calidad agrícola o artesanal extendida para la organización Cooperativa Integral de Producción Agrícola de Patulul R.L..
Certificación Orgánica y de Origen - Reg COOP-GT1014-B,Rainforest Alliance Central America,Aval y certificación de calidad agrícola o artesanal extendida para la organización Cooperativa Integral de Ahorro y Crédito de Patulul R.L..
Certificación Orgánica y de Origen - Reg ASO-GT1014-C,Símbolo de Pequeños Productores (SPP),Aval y certificación de calidad agrícola o artesanal extendida para la organización Asociación de Productores y Comercializadores de Patulul.
Certificación Orgánica y de Origen - Reg COOP-GT1015-A,Mayacert S.A. Guatemala,Aval y certificación de calidad agrícola o artesanal extendida para la organización Cooperativa Integral de Producción Agrícola de Santa Bárbara R.L..
Certificación Orgánica y de Origen - Reg COOP-GT1015-B,ANACAFE,Aval y certificación de calidad agrícola o artesanal extendida para la organización Cooperativa Integral de Ahorro y Crédito de Santa Bárbara R.L..
Certificación Orgánica y de Origen - Reg ASO-GT1015-C,Rainforest Alliance Central America,Aval y certificación de calidad agrícola o artesanal extendida para la organización Asociación de Productores y Comercializadores de Santa Bárbara.
Certificación Orgánica y de Origen - Reg COOP-GT1016-A,Símbolo de Pequeños Productores (SPP),Aval y certificación de calidad agrícola o artesanal extendida para la organización Cooperativa Integral de Producción Agrícola de San Juan Bautista R.L..
Certificación Orgánica y de Origen - Reg COOP-GT1016-B,Mayacert S.A. Guatemala,Aval y certificación de calidad agrícola o artesanal extendida para la organización Cooperativa Integral de Ahorro y Crédito de San Juan Bautista R.L..
Certificación Orgánica y de Origen - Reg ASO-GT1016-C,ANACAFE,Aval y certificación de calidad agrícola o artesanal extendida para la organización Asociación de Productores y Comercializadores de San Juan Bautista.
Certificación Orgánica y de Origen - Reg COOP-GT1017-A,Rainforest Alliance Central America,Aval y certificación de calidad agrícola o artesanal extendida para la organización Cooperativa Integral de Producción Agrícola de Santo Tomás La Unión R.L..
Certificación Orgánica y de Origen - Reg COOP-GT1017-B,Símbolo de Pequeños Productores (SPP),Aval y certificación de calidad agrícola o artesanal extendida para la organización Cooperativa Integral de Ahorro y Crédito de Santo Tomás La Unión R.L..
Certificación Orgánica y de Origen - Reg ASO-GT1017-C,Mayacert S.A. Guatemala,Aval y certificación de calidad agrícola o artesanal extendida para la organización Asociación de Productores y Comercializadores de Santo Tomás La Unión.
Certificación Orgánica y de Origen - Reg COOP-GT1018-A,ANACAFE,Aval y certificación de calidad agrícola o artesanal extendida para la organización Cooperativa Integral de Producción Agrícola de Zunilito R.L..
Certificación Orgánica y de Origen - Reg COOP-GT1018-B,Rainforest Alliance Central America,Aval y certificación de calidad agrícola o artesanal extendida para la organización Cooperativa Integral de Ahorro y Crédito de Zunilito R.L..
Certificación Orgánica y de Origen - Reg ASO-GT1018-C,Símbolo de Pequeños Productores (SPP),Aval y certificación de calidad agrícola o artesanal extendida para la organización Asociación de Productores y Comercializadores de Zunilito.
Certificación Orgánica y de Origen - Reg COOP-GT1019-A,Mayacert S.A. Guatemala,Aval y certificación de calidad agrícola o artesanal extendida para la organización Cooperativa Integral de Producción Agrícola de Pueblo Nuevo R.L..
Certificación Orgánica y de Origen - Reg COOP-GT1019-B,ANACAFE,Aval y certificación de calidad agrícola o artesanal extendida para la organización Cooperativa Integral de Ahorro y Crédito de Pueblo Nuevo R.L..
Certificación Orgánica y de Origen - Reg ASO-GT1019-C,Rainforest Alliance Central America,Aval y certificación de calidad agrícola o artesanal extendida para la organización Asociación de Productores y Comercializadores de Pueblo Nuevo.
Certificación Orgánica y de Origen - Reg COOP-GT1020-A,Símbolo de Pequeños Productores (SPP),Aval y certificación de calidad agrícola o artesanal extendida para la organización Cooperativa Integral de Producción Agrícola de Río Bravo R.L..
Certificación Orgánica y de Origen - Reg COOP-GT1020-B,Mayacert S.A. Guatemala,Aval y certificación de calidad agrícola o artesanal extendida para la organización Cooperativa Integral de Ahorro y Crédito de Río Bravo R.L..
Certificación Orgánica y de Origen - Reg ASO-GT1020-C,ANACAFE,Aval y certificación de calidad agrícola o artesanal extendida para la organización Asociación de Productores y Comercializadores de Río Bravo.
Certificación Orgánica y de Origen - Reg COOP-GT1021-A,Rainforest Alliance Central America,Aval y certificación de calidad agrícola o artesanal extendida para la organización Cooperativa Integral de Producción Agrícola de San José La Máquina R.L..
Certificación Orgánica y de Origen - Reg COOP-GT1021-B,Símbolo de Pequeños Productores (SPP),Aval y certificación de calidad agrícola o artesanal extendida para la organización Cooperativa Integral de Ahorro y Crédito de San José La Máquina R.L..
Certificación Orgánica y de Origen - Reg ASO-GT1021-C,Mayacert S.A. Guatemala,Aval y certificación de calidad agrícola o artesanal extendida para la organización Asociación de Productores y Comercializadores de San José La Máquina.
Certificación Orgánica y de Origen - Reg COOP-GT1101-A,ANACAFE,Aval y certificación de calidad agrícola o artesanal extendida para la organización Cooperativa Integral de Producción Agrícola de Retalhuleu R.L..
Certificación Orgánica y de Origen - Reg COOP-GT1101-B,Rainforest Alliance Central America,Aval y certificación de calidad agrícola o artesanal extendida para la organización Cooperativa Integral de Ahorro y Crédito de Retalhuleu R.L..
Certificación Orgánica y de Origen - Reg ASO-GT1101-C,Símbolo de Pequeños Productores (SPP),Aval y certificación de calidad agrícola o artesanal extendida para la organización Asociación de Productores y Comercializadores de Retalhuleu.
Certificación Orgánica y de Origen - Reg COOP-GT1102-A,Mayacert S.A. Guatemala,Aval y certificación de calidad agrícola o artesanal extendida para la organización Cooperativa Integral de Producción Agrícola de San Sebastián R.L..
Certificación Orgánica y de Origen - Reg COOP-GT1102-B,ANACAFE,Aval y certificación de calidad agrícola o artesanal extendida para la organización Cooperativa Integral de Ahorro y Crédito de San Sebastián R.L..
Certificación Orgánica y de Origen - Reg ASO-GT1102-C,Rainforest Alliance Central America,Aval y certificación de calidad agrícola o artesanal extendida para la organización Asociación de Productores y Comercializadores de San Sebastián.
Certificación Orgánica y de Origen - Reg COOP-GT1103-A,Símbolo de Pequeños Productores (SPP),Aval y certificación de calidad agrícola o artesanal extendida para la organización Cooperativa Integral de Producción Agrícola de Santa Cruz Muluá R.L..
Certificación Orgánica y de Origen - Reg COOP-GT1103-B,Mayacert S.A. Guatemala,Aval y certificación de calidad agrícola o artesanal extendida para la organización Cooperativa Integral de Ahorro y Crédito de Santa Cruz Muluá R.L..
Certificación Orgánica y de Origen - Reg ASO-GT1103-C,ANACAFE,Aval y certificación de calidad agrícola o artesanal extendida para la organización Asociación de Productores y Comercializadores de Santa Cruz Muluá.
Certificación Orgánica y de Origen - Reg COOP-GT1104-A,Rainforest Alliance Central America,Aval y certificación de calidad agrícola o artesanal extendida para la organización Cooperativa Integral de Producción Agrícola de San Martín Zapotitlán R.L..
Certificación Orgánica y de Origen - Reg COOP-GT1104-B,Símbolo de Pequeños Productores (SPP),Aval y certificación de calidad agrícola o artesanal extendida para la organización Cooperativa Integral de Ahorro y Crédito de San Martín Zapotitlán R.L..
Certificación Orgánica y de Origen - Reg ASO-GT1104-C,Mayacert S.A. Guatemala,Aval y certificación de calidad agrícola o artesanal extendida para la organización Asociación de Productores y Comercializadores de San Martín Zapotitlán.
Certificación Orgánica y de Origen - Reg COOP-GT1105-A,ANACAFE,Aval y certificación de calidad agrícola o artesanal extendida para la organización Cooperativa Integral de Producción Agrícola de San Felipe R.L..
Certificación Orgánica y de Origen - Reg COOP-GT1105-B,Rainforest Alliance Central America,Aval y certificación de calidad agrícola o artesanal extendida para la organización Cooperativa Integral de Ahorro y Crédito de San Felipe R.L..
Certificación Orgánica y de Origen - Reg ASO-GT1105-C,Símbolo de Pequeños Productores (SPP),Aval y certificación de calidad agrícola o artesanal extendida para la organización Asociación de Productores y Comercializadores de San Felipe.
Certificación Orgánica y de Origen - Reg COOP-GT1106-A,Mayacert S.A. Guatemala,Aval y certificación de calidad agrícola o artesanal extendida para la organización Cooperativa Integral de Producción Agrícola de San Andrés Villa Seca R.L..
Certificación Orgánica y de Origen - Reg COOP-GT1106-B,ANACAFE,Aval y certificación de calidad agrícola o artesanal extendida para la organización Cooperativa Integral de Ahorro y Crédito de San Andrés Villa Seca R.L..
Certificación Orgánica y de Origen - Reg ASO-GT1106-C,Rainforest Alliance Central America,Aval y certificación de calidad agrícola o artesanal extendida para la organización Asociación de Productores y Comercializadores de San Andrés Villa Seca.
Certificación Orgánica y de Origen - Reg COOP-GT1107-A,Símbolo de Pequeños Productores (SPP),Aval y certificación de calidad agrícola o artesanal extendida para la organización Cooperativa Integral de Producción Agrícola de Champerico R.L..
Certificación Orgánica y de Origen - Reg COOP-GT1107-B,Mayacert S.A. Guatemala,Aval y certificación de calidad agrícola o artesanal extendida para la organización Cooperativa Integral de Ahorro y Crédito de Champerico R.L..
Certificación Orgánica y de Origen - Reg ASO-GT1107-C,ANACAFE,Aval y certificación de calidad agrícola o artesanal extendida para la organización Asociación de Productores y Comercializadores de Champerico.
Certificación Orgánica y de Origen - Reg COOP-GT1108-A,Rainforest Alliance Central America,Aval y certificación de calidad agrícola o artesanal extendida para la organización Cooperativa Integral de Producción Agrícola de Nuevo San Carlos R.L..
Certificación Orgánica y de Origen - Reg COOP-GT1108-B,Símbolo de Pequeños Productores (SPP),Aval y certificación de calidad agrícola o artesanal extendida para la organización Cooperativa Integral de Ahorro y Crédito de Nuevo San Carlos R.L..
Certificación Orgánica y de Origen - Reg ASO-GT1108-C,Mayacert S.A. Guatemala,Aval y certificación de calidad agrícola o artesanal extendida para la organización Asociación de Productores y Comercializadores de Nuevo San Carlos.
Certificación Orgánica y de Origen - Reg COOP-GT1109-A,ANACAFE,Aval y certificación de calidad agrícola o artesanal extendida para la organización Cooperativa Integral de Producción Agrícola de El Asintal R.L..
Certificación Orgánica y de Origen - Reg COOP-GT1109-B,Rainforest Alliance Central America,Aval y certificación de calidad agrícola o artesanal extendida para la organización Cooperativa Integral de Ahorro y Crédito de El Asintal R.L..
Certificación Orgánica y de Origen - Reg ASO-GT1109-C,Símbolo de Pequeños Productores (SPP),Aval y certificación de calidad agrícola o artesanal extendida para la organización Asociación de Productores y Comercializadores de El Asintal.
Certificación Orgánica y de Origen - Reg COOP-GT1201-A,Mayacert S.A. Guatemala,Aval y certificación de calidad agrícola o artesanal extendida para la organización Cooperativa Integral de Producción Agrícola de San Marcos R.L..
Certificación Orgánica y de Origen - Reg COOP-GT1201-B,ANACAFE,Aval y certificación de calidad agrícola o artesanal extendida para la organización Cooperativa Integral de Ahorro y Crédito de San Marcos R.L..
Certificación Orgánica y de Origen - Reg ASO-GT1201-C,Rainforest Alliance Central America,Aval y certificación de calidad agrícola o artesanal extendida para la organización Asociación de Productores y Comercializadores de San Marcos.
Certificación Orgánica y de Origen - Reg COOP-GT1202-A,Símbolo de Pequeños Productores (SPP),Aval y certificación de calidad agrícola o artesanal extendida para la organización Cooperativa Integral de Producción Agrícola de San Pedro Sacatepéquez R.L..
Certificación Orgánica y de Origen - Reg COOP-GT1202-B,Mayacert S.A. Guatemala,Aval y certificación de calidad agrícola o artesanal extendida para la organización Cooperativa Integral de Ahorro y Crédito de San Pedro Sacatepéquez R.L..
Certificación Orgánica y de Origen - Reg ASO-GT1202-C,ANACAFE,Aval y certificación de calidad agrícola o artesanal extendida para la organización Asociación de Productores y Comercializadores de San Pedro Sacatepéquez.
Certificación Orgánica y de Origen - Reg COOP-GT1203-A,Rainforest Alliance Central America,Aval y certificación de calidad agrícola o artesanal extendida para la organización Cooperativa Integral de Producción Agrícola de San Antonio Sacatepéquez R.L..
Certificación Orgánica y de Origen - Reg COOP-GT1203-B,Símbolo de Pequeños Productores (SPP),Aval y certificación de calidad agrícola o artesanal extendida para la organización Cooperativa Integral de Ahorro y Crédito de San Antonio Sacatepéquez R.L..
Certificación Orgánica y de Origen - Reg ASO-GT1203-C,Mayacert S.A. Guatemala,Aval y certificación de calidad agrícola o artesanal extendida para la organización Asociación de Productores y Comercializadores de San Antonio Sacatepéquez.
Certificación Orgánica y de Origen - Reg COOP-GT1204-A,ANACAFE,Aval y certificación de calidad agrícola o artesanal extendida para la organización Cooperativa Integral de Producción Agrícola de Comitancillo R.L..
Certificación Orgánica y de Origen - Reg COOP-GT1204-B,Rainforest Alliance Central America,Aval y certificación de calidad agrícola o artesanal extendida para la organización Cooperativa Integral de Ahorro y Crédito de Comitancillo R.L..
Certificación Orgánica y de Origen - Reg ASO-GT1204-C,Símbolo de Pequeños Productores (SPP),Aval y certificación de calidad agrícola o artesanal extendida para la organización Asociación de Productores y Comercializadores de Comitancillo.
Certificación Orgánica y de Origen - Reg COOP-GT1205-A,Mayacert S.A. Guatemala,Aval y certificación de calidad agrícola o artesanal extendida para la organización Cooperativa Integral de Producción Agrícola de San Miguel Ixtahuacán R.L..
Certificación Orgánica y de Origen - Reg COOP-GT1205-B,ANACAFE,Aval y certificación de calidad agrícola o artesanal extendida para la organización Cooperativa Integral de Ahorro y Crédito de San Miguel Ixtahuacán R.L..
Certificación Orgánica y de Origen - Reg ASO-GT1205-C,Rainforest Alliance Central America,Aval y certificación de calidad agrícola o artesanal extendida para la organización Asociación de Productores y Comercializadores de San Miguel Ixtahuacán.
Certificación Orgánica y de Origen - Reg COOP-GT1206-A,Símbolo de Pequeños Productores (SPP),Aval y certificación de calidad agrícola o artesanal extendida para la organización Cooperativa Integral de Producción Agrícola de Concepción Tutuapa R.L..
Certificación Orgánica y de Origen - Reg COOP-GT1206-B,Mayacert S.A. Guatemala,Aval y certificación de calidad agrícola o artesanal extendida para la organización Cooperativa Integral de Ahorro y Crédito de Concepción Tutuapa R.L..
Certificación Orgánica y de Origen - Reg ASO-GT1206-C,ANACAFE,Aval y certificación de calidad agrícola o artesanal extendida para la organización Asociación de Productores y Comercializadores de Concepción Tutuapa.
Certificación Orgánica y de Origen - Reg COOP-GT1207-A,Rainforest Alliance Central America,Aval y certificación de calidad agrícola o artesanal extendida para la organización Cooperativa Integral de Producción Agrícola de Tacaná R.L..
Certificación Orgánica y de Origen - Reg COOP-GT1207-B,Símbolo de Pequeños Productores (SPP),Aval y certificación de calidad agrícola o artesanal extendida para la organización Cooperativa Integral de Ahorro y Crédito de Tacaná R.L..
Certificación Orgánica y de Origen - Reg ASO-GT1207-C,Mayacert S.A. Guatemala,Aval y certificación de calidad agrícola o artesanal extendida para la organización Asociación de Productores y Comercializadores de Tacaná.
Certificación Orgánica y de Origen - Reg COOP-GT1208-A,ANACAFE,Aval y certificación de calidad agrícola o artesanal extendida para la organización Cooperativa Integral de Producción Agrícola de Sibinal R.L..
Certificación Orgánica y de Origen - Reg COOP-GT1208-B,Rainforest Alliance Central America,Aval y certificación de calidad agrícola o artesanal extendida para la organización Cooperativa Integral de Ahorro y Crédito de Sibinal R.L..
Certificación Orgánica y de Origen - Reg ASO-GT1208-C,Símbolo de Pequeños Productores (SPP),Aval y certificación de calidad agrícola o artesanal extendida para la organización Asociación de Productores y Comercializadores de Sibinal.
Certificación Orgánica y de Origen - Reg COOP-GT1209-A,Mayacert S.A. Guatemala,Aval y certificación de calidad agrícola o artesanal extendida para la organización Cooperativa Integral de Producción Agrícola de Tajumulco R.L..
Certificación Orgánica y de Origen - Reg COOP-GT1209-B,ANACAFE,Aval y certificación de calidad agrícola o artesanal extendida para la organización Cooperativa Integral de Ahorro y Crédito de Tajumulco R.L..
Certificación Orgánica y de Origen - Reg ASO-GT1209-C,Rainforest Alliance Central America,Aval y certificación de calidad agrícola o artesanal extendida para la organización Asociación de Productores y Comercializadores de Tajumulco.
Certificación Orgánica y de Origen - Reg COOP-GT1210-A,Símbolo de Pequeños Productores (SPP),Aval y certificación de calidad agrícola o artesanal extendida para la organización Cooperativa Integral de Producción Agrícola de Tejutla R.L..
Certificación Orgánica y de Origen - Reg COOP-GT1210-B,Mayacert S.A. Guatemala,Aval y certificación de calidad agrícola o artesanal extendida para la organización Cooperativa Integral de Ahorro y Crédito de Tejutla R.L..
Certificación Orgánica y de Origen - Reg ASO-GT1210-C,ANACAFE,Aval y certificación de calidad agrícola o artesanal extendida para la organización Asociación de Productores y Comercializadores de Tejutla.
Certificación Orgánica y de Origen - Reg COOP-GT1211-A,Rainforest Alliance Central America,Aval y certificación de calidad agrícola o artesanal extendida para la organización Cooperativa Integral de Producción Agrícola de San Rafael Pie de la Cuesta R.L..
Certificación Orgánica y de Origen - Reg COOP-GT1211-B,Símbolo de Pequeños Productores (SPP),Aval y certificación de calidad agrícola o artesanal extendida para la organización Cooperativa Integral de Ahorro y Crédito de San Rafael Pie de la Cuesta R.L..
Certificación Orgánica y de Origen - Reg ASO-GT1211-C,Mayacert S.A. Guatemala,Aval y certificación de calidad agrícola o artesanal extendida para la organización Asociación de Productores y Comercializadores de San Rafael Pie de la Cuesta.
Certificación Orgánica y de Origen - Reg COOP-GT1212-A,ANACAFE,Aval y certificación de calidad agrícola o artesanal extendida para la organización Cooperativa Integral de Producción Agrícola de Nuevo Progreso R.L..
Certificación Orgánica y de Origen - Reg COOP-GT1212-B,Rainforest Alliance Central America,Aval y certificación de calidad agrícola o artesanal extendida para la organización Cooperativa Integral de Ahorro y Crédito de Nuevo Progreso R.L..
Certificación Orgánica y de Origen - Reg ASO-GT1212-C,Símbolo de Pequeños Productores (SPP),Aval y certificación de calidad agrícola o artesanal extendida para la organización Asociación de Productores y Comercializadores de Nuevo Progreso.
Certificación Orgánica y de Origen - Reg COOP-GT1213-A,Mayacert S.A. Guatemala,Aval y certificación de calidad agrícola o artesanal extendida para la organización Cooperativa Integral de Producción Agrícola de El Tumbador R.L..
Certificación Orgánica y de Origen - Reg COOP-GT1213-B,ANACAFE,Aval y certificación de calidad agrícola o artesanal extendida para la organización Cooperativa Integral de Ahorro y Crédito de El Tumbador R.L..
Certificación Orgánica y de Origen - Reg ASO-GT1213-C,Rainforest Alliance Central America,Aval y certificación de calidad agrícola o artesanal extendida para la organización Asociación de Productores y Comercializadores de El Tumbador.
Certificación Orgánica y de Origen - Reg COOP-GT1214-A,Símbolo de Pequeños Productores (SPP),Aval y certificación de calidad agrícola o artesanal extendida para la organización Cooperativa Integral de Producción Agrícola de El Rodeo R.L..
Certificación Orgánica y de Origen - Reg COOP-GT1214-B,Mayacert S.A. Guatemala,Aval y certificación de calidad agrícola o artesanal extendida para la organización Cooperativa Integral de Ahorro y Crédito de El Rodeo R.L..
Certificación Orgánica y de Origen - Reg ASO-GT1214-C,ANACAFE,Aval y certificación de calidad agrícola o artesanal extendida para la organización Asociación de Productores y Comercializadores de El Rodeo.
Certificación Orgánica y de Origen - Reg COOP-GT1215-A,Rainforest Alliance Central America,Aval y certificación de calidad agrícola o artesanal extendida para la organización Cooperativa Integral de Producción Agrícola de Malacatán R.L..
Certificación Orgánica y de Origen - Reg COOP-GT1215-B,Símbolo de Pequeños Productores (SPP),Aval y certificación de calidad agrícola o artesanal extendida para la organización Cooperativa Integral de Ahorro y Crédito de Malacatán R.L..
Certificación Orgánica y de Origen - Reg ASO-GT1215-C,Mayacert S.A. Guatemala,Aval y certificación de calidad agrícola o artesanal extendida para la organización Asociación de Productores y Comercializadores de Malacatán.
Certificación Orgánica y de Origen - Reg COOP-GT1216-A,ANACAFE,Aval y certificación de calidad agrícola o artesanal extendida para la organización Cooperativa Integral de Producción Agrícola de Catarina R.L..
Certificación Orgánica y de Origen - Reg COOP-GT1216-B,Rainforest Alliance Central America,Aval y certificación de calidad agrícola o artesanal extendida para la organización Cooperativa Integral de Ahorro y Crédito de Catarina R.L..
Certificación Orgánica y de Origen - Reg ASO-GT1216-C,Símbolo de Pequeños Productores (SPP),Aval y certificación de calidad agrícola o artesanal extendida para la organización Asociación de Productores y Comercializadores de Catarina.
Certificación Orgánica y de Origen - Reg COOP-GT1217-A,Mayacert S.A. Guatemala,Aval y certificación de calidad agrícola o artesanal extendida para la organización Cooperativa Integral de Producción Agrícola de Ayutla R.L..
Certificación Orgánica y de Origen - Reg COOP-GT1217-B,ANACAFE,Aval y certificación de calidad agrícola o artesanal extendida para la organización Cooperativa Integral de Ahorro y Crédito de Ayutla R.L..
Certificación Orgánica y de Origen - Reg ASO-GT1217-C,Rainforest Alliance Central America,Aval y certificación de calidad agrícola o artesanal extendida para la organización Asociación de Productores y Comercializadores de Ayutla.
Certificación Orgánica y de Origen - Reg COOP-GT1218-A,Símbolo de Pequeños Productores (SPP),Aval y certificación de calidad agrícola o artesanal extendida para la organización Cooperativa Integral de Producción Agrícola de Ocós R.L..
Certificación Orgánica y de Origen - Reg COOP-GT1218-B,Mayacert S.A. Guatemala,Aval y certificación de calidad agrícola o artesanal extendida para la organización Cooperativa Integral de Ahorro y Crédito de Ocós R.L..
Certificación Orgánica y de Origen - Reg ASO-GT1218-C,ANACAFE,Aval y certificación de calidad agrícola o artesanal extendida para la organización Asociación de Productores y Comercializadores de Ocós.
Certificación Orgánica y de Origen - Reg COOP-GT1219-A,Rainforest Alliance Central America,Aval y certificación de calidad agrícola o artesanal extendida para la organización Cooperativa Integral de Producción Agrícola de San Pablo R.L..
Certificación Orgánica y de Origen - Reg COOP-GT1219-B,Símbolo de Pequeños Productores (SPP),Aval y certificación de calidad agrícola o artesanal extendida para la organización Cooperativa Integral de Ahorro y Crédito de San Pablo R.L..
Certificación Orgánica y de Origen - Reg ASO-GT1219-C,Mayacert S.A. Guatemala,Aval y certificación de calidad agrícola o artesanal extendida para la organización Asociación de Productores y Comercializadores de San Pablo.
Certificación Orgánica y de Origen - Reg COOP-GT1220-A,ANACAFE,Aval y certificación de calidad agrícola o artesanal extendida para la organización Cooperativa Integral de Producción Agrícola de El Quetzal R.L..
Certificación Orgánica y de Origen - Reg COOP-GT1220-B,Rainforest Alliance Central America,Aval y certificación de calidad agrícola o artesanal extendida para la organización Cooperativa Integral de Ahorro y Crédito de El Quetzal R.L..
Certificación Orgánica y de Origen - Reg ASO-GT1220-C,Símbolo de Pequeños Productores (SPP),Aval y certificación de calidad agrícola o artesanal extendida para la organización Asociación de Productores y Comercializadores de El Quetzal.
Certificación Orgánica y de Origen - Reg COOP-GT1221-A,Mayacert S.A. Guatemala,Aval y certificación de calidad agrícola o artesanal extendida para la organización Cooperativa Integral de Producción Agrícola de La Reforma R.L..
Certificación Orgánica y de Origen - Reg COOP-GT1221-B,ANACAFE,Aval y certificación de calidad agrícola o artesanal extendida para la organización Cooperativa Integral de Ahorro y Crédito de La Reforma R.L..
Certificación Orgánica y de Origen - Reg ASO-GT1221-C,Rainforest Alliance Central America,Aval y certificación de calidad agrícola o artesanal extendida para la organización Asociación de Productores y Comercializadores de La Reforma.
Certificación Orgánica y de Origen - Reg COOP-GT1222-A,Símbolo de Pequeños Productores (SPP),Aval y certificación de calidad agrícola o artesanal extendida para la organización Cooperativa Integral de Producción Agrícola de Pajapita R.L..
Certificación Orgánica y de Origen - Reg COOP-GT1222-B,Mayacert S.A. Guatemala,Aval y certificación de calidad agrícola o artesanal extendida para la organización Cooperativa Integral de Ahorro y Crédito de Pajapita R.L..
Certificación Orgánica y de Origen - Reg ASO-GT1222-C,ANACAFE,Aval y certificación de calidad agrícola o artesanal extendida para la organización Asociación de Productores y Comercializadores de Pajapita.
Certificación Orgánica y de Origen - Reg COOP-GT1223-A,Rainforest Alliance Central America,Aval y certificación de calidad agrícola o artesanal extendida para la organización Cooperativa Integral de Producción Agrícola de Ixchiguán R.L..
Certificación Orgánica y de Origen - Reg COOP-GT1223-B,Símbolo de Pequeños Productores (SPP),Aval y certificación de calidad agrícola o artesanal extendida para la organización Cooperativa Integral de Ahorro y Crédito de Ixchiguán R.L..
Certificación Orgánica y de Origen - Reg ASO-GT1223-C,Mayacert S.A. Guatemala,Aval y certificación de calidad agrícola o artesanal extendida para la organización Asociación de Productores y Comercializadores de Ixchiguán.
Certificación Orgánica y de Origen - Reg COOP-GT1224-A,ANACAFE,Aval y certificación de calidad agrícola o artesanal extendida para la organización Cooperativa Integral de Producción Agrícola de San José Ojetenam R.L..
Certificación Orgánica y de Origen - Reg COOP-GT1224-B,Rainforest Alliance Central America,Aval y certificación de calidad agrícola o artesanal extendida para la organización Cooperativa Integral de Ahorro y Crédito de San José Ojetenam R.L..
Certificación Orgánica y de Origen - Reg ASO-GT1224-C,Símbolo de Pequeños Productores (SPP),Aval y certificación de calidad agrícola o artesanal extendida para la organización Asociación de Productores y Comercializadores de San José Ojetenam.
Certificación Orgánica y de Origen - Reg COOP-GT1225-A,Mayacert S.A. Guatemala,Aval y certificación de calidad agrícola o artesanal extendida para la organización Cooperativa Integral de Producción Agrícola de San Cristóbal Cucho R.L..
Certificación Orgánica y de Origen - Reg COOP-GT1225-B,ANACAFE,Aval y certificación de calidad agrícola o artesanal extendida para la organización Cooperativa Integral de Ahorro y Crédito de San Cristóbal Cucho R.L..
Certificación Orgánica y de Origen - Reg ASO-GT1225-C,Rainforest Alliance Central America,Aval y certificación de calidad agrícola o artesanal extendida para la organización Asociación de Productores y Comercializadores de San Cristóbal Cucho.
Certificación Orgánica y de Origen - Reg COOP-GT1226-A,Símbolo de Pequeños Productores (SPP),Aval y certificación de calidad agrícola o artesanal extendida para la organización Cooperativa Integral de Producción Agrícola de Sipacapa R.L..
Certificación Orgánica y de Origen - Reg COOP-GT1226-B,Mayacert S.A. Guatemala,Aval y certificación de calidad agrícola o artesanal extendida para la organización Cooperativa Integral de Ahorro y Crédito de Sipacapa R.L..
Certificación Orgánica y de Origen - Reg ASO-GT1226-C,ANACAFE,Aval y certificación de calidad agrícola o artesanal extendida para la organización Asociación de Productores y Comercializadores de Sipacapa.
Certificación Orgánica y de Origen - Reg COOP-GT1227-A,Rainforest Alliance Central America,Aval y certificación de calidad agrícola o artesanal extendida para la organización Cooperativa Integral de Producción Agrícola de Esquipulas Palo Gordo R.L..
Certificación Orgánica y de Origen - Reg COOP-GT1227-B,Símbolo de Pequeños Productores (SPP),Aval y certificación de calidad agrícola o artesanal extendida para la organización Cooperativa Integral de Ahorro y Crédito de Esquipulas Palo Gordo R.L..
Certificación Orgánica y de Origen - Reg ASO-GT1227-C,Mayacert S.A. Guatemala,Aval y certificación de calidad agrícola o artesanal extendida para la organización Asociación de Productores y Comercializadores de Esquipulas Palo Gordo.
Certificación Orgánica y de Origen - Reg COOP-GT1228-A,ANACAFE,Aval y certificación de calidad agrícola o artesanal extendida para la organización Cooperativa Integral de Producción Agrícola de Río Blanco R.L..
Certificación Orgánica y de Origen - Reg COOP-GT1228-B,Rainforest Alliance Central America,Aval y certificación de calidad agrícola o artesanal extendida para la organización Cooperativa Integral de Ahorro y Crédito de Río Blanco R.L..
Certificación Orgánica y de Origen - Reg ASO-GT1228-C,Símbolo de Pequeños Productores (SPP),Aval y certificación de calidad agrícola o artesanal extendida para la organización Asociación de Productores y Comercializadores de Río Blanco.
Certificación Orgánica y de Origen - Reg COOP-GT1229-A,Mayacert S.A. Guatemala,Aval y certificación de calidad agrícola o artesanal extendida para la organización Cooperativa Integral de Producción Agrícola de San Lorenzo R.L..
Certificación Orgánica y de Origen - Reg COOP-GT1229-B,ANACAFE,Aval y certificación de calidad agrícola o artesanal extendida para la organización Cooperativa Integral de Ahorro y Crédito de San Lorenzo R.L..
Certificación Orgánica y de Origen - Reg ASO-GT1229-C,Rainforest Alliance Central America,Aval y certificación de calidad agrícola o artesanal extendida para la organización Asociación de Productores y Comercializadores de San Lorenzo.
Certificación Orgánica y de Origen - Reg COOP-GT1230-A,Símbolo de Pequeños Productores (SPP),Aval y certificación de calidad agrícola o artesanal extendida para la organización Cooperativa Integral de Producción Agrícola de La Blanca R.L..
Certificación Orgánica y de Origen - Reg COOP-GT1230-B,Mayacert S.A. Guatemala,Aval y certificación de calidad agrícola o artesanal extendida para la organización Cooperativa Integral de Ahorro y Crédito de La Blanca R.L..
Certificación Orgánica y de Origen - Reg ASO-GT1230-C,ANACAFE,Aval y certificación de calidad agrícola o artesanal extendida para la organización Asociación de Productores y Comercializadores de La Blanca.
Certificación Orgánica y de Origen - Reg COOP-GT1301-A,Rainforest Alliance Central America,Aval y certificación de calidad agrícola o artesanal extendida para la organización Cooperativa Integral de Producción Agrícola de Huehuetenango R.L..
Certificación Orgánica y de Origen - Reg COOP-GT1301-B,Símbolo de Pequeños Productores (SPP),Aval y certificación de calidad agrícola o artesanal extendida para la organización Cooperativa Integral de Ahorro y Crédito de Huehuetenango R.L..
Certificación Orgánica y de Origen - Reg ASO-GT1301-C,Mayacert S.A. Guatemala,Aval y certificación de calidad agrícola o artesanal extendida para la organización Asociación de Productores y Comercializadores de Huehuetenango.
Certificación Orgánica y de Origen - Reg COOP-GT1302-A,ANACAFE,Aval y certificación de calidad agrícola o artesanal extendida para la organización Cooperativa Integral de Producción Agrícola de Chiantla R.L..
Certificación Orgánica y de Origen - Reg COOP-GT1302-B,Rainforest Alliance Central America,Aval y certificación de calidad agrícola o artesanal extendida para la organización Cooperativa Integral de Ahorro y Crédito de Chiantla R.L..
Certificación Orgánica y de Origen - Reg ASO-GT1302-C,Símbolo de Pequeños Productores (SPP),Aval y certificación de calidad agrícola o artesanal extendida para la organización Asociación de Productores y Comercializadores de Chiantla.
Certificación Orgánica y de Origen - Reg COOP-GT1303-A,Mayacert S.A. Guatemala,Aval y certificación de calidad agrícola o artesanal extendida para la organización Cooperativa Integral de Producción Agrícola de Malacatancito R.L..
Certificación Orgánica y de Origen - Reg COOP-GT1303-B,ANACAFE,Aval y certificación de calidad agrícola o artesanal extendida para la organización Cooperativa Integral de Ahorro y Crédito de Malacatancito R.L..
Certificación Orgánica y de Origen - Reg ASO-GT1303-C,Rainforest Alliance Central America,Aval y certificación de calidad agrícola o artesanal extendida para la organización Asociación de Productores y Comercializadores de Malacatancito.
Certificación Orgánica y de Origen - Reg COOP-GT1304-A,Símbolo de Pequeños Productores (SPP),Aval y certificación de calidad agrícola o artesanal extendida para la organización Cooperativa Integral de Producción Agrícola de Cuilco R.L..
Certificación Orgánica y de Origen - Reg COOP-GT1304-B,Mayacert S.A. Guatemala,Aval y certificación de calidad agrícola o artesanal extendida para la organización Cooperativa Integral de Ahorro y Crédito de Cuilco R.L..
Certificación Orgánica y de Origen - Reg ASO-GT1304-C,ANACAFE,Aval y certificación de calidad agrícola o artesanal extendida para la organización Asociación de Productores y Comercializadores de Cuilco.
Certificación Orgánica y de Origen - Reg COOP-GT1305-A,Rainforest Alliance Central America,Aval y certificación de calidad agrícola o artesanal extendida para la organización Cooperativa Integral de Producción Agrícola de Nentón R.L..
Certificación Orgánica y de Origen - Reg COOP-GT1305-B,Símbolo de Pequeños Productores (SPP),Aval y certificación de calidad agrícola o artesanal extendida para la organización Cooperativa Integral de Ahorro y Crédito de Nentón R.L..
Certificación Orgánica y de Origen - Reg ASO-GT1305-C,Mayacert S.A. Guatemala,Aval y certificación de calidad agrícola o artesanal extendida para la organización Asociación de Productores y Comercializadores de Nentón.
Certificación Orgánica y de Origen - Reg COOP-GT1306-A,ANACAFE,Aval y certificación de calidad agrícola o artesanal extendida para la organización Cooperativa Integral de Producción Agrícola de San Pedro Necta R.L..
Certificación Orgánica y de Origen - Reg COOP-GT1306-B,Rainforest Alliance Central America,Aval y certificación de calidad agrícola o artesanal extendida para la organización Cooperativa Integral de Ahorro y Crédito de San Pedro Necta R.L..
Certificación Orgánica y de Origen - Reg ASO-GT1306-C,Símbolo de Pequeños Productores (SPP),Aval y certificación de calidad agrícola o artesanal extendida para la organización Asociación de Productores y Comercializadores de San Pedro Necta.
Certificación Orgánica y de Origen - Reg COOP-GT1307-A,Mayacert S.A. Guatemala,Aval y certificación de calidad agrícola o artesanal extendida para la organización Cooperativa Integral de Producción Agrícola de Jacaltenango R.L..
Certificación Orgánica y de Origen - Reg COOP-GT1307-B,ANACAFE,Aval y certificación de calidad agrícola o artesanal extendida para la organización Cooperativa Integral de Ahorro y Crédito de Jacaltenango R.L..
Certificación Orgánica y de Origen - Reg ASO-GT1307-C,Rainforest Alliance Central America,Aval y certificación de calidad agrícola o artesanal extendida para la organización Asociación de Productores y Comercializadores de Jacaltenango.
Certificación Orgánica y de Origen - Reg COOP-GT1308-A,Símbolo de Pequeños Productores (SPP),Aval y certificación de calidad agrícola o artesanal extendida para la organización Cooperativa Integral de Producción Agrícola de Soloma R.L..
Certificación Orgánica y de Origen - Reg COOP-GT1308-B,Mayacert S.A. Guatemala,Aval y certificación de calidad agrícola o artesanal extendida para la organización Cooperativa Integral de Ahorro y Crédito de Soloma R.L..
Certificación Orgánica y de Origen - Reg ASO-GT1308-C,ANACAFE,Aval y certificación de calidad agrícola o artesanal extendida para la organización Asociación de Productores y Comercializadores de Soloma.
Certificación Orgánica y de Origen - Reg COOP-GT1309-A,Rainforest Alliance Central America,Aval y certificación de calidad agrícola o artesanal extendida para la organización Cooperativa Integral de Producción Agrícola de Ixtahuacán R.L..
Certificación Orgánica y de Origen - Reg COOP-GT1309-B,Símbolo de Pequeños Productores (SPP),Aval y certificación de calidad agrícola o artesanal extendida para la organización Cooperativa Integral de Ahorro y Crédito de Ixtahuacán R.L..
Certificación Orgánica y de Origen - Reg ASO-GT1309-C,Mayacert S.A. Guatemala,Aval y certificación de calidad agrícola o artesanal extendida para la organización Asociación de Productores y Comercializadores de Ixtahuacán.
Certificación Orgánica y de Origen - Reg COOP-GT1310-A,ANACAFE,Aval y certificación de calidad agrícola o artesanal extendida para la organización Cooperativa Integral de Producción Agrícola de Santa Bárbara R.L..
Certificación Orgánica y de Origen - Reg COOP-GT1310-B,Rainforest Alliance Central America,Aval y certificación de calidad agrícola o artesanal extendida para la organización Cooperativa Integral de Ahorro y Crédito de Santa Bárbara R.L..
Certificación Orgánica y de Origen - Reg ASO-GT1310-C,Símbolo de Pequeños Productores (SPP),Aval y certificación de calidad agrícola o artesanal extendida para la organización Asociación de Productores y Comercializadores de Santa Bárbara.
Certificación Orgánica y de Origen - Reg COOP-GT1311-A,Mayacert S.A. Guatemala,Aval y certificación de calidad agrícola o artesanal extendida para la organización Cooperativa Integral de Producción Agrícola de La Libertad R.L..
Certificación Orgánica y de Origen - Reg COOP-GT1311-B,ANACAFE,Aval y certificación de calidad agrícola o artesanal extendida para la organización Cooperativa Integral de Ahorro y Crédito de La Libertad R.L..
Certificación Orgánica y de Origen - Reg ASO-GT1311-C,Rainforest Alliance Central America,Aval y certificación de calidad agrícola o artesanal extendida para la organización Asociación de Productores y Comercializadores de La Libertad.
Certificación Orgánica y de Origen - Reg COOP-GT1312-A,Símbolo de Pequeños Productores (SPP),Aval y certificación de calidad agrícola o artesanal extendida para la organización Cooperativa Integral de Producción Agrícola de La Democracia R.L..
Certificación Orgánica y de Origen - Reg COOP-GT1312-B,Mayacert S.A. Guatemala,Aval y certificación de calidad agrícola o artesanal extendida para la organización Cooperativa Integral de Ahorro y Crédito de La Democracia R.L..
Certificación Orgánica y de Origen - Reg ASO-GT1312-C,ANACAFE,Aval y certificación de calidad agrícola o artesanal extendida para la organización Asociación de Productores y Comercializadores de La Democracia.
Certificación Orgánica y de Origen - Reg COOP-GT1313-A,Rainforest Alliance Central America,Aval y certificación de calidad agrícola o artesanal extendida para la organización Cooperativa Integral de Producción Agrícola de San Miguel Acatán R.L..
Certificación Orgánica y de Origen - Reg COOP-GT1313-B,Símbolo de Pequeños Productores (SPP),Aval y certificación de calidad agrícola o artesanal extendida para la organización Cooperativa Integral de Ahorro y Crédito de San Miguel Acatán R.L..
Certificación Orgánica y de Origen - Reg ASO-GT1313-C,Mayacert S.A. Guatemala,Aval y certificación de calidad agrícola o artesanal extendida para la organización Asociación de Productores y Comercializadores de San Miguel Acatán.
Certificación Orgánica y de Origen - Reg COOP-GT1314-A,ANACAFE,Aval y certificación de calidad agrícola o artesanal extendida para la organización Cooperativa Integral de Producción Agrícola de San Rafael La Independencia R.L..
Certificación Orgánica y de Origen - Reg COOP-GT1314-B,Rainforest Alliance Central America,Aval y certificación de calidad agrícola o artesanal extendida para la organización Cooperativa Integral de Ahorro y Crédito de San Rafael La Independencia R.L..
Certificación Orgánica y de Origen - Reg ASO-GT1314-C,Símbolo de Pequeños Productores (SPP),Aval y certificación de calidad agrícola o artesanal extendida para la organización Asociación de Productores y Comercializadores de San Rafael La Independencia.
Certificación Orgánica y de Origen - Reg COOP-GT1315-A,Mayacert S.A. Guatemala,Aval y certificación de calidad agrícola o artesanal extendida para la organización Cooperativa Integral de Producción Agrícola de Todos Santos Cuchumatán R.L..
Certificación Orgánica y de Origen - Reg COOP-GT1315-B,ANACAFE,Aval y certificación de calidad agrícola o artesanal extendida para la organización Cooperativa Integral de Ahorro y Crédito de Todos Santos Cuchumatán R.L..
Certificación Orgánica y de Origen - Reg ASO-GT1315-C,Rainforest Alliance Central America,Aval y certificación de calidad agrícola o artesanal extendida para la organización Asociación de Productores y Comercializadores de Todos Santos Cuchumatán.
Certificación Orgánica y de Origen - Reg COOP-GT1316-A,Símbolo de Pequeños Productores (SPP),Aval y certificación de calidad agrícola o artesanal extendida para la organización Cooperativa Integral de Producción Agrícola de San Juan Atitán R.L..
Certificación Orgánica y de Origen - Reg COOP-GT1316-B,Mayacert S.A. Guatemala,Aval y certificación de calidad agrícola o artesanal extendida para la organización Cooperativa Integral de Ahorro y Crédito de San Juan Atitán R.L..
Certificación Orgánica y de Origen - Reg ASO-GT1316-C,ANACAFE,Aval y certificación de calidad agrícola o artesanal extendida para la organización Asociación de Productores y Comercializadores de San Juan Atitán.
Certificación Orgánica y de Origen - Reg COOP-GT1317-A,Rainforest Alliance Central America,Aval y certificación de calidad agrícola o artesanal extendida para la organización Cooperativa Integral de Producción Agrícola de Santa Eulalia R.L..
Certificación Orgánica y de Origen - Reg COOP-GT1317-B,Símbolo de Pequeños Productores (SPP),Aval y certificación de calidad agrícola o artesanal extendida para la organización Cooperativa Integral de Ahorro y Crédito de Santa Eulalia R.L..
Certificación Orgánica y de Origen - Reg ASO-GT1317-C,Mayacert S.A. Guatemala,Aval y certificación de calidad agrícola o artesanal extendida para la organización Asociación de Productores y Comercializadores de Santa Eulalia.
Certificación Orgánica y de Origen - Reg COOP-GT1318-A,ANACAFE,Aval y certificación de calidad agrícola o artesanal extendida para la organización Cooperativa Integral de Producción Agrícola de San Mateo Ixtatán R.L..
Certificación Orgánica y de Origen - Reg COOP-GT1318-B,Rainforest Alliance Central America,Aval y certificación de calidad agrícola o artesanal extendida para la organización Cooperativa Integral de Ahorro y Crédito de San Mateo Ixtatán R.L..
Certificación Orgánica y de Origen - Reg ASO-GT1318-C,Símbolo de Pequeños Productores (SPP),Aval y certificación de calidad agrícola o artesanal extendida para la organización Asociación de Productores y Comercializadores de San Mateo Ixtatán.
Certificación Orgánica y de Origen - Reg COOP-GT1319-A,Mayacert S.A. Guatemala,Aval y certificación de calidad agrícola o artesanal extendida para la organización Cooperativa Integral de Producción Agrícola de Colotenango R.L..
Certificación Orgánica y de Origen - Reg COOP-GT1319-B,ANACAFE,Aval y certificación de calidad agrícola o artesanal extendida para la organización Cooperativa Integral de Ahorro y Crédito de Colotenango R.L..
Certificación Orgánica y de Origen - Reg ASO-GT1319-C,Rainforest Alliance Central America,Aval y certificación de calidad agrícola o artesanal extendida para la organización Asociación de Productores y Comercializadores de Colotenango.
Certificación Orgánica y de Origen - Reg COOP-GT1320-A,Símbolo de Pequeños Productores (SPP),Aval y certificación de calidad agrícola o artesanal extendida para la organización Cooperativa Integral de Producción Agrícola de San Sebastián Huehuetenango R.L..
Certificación Orgánica y de Origen - Reg COOP-GT1320-B,Mayacert S.A. Guatemala,Aval y certificación de calidad agrícola o artesanal extendida para la organización Cooperativa Integral de Ahorro y Crédito de San Sebastián Huehuetenango R.L..
Certificación Orgánica y de Origen - Reg ASO-GT1320-C,ANACAFE,Aval y certificación de calidad agrícola o artesanal extendida para la organización Asociación de Productores y Comercializadores de San Sebastián Huehuetenango.
Certificación Orgánica y de Origen - Reg COOP-GT1321-A,Rainforest Alliance Central America,Aval y certificación de calidad agrícola o artesanal extendida para la organización Cooperativa Integral de Producción Agrícola de Tectitán R.L..
Certificación Orgánica y de Origen - Reg COOP-GT1321-B,Símbolo de Pequeños Productores (SPP),Aval y certificación de calidad agrícola o artesanal extendida para la organización Cooperativa Integral de Ahorro y Crédito de Tectitán R.L..
Certificación Orgánica y de Origen - Reg ASO-GT1321-C,Mayacert S.A. Guatemala,Aval y certificación de calidad agrícola o artesanal extendida para la organización Asociación de Productores y Comercializadores de Tectitán.
Certificación Orgánica y de Origen - Reg COOP-GT1322-A,ANACAFE,Aval y certificación de calidad agrícola o artesanal extendida para la organización Cooperativa Integral de Producción Agrícola de Concepción Huista R.L..
Certificación Orgánica y de Origen - Reg COOP-GT1322-B,Rainforest Alliance Central America,Aval y certificación de calidad agrícola o artesanal extendida para la organización Cooperativa Integral de Ahorro y Crédito de Concepción Huista R.L..
Certificación Orgánica y de Origen - Reg ASO-GT1322-C,Símbolo de Pequeños Productores (SPP),Aval y certificación de calidad agrícola o artesanal extendida para la organización Asociación de Productores y Comercializadores de Concepción Huista.
Certificación Orgánica y de Origen - Reg COOP-GT1323-A,Mayacert S.A. Guatemala,Aval y certificación de calidad agrícola o artesanal extendida para la organización Cooperativa Integral de Producción Agrícola de San Juan Ixcoy R.L..
Certificación Orgánica y de Origen - Reg COOP-GT1323-B,ANACAFE,Aval y certificación de calidad agrícola o artesanal extendida para la organización Cooperativa Integral de Ahorro y Crédito de San Juan Ixcoy R.L..
Certificación Orgánica y de Origen - Reg ASO-GT1323-C,Rainforest Alliance Central America,Aval y certificación de calidad agrícola o artesanal extendida para la organización Asociación de Productores y Comercializadores de San Juan Ixcoy.
Certificación Orgánica y de Origen - Reg COOP-GT1324-A,Símbolo de Pequeños Productores (SPP),Aval y certificación de calidad agrícola o artesanal extendida para la organización Cooperativa Integral de Producción Agrícola de San Antonio Huista R.L..
Certificación Orgánica y de Origen - Reg COOP-GT1324-B,Mayacert S.A. Guatemala,Aval y certificación de calidad agrícola o artesanal extendida para la organización Cooperativa Integral de Ahorro y Crédito de San Antonio Huista R.L..
Certificación Orgánica y de Origen - Reg ASO-GT1324-C,ANACAFE,Aval y certificación de calidad agrícola o artesanal extendida para la organización Asociación de Productores y Comercializadores de San Antonio Huista.
Certificación Orgánica y de Origen - Reg COOP-GT1325-A,Rainforest Alliance Central America,Aval y certificación de calidad agrícola o artesanal extendida para la organización Cooperativa Integral de Producción Agrícola de San Sebastián Coatán R.L..
Certificación Orgánica y de Origen - Reg COOP-GT1325-B,Símbolo de Pequeños Productores (SPP),Aval y certificación de calidad agrícola o artesanal extendida para la organización Cooperativa Integral de Ahorro y Crédito de San Sebastián Coatán R.L..
Certificación Orgánica y de Origen - Reg ASO-GT1325-C,Mayacert S.A. Guatemala,Aval y certificación de calidad agrícola o artesanal extendida para la organización Asociación de Productores y Comercializadores de San Sebastián Coatán.
Certificación Orgánica y de Origen - Reg COOP-GT1326-A,ANACAFE,Aval y certificación de calidad agrícola o artesanal extendida para la organización Cooperativa Integral de Producción Agrícola de Barillas R.L..
Certificación Orgánica y de Origen - Reg COOP-GT1326-B,Rainforest Alliance Central America,Aval y certificación de calidad agrícola o artesanal extendida para la organización Cooperativa Integral de Ahorro y Crédito de Barillas R.L..
Certificación Orgánica y de Origen - Reg ASO-GT1326-C,Símbolo de Pequeños Productores (SPP),Aval y certificación de calidad agrícola o artesanal extendida para la organización Asociación de Productores y Comercializadores de Barillas.
Certificación Orgánica y de Origen - Reg COOP-GT1327-A,Mayacert S.A. Guatemala,Aval y certificación de calidad agrícola o artesanal extendida para la organización Cooperativa Integral de Producción Agrícola de Aguacatán R.L..
Certificación Orgánica y de Origen - Reg COOP-GT1327-B,ANACAFE,Aval y certificación de calidad agrícola o artesanal extendida para la organización Cooperativa Integral de Ahorro y Crédito de Aguacatán R.L..
Certificación Orgánica y de Origen - Reg ASO-GT1327-C,Rainforest Alliance Central America,Aval y certificación de calidad agrícola o artesanal extendida para la organización Asociación de Productores y Comercializadores de Aguacatán.
Certificación Orgánica y de Origen - Reg COOP-GT1328-A,Símbolo de Pequeños Productores (SPP),Aval y certificación de calidad agrícola o artesanal extendida para la organización Cooperativa Integral de Producción Agrícola de San Rafael Petzal R.L..
Certificación Orgánica y de Origen - Reg COOP-GT1328-B,Mayacert S.A. Guatemala,Aval y certificación de calidad agrícola o artesanal extendida para la organización Cooperativa Integral de Ahorro y Crédito de San Rafael Petzal R.L..
Certificación Orgánica y de Origen - Reg ASO-GT1328-C,ANACAFE,Aval y certificación de calidad agrícola o artesanal extendida para la organización Asociación de Productores y Comercializadores de San Rafael Petzal.
Certificación Orgánica y de Origen - Reg COOP-GT1329-A,Rainforest Alliance Central America,Aval y certificación de calidad agrícola o artesanal extendida para la organización Cooperativa Integral de Producción Agrícola de San Gaspar Ixchil R.L..
Certificación Orgánica y de Origen - Reg COOP-GT1329-B,Símbolo de Pequeños Productores (SPP),Aval y certificación de calidad agrícola o artesanal extendida para la organización Cooperativa Integral de Ahorro y Crédito de San Gaspar Ixchil R.L..
Certificación Orgánica y de Origen - Reg ASO-GT1329-C,Mayacert S.A. Guatemala,Aval y certificación de calidad agrícola o artesanal extendida para la organización Asociación de Productores y Comercializadores de San Gaspar Ixchil.
Certificación Orgánica y de Origen - Reg COOP-GT1330-A,ANACAFE,Aval y certificación de calidad agrícola o artesanal extendida para la organización Cooperativa Integral de Producción Agrícola de Santiago Chimaltenango R.L..
Certificación Orgánica y de Origen - Reg COOP-GT1330-B,Rainforest Alliance Central America,Aval y certificación de calidad agrícola o artesanal extendida para la organización Cooperativa Integral de Ahorro y Crédito de Santiago Chimaltenango R.L..
Certificación Orgánica y de Origen - Reg ASO-GT1330-C,Símbolo de Pequeños Productores (SPP),Aval y certificación de calidad agrícola o artesanal extendida para la organización Asociación de Productores y Comercializadores de Santiago Chimaltenango.
Certificación Orgánica y de Origen - Reg COOP-GT1331-A,Mayacert S.A. Guatemala,Aval y certificación de calidad agrícola o artesanal extendida para la organización Cooperativa Integral de Producción Agrícola de Santa Ana Huista R.L..
Certificación Orgánica y de Origen - Reg COOP-GT1331-B,ANACAFE,Aval y certificación de calidad agrícola o artesanal extendida para la organización Cooperativa Integral de Ahorro y Crédito de Santa Ana Huista R.L..
Certificación Orgánica y de Origen - Reg ASO-GT1331-C,Rainforest Alliance Central America,Aval y certificación de calidad agrícola o artesanal extendida para la organización Asociación de Productores y Comercializadores de Santa Ana Huista.
Certificación Orgánica y de Origen - Reg COOP-GT1332-A,Símbolo de Pequeños Productores (SPP),Aval y certificación de calidad agrícola o artesanal extendida para la organización Cooperativa Integral de Producción Agrícola de Unión Cantinil R.L..
Certificación Orgánica y de Origen - Reg COOP-GT1332-B,Mayacert S.A. Guatemala,Aval y certificación de calidad agrícola o artesanal extendida para la organización Cooperativa Integral de Ahorro y Crédito de Unión Cantinil R.L..
Certificación Orgánica y de Origen - Reg ASO-GT1332-C,ANACAFE,Aval y certificación de calidad agrícola o artesanal extendida para la organización Asociación de Productores y Comercializadores de Unión Cantinil.
Certificación Orgánica y de Origen - Reg COOP-GT1333-A,Rainforest Alliance Central America,Aval y certificación de calidad agrícola o artesanal extendida para la organización Cooperativa Integral de Producción Agrícola de Petatán R.L..
Certificación Orgánica y de Origen - Reg COOP-GT1333-B,Símbolo de Pequeños Productores (SPP),Aval y certificación de calidad agrícola o artesanal extendida para la organización Cooperativa Integral de Ahorro y Crédito de Petatán R.L..
Certificación Orgánica y de Origen - Reg ASO-GT1333-C,Mayacert S.A. Guatemala,Aval y certificación de calidad agrícola o artesanal extendida para la organización Asociación de Productores y Comercializadores de Petatán.
Certificación Orgánica y de Origen - Reg COOP-GT1401-A,ANACAFE,Aval y certificación de calidad agrícola o artesanal extendida para la organización Cooperativa Integral de Producción Agrícola de Santa Cruz del Quiché R.L..
Certificación Orgánica y de Origen - Reg COOP-GT1401-B,Rainforest Alliance Central America,Aval y certificación de calidad agrícola o artesanal extendida para la organización Cooperativa Integral de Ahorro y Crédito de Santa Cruz del Quiché R.L..
Certificación Orgánica y de Origen - Reg ASO-GT1401-C,Símbolo de Pequeños Productores (SPP),Aval y certificación de calidad agrícola o artesanal extendida para la organización Asociación de Productores y Comercializadores de Santa Cruz del Quiché.
Certificación Orgánica y de Origen - Reg COOP-GT1402-A,Mayacert S.A. Guatemala,Aval y certificación de calidad agrícola o artesanal extendida para la organización Cooperativa Integral de Producción Agrícola de Chiché R.L..
Certificación Orgánica y de Origen - Reg COOP-GT1402-B,ANACAFE,Aval y certificación de calidad agrícola o artesanal extendida para la organización Cooperativa Integral de Ahorro y Crédito de Chiché R.L..
Certificación Orgánica y de Origen - Reg ASO-GT1402-C,Rainforest Alliance Central America,Aval y certificación de calidad agrícola o artesanal extendida para la organización Asociación de Productores y Comercializadores de Chiché.
Certificación Orgánica y de Origen - Reg COOP-GT1403-A,Símbolo de Pequeños Productores (SPP),Aval y certificación de calidad agrícola o artesanal extendida para la organización Cooperativa Integral de Producción Agrícola de Chinique R.L..
Certificación Orgánica y de Origen - Reg COOP-GT1403-B,Mayacert S.A. Guatemala,Aval y certificación de calidad agrícola o artesanal extendida para la organización Cooperativa Integral de Ahorro y Crédito de Chinique R.L..
Certificación Orgánica y de Origen - Reg ASO-GT1403-C,ANACAFE,Aval y certificación de calidad agrícola o artesanal extendida para la organización Asociación de Productores y Comercializadores de Chinique.
Certificación Orgánica y de Origen - Reg COOP-GT1404-A,Rainforest Alliance Central America,Aval y certificación de calidad agrícola o artesanal extendida para la organización Cooperativa Integral de Producción Agrícola de Zacualpa R.L..
Certificación Orgánica y de Origen - Reg COOP-GT1404-B,Símbolo de Pequeños Productores (SPP),Aval y certificación de calidad agrícola o artesanal extendida para la organización Cooperativa Integral de Ahorro y Crédito de Zacualpa R.L..
Certificación Orgánica y de Origen - Reg ASO-GT1404-C,Mayacert S.A. Guatemala,Aval y certificación de calidad agrícola o artesanal extendida para la organización Asociación de Productores y Comercializadores de Zacualpa.
Certificación Orgánica y de Origen - Reg COOP-GT1405-A,ANACAFE,Aval y certificación de calidad agrícola o artesanal extendida para la organización Cooperativa Integral de Producción Agrícola de Chajul R.L..
Certificación Orgánica y de Origen - Reg COOP-GT1405-B,Rainforest Alliance Central America,Aval y certificación de calidad agrícola o artesanal extendida para la organización Cooperativa Integral de Ahorro y Crédito de Chajul R.L..
Certificación Orgánica y de Origen - Reg ASO-GT1405-C,Símbolo de Pequeños Productores (SPP),Aval y certificación de calidad agrícola o artesanal extendida para la organización Asociación de Productores y Comercializadores de Chajul.
Certificación Orgánica y de Origen - Reg COOP-GT1406-A,Mayacert S.A. Guatemala,Aval y certificación de calidad agrícola o artesanal extendida para la organización Cooperativa Integral de Producción Agrícola de Chichicastenango R.L..
Certificación Orgánica y de Origen - Reg COOP-GT1406-B,ANACAFE,Aval y certificación de calidad agrícola o artesanal extendida para la organización Cooperativa Integral de Ahorro y Crédito de Chichicastenango R.L..
Certificación Orgánica y de Origen - Reg ASO-GT1406-C,Rainforest Alliance Central America,Aval y certificación de calidad agrícola o artesanal extendida para la organización Asociación de Productores y Comercializadores de Chichicastenango.
Certificación Orgánica y de Origen - Reg COOP-GT1407-A,Símbolo de Pequeños Productores (SPP),Aval y certificación de calidad agrícola o artesanal extendida para la organización Cooperativa Integral de Producción Agrícola de Patzité R.L..
Certificación Orgánica y de Origen - Reg COOP-GT1407-B,Mayacert S.A. Guatemala,Aval y certificación de calidad agrícola o artesanal extendida para la organización Cooperativa Integral de Ahorro y Crédito de Patzité R.L..
Certificación Orgánica y de Origen - Reg ASO-GT1407-C,ANACAFE,Aval y certificación de calidad agrícola o artesanal extendida para la organización Asociación de Productores y Comercializadores de Patzité.
Certificación Orgánica y de Origen - Reg COOP-GT1408-A,Rainforest Alliance Central America,Aval y certificación de calidad agrícola o artesanal extendida para la organización Cooperativa Integral de Producción Agrícola de San Antonio Ilotenango R.L..
Certificación Orgánica y de Origen - Reg COOP-GT1408-B,Símbolo de Pequeños Productores (SPP),Aval y certificación de calidad agrícola o artesanal extendida para la organización Cooperativa Integral de Ahorro y Crédito de San Antonio Ilotenango R.L..
Certificación Orgánica y de Origen - Reg ASO-GT1408-C,Mayacert S.A. Guatemala,Aval y certificación de calidad agrícola o artesanal extendida para la organización Asociación de Productores y Comercializadores de San Antonio Ilotenango.
Certificación Orgánica y de Origen - Reg COOP-GT1409-A,ANACAFE,Aval y certificación de calidad agrícola o artesanal extendida para la organización Cooperativa Integral de Producción Agrícola de San Pedro Jocopilas R.L..
Certificación Orgánica y de Origen - Reg COOP-GT1409-B,Rainforest Alliance Central America,Aval y certificación de calidad agrícola o artesanal extendida para la organización Cooperativa Integral de Ahorro y Crédito de San Pedro Jocopilas R.L..
Certificación Orgánica y de Origen - Reg ASO-GT1409-C,Símbolo de Pequeños Productores (SPP),Aval y certificación de calidad agrícola o artesanal extendida para la organización Asociación de Productores y Comercializadores de San Pedro Jocopilas.
Certificación Orgánica y de Origen - Reg COOP-GT1410-A,Mayacert S.A. Guatemala,Aval y certificación de calidad agrícola o artesanal extendida para la organización Cooperativa Integral de Producción Agrícola de Cunén R.L..
Certificación Orgánica y de Origen - Reg COOP-GT1410-B,ANACAFE,Aval y certificación de calidad agrícola o artesanal extendida para la organización Cooperativa Integral de Ahorro y Crédito de Cunén R.L..
Certificación Orgánica y de Origen - Reg ASO-GT1410-C,Rainforest Alliance Central America,Aval y certificación de calidad agrícola o artesanal extendida para la organización Asociación de Productores y Comercializadores de Cunén.
Certificación Orgánica y de Origen - Reg COOP-GT1411-A,Símbolo de Pequeños Productores (SPP),Aval y certificación de calidad agrícola o artesanal extendida para la organización Cooperativa Integral de Producción Agrícola de San Juan Cotzal R.L..
Certificación Orgánica y de Origen - Reg COOP-GT1411-B,Mayacert S.A. Guatemala,Aval y certificación de calidad agrícola o artesanal extendida para la organización Cooperativa Integral de Ahorro y Crédito de San Juan Cotzal R.L..
Certificación Orgánica y de Origen - Reg ASO-GT1411-C,ANACAFE,Aval y certificación de calidad agrícola o artesanal extendida para la organización Asociación de Productores y Comercializadores de San Juan Cotzal.
Certificación Orgánica y de Origen - Reg COOP-GT1412-A,Rainforest Alliance Central America,Aval y certificación de calidad agrícola o artesanal extendida para la organización Cooperativa Integral de Producción Agrícola de Joyabaj R.L..
Certificación Orgánica y de Origen - Reg COOP-GT1412-B,Símbolo de Pequeños Productores (SPP),Aval y certificación de calidad agrícola o artesanal extendida para la organización Cooperativa Integral de Ahorro y Crédito de Joyabaj R.L..
Certificación Orgánica y de Origen - Reg ASO-GT1412-C,Mayacert S.A. Guatemala,Aval y certificación de calidad agrícola o artesanal extendida para la organización Asociación de Productores y Comercializadores de Joyabaj.
Certificación Orgánica y de Origen - Reg COOP-GT1413-A,ANACAFE,Aval y certificación de calidad agrícola o artesanal extendida para la organización Cooperativa Integral de Producción Agrícola de Nebaj R.L..
Certificación Orgánica y de Origen - Reg COOP-GT1413-B,Rainforest Alliance Central America,Aval y certificación de calidad agrícola o artesanal extendida para la organización Cooperativa Integral de Ahorro y Crédito de Nebaj R.L..
Certificación Orgánica y de Origen - Reg ASO-GT1413-C,Símbolo de Pequeños Productores (SPP),Aval y certificación de calidad agrícola o artesanal extendida para la organización Asociación de Productores y Comercializadores de Nebaj.
Certificación Orgánica y de Origen - Reg COOP-GT1414-A,Mayacert S.A. Guatemala,Aval y certificación de calidad agrícola o artesanal extendida para la organización Cooperativa Integral de Producción Agrícola de San Andrés Sajcabajá R.L..
Certificación Orgánica y de Origen - Reg COOP-GT1414-B,ANACAFE,Aval y certificación de calidad agrícola o artesanal extendida para la organización Cooperativa Integral de Ahorro y Crédito de San Andrés Sajcabajá R.L..
Certificación Orgánica y de Origen - Reg ASO-GT1414-C,Rainforest Alliance Central America,Aval y certificación de calidad agrícola o artesanal extendida para la organización Asociación de Productores y Comercializadores de San Andrés Sajcabajá.
Certificación Orgánica y de Origen - Reg COOP-GT1415-A,Símbolo de Pequeños Productores (SPP),Aval y certificación de calidad agrícola o artesanal extendida para la organización Cooperativa Integral de Producción Agrícola de Uspantán R.L..
Certificación Orgánica y de Origen - Reg COOP-GT1415-B,Mayacert S.A. Guatemala,Aval y certificación de calidad agrícola o artesanal extendida para la organización Cooperativa Integral de Ahorro y Crédito de Uspantán R.L..
Certificación Orgánica y de Origen - Reg ASO-GT1415-C,ANACAFE,Aval y certificación de calidad agrícola o artesanal extendida para la organización Asociación de Productores y Comercializadores de Uspantán.
Certificación Orgánica y de Origen - Reg COOP-GT1416-A,Rainforest Alliance Central America,Aval y certificación de calidad agrícola o artesanal extendida para la organización Cooperativa Integral de Producción Agrícola de Sacapulas R.L..
Certificación Orgánica y de Origen - Reg COOP-GT1416-B,Símbolo de Pequeños Productores (SPP),Aval y certificación de calidad agrícola o artesanal extendida para la organización Cooperativa Integral de Ahorro y Crédito de Sacapulas R.L..
Certificación Orgánica y de Origen - Reg ASO-GT1416-C,Mayacert S.A. Guatemala,Aval y certificación de calidad agrícola o artesanal extendida para la organización Asociación de Productores y Comercializadores de Sacapulas.
Certificación Orgánica y de Origen - Reg COOP-GT1417-A,ANACAFE,Aval y certificación de calidad agrícola o artesanal extendida para la organización Cooperativa Integral de Producción Agrícola de San Bartolomé Jocotenango R.L..
Certificación Orgánica y de Origen - Reg COOP-GT1417-B,Rainforest Alliance Central America,Aval y certificación de calidad agrícola o artesanal extendida para la organización Cooperativa Integral de Ahorro y Crédito de San Bartolomé Jocotenango R.L..
Certificación Orgánica y de Origen - Reg ASO-GT1417-C,Símbolo de Pequeños Productores (SPP),Aval y certificación de calidad agrícola o artesanal extendida para la organización Asociación de Productores y Comercializadores de San Bartolomé Jocotenango.
Certificación Orgánica y de Origen - Reg COOP-GT1418-A,Mayacert S.A. Guatemala,Aval y certificación de calidad agrícola o artesanal extendida para la organización Cooperativa Integral de Producción Agrícola de Canillá R.L..
Certificación Orgánica y de Origen - Reg COOP-GT1418-B,ANACAFE,Aval y certificación de calidad agrícola o artesanal extendida para la organización Cooperativa Integral de Ahorro y Crédito de Canillá R.L..
Certificación Orgánica y de Origen - Reg ASO-GT1418-C,Rainforest Alliance Central America,Aval y certificación de calidad agrícola o artesanal extendida para la organización Asociación de Productores y Comercializadores de Canillá.
Certificación Orgánica y de Origen - Reg COOP-GT1419-A,Símbolo de Pequeños Productores (SPP),Aval y certificación de calidad agrícola o artesanal extendida para la organización Cooperativa Integral de Producción Agrícola de Chicamán R.L..
Certificación Orgánica y de Origen - Reg COOP-GT1419-B,Mayacert S.A. Guatemala,Aval y certificación de calidad agrícola o artesanal extendida para la organización Cooperativa Integral de Ahorro y Crédito de Chicamán R.L..
Certificación Orgánica y de Origen - Reg ASO-GT1419-C,ANACAFE,Aval y certificación de calidad agrícola o artesanal extendida para la organización Asociación de Productores y Comercializadores de Chicamán.
Certificación Orgánica y de Origen - Reg COOP-GT1420-A,Rainforest Alliance Central America,Aval y certificación de calidad agrícola o artesanal extendida para la organización Cooperativa Integral de Producción Agrícola de Ixcán R.L..
Certificación Orgánica y de Origen - Reg COOP-GT1420-B,Símbolo de Pequeños Productores (SPP),Aval y certificación de calidad agrícola o artesanal extendida para la organización Cooperativa Integral de Ahorro y Crédito de Ixcán R.L..
Certificación Orgánica y de Origen - Reg ASO-GT1420-C,Mayacert S.A. Guatemala,Aval y certificación de calidad agrícola o artesanal extendida para la organización Asociación de Productores y Comercializadores de Ixcán.
Certificación Orgánica y de Origen - Reg COOP-GT1421-A,ANACAFE,Aval y certificación de calidad agrícola o artesanal extendida para la organización Cooperativa Integral de Producción Agrícola de Pachalum R.L..
Certificación Orgánica y de Origen - Reg COOP-GT1421-B,Rainforest Alliance Central America,Aval y certificación de calidad agrícola o artesanal extendida para la organización Cooperativa Integral de Ahorro y Crédito de Pachalum R.L..
Certificación Orgánica y de Origen - Reg ASO-GT1421-C,Símbolo de Pequeños Productores (SPP),Aval y certificación de calidad agrícola o artesanal extendida para la organización Asociación de Productores y Comercializadores de Pachalum.
Certificación Orgánica y de Origen - Reg COOP-GT1501-A,Mayacert S.A. Guatemala,Aval y certificación de calidad agrícola o artesanal extendida para la organización Cooperativa Integral de Producción Agrícola de Salamá R.L..
Certificación Orgánica y de Origen - Reg COOP-GT1501-B,ANACAFE,Aval y certificación de calidad agrícola o artesanal extendida para la organización Cooperativa Integral de Ahorro y Crédito de Salamá R.L..
Certificación Orgánica y de Origen - Reg ASO-GT1501-C,Rainforest Alliance Central America,Aval y certificación de calidad agrícola o artesanal extendida para la organización Asociación de Productores y Comercializadores de Salamá.
Certificación Orgánica y de Origen - Reg COOP-GT1502-A,Símbolo de Pequeños Productores (SPP),Aval y certificación de calidad agrícola o artesanal extendida para la organización Cooperativa Integral de Producción Agrícola de San Miguel Chicaj R.L..
Certificación Orgánica y de Origen - Reg COOP-GT1502-B,Mayacert S.A. Guatemala,Aval y certificación de calidad agrícola o artesanal extendida para la organización Cooperativa Integral de Ahorro y Crédito de San Miguel Chicaj R.L..
Certificación Orgánica y de Origen - Reg ASO-GT1502-C,ANACAFE,Aval y certificación de calidad agrícola o artesanal extendida para la organización Asociación de Productores y Comercializadores de San Miguel Chicaj.
Certificación Orgánica y de Origen - Reg COOP-GT1503-A,Rainforest Alliance Central America,Aval y certificación de calidad agrícola o artesanal extendida para la organización Cooperativa Integral de Producción Agrícola de Rabinal R.L..
Certificación Orgánica y de Origen - Reg COOP-GT1503-B,Símbolo de Pequeños Productores (SPP),Aval y certificación de calidad agrícola o artesanal extendida para la organización Cooperativa Integral de Ahorro y Crédito de Rabinal R.L..
Certificación Orgánica y de Origen - Reg ASO-GT1503-C,Mayacert S.A. Guatemala,Aval y certificación de calidad agrícola o artesanal extendida para la organización Asociación de Productores y Comercializadores de Rabinal.
Certificación Orgánica y de Origen - Reg COOP-GT1504-A,ANACAFE,Aval y certificación de calidad agrícola o artesanal extendida para la organización Cooperativa Integral de Producción Agrícola de Cubulco R.L..
Certificación Orgánica y de Origen - Reg COOP-GT1504-B,Rainforest Alliance Central America,Aval y certificación de calidad agrícola o artesanal extendida para la organización Cooperativa Integral de Ahorro y Crédito de Cubulco R.L..
Certificación Orgánica y de Origen - Reg ASO-GT1504-C,Símbolo de Pequeños Productores (SPP),Aval y certificación de calidad agrícola o artesanal extendida para la organización Asociación de Productores y Comercializadores de Cubulco.
Certificación Orgánica y de Origen - Reg COOP-GT1505-A,Mayacert S.A. Guatemala,Aval y certificación de calidad agrícola o artesanal extendida para la organización Cooperativa Integral de Producción Agrícola de Granados R.L..
Certificación Orgánica y de Origen - Reg COOP-GT1505-B,ANACAFE,Aval y certificación de calidad agrícola o artesanal extendida para la organización Cooperativa Integral de Ahorro y Crédito de Granados R.L..
Certificación Orgánica y de Origen - Reg ASO-GT1505-C,Rainforest Alliance Central America,Aval y certificación de calidad agrícola o artesanal extendida para la organización Asociación de Productores y Comercializadores de Granados.
Certificación Orgánica y de Origen - Reg COOP-GT1506-A,Símbolo de Pequeños Productores (SPP),Aval y certificación de calidad agrícola o artesanal extendida para la organización Cooperativa Integral de Producción Agrícola de El Chol R.L..
Certificación Orgánica y de Origen - Reg COOP-GT1506-B,Mayacert S.A. Guatemala,Aval y certificación de calidad agrícola o artesanal extendida para la organización Cooperativa Integral de Ahorro y Crédito de El Chol R.L..
Certificación Orgánica y de Origen - Reg ASO-GT1506-C,ANACAFE,Aval y certificación de calidad agrícola o artesanal extendida para la organización Asociación de Productores y Comercializadores de El Chol.
Certificación Orgánica y de Origen - Reg COOP-GT1507-A,Rainforest Alliance Central America,Aval y certificación de calidad agrícola o artesanal extendida para la organización Cooperativa Integral de Producción Agrícola de San Jerónimo R.L..
Certificación Orgánica y de Origen - Reg COOP-GT1507-B,Símbolo de Pequeños Productores (SPP),Aval y certificación de calidad agrícola o artesanal extendida para la organización Cooperativa Integral de Ahorro y Crédito de San Jerónimo R.L..
Certificación Orgánica y de Origen - Reg ASO-GT1507-C,Mayacert S.A. Guatemala,Aval y certificación de calidad agrícola o artesanal extendida para la organización Asociación de Productores y Comercializadores de San Jerónimo.
Certificación Orgánica y de Origen - Reg COOP-GT1508-A,ANACAFE,Aval y certificación de calidad agrícola o artesanal extendida para la organización Cooperativa Integral de Producción Agrícola de Purulhá R.L..
Certificación Orgánica y de Origen - Reg COOP-GT1508-B,Rainforest Alliance Central America,Aval y certificación de calidad agrícola o artesanal extendida para la organización Cooperativa Integral de Ahorro y Crédito de Purulhá R.L..
Certificación Orgánica y de Origen - Reg ASO-GT1508-C,Símbolo de Pequeños Productores (SPP),Aval y certificación de calidad agrícola o artesanal extendida para la organización Asociación de Productores y Comercializadores de Purulhá.
Certificación Orgánica y de Origen - Reg COOP-GT1601-A,Mayacert S.A. Guatemala,Aval y certificación de calidad agrícola o artesanal extendida para la organización Cooperativa Integral de Producción Agrícola de Cobán R.L..
Certificación Orgánica y de Origen - Reg COOP-GT1601-B,ANACAFE,Aval y certificación de calidad agrícola o artesanal extendida para la organización Cooperativa Integral de Ahorro y Crédito de Cobán R.L..
Certificación Orgánica y de Origen - Reg ASO-GT1601-C,Rainforest Alliance Central America,Aval y certificación de calidad agrícola o artesanal extendida para la organización Asociación de Productores y Comercializadores de Cobán.
Certificación Orgánica y de Origen - Reg COOP-GT1602-A,Símbolo de Pequeños Productores (SPP),Aval y certificación de calidad agrícola o artesanal extendida para la organización Cooperativa Integral de Producción Agrícola de Santa Cruz Verapaz R.L..
Certificación Orgánica y de Origen - Reg COOP-GT1602-B,Mayacert S.A. Guatemala,Aval y certificación de calidad agrícola o artesanal extendida para la organización Cooperativa Integral de Ahorro y Crédito de Santa Cruz Verapaz R.L..
Certificación Orgánica y de Origen - Reg ASO-GT1602-C,ANACAFE,Aval y certificación de calidad agrícola o artesanal extendida para la organización Asociación de Productores y Comercializadores de Santa Cruz Verapaz.
Certificación Orgánica y de Origen - Reg COOP-GT1603-A,Rainforest Alliance Central America,Aval y certificación de calidad agrícola o artesanal extendida para la organización Cooperativa Integral de Producción Agrícola de San Cristóbal Verapaz R.L..
Certificación Orgánica y de Origen - Reg COOP-GT1603-B,Símbolo de Pequeños Productores (SPP),Aval y certificación de calidad agrícola o artesanal extendida para la organización Cooperativa Integral de Ahorro y Crédito de San Cristóbal Verapaz R.L..
Certificación Orgánica y de Origen - Reg ASO-GT1603-C,Mayacert S.A. Guatemala,Aval y certificación de calidad agrícola o artesanal extendida para la organización Asociación de Productores y Comercializadores de San Cristóbal Verapaz.
Certificación Orgánica y de Origen - Reg COOP-GT1604-A,ANACAFE,Aval y certificación de calidad agrícola o artesanal extendida para la organización Cooperativa Integral de Producción Agrícola de Tactic R.L..
Certificación Orgánica y de Origen - Reg COOP-GT1604-B,Rainforest Alliance Central America,Aval y certificación de calidad agrícola o artesanal extendida para la organización Cooperativa Integral de Ahorro y Crédito de Tactic R.L..
Certificación Orgánica y de Origen - Reg ASO-GT1604-C,Símbolo de Pequeños Productores (SPP),Aval y certificación de calidad agrícola o artesanal extendida para la organización Asociación de Productores y Comercializadores de Tactic.
Certificación Orgánica y de Origen - Reg COOP-GT1605-A,Mayacert S.A. Guatemala,Aval y certificación de calidad agrícola o artesanal extendida para la organización Cooperativa Integral de Producción Agrícola de Tamahú R.L..
Certificación Orgánica y de Origen - Reg COOP-GT1605-B,ANACAFE,Aval y certificación de calidad agrícola o artesanal extendida para la organización Cooperativa Integral de Ahorro y Crédito de Tamahú R.L..
Certificación Orgánica y de Origen - Reg ASO-GT1605-C,Rainforest Alliance Central America,Aval y certificación de calidad agrícola o artesanal extendida para la organización Asociación de Productores y Comercializadores de Tamahú.
Certificación Orgánica y de Origen - Reg COOP-GT1606-A,Símbolo de Pequeños Productores (SPP),Aval y certificación de calidad agrícola o artesanal extendida para la organización Cooperativa Integral de Producción Agrícola de Tucurú R.L..
Certificación Orgánica y de Origen - Reg COOP-GT1606-B,Mayacert S.A. Guatemala,Aval y certificación de calidad agrícola o artesanal extendida para la organización Cooperativa Integral de Ahorro y Crédito de Tucurú R.L..
Certificación Orgánica y de Origen - Reg ASO-GT1606-C,ANACAFE,Aval y certificación de calidad agrícola o artesanal extendida para la organización Asociación de Productores y Comercializadores de Tucurú.
Certificación Orgánica y de Origen - Reg COOP-GT1607-A,Rainforest Alliance Central America,Aval y certificación de calidad agrícola o artesanal extendida para la organización Cooperativa Integral de Producción Agrícola de Panzós R.L..
Certificación Orgánica y de Origen - Reg COOP-GT1607-B,Símbolo de Pequeños Productores (SPP),Aval y certificación de calidad agrícola o artesanal extendida para la organización Cooperativa Integral de Ahorro y Crédito de Panzós R.L..
Certificación Orgánica y de Origen - Reg ASO-GT1607-C,Mayacert S.A. Guatemala,Aval y certificación de calidad agrícola o artesanal extendida para la organización Asociación de Productores y Comercializadores de Panzós.
Certificación Orgánica y de Origen - Reg COOP-GT1608-A,ANACAFE,Aval y certificación de calidad agrícola o artesanal extendida para la organización Cooperativa Integral de Producción Agrícola de Senahú R.L..
Certificación Orgánica y de Origen - Reg COOP-GT1608-B,Rainforest Alliance Central America,Aval y certificación de calidad agrícola o artesanal extendida para la organización Cooperativa Integral de Ahorro y Crédito de Senahú R.L..
Certificación Orgánica y de Origen - Reg ASO-GT1608-C,Símbolo de Pequeños Productores (SPP),Aval y certificación de calidad agrícola o artesanal extendida para la organización Asociación de Productores y Comercializadores de Senahú.
Certificación Orgánica y de Origen - Reg COOP-GT1609-A,Mayacert S.A. Guatemala,Aval y certificación de calidad agrícola o artesanal extendida para la organización Cooperativa Integral de Producción Agrícola de San Pedro Carchá R.L..
Certificación Orgánica y de Origen - Reg COOP-GT1609-B,ANACAFE,Aval y certificación de calidad agrícola o artesanal extendida para la organización Cooperativa Integral de Ahorro y Crédito de San Pedro Carchá R.L..
Certificación Orgánica y de Origen - Reg ASO-GT1609-C,Rainforest Alliance Central America,Aval y certificación de calidad agrícola o artesanal extendida para la organización Asociación de Productores y Comercializadores de San Pedro Carchá.
Certificación Orgánica y de Origen - Reg COOP-GT1610-A,Símbolo de Pequeños Productores (SPP),Aval y certificación de calidad agrícola o artesanal extendida para la organización Cooperativa Integral de Producción Agrícola de San Juan Chamelco R.L..
Certificación Orgánica y de Origen - Reg COOP-GT1610-B,Mayacert S.A. Guatemala,Aval y certificación de calidad agrícola o artesanal extendida para la organización Cooperativa Integral de Ahorro y Crédito de San Juan Chamelco R.L..
Certificación Orgánica y de Origen - Reg ASO-GT1610-C,ANACAFE,Aval y certificación de calidad agrícola o artesanal extendida para la organización Asociación de Productores y Comercializadores de San Juan Chamelco.
Certificación Orgánica y de Origen - Reg COOP-GT1611-A,Rainforest Alliance Central America,Aval y certificación de calidad agrícola o artesanal extendida para la organización Cooperativa Integral de Producción Agrícola de Lanquín R.L..
Certificación Orgánica y de Origen - Reg COOP-GT1611-B,Símbolo de Pequeños Productores (SPP),Aval y certificación de calidad agrícola o artesanal extendida para la organización Cooperativa Integral de Ahorro y Crédito de Lanquín R.L..
Certificación Orgánica y de Origen - Reg ASO-GT1611-C,Mayacert S.A. Guatemala,Aval y certificación de calidad agrícola o artesanal extendida para la organización Asociación de Productores y Comercializadores de Lanquín.
Certificación Orgánica y de Origen - Reg COOP-GT1612-A,ANACAFE,Aval y certificación de calidad agrícola o artesanal extendida para la organización Cooperativa Integral de Producción Agrícola de Cahabón R.L..
Certificación Orgánica y de Origen - Reg COOP-GT1612-B,Rainforest Alliance Central America,Aval y certificación de calidad agrícola o artesanal extendida para la organización Cooperativa Integral de Ahorro y Crédito de Cahabón R.L..
Certificación Orgánica y de Origen - Reg ASO-GT1612-C,Símbolo de Pequeños Productores (SPP),Aval y certificación de calidad agrícola o artesanal extendida para la organización Asociación de Productores y Comercializadores de Cahabón.
Certificación Orgánica y de Origen - Reg COOP-GT1613-A,Mayacert S.A. Guatemala,Aval y certificación de calidad agrícola o artesanal extendida para la organización Cooperativa Integral de Producción Agrícola de Chisec R.L..
Certificación Orgánica y de Origen - Reg COOP-GT1613-B,ANACAFE,Aval y certificación de calidad agrícola o artesanal extendida para la organización Cooperativa Integral de Ahorro y Crédito de Chisec R.L..
Certificación Orgánica y de Origen - Reg ASO-GT1613-C,Rainforest Alliance Central America,Aval y certificación de calidad agrícola o artesanal extendida para la organización Asociación de Productores y Comercializadores de Chisec.
Certificación Orgánica y de Origen - Reg COOP-GT1614-A,Símbolo de Pequeños Productores (SPP),Aval y certificación de calidad agrícola o artesanal extendida para la organización Cooperativa Integral de Producción Agrícola de Chahal R.L..
Certificación Orgánica y de Origen - Reg COOP-GT1614-B,Mayacert S.A. Guatemala,Aval y certificación de calidad agrícola o artesanal extendida para la organización Cooperativa Integral de Ahorro y Crédito de Chahal R.L..
Certificación Orgánica y de Origen - Reg ASO-GT1614-C,ANACAFE,Aval y certificación de calidad agrícola o artesanal extendida para la organización Asociación de Productores y Comercializadores de Chahal.
Certificación Orgánica y de Origen - Reg COOP-GT1615-A,Rainforest Alliance Central America,Aval y certificación de calidad agrícola o artesanal extendida para la organización Cooperativa Integral de Producción Agrícola de Fray Bartolomé de Las Casas R.L..
Certificación Orgánica y de Origen - Reg COOP-GT1615-B,Símbolo de Pequeños Productores (SPP),Aval y certificación de calidad agrícola o artesanal extendida para la organización Cooperativa Integral de Ahorro y Crédito de Fray Bartolomé de Las Casas R.L..
Certificación Orgánica y de Origen - Reg ASO-GT1615-C,Mayacert S.A. Guatemala,Aval y certificación de calidad agrícola o artesanal extendida para la organización Asociación de Productores y Comercializadores de Fray Bartolomé de Las Casas.
Certificación Orgánica y de Origen - Reg COOP-GT1616-A,ANACAFE,Aval y certificación de calidad agrícola o artesanal extendida para la organización Cooperativa Integral de Producción Agrícola de Santa Catalina La Tinta R.L..
Certificación Orgánica y de Origen - Reg COOP-GT1616-B,Rainforest Alliance Central America,Aval y certificación de calidad agrícola o artesanal extendida para la organización Cooperativa Integral de Ahorro y Crédito de Santa Catalina La Tinta R.L..
Certificación Orgánica y de Origen - Reg ASO-GT1616-C,Símbolo de Pequeños Productores (SPP),Aval y certificación de calidad agrícola o artesanal extendida para la organización Asociación de Productores y Comercializadores de Santa Catalina La Tinta.
Certificación Orgánica y de Origen - Reg COOP-GT1617-A,Mayacert S.A. Guatemala,Aval y certificación de calidad agrícola o artesanal extendida para la organización Cooperativa Integral de Producción Agrícola de Raxruhá R.L..
Certificación Orgánica y de Origen - Reg COOP-GT1617-B,ANACAFE,Aval y certificación de calidad agrícola o artesanal extendida para la organización Cooperativa Integral de Ahorro y Crédito de Raxruhá R.L..
Certificación Orgánica y de Origen - Reg ASO-GT1617-C,Rainforest Alliance Central America,Aval y certificación de calidad agrícola o artesanal extendida para la organización Asociación de Productores y Comercializadores de Raxruhá.
Certificación Orgánica y de Origen - Reg COOP-GT1701-A,Símbolo de Pequeños Productores (SPP),Aval y certificación de calidad agrícola o artesanal extendida para la organización Cooperativa Integral de Producción Agrícola de Flores R.L..
Certificación Orgánica y de Origen - Reg COOP-GT1701-B,Mayacert S.A. Guatemala,Aval y certificación de calidad agrícola o artesanal extendida para la organización Cooperativa Integral de Ahorro y Crédito de Flores R.L..
Certificación Orgánica y de Origen - Reg ASO-GT1701-C,ANACAFE,Aval y certificación de calidad agrícola o artesanal extendida para la organización Asociación de Productores y Comercializadores de Flores.
Certificación Orgánica y de Origen - Reg COOP-GT1702-A,Rainforest Alliance Central America,Aval y certificación de calidad agrícola o artesanal extendida para la organización Cooperativa Integral de Producción Agrícola de San José R.L..
Certificación Orgánica y de Origen - Reg COOP-GT1702-B,Símbolo de Pequeños Productores (SPP),Aval y certificación de calidad agrícola o artesanal extendida para la organización Cooperativa Integral de Ahorro y Crédito de San José R.L..
Certificación Orgánica y de Origen - Reg ASO-GT1702-C,Mayacert S.A. Guatemala,Aval y certificación de calidad agrícola o artesanal extendida para la organización Asociación de Productores y Comercializadores de San José.
Certificación Orgánica y de Origen - Reg COOP-GT1703-A,ANACAFE,Aval y certificación de calidad agrícola o artesanal extendida para la organización Cooperativa Integral de Producción Agrícola de San Benito R.L..
Certificación Orgánica y de Origen - Reg COOP-GT1703-B,Rainforest Alliance Central America,Aval y certificación de calidad agrícola o artesanal extendida para la organización Cooperativa Integral de Ahorro y Crédito de San Benito R.L..
Certificación Orgánica y de Origen - Reg ASO-GT1703-C,Símbolo de Pequeños Productores (SPP),Aval y certificación de calidad agrícola o artesanal extendida para la organización Asociación de Productores y Comercializadores de San Benito.
Certificación Orgánica y de Origen - Reg COOP-GT1704-A,Mayacert S.A. Guatemala,Aval y certificación de calidad agrícola o artesanal extendida para la organización Cooperativa Integral de Producción Agrícola de San Andrés R.L..
Certificación Orgánica y de Origen - Reg COOP-GT1704-B,ANACAFE,Aval y certificación de calidad agrícola o artesanal extendida para la organización Cooperativa Integral de Ahorro y Crédito de San Andrés R.L..
Certificación Orgánica y de Origen - Reg ASO-GT1704-C,Rainforest Alliance Central America,Aval y certificación de calidad agrícola o artesanal extendida para la organización Asociación de Productores y Comercializadores de San Andrés.
Certificación Orgánica y de Origen - Reg COOP-GT1705-A,Símbolo de Pequeños Productores (SPP),Aval y certificación de calidad agrícola o artesanal extendida para la organización Cooperativa Integral de Producción Agrícola de La Libertad R.L..
Certificación Orgánica y de Origen - Reg COOP-GT1705-B,Mayacert S.A. Guatemala,Aval y certificación de calidad agrícola o artesanal extendida para la organización Cooperativa Integral de Ahorro y Crédito de La Libertad R.L..
Certificación Orgánica y de Origen - Reg ASO-GT1705-C,ANACAFE,Aval y certificación de calidad agrícola o artesanal extendida para la organización Asociación de Productores y Comercializadores de La Libertad.
Certificación Orgánica y de Origen - Reg COOP-GT1706-A,Rainforest Alliance Central America,Aval y certificación de calidad agrícola o artesanal extendida para la organización Cooperativa Integral de Producción Agrícola de San Francisco R.L..
Certificación Orgánica y de Origen - Reg COOP-GT1706-B,Símbolo de Pequeños Productores (SPP),Aval y certificación de calidad agrícola o artesanal extendida para la organización Cooperativa Integral de Ahorro y Crédito de San Francisco R.L..
Certificación Orgánica y de Origen - Reg ASO-GT1706-C,Mayacert S.A. Guatemala,Aval y certificación de calidad agrícola o artesanal extendida para la organización Asociación de Productores y Comercializadores de San Francisco.
Certificación Orgánica y de Origen - Reg COOP-GT1707-A,ANACAFE,Aval y certificación de calidad agrícola o artesanal extendida para la organización Cooperativa Integral de Producción Agrícola de Santa Ana R.L..
Certificación Orgánica y de Origen - Reg COOP-GT1707-B,Rainforest Alliance Central America,Aval y certificación de calidad agrícola o artesanal extendida para la organización Cooperativa Integral de Ahorro y Crédito de Santa Ana R.L..
Certificación Orgánica y de Origen - Reg ASO-GT1707-C,Símbolo de Pequeños Productores (SPP),Aval y certificación de calidad agrícola o artesanal extendida para la organización Asociación de Productores y Comercializadores de Santa Ana.
Certificación Orgánica y de Origen - Reg COOP-GT1708-A,Mayacert S.A. Guatemala,Aval y certificación de calidad agrícola o artesanal extendida para la organización Cooperativa Integral de Producción Agrícola de Dolores R.L..
Certificación Orgánica y de Origen - Reg COOP-GT1708-B,ANACAFE,Aval y certificación de calidad agrícola o artesanal extendida para la organización Cooperativa Integral de Ahorro y Crédito de Dolores R.L..
Certificación Orgánica y de Origen - Reg ASO-GT1708-C,Rainforest Alliance Central America,Aval y certificación de calidad agrícola o artesanal extendida para la organización Asociación de Productores y Comercializadores de Dolores.
Certificación Orgánica y de Origen - Reg COOP-GT1709-A,Símbolo de Pequeños Productores (SPP),Aval y certificación de calidad agrícola o artesanal extendida para la organización Cooperativa Integral de Producción Agrícola de San Luis R.L..
Certificación Orgánica y de Origen - Reg COOP-GT1709-B,Mayacert S.A. Guatemala,Aval y certificación de calidad agrícola o artesanal extendida para la organización Cooperativa Integral de Ahorro y Crédito de San Luis R.L..
Certificación Orgánica y de Origen - Reg ASO-GT1709-C,ANACAFE,Aval y certificación de calidad agrícola o artesanal extendida para la organización Asociación de Productores y Comercializadores de San Luis.
Certificación Orgánica y de Origen - Reg COOP-GT1710-A,Rainforest Alliance Central America,Aval y certificación de calidad agrícola o artesanal extendida para la organización Cooperativa Integral de Producción Agrícola de Sayaxché R.L..
Certificación Orgánica y de Origen - Reg COOP-GT1710-B,Símbolo de Pequeños Productores (SPP),Aval y certificación de calidad agrícola o artesanal extendida para la organización Cooperativa Integral de Ahorro y Crédito de Sayaxché R.L..
Certificación Orgánica y de Origen - Reg ASO-GT1710-C,Mayacert S.A. Guatemala,Aval y certificación de calidad agrícola o artesanal extendida para la organización Asociación de Productores y Comercializadores de Sayaxché.
Certificación Orgánica y de Origen - Reg COOP-GT1711-A,ANACAFE,Aval y certificación de calidad agrícola o artesanal extendida para la organización Cooperativa Integral de Producción Agrícola de Melchor de Mencos R.L..
Certificación Orgánica y de Origen - Reg COOP-GT1711-B,Rainforest Alliance Central America,Aval y certificación de calidad agrícola o artesanal extendida para la organización Cooperativa Integral de Ahorro y Crédito de Melchor de Mencos R.L..
Certificación Orgánica y de Origen - Reg ASO-GT1711-C,Símbolo de Pequeños Productores (SPP),Aval y certificación de calidad agrícola o artesanal extendida para la organización Asociación de Productores y Comercializadores de Melchor de Mencos.
Certificación Orgánica y de Origen - Reg COOP-GT1712-A,Mayacert S.A. Guatemala,Aval y certificación de calidad agrícola o artesanal extendida para la organización Cooperativa Integral de Producción Agrícola de Poptún R.L..
Certificación Orgánica y de Origen - Reg COOP-GT1712-B,ANACAFE,Aval y certificación de calidad agrícola o artesanal extendida para la organización Cooperativa Integral de Ahorro y Crédito de Poptún R.L..
Certificación Orgánica y de Origen - Reg ASO-GT1712-C,Rainforest Alliance Central America,Aval y certificación de calidad agrícola o artesanal extendida para la organización Asociación de Productores y Comercializadores de Poptún.
Certificación Orgánica y de Origen - Reg COOP-GT1713-A,Símbolo de Pequeños Productores (SPP),Aval y certificación de calidad agrícola o artesanal extendida para la organización Cooperativa Integral de Producción Agrícola de Las Cruces R.L..
Certificación Orgánica y de Origen - Reg COOP-GT1713-B,Mayacert S.A. Guatemala,Aval y certificación de calidad agrícola o artesanal extendida para la organización Cooperativa Integral de Ahorro y Crédito de Las Cruces R.L..
Certificación Orgánica y de Origen - Reg ASO-GT1713-C,ANACAFE,Aval y certificación de calidad agrícola o artesanal extendida para la organización Asociación de Productores y Comercializadores de Las Cruces.
Certificación Orgánica y de Origen - Reg COOP-GT1714-A,Rainforest Alliance Central America,Aval y certificación de calidad agrícola o artesanal extendida para la organización Cooperativa Integral de Producción Agrícola de El Chal R.L..
Certificación Orgánica y de Origen - Reg COOP-GT1714-B,Símbolo de Pequeños Productores (SPP),Aval y certificación de calidad agrícola o artesanal extendida para la organización Cooperativa Integral de Ahorro y Crédito de El Chal R.L..
Certificación Orgánica y de Origen - Reg ASO-GT1714-C,Mayacert S.A. Guatemala,Aval y certificación de calidad agrícola o artesanal extendida para la organización Asociación de Productores y Comercializadores de El Chal.
Certificación Orgánica y de Origen - Reg COOP-GT1801-A,ANACAFE,Aval y certificación de calidad agrícola o artesanal extendida para la organización Cooperativa Integral de Producción Agrícola de Puerto Barrios R.L..
Certificación Orgánica y de Origen - Reg COOP-GT1801-B,Rainforest Alliance Central America,Aval y certificación de calidad agrícola o artesanal extendida para la organización Cooperativa Integral de Ahorro y Crédito de Puerto Barrios R.L..
Certificación Orgánica y de Origen - Reg ASO-GT1801-C,Símbolo de Pequeños Productores (SPP),Aval y certificación de calidad agrícola o artesanal extendida para la organización Asociación de Productores y Comercializadores de Puerto Barrios.
Certificación Orgánica y de Origen - Reg COOP-GT1802-A,Mayacert S.A. Guatemala,Aval y certificación de calidad agrícola o artesanal extendida para la organización Cooperativa Integral de Producción Agrícola de Lívingston R.L..
Certificación Orgánica y de Origen - Reg COOP-GT1802-B,ANACAFE,Aval y certificación de calidad agrícola o artesanal extendida para la organización Cooperativa Integral de Ahorro y Crédito de Lívingston R.L..
Certificación Orgánica y de Origen - Reg ASO-GT1802-C,Rainforest Alliance Central America,Aval y certificación de calidad agrícola o artesanal extendida para la organización Asociación de Productores y Comercializadores de Lívingston.
Certificación Orgánica y de Origen - Reg COOP-GT1803-A,Símbolo de Pequeños Productores (SPP),Aval y certificación de calidad agrícola o artesanal extendida para la organización Cooperativa Integral de Producción Agrícola de El Estor R.L..
Certificación Orgánica y de Origen - Reg COOP-GT1803-B,Mayacert S.A. Guatemala,Aval y certificación de calidad agrícola o artesanal extendida para la organización Cooperativa Integral de Ahorro y Crédito de El Estor R.L..
Certificación Orgánica y de Origen - Reg ASO-GT1803-C,ANACAFE,Aval y certificación de calidad agrícola o artesanal extendida para la organización Asociación de Productores y Comercializadores de El Estor.
Certificación Orgánica y de Origen - Reg COOP-GT1804-A,Rainforest Alliance Central America,Aval y certificación de calidad agrícola o artesanal extendida para la organización Cooperativa Integral de Producción Agrícola de Morales R.L..
Certificación Orgánica y de Origen - Reg COOP-GT1804-B,Símbolo de Pequeños Productores (SPP),Aval y certificación de calidad agrícola o artesanal extendida para la organización Cooperativa Integral de Ahorro y Crédito de Morales R.L..
Certificación Orgánica y de Origen - Reg ASO-GT1804-C,Mayacert S.A. Guatemala,Aval y certificación de calidad agrícola o artesanal extendida para la organización Asociación de Productores y Comercializadores de Morales.
Certificación Orgánica y de Origen - Reg COOP-GT1805-A,ANACAFE,Aval y certificación de calidad agrícola o artesanal extendida para la organización Cooperativa Integral de Producción Agrícola de Los Amates R.L..
Certificación Orgánica y de Origen - Reg COOP-GT1805-B,Rainforest Alliance Central America,Aval y certificación de calidad agrícola o artesanal extendida para la organización Cooperativa Integral de Ahorro y Crédito de Los Amates R.L..
Certificación Orgánica y de Origen - Reg ASO-GT1805-C,Símbolo de Pequeños Productores (SPP),Aval y certificación de calidad agrícola o artesanal extendida para la organización Asociación de Productores y Comercializadores de Los Amates.
Certificación Orgánica y de Origen - Reg COOP-GT1901-A,Mayacert S.A. Guatemala,Aval y certificación de calidad agrícola o artesanal extendida para la organización Cooperativa Integral de Producción Agrícola de Zacapa R.L..
Certificación Orgánica y de Origen - Reg COOP-GT1901-B,ANACAFE,Aval y certificación de calidad agrícola o artesanal extendida para la organización Cooperativa Integral de Ahorro y Crédito de Zacapa R.L..
Certificación Orgánica y de Origen - Reg ASO-GT1901-C,Rainforest Alliance Central America,Aval y certificación de calidad agrícola o artesanal extendida para la organización Asociación de Productores y Comercializadores de Zacapa.
Certificación Orgánica y de Origen - Reg COOP-GT1902-A,Símbolo de Pequeños Productores (SPP),Aval y certificación de calidad agrícola o artesanal extendida para la organización Cooperativa Integral de Producción Agrícola de Estanzuela R.L..
Certificación Orgánica y de Origen - Reg COOP-GT1902-B,Mayacert S.A. Guatemala,Aval y certificación de calidad agrícola o artesanal extendida para la organización Cooperativa Integral de Ahorro y Crédito de Estanzuela R.L..
Certificación Orgánica y de Origen - Reg ASO-GT1902-C,ANACAFE,Aval y certificación de calidad agrícola o artesanal extendida para la organización Asociación de Productores y Comercializadores de Estanzuela.
Certificación Orgánica y de Origen - Reg COOP-GT1903-A,Rainforest Alliance Central America,Aval y certificación de calidad agrícola o artesanal extendida para la organización Cooperativa Integral de Producción Agrícola de Río Hondo R.L..
Certificación Orgánica y de Origen - Reg COOP-GT1903-B,Símbolo de Pequeños Productores (SPP),Aval y certificación de calidad agrícola o artesanal extendida para la organización Cooperativa Integral de Ahorro y Crédito de Río Hondo R.L..
Certificación Orgánica y de Origen - Reg ASO-GT1903-C,Mayacert S.A. Guatemala,Aval y certificación de calidad agrícola o artesanal extendida para la organización Asociación de Productores y Comercializadores de Río Hondo.
Certificación Orgánica y de Origen - Reg COOP-GT1904-A,ANACAFE,Aval y certificación de calidad agrícola o artesanal extendida para la organización Cooperativa Integral de Producción Agrícola de Gualán R.L..
Certificación Orgánica y de Origen - Reg COOP-GT1904-B,Rainforest Alliance Central America,Aval y certificación de calidad agrícola o artesanal extendida para la organización Cooperativa Integral de Ahorro y Crédito de Gualán R.L..
Certificación Orgánica y de Origen - Reg ASO-GT1904-C,Símbolo de Pequeños Productores (SPP),Aval y certificación de calidad agrícola o artesanal extendida para la organización Asociación de Productores y Comercializadores de Gualán.
Certificación Orgánica y de Origen - Reg COOP-GT1905-A,Mayacert S.A. Guatemala,Aval y certificación de calidad agrícola o artesanal extendida para la organización Cooperativa Integral de Producción Agrícola de Teculután R.L..
Certificación Orgánica y de Origen - Reg COOP-GT1905-B,ANACAFE,Aval y certificación de calidad agrícola o artesanal extendida para la organización Cooperativa Integral de Ahorro y Crédito de Teculután R.L..
Certificación Orgánica y de Origen - Reg ASO-GT1905-C,Rainforest Alliance Central America,Aval y certificación de calidad agrícola o artesanal extendida para la organización Asociación de Productores y Comercializadores de Teculután.
Certificación Orgánica y de Origen - Reg COOP-GT1906-A,Símbolo de Pequeños Productores (SPP),Aval y certificación de calidad agrícola o artesanal extendida para la organización Cooperativa Integral de Producción Agrícola de Usumatlán R.L..
Certificación Orgánica y de Origen - Reg COOP-GT1906-B,Mayacert S.A. Guatemala,Aval y certificación de calidad agrícola o artesanal extendida para la organización Cooperativa Integral de Ahorro y Crédito de Usumatlán R.L..
Certificación Orgánica y de Origen - Reg ASO-GT1906-C,ANACAFE,Aval y certificación de calidad agrícola o artesanal extendida para la organización Asociación de Productores y Comercializadores de Usumatlán.
Certificación Orgánica y de Origen - Reg COOP-GT1907-A,Rainforest Alliance Central America,Aval y certificación de calidad agrícola o artesanal extendida para la organización Cooperativa Integral de Producción Agrícola de Cabañas R.L..
Certificación Orgánica y de Origen - Reg COOP-GT1907-B,Símbolo de Pequeños Productores (SPP),Aval y certificación de calidad agrícola o artesanal extendida para la organización Cooperativa Integral de Ahorro y Crédito de Cabañas R.L..
Certificación Orgánica y de Origen - Reg ASO-GT1907-C,Mayacert S.A. Guatemala,Aval y certificación de calidad agrícola o artesanal extendida para la organización Asociación de Productores y Comercializadores de Cabañas.
Certificación Orgánica y de Origen - Reg COOP-GT1908-A,ANACAFE,Aval y certificación de calidad agrícola o artesanal extendida para la organización Cooperativa Integral de Producción Agrícola de San Diego R.L..
Certificación Orgánica y de Origen - Reg COOP-GT1908-B,Rainforest Alliance Central America,Aval y certificación de calidad agrícola o artesanal extendida para la organización Cooperativa Integral de Ahorro y Crédito de San Diego R.L..
Certificación Orgánica y de Origen - Reg ASO-GT1908-C,Símbolo de Pequeños Productores (SPP),Aval y certificación de calidad agrícola o artesanal extendida para la organización Asociación de Productores y Comercializadores de San Diego.
Certificación Orgánica y de Origen - Reg COOP-GT1909-A,Mayacert S.A. Guatemala,Aval y certificación de calidad agrícola o artesanal extendida para la organización Cooperativa Integral de Producción Agrícola de La Unión R.L..
Certificación Orgánica y de Origen - Reg COOP-GT1909-B,ANACAFE,Aval y certificación de calidad agrícola o artesanal extendida para la organización Cooperativa Integral de Ahorro y Crédito de La Unión R.L..
Certificación Orgánica y de Origen - Reg ASO-GT1909-C,Rainforest Alliance Central America,Aval y certificación de calidad agrícola o artesanal extendida para la organización Asociación de Productores y Comercializadores de La Unión.
Certificación Orgánica y de Origen - Reg COOP-GT1910-A,Símbolo de Pequeños Productores (SPP),Aval y certificación de calidad agrícola o artesanal extendida para la organización Cooperativa Integral de Producción Agrícola de Huité R.L..
Certificación Orgánica y de Origen - Reg COOP-GT1910-B,Mayacert S.A. Guatemala,Aval y certificación de calidad agrícola o artesanal extendida para la organización Cooperativa Integral de Ahorro y Crédito de Huité R.L..
Certificación Orgánica y de Origen - Reg ASO-GT1910-C,ANACAFE,Aval y certificación de calidad agrícola o artesanal extendida para la organización Asociación de Productores y Comercializadores de Huité.
Certificación Orgánica y de Origen - Reg COOP-GT1911-A,Rainforest Alliance Central America,Aval y certificación de calidad agrícola o artesanal extendida para la organización Cooperativa Integral de Producción Agrícola de San Jorge R.L..
Certificación Orgánica y de Origen - Reg COOP-GT1911-B,Símbolo de Pequeños Productores (SPP),Aval y certificación de calidad agrícola o artesanal extendida para la organización Cooperativa Integral de Ahorro y Crédito de San Jorge R.L..
Certificación Orgánica y de Origen - Reg ASO-GT1911-C,Mayacert S.A. Guatemala,Aval y certificación de calidad agrícola o artesanal extendida para la organización Asociación de Productores y Comercializadores de San Jorge.
Certificación Orgánica y de Origen - Reg COOP-GT2001-A,ANACAFE,Aval y certificación de calidad agrícola o artesanal extendida para la organización Cooperativa Integral de Producción Agrícola de Chiquimula R.L..
Certificación Orgánica y de Origen - Reg COOP-GT2001-B,Rainforest Alliance Central America,Aval y certificación de calidad agrícola o artesanal extendida para la organización Cooperativa Integral de Ahorro y Crédito de Chiquimula R.L..
Certificación Orgánica y de Origen - Reg ASO-GT2001-C,Símbolo de Pequeños Productores (SPP),Aval y certificación de calidad agrícola o artesanal extendida para la organización Asociación de Productores y Comercializadores de Chiquimula.
Certificación Orgánica y de Origen - Reg COOP-GT2002-A,Mayacert S.A. Guatemala,Aval y certificación de calidad agrícola o artesanal extendida para la organización Cooperativa Integral de Producción Agrícola de San José La Arada R.L..
Certificación Orgánica y de Origen - Reg COOP-GT2002-B,ANACAFE,Aval y certificación de calidad agrícola o artesanal extendida para la organización Cooperativa Integral de Ahorro y Crédito de San José La Arada R.L..
Certificación Orgánica y de Origen - Reg ASO-GT2002-C,Rainforest Alliance Central America,Aval y certificación de calidad agrícola o artesanal extendida para la organización Asociación de Productores y Comercializadores de San José La Arada.
Certificación Orgánica y de Origen - Reg COOP-GT2003-A,Símbolo de Pequeños Productores (SPP),Aval y certificación de calidad agrícola o artesanal extendida para la organización Cooperativa Integral de Producción Agrícola de San Juan Ermita R.L..
Certificación Orgánica y de Origen - Reg COOP-GT2003-B,Mayacert S.A. Guatemala,Aval y certificación de calidad agrícola o artesanal extendida para la organización Cooperativa Integral de Ahorro y Crédito de San Juan Ermita R.L..
Certificación Orgánica y de Origen - Reg ASO-GT2003-C,ANACAFE,Aval y certificación de calidad agrícola o artesanal extendida para la organización Asociación de Productores y Comercializadores de San Juan Ermita.
Certificación Orgánica y de Origen - Reg COOP-GT2004-A,Rainforest Alliance Central America,Aval y certificación de calidad agrícola o artesanal extendida para la organización Cooperativa Integral de Producción Agrícola de Jocotán R.L..
Certificación Orgánica y de Origen - Reg COOP-GT2004-B,Símbolo de Pequeños Productores (SPP),Aval y certificación de calidad agrícola o artesanal extendida para la organización Cooperativa Integral de Ahorro y Crédito de Jocotán R.L..
Certificación Orgánica y de Origen - Reg ASO-GT2004-C,Mayacert S.A. Guatemala,Aval y certificación de calidad agrícola o artesanal extendida para la organización Asociación de Productores y Comercializadores de Jocotán.
Certificación Orgánica y de Origen - Reg COOP-GT2005-A,ANACAFE,Aval y certificación de calidad agrícola o artesanal extendida para la organización Cooperativa Integral de Producción Agrícola de Camotán R.L..
Certificación Orgánica y de Origen - Reg COOP-GT2005-B,Rainforest Alliance Central America,Aval y certificación de calidad agrícola o artesanal extendida para la organización Cooperativa Integral de Ahorro y Crédito de Camotán R.L..
Certificación Orgánica y de Origen - Reg ASO-GT2005-C,Símbolo de Pequeños Productores (SPP),Aval y certificación de calidad agrícola o artesanal extendida para la organización Asociación de Productores y Comercializadores de Camotán.
Certificación Orgánica y de Origen - Reg COOP-GT2006-A,Mayacert S.A. Guatemala,Aval y certificación de calidad agrícola o artesanal extendida para la organización Cooperativa Integral de Producción Agrícola de Olopa R.L..
Certificación Orgánica y de Origen - Reg COOP-GT2006-B,ANACAFE,Aval y certificación de calidad agrícola o artesanal extendida para la organización Cooperativa Integral de Ahorro y Crédito de Olopa R.L..
Certificación Orgánica y de Origen - Reg ASO-GT2006-C,Rainforest Alliance Central America,Aval y certificación de calidad agrícola o artesanal extendida para la organización Asociación de Productores y Comercializadores de Olopa.
Certificación Orgánica y de Origen - Reg COOP-GT2007-A,Símbolo de Pequeños Productores (SPP),Aval y certificación de calidad agrícola o artesanal extendida para la organización Cooperativa Integral de Producción Agrícola de Esquipulas R.L..
Certificación Orgánica y de Origen - Reg COOP-GT2007-B,Mayacert S.A. Guatemala,Aval y certificación de calidad agrícola o artesanal extendida para la organización Cooperativa Integral de Ahorro y Crédito de Esquipulas R.L..
Certificación Orgánica y de Origen - Reg ASO-GT2007-C,ANACAFE,Aval y certificación de calidad agrícola o artesanal extendida para la organización Asociación de Productores y Comercializadores de Esquipulas.
Certificación Orgánica y de Origen - Reg COOP-GT2008-A,Rainforest Alliance Central America,Aval y certificación de calidad agrícola o artesanal extendida para la organización Cooperativa Integral de Producción Agrícola de Concepción Las Minas R.L..
Certificación Orgánica y de Origen - Reg COOP-GT2008-B,Símbolo de Pequeños Productores (SPP),Aval y certificación de calidad agrícola o artesanal extendida para la organización Cooperativa Integral de Ahorro y Crédito de Concepción Las Minas R.L..
Certificación Orgánica y de Origen - Reg ASO-GT2008-C,Mayacert S.A. Guatemala,Aval y certificación de calidad agrícola o artesanal extendida para la organización Asociación de Productores y Comercializadores de Concepción Las Minas.
Certificación Orgánica y de Origen - Reg COOP-GT2009-A,ANACAFE,Aval y certificación de calidad agrícola o artesanal extendida para la organización Cooperativa Integral de Producción Agrícola de Quezaltepeque R.L..
Certificación Orgánica y de Origen - Reg COOP-GT2009-B,Rainforest Alliance Central America,Aval y certificación de calidad agrícola o artesanal extendida para la organización Cooperativa Integral de Ahorro y Crédito de Quezaltepeque R.L..
Certificación Orgánica y de Origen - Reg ASO-GT2009-C,Símbolo de Pequeños Productores (SPP),Aval y certificación de calidad agrícola o artesanal extendida para la organización Asociación de Productores y Comercializadores de Quezaltepeque.
Certificación Orgánica y de Origen - Reg COOP-GT2010-A,Mayacert S.A. Guatemala,Aval y certificación de calidad agrícola o artesanal extendida para la organización Cooperativa Integral de Producción Agrícola de San Jacinto R.L..
Certificación Orgánica y de Origen - Reg COOP-GT2010-B,ANACAFE,Aval y certificación de calidad agrícola o artesanal extendida para la organización Cooperativa Integral de Ahorro y Crédito de San Jacinto R.L..
Certificación Orgánica y de Origen - Reg ASO-GT2010-C,Rainforest Alliance Central America,Aval y certificación de calidad agrícola o artesanal extendida para la organización Asociación de Productores y Comercializadores de San Jacinto.
Certificación Orgánica y de Origen - Reg COOP-GT2011-A,Símbolo de Pequeños Productores (SPP),Aval y certificación de calidad agrícola o artesanal extendida para la organización Cooperativa Integral de Producción Agrícola de Ipala R.L..
Certificación Orgánica y de Origen - Reg COOP-GT2011-B,Mayacert S.A. Guatemala,Aval y certificación de calidad agrícola o artesanal extendida para la organización Cooperativa Integral de Ahorro y Crédito de Ipala R.L..
Certificación Orgánica y de Origen - Reg ASO-GT2011-C,ANACAFE,Aval y certificación de calidad agrícola o artesanal extendida para la organización Asociación de Productores y Comercializadores de Ipala.
Certificación Orgánica y de Origen - Reg COOP-GT2101-A,Rainforest Alliance Central America,Aval y certificación de calidad agrícola o artesanal extendida para la organización Cooperativa Integral de Producción Agrícola de Jalapa R.L..
Certificación Orgánica y de Origen - Reg COOP-GT2101-B,Símbolo de Pequeños Productores (SPP),Aval y certificación de calidad agrícola o artesanal extendida para la organización Cooperativa Integral de Ahorro y Crédito de Jalapa R.L..
Certificación Orgánica y de Origen - Reg ASO-GT2101-C,Mayacert S.A. Guatemala,Aval y certificación de calidad agrícola o artesanal extendida para la organización Asociación de Productores y Comercializadores de Jalapa.
Certificación Orgánica y de Origen - Reg COOP-GT2102-A,ANACAFE,Aval y certificación de calidad agrícola o artesanal extendida para la organización Cooperativa Integral de Producción Agrícola de San Pedro Pinula R.L..
Certificación Orgánica y de Origen - Reg COOP-GT2102-B,Rainforest Alliance Central America,Aval y certificación de calidad agrícola o artesanal extendida para la organización Cooperativa Integral de Ahorro y Crédito de San Pedro Pinula R.L..
Certificación Orgánica y de Origen - Reg ASO-GT2102-C,Símbolo de Pequeños Productores (SPP),Aval y certificación de calidad agrícola o artesanal extendida para la organización Asociación de Productores y Comercializadores de San Pedro Pinula.
Certificación Orgánica y de Origen - Reg COOP-GT2103-A,Mayacert S.A. Guatemala,Aval y certificación de calidad agrícola o artesanal extendida para la organización Cooperativa Integral de Producción Agrícola de San Luis Jilotepeque R.L..
Certificación Orgánica y de Origen - Reg COOP-GT2103-B,ANACAFE,Aval y certificación de calidad agrícola o artesanal extendida para la organización Cooperativa Integral de Ahorro y Crédito de San Luis Jilotepeque R.L..
Certificación Orgánica y de Origen - Reg ASO-GT2103-C,Rainforest Alliance Central America,Aval y certificación de calidad agrícola o artesanal extendida para la organización Asociación de Productores y Comercializadores de San Luis Jilotepeque.
Certificación Orgánica y de Origen - Reg COOP-GT2104-A,Símbolo de Pequeños Productores (SPP),Aval y certificación de calidad agrícola o artesanal extendida para la organización Cooperativa Integral de Producción Agrícola de San Manuel Chaparrón R.L..
Certificación Orgánica y de Origen - Reg COOP-GT2104-B,Mayacert S.A. Guatemala,Aval y certificación de calidad agrícola o artesanal extendida para la organización Cooperativa Integral de Ahorro y Crédito de San Manuel Chaparrón R.L..
Certificación Orgánica y de Origen - Reg ASO-GT2104-C,ANACAFE,Aval y certificación de calidad agrícola o artesanal extendida para la organización Asociación de Productores y Comercializadores de San Manuel Chaparrón.
Certificación Orgánica y de Origen - Reg COOP-GT2105-A,Rainforest Alliance Central America,Aval y certificación de calidad agrícola o artesanal extendida para la organización Cooperativa Integral de Producción Agrícola de San Carlos Alzatate R.L..
Certificación Orgánica y de Origen - Reg COOP-GT2105-B,Símbolo de Pequeños Productores (SPP),Aval y certificación de calidad agrícola o artesanal extendida para la organización Cooperativa Integral de Ahorro y Crédito de San Carlos Alzatate R.L..
Certificación Orgánica y de Origen - Reg ASO-GT2105-C,Mayacert S.A. Guatemala,Aval y certificación de calidad agrícola o artesanal extendida para la organización Asociación de Productores y Comercializadores de San Carlos Alzatate.
Certificación Orgánica y de Origen - Reg COOP-GT2106-A,ANACAFE,Aval y certificación de calidad agrícola o artesanal extendida para la organización Cooperativa Integral de Producción Agrícola de Monjas R.L..
Certificación Orgánica y de Origen - Reg COOP-GT2106-B,Rainforest Alliance Central America,Aval y certificación de calidad agrícola o artesanal extendida para la organización Cooperativa Integral de Ahorro y Crédito de Monjas R.L..
Certificación Orgánica y de Origen - Reg ASO-GT2106-C,Símbolo de Pequeños Productores (SPP),Aval y certificación de calidad agrícola o artesanal extendida para la organización Asociación de Productores y Comercializadores de Monjas.
Certificación Orgánica y de Origen - Reg COOP-GT2107-A,Mayacert S.A. Guatemala,Aval y certificación de calidad agrícola o artesanal extendida para la organización Cooperativa Integral de Producción Agrícola de Mataquescuintla R.L..
Certificación Orgánica y de Origen - Reg COOP-GT2107-B,ANACAFE,Aval y certificación de calidad agrícola o artesanal extendida para la organización Cooperativa Integral de Ahorro y Crédito de Mataquescuintla R.L..
Certificación Orgánica y de Origen - Reg ASO-GT2107-C,Rainforest Alliance Central America,Aval y certificación de calidad agrícola o artesanal extendida para la organización Asociación de Productores y Comercializadores de Mataquescuintla.
Certificación Orgánica y de Origen - Reg COOP-GT2201-A,Símbolo de Pequeños Productores (SPP),Aval y certificación de calidad agrícola o artesanal extendida para la organización Cooperativa Integral de Producción Agrícola de Jutiapa R.L..
Certificación Orgánica y de Origen - Reg COOP-GT2201-B,Mayacert S.A. Guatemala,Aval y certificación de calidad agrícola o artesanal extendida para la organización Cooperativa Integral de Ahorro y Crédito de Jutiapa R.L..
Certificación Orgánica y de Origen - Reg ASO-GT2201-C,ANACAFE,Aval y certificación de calidad agrícola o artesanal extendida para la organización Asociación de Productores y Comercializadores de Jutiapa.
Certificación Orgánica y de Origen - Reg COOP-GT2202-A,Rainforest Alliance Central America,Aval y certificación de calidad agrícola o artesanal extendida para la organización Cooperativa Integral de Producción Agrícola de El Progreso R.L..
Certificación Orgánica y de Origen - Reg COOP-GT2202-B,Símbolo de Pequeños Productores (SPP),Aval y certificación de calidad agrícola o artesanal extendida para la organización Cooperativa Integral de Ahorro y Crédito de El Progreso R.L..
Certificación Orgánica y de Origen - Reg ASO-GT2202-C,Mayacert S.A. Guatemala,Aval y certificación de calidad agrícola o artesanal extendida para la organización Asociación de Productores y Comercializadores de El Progreso.
Certificación Orgánica y de Origen - Reg COOP-GT2203-A,ANACAFE,Aval y certificación de calidad agrícola o artesanal extendida para la organización Cooperativa Integral de Producción Agrícola de Santa Catarina Mita R.L..
Certificación Orgánica y de Origen - Reg COOP-GT2203-B,Rainforest Alliance Central America,Aval y certificación de calidad agrícola o artesanal extendida para la organización Cooperativa Integral de Ahorro y Crédito de Santa Catarina Mita R.L..
Certificación Orgánica y de Origen - Reg ASO-GT2203-C,Símbolo de Pequeños Productores (SPP),Aval y certificación de calidad agrícola o artesanal extendida para la organización Asociación de Productores y Comercializadores de Santa Catarina Mita.
Certificación Orgánica y de Origen - Reg COOP-GT2204-A,Mayacert S.A. Guatemala,Aval y certificación de calidad agrícola o artesanal extendida para la organización Cooperativa Integral de Producción Agrícola de Agua Blanca R.L..
Certificación Orgánica y de Origen - Reg COOP-GT2204-B,ANACAFE,Aval y certificación de calidad agrícola o artesanal extendida para la organización Cooperativa Integral de Ahorro y Crédito de Agua Blanca R.L..
Certificación Orgánica y de Origen - Reg ASO-GT2204-C,Rainforest Alliance Central America,Aval y certificación de calidad agrícola o artesanal extendida para la organización Asociación de Productores y Comercializadores de Agua Blanca.
Certificación Orgánica y de Origen - Reg COOP-GT2205-A,Símbolo de Pequeños Productores (SPP),Aval y certificación de calidad agrícola o artesanal extendida para la organización Cooperativa Integral de Producción Agrícola de Asunción Mita R.L..
Certificación Orgánica y de Origen - Reg COOP-GT2205-B,Mayacert S.A. Guatemala,Aval y certificación de calidad agrícola o artesanal extendida para la organización Cooperativa Integral de Ahorro y Crédito de Asunción Mita R.L..
Certificación Orgánica y de Origen - Reg ASO-GT2205-C,ANACAFE,Aval y certificación de calidad agrícola o artesanal extendida para la organización Asociación de Productores y Comercializadores de Asunción Mita.
Certificación Orgánica y de Origen - Reg COOP-GT2206-A,Rainforest Alliance Central America,Aval y certificación de calidad agrícola o artesanal extendida para la organización Cooperativa Integral de Producción Agrícola de Yupiltepeque R.L..
Certificación Orgánica y de Origen - Reg COOP-GT2206-B,Símbolo de Pequeños Productores (SPP),Aval y certificación de calidad agrícola o artesanal extendida para la organización Cooperativa Integral de Ahorro y Crédito de Yupiltepeque R.L..
Certificación Orgánica y de Origen - Reg ASO-GT2206-C,Mayacert S.A. Guatemala,Aval y certificación de calidad agrícola o artesanal extendida para la organización Asociación de Productores y Comercializadores de Yupiltepeque.
Certificación Orgánica y de Origen - Reg COOP-GT2207-A,ANACAFE,Aval y certificación de calidad agrícola o artesanal extendida para la organización Cooperativa Integral de Producción Agrícola de Atescatempa R.L..
Certificación Orgánica y de Origen - Reg COOP-GT2207-B,Rainforest Alliance Central America,Aval y certificación de calidad agrícola o artesanal extendida para la organización Cooperativa Integral de Ahorro y Crédito de Atescatempa R.L..
Certificación Orgánica y de Origen - Reg ASO-GT2207-C,Símbolo de Pequeños Productores (SPP),Aval y certificación de calidad agrícola o artesanal extendida para la organización Asociación de Productores y Comercializadores de Atescatempa.
Certificación Orgánica y de Origen - Reg COOP-GT2208-A,Mayacert S.A. Guatemala,Aval y certificación de calidad agrícola o artesanal extendida para la organización Cooperativa Integral de Producción Agrícola de Jerez R.L..
Certificación Orgánica y de Origen - Reg COOP-GT2208-B,ANACAFE,Aval y certificación de calidad agrícola o artesanal extendida para la organización Cooperativa Integral de Ahorro y Crédito de Jerez R.L..
Certificación Orgánica y de Origen - Reg ASO-GT2208-C,Rainforest Alliance Central America,Aval y certificación de calidad agrícola o artesanal extendida para la organización Asociación de Productores y Comercializadores de Jerez.
Certificación Orgánica y de Origen - Reg COOP-GT2209-A,Símbolo de Pequeños Productores (SPP),Aval y certificación de calidad agrícola o artesanal extendida para la organización Cooperativa Integral de Producción Agrícola de El Adelanto R.L..
Certificación Orgánica y de Origen - Reg COOP-GT2209-B,Mayacert S.A. Guatemala,Aval y certificación de calidad agrícola o artesanal extendida para la organización Cooperativa Integral de Ahorro y Crédito de El Adelanto R.L..
Certificación Orgánica y de Origen - Reg ASO-GT2209-C,ANACAFE,Aval y certificación de calidad agrícola o artesanal extendida para la organización Asociación de Productores y Comercializadores de El Adelanto.
Certificación Orgánica y de Origen - Reg COOP-GT2210-A,Rainforest Alliance Central America,Aval y certificación de calidad agrícola o artesanal extendida para la organización Cooperativa Integral de Producción Agrícola de Zapotitlán R.L..
Certificación Orgánica y de Origen - Reg COOP-GT2210-B,Símbolo de Pequeños Productores (SPP),Aval y certificación de calidad agrícola o artesanal extendida para la organización Cooperativa Integral de Ahorro y Crédito de Zapotitlán R.L..
Certificación Orgánica y de Origen - Reg ASO-GT2210-C,Mayacert S.A. Guatemala,Aval y certificación de calidad agrícola o artesanal extendida para la organización Asociación de Productores y Comercializadores de Zapotitlán.
Certificación Orgánica y de Origen - Reg COOP-GT2211-A,ANACAFE,Aval y certificación de calidad agrícola o artesanal extendida para la organización Cooperativa Integral de Producción Agrícola de Comapa R.L..
Certificación Orgánica y de Origen - Reg COOP-GT2211-B,Rainforest Alliance Central America,Aval y certificación de calidad agrícola o artesanal extendida para la organización Cooperativa Integral de Ahorro y Crédito de Comapa R.L..
Certificación Orgánica y de Origen - Reg ASO-GT2211-C,Símbolo de Pequeños Productores (SPP),Aval y certificación de calidad agrícola o artesanal extendida para la organización Asociación de Productores y Comercializadores de Comapa.
Certificación Orgánica y de Origen - Reg COOP-GT2212-A,Mayacert S.A. Guatemala,Aval y certificación de calidad agrícola o artesanal extendida para la organización Cooperativa Integral de Producción Agrícola de Jalpatagua R.L..
Certificación Orgánica y de Origen - Reg COOP-GT2212-B,ANACAFE,Aval y certificación de calidad agrícola o artesanal extendida para la organización Cooperativa Integral de Ahorro y Crédito de Jalpatagua R.L..
Certificación Orgánica y de Origen - Reg ASO-GT2212-C,Rainforest Alliance Central America,Aval y certificación de calidad agrícola o artesanal extendida para la organización Asociación de Productores y Comercializadores de Jalpatagua.
Certificación Orgánica y de Origen - Reg COOP-GT2213-A,Símbolo de Pequeños Productores (SPP),Aval y certificación de calidad agrícola o artesanal extendida para la organización Cooperativa Integral de Producción Agrícola de Conguaco R.L..
Certificación Orgánica y de Origen - Reg COOP-GT2213-B,Mayacert S.A. Guatemala,Aval y certificación de calidad agrícola o artesanal extendida para la organización Cooperativa Integral de Ahorro y Crédito de Conguaco R.L..
Certificación Orgánica y de Origen - Reg ASO-GT2213-C,ANACAFE,Aval y certificación de calidad agrícola o artesanal extendida para la organización Asociación de Productores y Comercializadores de Conguaco.
Certificación Orgánica y de Origen - Reg COOP-GT2214-A,Rainforest Alliance Central America,Aval y certificación de calidad agrícola o artesanal extendida para la organización Cooperativa Integral de Producción Agrícola de Moyuta R.L..
Certificación Orgánica y de Origen - Reg COOP-GT2214-B,Símbolo de Pequeños Productores (SPP),Aval y certificación de calidad agrícola o artesanal extendida para la organización Cooperativa Integral de Ahorro y Crédito de Moyuta R.L..
Certificación Orgánica y de Origen - Reg ASO-GT2214-C,Mayacert S.A. Guatemala,Aval y certificación de calidad agrícola o artesanal extendida para la organización Asociación de Productores y Comercializadores de Moyuta.
Certificación Orgánica y de Origen - Reg COOP-GT2215-A,ANACAFE,Aval y certificación de calidad agrícola o artesanal extendida para la organización Cooperativa Integral de Producción Agrícola de Pasaco R.L..
Certificación Orgánica y de Origen - Reg COOP-GT2215-B,Rainforest Alliance Central America,Aval y certificación de calidad agrícola o artesanal extendida para la organización Cooperativa Integral de Ahorro y Crédito de Pasaco R.L..
Certificación Orgánica y de Origen - Reg ASO-GT2215-C,Símbolo de Pequeños Productores (SPP),Aval y certificación de calidad agrícola o artesanal extendida para la organización Asociación de Productores y Comercializadores de Pasaco.
Certificación Orgánica y de Origen - Reg COOP-GT2216-A,Mayacert S.A. Guatemala,Aval y certificación de calidad agrícola o artesanal extendida para la organización Cooperativa Integral de Producción Agrícola de San José Acatempa R.L..
Certificación Orgánica y de Origen - Reg COOP-GT2216-B,ANACAFE,Aval y certificación de calidad agrícola o artesanal extendida para la organización Cooperativa Integral de Ahorro y Crédito de San José Acatempa R.L..
Certificación Orgánica y de Origen - Reg ASO-GT2216-C,Rainforest Alliance Central America,Aval y certificación de calidad agrícola o artesanal extendida para la organización Asociación de Productores y Comercializadores de San José Acatempa.
Certificación Orgánica y de Origen - Reg COOP-GT2217-A,Símbolo de Pequeños Productores (SPP),Aval y certificación de calidad agrícola o artesanal extendida para la organización Cooperativa Integral de Producción Agrícola de Quesada R.L..
Certificación Orgánica y de Origen - Reg COOP-GT2217-B,Mayacert S.A. Guatemala,Aval y certificación de calidad agrícola o artesanal extendida para la organización Cooperativa Integral de Ahorro y Crédito de Quesada R.L..
Certificación Orgánica y de Origen - Reg ASO-GT2217-C,ANACAFE,Aval y certificación de calidad agrícola o artesanal extendida para la organización Asociación de Productores y Comercializadores de Quesada.
