nombre,siglas,municipio_pcode,cobertura,descripcion
Cooperativa Integral de Producción Agrícola de Lago De Amatitlan R.L.,COOP-GT0100-A,GT0100,Local,Entidad cooperativa dedicada al fomento agrícola y comercialización conjunta en el municipio de Lago De Amatitlan.
Cooperativa Integral de Ahorro y Crédito de Lago De Amatitlan R.L.,COOP-GT0100-B,GT0100,Local,Cooperativa comunitaria que facilita créditos y planes de ahorro a pequeños productores de Lago De Amatitlan.
Asociación de Productores y Comercializadores de Lago De Amatitlan,ASO-GT0100-C,GT0100,Departamental,Gremio local de productores dedicado al desarrollo socioeconómico de Lago De Amatitlan.
Cooperativa Integral de Producción Agrícola de Guatemala R.L.,COOP-GT0101-A,GT0101,Departamental,Entidad cooperativa dedicada al fomento agrícola y comercialización conjunta en el municipio de Guatemala.
Cooperativa Integral de Ahorro y Crédito de Guatemala R.L.,COOP-GT0101-B,GT0101,Local,Cooperativa comunitaria que facilita créditos y planes de ahorro a pequeños productores de Guatemala.
Asociación de Productores y Comercializadores de Guatemala,ASO-GT0101-C,GT0101,Departamental,Gremio local de productores dedicado al desarrollo socioeconómico de Guatemala.
Cooperativa Integral de Producción Agrícola de Santa Catarina Pinula R.L.,COOP-GT0102-A,GT0102,Regional,Entidad cooperativa dedicada al fomento agrícola y comercialización conjunta en el municipio de Santa Catarina Pinula.
Cooperativa Integral de Ahorro y Crédito de Santa Catarina Pinula R.L.,COOP-GT0102-B,GT0102,Local,Cooperativa comunitaria que facilita créditos y planes de ahorro a pequeños productores de Santa Catarina Pinula.
Asociación de Productores y Comercializadores de Santa Catarina Pinula,ASO-GT0102-C,GT0102,Departamental,Gremio local de productores dedicado al desarrollo socioeconómico de Santa Catarina Pinula.
Cooperativa Integral de Producción Agrícola de San José Pinula R.L.,COOP-GT0103-A,GT0103,Nacional,Entidad cooperativa dedicada al fomento agrícola y comercialización conjunta en el municipio de San José Pinula.
Cooperativa Integral de Ahorro y Crédito de San José Pinula R.L.,COOP-GT0103-B,GT0103,Local,Cooperativa comunitaria que facilita créditos y planes de ahorro a pequeños productores de San José Pinula.
Asociación de Productores y Comercializadores de San José Pinula,ASO-GT0103-C,GT0103,Departamental,Gremio local de productores dedicado al desarrollo socioeconómico de San José Pinula.
Cooperativa Integral de Producción Agrícola de San José del Golfo R.L.,COOP-GT0104-A,GT0104,Local,Entidad cooperativa dedicada al fomento agrícola y comercialización conjunta en el municipio de San José del Golfo.
Cooperativa Integral de Ahorro y Crédito de San José del Golfo R.L.,COOP-GT0104-B,GT0104,Local,Cooperativa comunitaria que facilita créditos y planes de ahorro a pequeños productores de San José del Golfo.
Asociación de Productores y Comercializadores de San José del Golfo,ASO-GT0104-C,GT0104,Departamental,Gremio local de productores dedicado al desarrollo socioeconómico de San José del Golfo.
Cooperativa Integral de Producción Agrícola de Palencia R.L.,COOP-GT0105-A,GT0105,Departamental,Entidad cooperativa dedicada al fomento agrícola y comercialización conjunta en el municipio de Palencia.
Cooperativa Integral de Ahorro y Crédito de Palencia R.L.,COOP-GT0105-B,GT0105,Local,Cooperativa comunitaria que facilita créditos y planes de ahorro a pequeños productores de Palencia.
Asociación de Productores y Comercializadores de Palencia,ASO-GT0105-C,GT0105,Departamental,Gremio local de productores dedicado al desarrollo socioeconómico de Palencia.
Cooperativa Integral de Producción Agrícola de Chinautla R.L.,COOP-GT0106-A,GT0106,Regional,Entidad cooperativa dedicada al fomento agrícola y comercialización conjunta en el municipio de Chinautla.
Cooperativa Integral de Ahorro y Crédito de Chinautla R.L.,COOP-GT0106-B,GT0106,Local,Cooperativa comunitaria que facilita créditos y planes de ahorro a pequeños productores de Chinautla.
Asociación de Productores y Comercializadores de Chinautla,ASO-GT0106-C,GT0106,Departamental,Gremio local de productores dedicado al desarrollo socioeconómico de Chinautla.
Cooperativa Integral de Producción Agrícola de San Pedro Ayampuc R.L.,COOP-GT0107-A,GT0107,Nacional,Entidad cooperativa dedicada al fomento agrícola y comercialización conjunta en el municipio de San Pedro Ayampuc.
Cooperativa Integral de Ahorro y Crédito de San Pedro Ayampuc R.L.,COOP-GT0107-B,GT0107,Local,Cooperativa comunitaria que facilita créditos y planes de ahorro a pequeños productores de San Pedro Ayampuc.
Asociación de Productores y Comercializadores de San Pedro Ayampuc,ASO-GT0107-C,GT0107,Departamental,Gremio local de productores dedicado al desarrollo socioeconómico de San Pedro Ayampuc.
Cooperativa Integral de Producción Agrícola de Mixco R.L.,COOP-GT0108-A,GT0108,Local,Entidad cooperativa dedicada al fomento agrícola y comercialización conjunta en el municipio de Mixco.
Cooperativa Integral de Ahorro y Crédito de Mixco R.L.,COOP-GT0108-B,GT0108,Local,Cooperativa comunitaria que facilita créditos y planes de ahorro a pequeños productores de Mixco.
Asociación de Productores y Comercializadores de Mixco,ASO-GT0108-C,GT0108,Departamental,Gremio local de productores dedicado al desarrollo socioeconómico de Mixco.
Cooperativa Integral de Producción Agrícola de San Pedro Sacatepéquez R.L.,COOP-GT0109-A,GT0109,Departamental,Entidad cooperativa dedicada al fomento agrícola y comercialización conjunta en el municipio de San Pedro Sacatepéquez.
Cooperativa Integral de Ahorro y Crédito de San Pedro Sacatepéquez R.L.,COOP-GT0109-B,GT0109,Local,Cooperativa comunitaria que facilita créditos y planes de ahorro a pequeños productores de San Pedro Sacatepéquez.
Asociación de Productores y Comercializadores de San Pedro Sacatepéquez,ASO-GT0109-C,GT0109,Departamental,Gremio local de productores dedicado al desarrollo socioeconómico de San Pedro Sacatepéquez.
Cooperativa Integral de Producción Agrícola de San Juan Sacatepéquez R.L.,COOP-GT0110-A,GT0110,Regional,Entidad cooperativa dedicada al fomento agrícola y comercialización conjunta en el municipio de San Juan Sacatepéquez.
Cooperativa Integral de Ahorro y Crédito de San Juan Sacatepéquez R.L.,COOP-GT0110-B,GT0110,Local,Cooperativa comunitaria que facilita créditos y planes de ahorro a pequeños productores de San Juan Sacatepéquez.
Asociación de Productores y Comercializadores de San Juan Sacatepéquez,ASO-GT0110-C,GT0110,Departamental,Gremio local de productores dedicado al desarrollo socioeconómico de San Juan Sacatepéquez.
Cooperativa Integral de Producción Agrícola de San Raimundo R.L.,COOP-GT0111-A,GT0111,Nacional,Entidad cooperativa dedicada al fomento agrícola y comercialización conjunta en el municipio de San Raimundo.
Cooperativa Integral de Ahorro y Crédito de San Raimundo R.L.,COOP-GT0111-B,GT0111,Local,Cooperativa comunitaria que facilita créditos y planes de ahorro a pequeños productores de San Raimundo.
Asociación de Productores y Comercializadores de San Raimundo,ASO-GT0111-C,GT0111,Departamental,Gremio local de productores dedicado al desarrollo socioeconómico de San Raimundo.
Cooperativa Integral de Producción Agrícola de Chuarrancho R.L.,COOP-GT0112-A,GT0112,Local,Entidad cooperativa dedicada al fomento agrícola y comercialización conjunta en el municipio de Chuarrancho.
Cooperativa Integral de Ahorro y Crédito de Chuarrancho R.L.,COOP-GT0112-B,GT0112,Local,Cooperativa comunitaria que facilita créditos y planes de ahorro a pequeños productores de Chuarrancho.
Asociación de Productores y Comercializadores de Chuarrancho,ASO-GT0112-C,GT0112,Departamental,Gremio local de productores dedicado al desarrollo socioeconómico de Chuarrancho.
Cooperativa Integral de Producción Agrícola de Fraijanes R.L.,COOP-GT0113-A,GT0113,Departamental,Entidad cooperativa dedicada al fomento agrícola y comercialización conjunta en el municipio de Fraijanes.
Cooperativa Integral de Ahorro y Crédito de Fraijanes R.L.,COOP-GT0113-B,GT0113,Local,Cooperativa comunitaria que facilita créditos y planes de ahorro a pequeños productores de Fraijanes.
Asociación de Productores y Comercializadores de Fraijanes,ASO-GT0113-C,GT0113,Departamental,Gremio local de productores dedicado al desarrollo socioeconómico de Fraijanes.
Cooperativa Integral de Producción Agrícola de Amatitlán R.L.,COOP-GT0114-A,GT0114,Regional,Entidad cooperativa dedicada al fomento agrícola y comercialización conjunta en el municipio de Amatitlán.
Cooperativa Integral de Ahorro y Crédito de Amatitlán R.L.,COOP-GT0114-B,GT0114,Local,Cooperativa comunitaria que facilita créditos y planes de ahorro a pequeños productores de Amatitlán.
Asociación de Productores y Comercializadores de Amatitlán,ASO-GT0114-C,GT0114,Departamental,Gremio local de productores dedicado al desarrollo socioeconómico de Amatitlán.
Cooperativa Integral de Producción Agrícola de Villa Nueva R.L.,COOP-GT0115-A,GT0115,Nacional,Entidad cooperativa dedicada al fomento agrícola y comercialización conjunta en el municipio de Villa Nueva.
Cooperativa Integral de Ahorro y Crédito de Villa Nueva R.L.,COOP-GT0115-B,GT0115,Local,Cooperativa comunitaria que facilita créditos y planes de ahorro a pequeños productores de Villa Nueva.
Asociación de Productores y Comercializadores de Villa Nueva,ASO-GT0115-C,GT0115,Departamental,Gremio local de productores dedicado al desarrollo socioeconómico de Villa Nueva.
Cooperativa Integral de Producción Agrícola de Villa Canales R.L.,COOP-GT0116-A,GT0116,Local,Entidad cooperativa dedicada al fomento agrícola y comercialización conjunta en el municipio de Villa Canales.
Cooperativa Integral de Ahorro y Crédito de Villa Canales R.L.,COOP-GT0116-B,GT0116,Local,Cooperativa comunitaria que facilita créditos y planes de ahorro a pequeños productores de Villa Canales.
Asociación de Productores y Comercializadores de Villa Canales,ASO-GT0116-C,GT0116,Departamental,Gremio local de productores dedicado al desarrollo socioeconómico de Villa Canales.
Cooperativa Integral de Producción Agrícola de Petapa R.L.,COOP-GT0117-A,GT0117,Departamental,Entidad cooperativa dedicada al fomento agrícola y comercialización conjunta en el municipio de Petapa.
Cooperativa Integral de Ahorro y Crédito de Petapa R.L.,COOP-GT0117-B,GT0117,Local,Cooperativa comunitaria que facilita créditos y planes de ahorro a pequeños productores de Petapa.
Asociación de Productores y Comercializadores de Petapa,ASO-GT0117-C,GT0117,Departamental,Gremio local de productores dedicado al desarrollo socioeconómico de Petapa.
Cooperativa Integral de Producción Agrícola de Guastatoya R.L.,COOP-GT0201-A,GT0201,Regional,Entidad cooperativa dedicada al fomento agrícola y comercialización conjunta en el municipio de Guastatoya.
Cooperativa Integral de Ahorro y Crédito de Guastatoya R.L.,COOP-GT0201-B,GT0201,Local,Cooperativa comunitaria que facilita créditos y planes de ahorro a pequeños productores de Guastatoya.
Asociación de Productores y Comercializadores de Guastatoya,ASO-GT0201-C,GT0201,Departamental,Gremio local de productores dedicado al desarrollo socioeconómico de Guastatoya.
Cooperativa Integral de Producción Agrícola de Morazán R.L.,COOP-GT0202-A,GT0202,Nacional,Entidad cooperativa dedicada al fomento agrícola y comercialización conjunta en el municipio de Morazán.
Cooperativa Integral de Ahorro y Crédito de Morazán R.L.,COOP-GT0202-B,GT0202,Local,Cooperativa comunitaria que facilita créditos y planes de ahorro a pequeños productores de Morazán.
Asociación de Productores y Comercializadores de Morazán,ASO-GT0202-C,GT0202,Departamental,Gremio local de productores dedicado al desarrollo socioeconómico de Morazán.
Cooperativa Integral de Producción Agrícola de San Agustín Acasaguastlán R.L.,COOP-GT0203-A,GT0203,Local,Entidad cooperativa dedicada al fomento agrícola y comercialización conjunta en el municipio de San Agustín Acasaguastlán.
Cooperativa Integral de Ahorro y Crédito de San Agustín Acasaguastlán R.L.,COOP-GT0203-B,GT0203,Local,Cooperativa comunitaria que facilita créditos y planes de ahorro a pequeños productores de San Agustín Acasaguastlán.
Asociación de Productores y Comercializadores de San Agustín Acasaguastlán,ASO-GT0203-C,GT0203,Departamental,Gremio local de productores dedicado al desarrollo socioeconómico de San Agustín Acasaguastlán.
Cooperativa Integral de Producción Agrícola de San Cristóbal Acasaguastlán R.L.,COOP-GT0204-A,GT0204,Departamental,Entidad cooperativa dedicada al fomento agrícola y comercialización conjunta en el municipio de San Cristóbal Acasaguastlán.
Cooperativa Integral de Ahorro y Crédito de San Cristóbal Acasaguastlán R.L.,COOP-GT0204-B,GT0204,Local,Cooperativa comunitaria que facilita créditos y planes de ahorro a pequeños productores de San Cristóbal Acasaguastlán.
Asociación de Productores y Comercializadores de San Cristóbal Acasaguastlán,ASO-GT0204-C,GT0204,Departamental,Gremio local de productores dedicado al desarrollo socioeconómico de San Cristóbal Acasaguastlán.
Cooperativa Integral de Producción Agrícola de El Jícaro R.L.,COOP-GT0205-A,GT0205,Regional,Entidad cooperativa dedicada al fomento agrícola y comercialización conjunta en el municipio de El Jícaro.
Cooperativa Integral de Ahorro y Crédito de El Jícaro R.L.,COOP-GT0205-B,GT0205,Local,Cooperativa comunitaria que facilita créditos y planes de ahorro a pequeños productores de El Jícaro.
Asociación de Productores y Comercializadores de El Jícaro,ASO-GT0205-C,GT0205,Departamental,Gremio local de productores dedicado al desarrollo socioeconómico de El Jícaro.
Cooperativa Integral de Producción Agrícola de Sanarate R.L.,COOP-GT0206-A,GT0206,Nacional,Entidad cooperativa dedicada al fomento agrícola y comercialización conjunta en el municipio de Sanarate.
Cooperativa Integral de Ahorro y Crédito de Sanarate R.L.,COOP-GT0206-B,GT0206,Local,Cooperativa comunitaria que facilita créditos y planes de ahorro a pequeños productores de Sanarate.
Asociación de Productores y Comercializadores de Sanarate,ASO-GT0206-C,GT0206,Departamental,Gremio local de productores dedicado al desarrollo socioeconómico de Sanarate.
Cooperativa Integral de Producción Agrícola de Sansare R.L.,COOP-GT0207-A,GT0207,Local,Entidad cooperativa dedicada al fomento agrícola y comercialización conjunta en el municipio de Sansare.
Cooperativa Integral de Ahorro y Crédito de Sansare R.L.,COOP-GT0207-B,GT0207,Local,Cooperativa comunitaria que facilita créditos y planes de ahorro a pequeños productores de Sansare.
Asociación de Productores y Comercializadores de Sansare,ASO-GT0207-C,GT0207,Departamental,Gremio local de productores dedicado al desarrollo socioeconómico de Sansare.
Cooperativa Integral de Producción Agrícola de San Antonio La Paz R.L.,COOP-GT0208-A,GT0208,Departamental,Entidad cooperativa dedicada al fomento agrícola y comercialización conjunta en el municipio de San Antonio La Paz.
Cooperativa Integral de Ahorro y Crédito de San Antonio La Paz R.L.,COOP-GT0208-B,GT0208,Local,Cooperativa comunitaria que facilita créditos y planes de ahorro a pequeños productores de San Antonio La Paz.
Asociación de Productores y Comercializadores de San Antonio La Paz,ASO-GT0208-C,GT0208,Departamental,Gremio local de productores dedicado al desarrollo socioeconómico de San Antonio La Paz.
Cooperativa Integral de Producción Agrícola de Antigua Guatemala R.L.,COOP-GT0301-A,GT0301,Regional,Entidad cooperativa dedicada al fomento agrícola y comercialización conjunta en el municipio de Antigua Guatemala.
Cooperativa Integral de Ahorro y Crédito de Antigua Guatemala R.L.,COOP-GT0301-B,GT0301,Local,Cooperativa comunitaria que facilita créditos y planes de ahorro a pequeños productores de Antigua Guatemala.
Asociación de Productores y Comercializadores de Antigua Guatemala,ASO-GT0301-C,GT0301,Departamental,Gremio local de productores dedicado al desarrollo socioeconómico de Antigua Guatemala.
Cooperativa Integral de Producción Agrícola de Jocotenango R.L.,COOP-GT0302-A,GT0302,Nacional,Entidad cooperativa dedicada al fomento agrícola y comercialización conjunta en el municipio de Jocotenango.
Cooperativa Integral de Ahorro y Crédito de Jocotenango R.L.,COOP-GT0302-B,GT0302,Local,Cooperativa comunitaria que facilita créditos y planes de ahorro a pequeños productores de Jocotenango.
Asociación de Productores y Comercializadores de Jocotenango,ASO-GT0302-C,GT0302,Departamental,Gremio local de productores dedicado al desarrollo socioeconómico de Jocotenango.
Cooperativa Integral de Producción Agrícola de Pastores R.L.,COOP-GT0303-A,GT0303,Local,Entidad cooperativa dedicada al fomento agrícola y comercialización conjunta en el municipio de Pastores.
Cooperativa Integral de Ahorro y Crédito de Pastores R.L.,COOP-GT0303-B,GT0303,Local,Cooperativa comunitaria que facilita créditos y planes de ahorro a pequeños productores de Pastores.
Asociación de Productores y Comercializadores de Pastores,ASO-GT0303-C,GT0303,Departamental,Gremio local de productores dedicado al desarrollo socioeconómico de Pastores.
Cooperativa Integral de Producción Agrícola de Sumpango R.L.,COOP-GT0304-A,GT0304,Departamental,Entidad cooperativa dedicada al fomento agrícola y comercialización conjunta en el municipio de Sumpango.
Cooperativa Integral de Ahorro y Crédito de Sumpango R.L.,COOP-GT0304-B,GT0304,Local,Cooperativa comunitaria que facilita créditos y planes de ahorro a pequeños productores de Sumpango.
Asociación de Productores y Comercializadores de Sumpango,ASO-GT0304-C,GT0304,Departamental,Gremio local de productores dedicado al desarrollo socioeconómico de Sumpango.
Cooperativa Integral de Producción Agrícola de Santo Domingo Xenacoj R.L.,COOP-GT0305-A,GT0305,Regional,Entidad cooperativa dedicada al fomento agrícola y comercialización conjunta en el municipio de Santo Domingo Xenacoj.
Cooperativa Integral de Ahorro y Crédito de Santo Domingo Xenacoj R.L.,COOP-GT0305-B,GT0305,Local,Cooperativa comunitaria que facilita créditos y planes de ahorro a pequeños productores de Santo Domingo Xenacoj.
Asociación de Productores y Comercializadores de Santo Domingo Xenacoj,ASO-GT0305-C,GT0305,Departamental,Gremio local de productores dedicado al desarrollo socioeconómico de Santo Domingo Xenacoj.
Cooperativa Integral de Producción Agrícola de Santiago Sacatepéquez R.L.,COOP-GT0306-A,GT0306,Nacional,Entidad cooperativa dedicada al fomento agrícola y comercialización conjunta en el municipio de Santiago Sacatepéquez.
Cooperativa Integral de Ahorro y Crédito de Santiago Sacatepéquez R.L.,COOP-GT0306-B,GT0306,Local,Cooperativa comunitaria que facilita créditos y planes de ahorro a pequeños productores de Santiago Sacatepéquez.
Asociación de Productores y Comercializadores de Santiago Sacatepéquez,ASO-GT0306-C,GT0306,Departamental,Gremio local de productores dedicado al desarrollo socioeconómico de Santiago Sacatepéquez.
Cooperativa Integral de Producción Agrícola de San Bartolomé Milpas Altas R.L.,COOP-GT0307-A,GT0307,Local,Entidad cooperativa dedicada al fomento agrícola y comercialización conjunta en el municipio de San Bartolomé Milpas Altas.
Cooperativa Integral de Ahorro y Crédito de San Bartolomé Milpas Altas R.L.,COOP-GT0307-B,GT0307,Local,Cooperativa comunitaria que facilita créditos y planes de ahorro a pequeños productores de San Bartolomé Milpas Altas.
Asociación de Productores y Comercializadores de San Bartolomé Milpas Altas,ASO-GT0307-C,GT0307,Departamental,Gremio local de productores dedicado al desarrollo socioeconómico de San Bartolomé Milpas Altas.
Cooperativa Integral de Producción Agrícola de San Lucas Sacatepéquez R.L.,COOP-GT0308-A,GT0308,Departamental,Entidad cooperativa dedicada al fomento agrícola y comercialización conjunta en el municipio de San Lucas Sacatepéquez.
Cooperativa Integral de Ahorro y Crédito de San Lucas Sacatepéquez R.L.,COOP-GT0308-B,GT0308,Local,Cooperativa comunitaria que facilita créditos y planes de ahorro a pequeños productores de San Lucas Sacatepéquez.
Asociación de Productores y Comercializadores de San Lucas Sacatepéquez,ASO-GT0308-C,GT0308,Departamental,Gremio local de productores dedicado al desarrollo socioeconómico de San Lucas Sacatepéquez.
Cooperativa Integral de Producción Agrícola de Santa Lucía Milpas Altas R.L.,COOP-GT0309-A,GT0309,Regional,Entidad cooperativa dedicada al fomento agrícola y comercialización conjunta en el municipio de Santa Lucía Milpas Altas.
Cooperativa Integral de Ahorro y Crédito de Santa Lucía Milpas Altas R.L.,COOP-GT0309-B,GT0309,Local,Cooperativa comunitaria que facilita créditos y planes de ahorro a pequeños productores de Santa Lucía Milpas Altas.
Asociación de Productores y Comercializadores de Santa Lucía Milpas Altas,ASO-GT0309-C,GT0309,Departamental,Gremio local de productores dedicado al desarrollo socioeconómico de Santa Lucía Milpas Altas.
Cooperativa Integral de Producción Agrícola de Magdalena Milpas Altas R.L.,COOP-GT0310-A,GT0310,Nacional,Entidad cooperativa dedicada al fomento agrícola y comercialización conjunta en el municipio de Magdalena Milpas Altas.
Cooperativa Integral de Ahorro y Crédito de Magdalena Milpas Altas R.L.,COOP-GT0310-B,GT0310,Local,Cooperativa comunitaria que facilita créditos y planes de ahorro a pequeños productores de Magdalena Milpas Altas.
Asociación de Productores y Comercializadores de Magdalena Milpas Altas,ASO-GT0310-C,GT0310,Departamental,Gremio local de productores dedicado al desarrollo socioeconómico de Magdalena Milpas Altas.
Cooperativa Integral de Producción Agrícola de Santa María de Jesús R.L.,COOP-GT0311-A,GT0311,Local,Entidad cooperativa dedicada al fomento agrícola y comercialización conjunta en el municipio de Santa María de Jesús.
Cooperativa Integral de Ahorro y Crédito de Santa María de Jesús R.L.,COOP-GT0311-B,GT0311,Local,Cooperativa comunitaria que facilita créditos y planes de ahorro a pequeños productores de Santa María de Jesús.
Asociación de Productores y Comercializadores de Santa María de Jesús,ASO-GT0311-C,GT0311,Departamental,Gremio local de productores dedicado al desarrollo socioeconómico de Santa María de Jesús.
Cooperativa Integral de Producción Agrícola de Ciudad Vieja R.L.,COOP-GT0312-A,GT0312,Departamental,Entidad cooperativa dedicada al fomento agrícola y comercialización conjunta en el municipio de Ciudad Vieja.
Cooperativa Integral de Ahorro y Crédito de Ciudad Vieja R.L.,COOP-GT0312-B,GT0312,Local,Cooperativa comunitaria que facilita créditos y planes de ahorro a pequeños productores de Ciudad Vieja.
Asociación de Productores y Comercializadores de Ciudad Vieja,ASO-GT0312-C,GT0312,Departamental,Gremio local de productores dedicado al desarrollo socioeconómico de Ciudad Vieja.
Cooperativa Integral de Producción Agrícola de San Miguel Dueñas R.L.,COOP-GT0313-A,GT0313,Regional,Entidad cooperativa dedicada al fomento agrícola y comercialización conjunta en el municipio de San Miguel Dueñas.
Cooperativa Integral de Ahorro y Crédito de San Miguel Dueñas R.L.,COOP-GT0313-B,GT0313,Local,Cooperativa comunitaria que facilita créditos y planes de ahorro a pequeños productores de San Miguel Dueñas.
Asociación de Productores y Comercializadores de San Miguel Dueñas,ASO-GT0313-C,GT0313,Departamental,Gremio local de productores dedicado al desarrollo socioeconómico de San Miguel Dueñas.
Cooperativa Integral de Producción Agrícola de Alotenango R.L.,COOP-GT0314-A,GT0314,Nacional,Entidad cooperativa dedicada al fomento agrícola y comercialización conjunta en el municipio de Alotenango.
Cooperativa Integral de Ahorro y Crédito de Alotenango R.L.,COOP-GT0314-B,GT0314,Local,Cooperativa comunitaria que facilita créditos y planes de ahorro a pequeños productores de Alotenango.
Asociación de Productores y Comercializadores de Alotenango,ASO-GT0314-C,GT0314,Departamental,Gremio local de productores dedicado al desarrollo socioeconómico de Alotenango.
Cooperativa Integral de Producción Agrícola de San Antonio Aguas Calientes R.L.,COOP-GT0315-A,GT0315,Local,Entidad cooperativa dedicada al fomento agrícola y comercialización conjunta en el municipio de San Antonio Aguas Calientes.
Cooperativa Integral de Ahorro y Crédito de San Antonio Aguas Calientes R.L.,COOP-GT0315-B,GT0315,Local,Cooperativa comunitaria que facilita créditos y planes de ahorro a pequeños productores de San Antonio Aguas Calientes.
Asociación de Productores y Comercializadores de San Antonio Aguas Calientes,ASO-GT0315-C,GT0315,Departamental,Gremio local de productores dedicado al desarrollo socioeconómico de San Antonio Aguas Calientes.
Cooperativa Integral de Producción Agrícola de Santa Catarina Barahona R.L.,COOP-GT0316-A,GT0316,Departamental,Entidad cooperativa dedicada al fomento agrícola y comercialización conjunta en el municipio de Santa Catarina Barahona.
Cooperativa Integral de Ahorro y Crédito de Santa Catarina Barahona R.L.,COOP-GT0316-B,GT0316,Local,Cooperativa comunitaria que facilita créditos y planes de ahorro a pequeños productores de Santa Catarina Barahona.
Asociación de Productores y Comercializadores de Santa Catarina Barahona,ASO-GT0316-C,GT0316,Departamental,Gremio local de productores dedicado al desarrollo socioeconómico de Santa Catarina Barahona.
Cooperativa Integral de Producción Agrícola de Chimaltenango R.L.,COOP-GT0401-A,GT0401,Regional,Entidad cooperativa dedicada al fomento agrícola y comercialización conjunta en el municipio de Chimaltenango.
Cooperativa Integral de Ahorro y Crédito de Chimaltenango R.L.,COOP-GT0401-B,GT0401,Local,Cooperativa comunitaria que facilita créditos y planes de ahorro a pequeños productores de Chimaltenango.
Asociación de Productores y Comercializadores de Chimaltenango,ASO-GT0401-C,GT0401,Departamental,Gremio local de productores dedicado al desarrollo socioeconómico de Chimaltenango.
Cooperativa Integral de Producción Agrícola de San José Poaquil R.L.,COOP-GT0402-A,GT0402,Nacional,Entidad cooperativa dedicada al fomento agrícola y comercialización conjunta en el municipio de San José Poaquil.
Cooperativa Integral de Ahorro y Crédito de San José Poaquil R.L.,COOP-GT0402-B,GT0402,Local,Cooperativa comunitaria que facilita créditos y planes de ahorro a pequeños productores de San José Poaquil.
Asociación de Productores y Comercializadores de San José Poaquil,ASO-GT0402-C,GT0402,Departamental,Gremio local de productores dedicado al desarrollo socioeconómico de San José Poaquil.
Cooperativa Integral de Producción Agrícola de San Martín Jilotepeque R.L.,COOP-GT0403-A,GT0403,Local,Entidad cooperativa dedicada al fomento agrícola y comercialización conjunta en el municipio de San Martín Jilotepeque.
Cooperativa Integral de Ahorro y Crédito de San Martín Jilotepeque R.L.,COOP-GT0403-B,GT0403,Local,Cooperativa comunitaria que facilita créditos y planes de ahorro a pequeños productores de San Martín Jilotepeque.
Asociación de Productores y Comercializadores de San Martín Jilotepeque,ASO-GT0403-C,GT0403,Departamental,Gremio local de productores dedicado al desarrollo socioeconómico de San Martín Jilotepeque.
Cooperativa Integral de Producción Agrícola de Comalapa R.L.,COOP-GT0404-A,GT0404,Departamental,Entidad cooperativa dedicada al fomento agrícola y comercialización conjunta en el municipio de Comalapa.
Cooperativa Integral de Ahorro y Crédito de Comalapa R.L.,COOP-GT0404-B,GT0404,Local,Cooperativa comunitaria que facilita créditos y planes de ahorro a pequeños productores de Comalapa.
Asociación de Productores y Comercializadores de Comalapa,ASO-GT0404-C,GT0404,Departamental,Gremio local de productores dedicado al desarrollo socioeconómico de Comalapa.
Cooperativa Integral de Producción Agrícola de Santa Apolonia R.L.,COOP-GT0405-A,GT0405,Regional,Entidad cooperativa dedicada al fomento agrícola y comercialización conjunta en el municipio de Santa Apolonia.
Cooperativa Integral de Ahorro y Crédito de Santa Apolonia R.L.,COOP-GT0405-B,GT0405,Local,Cooperativa comunitaria que facilita créditos y planes de ahorro a pequeños productores de Santa Apolonia.
Asociación de Productores y Comercializadores de Santa Apolonia,ASO-GT0405-C,GT0405,Departamental,Gremio local de productores dedicado al desarrollo socioeconómico de Santa Apolonia.
Cooperativa Integral de Producción Agrícola de Tecpán Guatemala R.L.,COOP-GT0406-A,GT0406,Nacional,Entidad cooperativa dedicada al fomento agrícola y comercialización conjunta en el municipio de Tecpán Guatemala.
Cooperativa Integral de Ahorro y Crédito de Tecpán Guatemala R.L.,COOP-GT0406-B,GT0406,Local,Cooperativa comunitaria que facilita créditos y planes de ahorro a pequeños productores de Tecpán Guatemala.
Asociación de Productores y Comercializadores de Tecpán Guatemala,ASO-GT0406-C,GT0406,Departamental,Gremio local de productores dedicado al desarrollo socioeconómico de Tecpán Guatemala.
Cooperativa Integral de Producción Agrícola de Patzún R.L.,COOP-GT0407-A,GT0407,Local,Entidad cooperativa dedicada al fomento agrícola y comercialización conjunta en el municipio de Patzún.
Cooperativa Integral de Ahorro y Crédito de Patzún R.L.,COOP-GT0407-B,GT0407,Local,Cooperativa comunitaria que facilita créditos y planes de ahorro a pequeños productores de Patzún.
Asociación de Productores y Comercializadores de Patzún,ASO-GT0407-C,GT0407,Departamental,Gremio local de productores dedicado al desarrollo socioeconómico de Patzún.
Cooperativa Integral de Producción Agrícola de Pochuta R.L.,COOP-GT0408-A,GT0408,Departamental,Entidad cooperativa dedicada al fomento agrícola y comercialización conjunta en el municipio de Pochuta.
Cooperativa Integral de Ahorro y Crédito de Pochuta R.L.,COOP-GT0408-B,GT0408,Local,Cooperativa comunitaria que facilita créditos y planes de ahorro a pequeños productores de Pochuta.
Asociación de Productores y Comercializadores de Pochuta,ASO-GT0408-C,GT0408,Departamental,Gremio local de productores dedicado al desarrollo socioeconómico de Pochuta.
Cooperativa Integral de Producción Agrícola de Patzicía R.L.,COOP-GT0409-A,GT0409,Regional,Entidad cooperativa dedicada al fomento agrícola y comercialización conjunta en el municipio de Patzicía.
Cooperativa Integral de Ahorro y Crédito de Patzicía R.L.,COOP-GT0409-B,GT0409,Local,Cooperativa comunitaria que facilita créditos y planes de ahorro a pequeños productores de Patzicía.
Asociación de Productores y Comercializadores de Patzicía,ASO-GT0409-C,GT0409,Departamental,Gremio local de productores dedicado al desarrollo socioeconómico de Patzicía.
Cooperativa Integral de Producción Agrícola de Santa Cruz Balanyá R.L.,COOP-GT0410-A,GT0410,Nacional,Entidad cooperativa dedicada al fomento agrícola y comercialización conjunta en el municipio de Santa Cruz Balanyá.
Cooperativa Integral de Ahorro y Crédito de Santa Cruz Balanyá R.L.,COOP-GT0410-B,GT0410,Local,Cooperativa comunitaria que facilita créditos y planes de ahorro a pequeños productores de Santa Cruz Balanyá.
Asociación de Productores y Comercializadores de Santa Cruz Balanyá,ASO-GT0410-C,GT0410,Departamental,Gremio local de productores dedicado al desarrollo socioeconómico de Santa Cruz Balanyá.
Cooperativa Integral de Producción Agrícola de Acatenango R.L.,COOP-GT0411-A,GT0411,Local,Entidad cooperativa dedicada al fomento agrícola y comercialización conjunta en el municipio de Acatenango.
Cooperativa Integral de Ahorro y Crédito de Acatenango R.L.,COOP-GT0411-B,GT0411,Local,Cooperativa comunitaria que facilita créditos y planes de ahorro a pequeños productores de Acatenango.
Asociación de Productores y Comercializadores de Acatenango,ASO-GT0411-C,GT0411,Departamental,Gremio local de productores dedicado al desarrollo socioeconómico de Acatenango.
Cooperativa Integral de Producción Agrícola de Yepocapa R.L.,COOP-GT0412-A,GT0412,Departamental,Entidad cooperativa dedicada al fomento agrícola y comercialización conjunta en el municipio de Yepocapa.
Cooperativa Integral de Ahorro y Crédito de Yepocapa R.L.,COOP-GT0412-B,GT0412,Local,Cooperativa comunitaria que facilita créditos y planes de ahorro a pequeños productores de Yepocapa.
Asociación de Productores y Comercializadores de Yepocapa,ASO-GT0412-C,GT0412,Departamental,Gremio local de productores dedicado al desarrollo socioeconómico de Yepocapa.
Cooperativa Integral de Producción Agrícola de San Andrés Itzapa R.L.,COOP-GT0413-A,GT0413,Regional,Entidad cooperativa dedicada al fomento agrícola y comercialización conjunta en el municipio de San Andrés Itzapa.
Cooperativa Integral de Ahorro y Crédito de San Andrés Itzapa R.L.,COOP-GT0413-B,GT0413,Local,Cooperativa comunitaria que facilita créditos y planes de ahorro a pequeños productores de San Andrés Itzapa.
Asociación de Productores y Comercializadores de San Andrés Itzapa,ASO-GT0413-C,GT0413,Departamental,Gremio local de productores dedicado al desarrollo socioeconómico de San Andrés Itzapa.
Cooperativa Integral de Producción Agrícola de Parramos R.L.,COOP-GT0414-A,GT0414,Nacional,Entidad cooperativa dedicada al fomento agrícola y comercialización conjunta en el municipio de Parramos.
Cooperativa Integral de Ahorro y Crédito de Parramos R.L.,COOP-GT0414-B,GT0414,Local,Cooperativa comunitaria que facilita créditos y planes de ahorro a pequeños productores de Parramos.
Asociación de Productores y Comercializadores de Parramos,ASO-GT0414-C,GT0414,Departamental,Gremio local de productores dedicado al desarrollo socioeconómico de Parramos.
Cooperativa Integral de Producción Agrícola de Zaragoza R.L.,COOP-GT0415-A,GT0415,Local,Entidad cooperativa dedicada al fomento agrícola y comercialización conjunta en el municipio de Zaragoza.
Cooperativa Integral de Ahorro y Crédito de Zaragoza R.L.,COOP-GT0415-B,GT0415,Local,Cooperativa comunitaria que facilita créditos y planes de ahorro a pequeños productores de Zaragoza.
Asociación de Productores y Comercializadores de Zaragoza,ASO-GT0415-C,GT0415,Departamental,Gremio local de productores dedicado al desarrollo socioeconómico de Zaragoza.
Cooperativa Integral de Producción Agrícola de El Tejar R.L.,COOP-GT0416-A,GT0416,Departamental,Entidad cooperativa dedicada al fomento agrícola y comercialización conjunta en el municipio de El Tejar.
Cooperativa Integral de Ahorro y Crédito de El Tejar R.L.,COOP-GT0416-B,GT0416,Local,Cooperativa comunitaria que facilita créditos y planes de ahorro a pequeños productores de El Tejar.
Asociación de Productores y Comercializadores de El Tejar,ASO-GT0416-C,GT0416,Departamental,Gremio local de productores dedicado al desarrollo socioeconómico de El Tejar.
Cooperativa Integral de Producción Agrícola de Escuintla R.L.,COOP-GT0501-A,GT0501,Regional,Entidad cooperativa dedicada al fomento agrícola y comercialización conjunta en el municipio de Escuintla.
Cooperativa Integral de Ahorro y Crédito de Escuintla R.L.,COOP-GT0501-B,GT0501,Local,Cooperativa comunitaria que facilita créditos y planes de ahorro a pequeños productores de Escuintla.
Asociación de Productores y Comercializadores de Escuintla,ASO-GT0501-C,GT0501,Departamental,Gremio local de productores dedicado al desarrollo socioeconómico de Escuintla.
Cooperativa Integral de Producción Agrícola de Santa Lucía Cotzumalguapa R.L.,COOP-GT0502-A,GT0502,Nacional,Entidad cooperativa dedicada al fomento agrícola y comercialización conjunta en el municipio de Santa Lucía Cotzumalguapa.
Cooperativa Integral de Ahorro y Crédito de Santa Lucía Cotzumalguapa R.L.,COOP-GT0502-B,GT0502,Local,Cooperativa comunitaria que facilita créditos y planes de ahorro a pequeños productores de Santa Lucía Cotzumalguapa.
Asociación de Productores y Comercializadores de Santa Lucía Cotzumalguapa,ASO-GT0502-C,GT0502,Departamental,Gremio local de productores dedicado al desarrollo socioeconómico de Santa Lucía Cotzumalguapa.
Cooperativa Integral de Producción Agrícola de La Democracia R.L.,COOP-GT0503-A,GT0503,Local,Entidad cooperativa dedicada al fomento agrícola y comercialización conjunta en el municipio de La Democracia.
Cooperativa Integral de Ahorro y Crédito de La Democracia R.L.,COOP-GT0503-B,GT0503,Local,Cooperativa comunitaria que facilita créditos y planes de ahorro a pequeños productores de La Democracia.
Asociación de Productores y Comercializadores de La Democracia,ASO-GT0503-C,GT0503,Departamental,Gremio local de productores dedicado al desarrollo socioeconómico de La Democracia.
Cooperativa Integral de Producción Agrícola de Siquinalá R.L.,COOP-GT0504-A,GT0504,Departamental,Entidad cooperativa dedicada al fomento agrícola y comercialización conjunta en el municipio de Siquinalá.
Cooperativa Integral de Ahorro y Crédito de Siquinalá R.L.,COOP-GT0504-B,GT0504,Local,Cooperativa comunitaria que facilita créditos y planes de ahorro a pequeños productores de Siquinalá.
Asociación de Productores y Comercializadores de Siquinalá,ASO-GT0504-C,GT0504,Departamental,Gremio local de productores dedicado al desarrollo socioeconómico de Siquinalá.
Cooperativa Integral de Producción Agrícola de Masagua R.L.,COOP-GT0505-A,GT0505,Regional,Entidad cooperativa dedicada al fomento agrícola y comercialización conjunta en el municipio de Masagua.
Cooperativa Integral de Ahorro y Crédito de Masagua R.L.,COOP-GT0505-B,GT0505,Local,Cooperativa comunitaria que facilita créditos y planes de ahorro a pequeños productores de Masagua.
Asociación de Productores y Comercializadores de Masagua,ASO-GT0505-C,GT0505,Departamental,Gremio local de productores dedicado al desarrollo socioeconómico de Masagua.
Cooperativa Integral de Producción Agrícola de Tiquisate R.L.,COOP-GT0506-A,GT0506,Nacional,Entidad cooperativa dedicada al fomento agrícola y comercialización conjunta en el municipio de Tiquisate.
Cooperativa Integral de Ahorro y Crédito de Tiquisate R.L.,COOP-GT0506-B,GT0506,Local,Cooperativa comunitaria que facilita créditos y planes de ahorro a pequeños productores de Tiquisate.
Asociación de Productores y Comercializadores de Tiquisate,ASO-GT0506-C,GT0506,Departamental,Gremio local de productores dedicado al desarrollo socioeconómico de Tiquisate.
Cooperativa Integral de Producción Agrícola de La Gomera R.L.,COOP-GT0507-A,GT0507,Local,Entidad cooperativa dedicada al fomento agrícola y comercialización conjunta en el municipio de La Gomera.
Cooperativa Integral de Ahorro y Crédito de La Gomera R.L.,COOP-GT0507-B,GT0507,Local,Cooperativa comunitaria que facilita créditos y planes de ahorro a pequeños productores de La Gomera.
Asociación de Productores y Comercializadores de La Gomera,ASO-GT0507-C,GT0507,Departamental,Gremio local de productores dedicado al desarrollo socioeconómico de La Gomera.
Cooperativa Integral de Producción Agrícola de Guanagazapa R.L.,COOP-GT0508-A,GT0508,Departamental,Entidad cooperativa dedicada al fomento agrícola y comercialización conjunta en el municipio de Guanagazapa.
Cooperativa Integral de Ahorro y Crédito de Guanagazapa R.L.,COOP-GT0508-B,GT0508,Local,Cooperativa comunitaria que facilita créditos y planes de ahorro a pequeños productores de Guanagazapa.
Asociación de Productores y Comercializadores de Guanagazapa,ASO-GT0508-C,GT0508,Departamental,Gremio local de productores dedicado al desarrollo socioeconómico de Guanagazapa.
Cooperativa Integral de Producción Agrícola de San José R.L.,COOP-GT0509-A,GT0509,Regional,Entidad cooperativa dedicada al fomento agrícola y comercialización conjunta en el municipio de San José.
Cooperativa Integral de Ahorro y Crédito de San José R.L.,COOP-GT0509-B,GT0509,Local,Cooperativa comunitaria que facilita créditos y planes de ahorro a pequeños productores de San José.
Asociación de Productores y Comercializadores de San José,ASO-GT0509-C,GT0509,Departamental,Gremio local de productores dedicado al desarrollo socioeconómico de San José.
Cooperativa Integral de Producción Agrícola de Iztapa R.L.,COOP-GT0510-A,GT0510,Nacional,Entidad cooperativa dedicada al fomento agrícola y comercialización conjunta en el municipio de Iztapa.
Cooperativa Integral de Ahorro y Crédito de Iztapa R.L.,COOP-GT0510-B,GT0510,Local,Cooperativa comunitaria que facilita créditos y planes de ahorro a pequeños productores de Iztapa.
Asociación de Productores y Comercializadores de Iztapa,ASO-GT0510-C,GT0510,Departamental,Gremio local de productores dedicado al desarrollo socioeconómico de Iztapa.
Cooperativa Integral de Producción Agrícola de Palín R.L.,COOP-GT0511-A,GT0511,Local,Entidad cooperativa dedicada al fomento agrícola y comercialización conjunta en el municipio de Palín.
Cooperativa Integral de Ahorro y Crédito de Palín R.L.,COOP-GT0511-B,GT0511,Local,Cooperativa comunitaria que facilita créditos y planes de ahorro a pequeños productores de Palín.
Asociación de Productores y Comercializadores de Palín,ASO-GT0511-C,GT0511,Departamental,Gremio local de productores dedicado al desarrollo socioeconómico de Palín.
Cooperativa Integral de Producción Agrícola de San Vicente Pacaya R.L.,COOP-GT0512-A,GT0512,Departamental,Entidad cooperativa dedicada al fomento agrícola y comercialización conjunta en el municipio de San Vicente Pacaya.
Cooperativa Integral de Ahorro y Crédito de San Vicente Pacaya R.L.,COOP-GT0512-B,GT0512,Local,Cooperativa comunitaria que facilita créditos y planes de ahorro a pequeños productores de San Vicente Pacaya.
Asociación de Productores y Comercializadores de San Vicente Pacaya,ASO-GT0512-C,GT0512,Departamental,Gremio local de productores dedicado al desarrollo socioeconómico de San Vicente Pacaya.
Cooperativa Integral de Producción Agrícola de Nueva Concepción R.L.,COOP-GT0513-A,GT0513,Regional,Entidad cooperativa dedicada al fomento agrícola y comercialización conjunta en el municipio de Nueva Concepción.
Cooperativa Integral de Ahorro y Crédito de Nueva Concepción R.L.,COOP-GT0513-B,GT0513,Local,Cooperativa comunitaria que facilita créditos y planes de ahorro a pequeños productores de Nueva Concepción.
Asociación de Productores y Comercializadores de Nueva Concepción,ASO-GT0513-C,GT0513,Departamental,Gremio local de productores dedicado al desarrollo socioeconómico de Nueva Concepción.
Cooperativa Integral de Producción Agrícola de Sipacate R.L.,COOP-GT0514-A,GT0514,Nacional,Entidad cooperativa dedicada al fomento agrícola y comercialización conjunta en el municipio de Sipacate.
Cooperativa Integral de Ahorro y Crédito de Sipacate R.L.,COOP-GT0514-B,GT0514,Local,Cooperativa comunitaria que facilita créditos y planes de ahorro a pequeños productores de Sipacate.
Asociación de Productores y Comercializadores de Sipacate,ASO-GT0514-C,GT0514,Departamental,Gremio local de productores dedicado al desarrollo socioeconómico de Sipacate.
Cooperativa Integral de Producción Agrícola de Cuilapa R.L.,COOP-GT0601-A,GT0601,Local,Entidad cooperativa dedicada al fomento agrícola y comercialización conjunta en el municipio de Cuilapa.
Cooperativa Integral de Ahorro y Crédito de Cuilapa R.L.,COOP-GT0601-B,GT0601,Local,Cooperativa comunitaria que facilita créditos y planes de ahorro a pequeños productores de Cuilapa.
Asociación de Productores y Comercializadores de Cuilapa,ASO-GT0601-C,GT0601,Departamental,Gremio local de productores dedicado al desarrollo socioeconómico de Cuilapa.
Cooperativa Integral de Producción Agrícola de Barberena R.L.,COOP-GT0602-A,GT0602,Departamental,Entidad cooperativa dedicada al fomento agrícola y comercialización conjunta en el municipio de Barberena.
Cooperativa Integral de Ahorro y Crédito de Barberena R.L.,COOP-GT0602-B,GT0602,Local,Cooperativa comunitaria que facilita créditos y planes de ahorro a pequeños productores de Barberena.
Asociación de Productores y Comercializadores de Barberena,ASO-GT0602-C,GT0602,Departamental,Gremio local de productores dedicado al desarrollo socioeconómico de Barberena.
Cooperativa Integral de Producción Agrícola de Santa Rosa de Lima R.L.,COOP-GT0603-A,GT0603,Regional,Entidad cooperativa dedicada al fomento agrícola y comercialización conjunta en el municipio de Santa Rosa de Lima.
Cooperativa Integral de Ahorro y Crédito de Santa Rosa de Lima R.L.,COOP-GT0603-B,GT0603,Local,Cooperativa comunitaria que facilita créditos y planes de ahorro a pequeños productores de Santa Rosa de Lima.
Asociación de Productores y Comercializadores de Santa Rosa de Lima,ASO-GT0603-C,GT0603,Departamental,Gremio local de productores dedicado al desarrollo socioeconómico de Santa Rosa de Lima.
Cooperativa Integral de Producción Agrícola de Casillas R.L.,COOP-GT0604-A,GT0604,Nacional,Entidad cooperativa dedicada al fomento agrícola y comercialización conjunta en el municipio de Casillas.
Cooperativa Integral de Ahorro y Crédito de Casillas R.L.,COOP-GT0604-B,GT0604,Local,Cooperativa comunitaria que facilita créditos y planes de ahorro a pequeños productores de Casillas.
Asociación de Productores y Comercializadores de Casillas,ASO-GT0604-C,GT0604,Departamental,Gremio local de productores dedicado al desarrollo socioeconómico de Casillas.
Cooperativa Integral de Producción Agrícola de San Rafael Las Flores R.L.,COOP-GT0605-A,GT0605,Local,Entidad cooperativa dedicada al fomento agrícola y comercialización conjunta en el municipio de San Rafael Las Flores.
Cooperativa Integral de Ahorro y Crédito de San Rafael Las Flores R.L.,COOP-GT0605-B,GT0605,Local,Cooperativa comunitaria que facilita créditos y planes de ahorro a pequeños productores de San Rafael Las Flores.
Asociación de Productores y Comercializadores de San Rafael Las Flores,ASO-GT0605-C,GT0605,Departamental,Gremio local de productores dedicado al desarrollo socioeconómico de San Rafael Las Flores.
Cooperativa Integral de Producción Agrícola de Oratorio R.L.,COOP-GT0606-A,GT0606,Departamental,Entidad cooperativa dedicada al fomento agrícola y comercialización conjunta en el municipio de Oratorio.
Cooperativa Integral de Ahorro y Crédito de Oratorio R.L.,COOP-GT0606-B,GT0606,Local,Cooperativa comunitaria que facilita créditos y planes de ahorro a pequeños productores de Oratorio.
Asociación de Productores y Comercializadores de Oratorio,ASO-GT0606-C,GT0606,Departamental,Gremio local de productores dedicado al desarrollo socioeconómico de Oratorio.
Cooperativa Integral de Producción Agrícola de San Juan Tecuaco R.L.,COOP-GT0607-A,GT0607,Regional,Entidad cooperativa dedicada al fomento agrícola y comercialización conjunta en el municipio de San Juan Tecuaco.
Cooperativa Integral de Ahorro y Crédito de San Juan Tecuaco R.L.,COOP-GT0607-B,GT0607,Local,Cooperativa comunitaria que facilita créditos y planes de ahorro a pequeños productores de San Juan Tecuaco.
Asociación de Productores y Comercializadores de San Juan Tecuaco,ASO-GT0607-C,GT0607,Departamental,Gremio local de productores dedicado al desarrollo socioeconómico de San Juan Tecuaco.
Cooperativa Integral de Producción Agrícola de Chiquimulilla R.L.,COOP-GT0608-A,GT0608,Nacional,Entidad cooperativa dedicada al fomento agrícola y comercialización conjunta en el municipio de Chiquimulilla.
Cooperativa Integral de Ahorro y Crédito de Chiquimulilla R.L.,COOP-GT0608-B,GT0608,Local,Cooperativa comunitaria que facilita créditos y planes de ahorro a pequeños productores de Chiquimulilla.
Asociación de Productores y Comercializadores de Chiquimulilla,ASO-GT0608-C,GT0608,Departamental,Gremio local de productores dedicado al desarrollo socioeconómico de Chiquimulilla.
Cooperativa Integral de Producción Agrícola de Taxisco R.L.,COOP-GT0609-A,GT0609,Local,Entidad cooperativa dedicada al fomento agrícola y comercialización conjunta en el municipio de Taxisco.
Cooperativa Integral de Ahorro y Crédito de Taxisco R.L.,COOP-GT0609-B,GT0609,Local,Cooperativa comunitaria que facilita créditos y planes de ahorro a pequeños productores de Taxisco.
Asociación de Productores y Comercializadores de Taxisco,ASO-GT0609-C,GT0609,Departamental,Gremio local de productores dedicado al desarrollo socioeconómico de Taxisco.
Cooperativa Integral de Producción Agrícola de Santa María Ixhuatán R.L.,COOP-GT0610-A,GT0610,Departamental,Entidad cooperativa dedicada al fomento agrícola y comercialización conjunta en el municipio de Santa María Ixhuatán.
Cooperativa Integral de Ahorro y Crédito de Santa María Ixhuatán R.L.,COOP-GT0610-B,GT0610,Local,Cooperativa comunitaria que facilita créditos y planes de ahorro a pequeños productores de Santa María Ixhuatán.
Asociación de Productores y Comercializadores de Santa María Ixhuatán,ASO-GT0610-C,GT0610,Departamental,Gremio local de productores dedicado al desarrollo socioeconómico de Santa María Ixhuatán.
Cooperativa Integral de Producción Agrícola de Guazacapán R.L.,COOP-GT0611-A,GT0611,Regional,Entidad cooperativa dedicada al fomento agrícola y comercialización conjunta en el municipio de Guazacapán.
Cooperativa Integral de Ahorro y Crédito de Guazacapán R.L.,COOP-GT0611-B,GT0611,Local,Cooperativa comunitaria que facilita créditos y planes de ahorro a pequeños productores de Guazacapán.
Asociación de Productores y Comercializadores de Guazacapán,ASO-GT0611-C,GT0611,Departamental,Gremio local de productores dedicado al desarrollo socioeconómico de Guazacapán.
Cooperativa Integral de Producción Agrícola de Santa Cruz Naranjo R.L.,COOP-GT0612-A,GT0612,Nacional,Entidad cooperativa dedicada al fomento agrícola y comercialización conjunta en el municipio de Santa Cruz Naranjo.
Cooperativa Integral de Ahorro y Crédito de Santa Cruz Naranjo R.L.,COOP-GT0612-B,GT0612,Local,Cooperativa comunitaria que facilita créditos y planes de ahorro a pequeños productores de Santa Cruz Naranjo.
Asociación de Productores y Comercializadores de Santa Cruz Naranjo,ASO-GT0612-C,GT0612,Departamental,Gremio local de productores dedicado al desarrollo socioeconómico de Santa Cruz Naranjo.
Cooperativa Integral de Producción Agrícola de Pueblo Nuevo Viñas R.L.,COOP-GT0613-A,GT0613,Local,Entidad cooperativa dedicada al fomento agrícola y comercialización conjunta en el municipio de Pueblo Nuevo Viñas.
Cooperativa Integral de Ahorro y Crédito de Pueblo Nuevo Viñas R.L.,COOP-GT0613-B,GT0613,Local,Cooperativa comunitaria que facilita créditos y planes de ahorro a pequeños productores de Pueblo Nuevo Viñas.
Asociación de Productores y Comercializadores de Pueblo Nuevo Viñas,ASO-GT0613-C,GT0613,Departamental,Gremio local de productores dedicado al desarrollo socioeconómico de Pueblo Nuevo Viñas.
Cooperativa Integral de Producción Agrícola de Nueva Santa Rosa R.L.,COOP-GT0614-A,GT0614,Departamental,Entidad cooperativa dedicada al fomento agrícola y comercialización conjunta en el municipio de Nueva Santa Rosa.
Cooperativa Integral de Ahorro y Crédito de Nueva Santa Rosa R.L.,COOP-GT0614-B,GT0614,Local,Cooperativa comunitaria que facilita créditos y planes de ahorro a pequeños productores de Nueva Santa Rosa.
Asociación de Productores y Comercializadores de Nueva Santa Rosa,ASO-GT0614-C,GT0614,Departamental,Gremio local de productores dedicado al desarrollo socioeconómico de Nueva Santa Rosa.
Cooperativa Integral de Producción Agrícola de Lago De Atitlan R.L.,COOP-GT0700-A,GT0700,Regional,Entidad cooperativa dedicada al fomento agrícola y comercialización conjunta en el municipio de Lago De Atitlan.
Cooperativa Integral de Ahorro y Crédito de Lago De Atitlan R.L.,COOP-GT0700-B,GT0700,Local,Cooperativa comunitaria que facilita créditos y planes de ahorro a pequeños productores de Lago De Atitlan.
Asociación de Productores y Comercializadores de Lago De Atitlan,ASO-GT0700-C,GT0700,Departamental,Gremio local de productores dedicado al desarrollo socioeconómico de Lago De Atitlan.
Cooperativa Integral de Producción Agrícola de Sololá R.L.,COOP-GT0701-A,GT0701,Nacional,Entidad cooperativa dedicada al fomento agrícola y comercialización conjunta en el municipio de Sololá.
Cooperativa Integral de Ahorro y Crédito de Sololá R.L.,COOP-GT0701-B,GT0701,Local,Cooperativa comunitaria que facilita créditos y planes de ahorro a pequeños productores de Sololá.
Asociación de Productores y Comercializadores de Sololá,ASO-GT0701-C,GT0701,Departamental,Gremio local de productores dedicado al desarrollo socioeconómico de Sololá.
Cooperativa Integral de Producción Agrícola de San José Chacayá R.L.,COOP-GT0702-A,GT0702,Local,Entidad cooperativa dedicada al fomento agrícola y comercialización conjunta en el municipio de San José Chacayá.
Cooperativa Integral de Ahorro y Crédito de San José Chacayá R.L.,COOP-GT0702-B,GT0702,Local,Cooperativa comunitaria que facilita créditos y planes de ahorro a pequeños productores de San José Chacayá.
Asociación de Productores y Comercializadores de San José Chacayá,ASO-GT0702-C,GT0702,Departamental,Gremio local de productores dedicado al desarrollo socioeconómico de San José Chacayá.
Cooperativa Integral de Producción Agrícola de Santa María Visitación R.L.,COOP-GT0703-A,GT0703,Departamental,Entidad cooperativa dedicada al fomento agrícola y comercialización conjunta en el municipio de Santa María Visitación.
Cooperativa Integral de Ahorro y Crédito de Santa María Visitación R.L.,COOP-GT0703-B,GT0703,Local,Cooperativa comunitaria que facilita créditos y planes de ahorro a pequeños productores de Santa María Visitación.
Asociación de Productores y Comercializadores de Santa María Visitación,ASO-GT0703-C,GT0703,Departamental,Gremio local de productores dedicado al desarrollo socioeconómico de Santa María Visitación.
Cooperativa Integral de Producción Agrícola de Santa Lucía Utatlán R.L.,COOP-GT0704-A,GT0704,Regional,Entidad cooperativa dedicada al fomento agrícola y comercialización conjunta en el municipio de Santa Lucía Utatlán.
Cooperativa Integral de Ahorro y Crédito de Santa Lucía Utatlán R.L.,COOP-GT0704-B,GT0704,Local,Cooperativa comunitaria que facilita créditos y planes de ahorro a pequeños productores de Santa Lucía Utatlán.
Asociación de Productores y Comercializadores de Santa Lucía Utatlán,ASO-GT0704-C,GT0704,Departamental,Gremio local de productores dedicado al desarrollo socioeconómico de Santa Lucía Utatlán.
Cooperativa Integral de Producción Agrícola de Nahualá R.L.,COOP-GT0705-A,GT0705,Nacional,Entidad cooperativa dedicada al fomento agrícola y comercialización conjunta en el municipio de Nahualá.
Cooperativa Integral de Ahorro y Crédito de Nahualá R.L.,COOP-GT0705-B,GT0705,Local,Cooperativa comunitaria que facilita créditos y planes de ahorro a pequeños productores de Nahualá.
Asociación de Productores y Comercializadores de Nahualá,ASO-GT0705-C,GT0705,Departamental,Gremio local de productores dedicado al desarrollo socioeconómico de Nahualá.
Cooperativa Integral de Producción Agrícola de Santa Catarina Ixtahuacán R.L.,COOP-GT0706-A,GT0706,Local,Entidad cooperativa dedicada al fomento agrícola y comercialización conjunta en el municipio de Santa Catarina Ixtahuacán.
Cooperativa Integral de Ahorro y Crédito de Santa Catarina Ixtahuacán R.L.,COOP-GT0706-B,GT0706,Local,Cooperativa comunitaria que facilita créditos y planes de ahorro a pequeños productores de Santa Catarina Ixtahuacán.
Asociación de Productores y Comercializadores de Santa Catarina Ixtahuacán,ASO-GT0706-C,GT0706,Departamental,Gremio local de productores dedicado al desarrollo socioeconómico de Santa Catarina Ixtahuacán.
Cooperativa Integral de Producción Agrícola de Santa Clara La Laguna R.L.,COOP-GT0707-A,GT0707,Departamental,Entidad cooperativa dedicada al fomento agrícola y comercialización conjunta en el municipio de Santa Clara La Laguna.
Cooperativa Integral de Ahorro y Crédito de Santa Clara La Laguna R.L.,COOP-GT0707-B,GT0707,Local,Cooperativa comunitaria que facilita créditos y planes de ahorro a pequeños productores de Santa Clara La Laguna.
Asociación de Productores y Comercializadores de Santa Clara La Laguna,ASO-GT0707-C,GT0707,Departamental,Gremio local de productores dedicado al desarrollo socioeconómico de Santa Clara La Laguna.
Cooperativa Integral de Producción Agrícola de Concepción R.L.,COOP-GT0708-A,GT0708,Regional,Entidad cooperativa dedicada al fomento agrícola y comercialización conjunta en el municipio de Concepción.
Cooperativa Integral de Ahorro y Crédito de Concepción R.L.,COOP-GT0708-B,GT0708,Local,Cooperativa comunitaria que facilita créditos y planes de ahorro a pequeños productores de Concepción.
Asociación de Productores y Comercializadores de Concepción,ASO-GT0708-C,GT0708,Departamental,Gremio local de productores dedicado al desarrollo socioeconómico de Concepción.
Cooperativa Integral de Producción Agrícola de San Andrés Semetabaj R.L.,COOP-GT0709-A,GT0709,Nacional,Entidad cooperativa dedicada al fomento agrícola y comercialización conjunta en el municipio de San Andrés Semetabaj.
Cooperativa Integral de Ahorro y Crédito de San Andrés Semetabaj R.L.,COOP-GT0709-B,GT0709,Local,Cooperativa comunitaria que facilita créditos y planes de ahorro a pequeños productores de San Andrés Semetabaj.
Asociación de Productores y Comercializadores de San Andrés Semetabaj,ASO-GT0709-C,GT0709,Departamental,Gremio local de productores dedicado al desarrollo socioeconómico de San Andrés Semetabaj.
Cooperativa Integral de Producción Agrícola de Panajachel R.L.,COOP-GT0710-A,GT0710,Local,Entidad cooperativa dedicada al fomento agrícola y comercialización conjunta en el municipio de Panajachel.
Cooperativa Integral de Ahorro y Crédito de Panajachel R.L.,COOP-GT0710-B,GT0710,Local,Cooperativa comunitaria que facilita créditos y planes de ahorro a pequeños productores de Panajachel.
Asociación de Productores y Comercializadores de Panajachel,ASO-GT0710-C,GT0710,Departamental,Gremio local de productores dedicado al desarrollo socioeconómico de Panajachel.
Cooperativa Integral de Producción Agrícola de Santa Catarina Palopó R.L.,COOP-GT0711-A,GT0711,Departamental,Entidad cooperativa dedicada al fomento agrícola y comercialización conjunta en el municipio de Santa Catarina Palopó.
Cooperativa Integral de Ahorro y Crédito de Santa Catarina Palopó R.L.,COOP-GT0711-B,GT0711,Local,Cooperativa comunitaria que facilita créditos y planes de ahorro a pequeños productores de Santa Catarina Palopó.
Asociación de Productores y Comercializadores de Santa Catarina Palopó,ASO-GT0711-C,GT0711,Departamental,Gremio local de productores dedicado al desarrollo socioeconómico de Santa Catarina Palopó.
Cooperativa Integral de Producción Agrícola de San Antonio Palopó R.L.,COOP-GT0712-A,GT0712,Regional,Entidad cooperativa dedicada al fomento agrícola y comercialización conjunta en el municipio de San Antonio Palopó.
Cooperativa Integral de Ahorro y Crédito de San Antonio Palopó R.L.,COOP-GT0712-B,GT0712,Local,Cooperativa comunitaria que facilita créditos y planes de ahorro a pequeños productores de San Antonio Palopó.
Asociación de Productores y Comercializadores de San Antonio Palopó,ASO-GT0712-C,GT0712,Departamental,Gremio local de productores dedicado al desarrollo socioeconómico de San Antonio Palopó.
Cooperativa Integral de Producción Agrícola de San Lucas Tolimán R.L.,COOP-GT0713-A,GT0713,Nacional,Entidad cooperativa dedicada al fomento agrícola y comercialización conjunta en el municipio de San Lucas Tolimán.
Cooperativa Integral de Ahorro y Crédito de San Lucas Tolimán R.L.,COOP-GT0713-B,GT0713,Local,Cooperativa comunitaria que facilita créditos y planes de ahorro a pequeños productores de San Lucas Tolimán.
Asociación de Productores y Comercializadores de San Lucas Tolimán,ASO-GT0713-C,GT0713,Departamental,Gremio local de productores dedicado al desarrollo socioeconómico de San Lucas Tolimán.
Cooperativa Integral de Producción Agrícola de Santa Cruz La Laguna R.L.,COOP-GT0714-A,GT0714,Local,Entidad cooperativa dedicada al fomento agrícola y comercialización conjunta en el municipio de Santa Cruz La Laguna.
Cooperativa Integral de Ahorro y Crédito de Santa Cruz La Laguna R.L.,COOP-GT0714-B,GT0714,Local,Cooperativa comunitaria que facilita créditos y planes de ahorro a pequeños productores de Santa Cruz La Laguna.
Asociación de Productores y Comercializadores de Santa Cruz La Laguna,ASO-GT0714-C,GT0714,Departamental,Gremio local de productores dedicado al desarrollo socioeconómico de Santa Cruz La Laguna.
Cooperativa Integral de Producción Agrícola de San Pablo La Laguna R.L.,COOP-GT0715-A,GT0715,Departamental,Entidad cooperativa dedicada al fomento agrícola y comercialización conjunta en el municipio de San Pablo La Laguna.
Cooperativa Integral de Ahorro y Crédito de San Pablo La Laguna R.L.,COOP-GT0715-B,GT0715,Local,Cooperativa comunitaria que facilita créditos y planes de ahorro a pequeños productores de San Pablo La Laguna.
Asociación de Productores y Comercializadores de San Pablo La Laguna,ASO-GT0715-C,GT0715,Departamental,Gremio local de productores dedicado al desarrollo socioeconómico de San Pablo La Laguna.
Cooperativa Integral de Producción Agrícola de San Marcos La Laguna R.L.,COOP-GT0716-A,GT0716,Regional,Entidad cooperativa dedicada al fomento agrícola y comercialización conjunta en el municipio de San Marcos La Laguna.
Cooperativa Integral de Ahorro y Crédito de San Marcos La Laguna R.L.,COOP-GT0716-B,GT0716,Local,Cooperativa comunitaria que facilita créditos y planes de ahorro a pequeños productores de San Marcos La Laguna.
Asociación de Productores y Comercializadores de San Marcos La Laguna,ASO-GT0716-C,GT0716,Departamental,Gremio local de productores dedicado al desarrollo socioeconómico de San Marcos La Laguna.
Cooperativa Integral de Producción Agrícola de San Juan La Laguna R.L.,COOP-GT0717-A,GT0717,Nacional,Entidad cooperativa dedicada al fomento agrícola y comercialización conjunta en el municipio de San Juan La Laguna.
Cooperativa Integral de Ahorro y Crédito de San Juan La Laguna R.L.,COOP-GT0717-B,GT0717,Local,Cooperativa comunitaria que facilita créditos y planes de ahorro a pequeños productores de San Juan La Laguna.
Asociación de Productores y Comercializadores de San Juan La Laguna,ASO-GT0717-C,GT0717,Departamental,Gremio local de productores dedicado al desarrollo socioeconómico de San Juan La Laguna.
Cooperativa Integral de Producción Agrícola de San Pedro La Laguna R.L.,COOP-GT0718-A,GT0718,Local,Entidad cooperativa dedicada al fomento agrícola y comercialización conjunta en el municipio de San Pedro La Laguna.
Cooperativa Integral de Ahorro y Crédito de San Pedro La Laguna R.L.,COOP-GT0718-B,GT0718,Local,Cooperativa comunitaria que facilita créditos y planes de ahorro a pequeños productores de San Pedro La Laguna.
Asociación de Productores y Comercializadores de San Pedro La Laguna,ASO-GT0718-C,GT0718,Departamental,Gremio local de productores dedicado al desarrollo socioeconómico de San Pedro La Laguna.
Cooperativa Integral de Producción Agrícola de Santiago Atitlán R.L.,COOP-GT0719-A,GT0719,Departamental,Entidad cooperativa dedicada al fomento agrícola y comercialización conjunta en el municipio de Santiago Atitlán.
Cooperativa Integral de Ahorro y Crédito de Santiago Atitlán R.L.,COOP-GT0719-B,GT0719,Local,Cooperativa comunitaria que facilita créditos y planes de ahorro a pequeños productores de Santiago Atitlán.
Asociación de Productores y Comercializadores de Santiago Atitlán,ASO-GT0719-C,GT0719,Departamental,Gremio local de productores dedicado al desarrollo socioeconómico de Santiago Atitlán.
Cooperativa Integral de Producción Agrícola de Totonicapán R.L.,COOP-GT0801-A,GT0801,Regional,Entidad cooperativa dedicada al fomento agrícola y comercialización conjunta en el municipio de Totonicapán.
Cooperativa Integral de Ahorro y Crédito de Totonicapán R.L.,COOP-GT0801-B,GT0801,Local,Cooperativa comunitaria que facilita créditos y planes de ahorro a pequeños productores de Totonicapán.
Asociación de Productores y Comercializadores de Totonicapán,ASO-GT0801-C,GT0801,Departamental,Gremio local de productores dedicado al desarrollo socioeconómico de Totonicapán.
Cooperativa Integral de Producción Agrícola de San Cristóbal Totonicapán R.L.,COOP-GT0802-A,GT0802,Nacional,Entidad cooperativa dedicada al fomento agrícola y comercialización conjunta en el municipio de San Cristóbal Totonicapán.
Cooperativa Integral de Ahorro y Crédito de San Cristóbal Totonicapán R.L.,COOP-GT0802-B,GT0802,Local,Cooperativa comunitaria que facilita créditos y planes de ahorro a pequeños productores de San Cristóbal Totonicapán.
Asociación de Productores y Comercializadores de San Cristóbal Totonicapán,ASO-GT0802-C,GT0802,Departamental,Gremio local de productores dedicado al desarrollo socioeconómico de San Cristóbal Totonicapán.
Cooperativa Integral de Producción Agrícola de San Francisco El Alto R.L.,COOP-GT0803-A,GT0803,Local,Entidad cooperativa dedicada al fomento agrícola y comercialización conjunta en el municipio de San Francisco El Alto.
Cooperativa Integral de Ahorro y Crédito de San Francisco El Alto R.L.,COOP-GT0803-B,GT0803,Local,Cooperativa comunitaria que facilita créditos y planes de ahorro a pequeños productores de San Francisco El Alto.
Asociación de Productores y Comercializadores de San Francisco El Alto,ASO-GT0803-C,GT0803,Departamental,Gremio local de productores dedicado al desarrollo socioeconómico de San Francisco El Alto.
Cooperativa Integral de Producción Agrícola de San Andrés Xecul R.L.,COOP-GT0804-A,GT0804,Departamental,Entidad cooperativa dedicada al fomento agrícola y comercialización conjunta en el municipio de San Andrés Xecul.
Cooperativa Integral de Ahorro y Crédito de San Andrés Xecul R.L.,COOP-GT0804-B,GT0804,Local,Cooperativa comunitaria que facilita créditos y planes de ahorro a pequeños productores de San Andrés Xecul.
Asociación de Productores y Comercializadores de San Andrés Xecul,ASO-GT0804-C,GT0804,Departamental,Gremio local de productores dedicado al desarrollo socioeconómico de San Andrés Xecul.
Cooperativa Integral de Producción Agrícola de Momostenango R.L.,COOP-GT0805-A,GT0805,Regional,Entidad cooperativa dedicada al fomento agrícola y comercialización conjunta en el municipio de Momostenango.
Cooperativa Integral de Ahorro y Crédito de Momostenango R.L.,COOP-GT0805-B,GT0805,Local,Cooperativa comunitaria que facilita créditos y planes de ahorro a pequeños productores de Momostenango.
Asociación de Productores y Comercializadores de Momostenango,ASO-GT0805-C,GT0805,Departamental,Gremio local de productores dedicado al desarrollo socioeconómico de Momostenango.
Cooperativa Integral de Producción Agrícola de Santa María Chiquimula R.L.,COOP-GT0806-A,GT0806,Nacional,Entidad cooperativa dedicada al fomento agrícola y comercialización conjunta en el municipio de Santa María Chiquimula.
Cooperativa Integral de Ahorro y Crédito de Santa María Chiquimula R.L.,COOP-GT0806-B,GT0806,Local,Cooperativa comunitaria que facilita créditos y planes de ahorro a pequeños productores de Santa María Chiquimula.
Asociación de Productores y Comercializadores de Santa María Chiquimula,ASO-GT0806-C,GT0806,Departamental,Gremio local de productores dedicado al desarrollo socioeconómico de Santa María Chiquimula.
Cooperativa Integral de Producción Agrícola de Santa Lucía La Reforma R.L.,COOP-GT0807-A,GT0807,Local,Entidad cooperativa dedicada al fomento agrícola y comercialización conjunta en el municipio de Santa Lucía La Reforma.
Cooperativa Integral de Ahorro y Crédito de Santa Lucía La Reforma R.L.,COOP-GT0807-B,GT0807,Local,Cooperativa comunitaria que facilita créditos y planes de ahorro a pequeños productores de Santa Lucía La Reforma.
Asociación de Productores y Comercializadores de Santa Lucía La Reforma,ASO-GT0807-C,GT0807,Departamental,Gremio local de productores dedicado al desarrollo socioeconómico de Santa Lucía La Reforma.
Cooperativa Integral de Producción Agrícola de San Bartolo R.L.,COOP-GT0808-A,GT0808,Departamental,Entidad cooperativa dedicada al fomento agrícola y comercialización conjunta en el municipio de San Bartolo.
Cooperativa Integral de Ahorro y Crédito de San Bartolo R.L.,COOP-GT0808-B,GT0808,Local,Cooperativa comunitaria que facilita créditos y planes de ahorro a pequeños productores de San Bartolo.
Asociación de Productores y Comercializadores de San Bartolo,ASO-GT0808-C,GT0808,Departamental,Gremio local de productores dedicado al desarrollo socioeconómico de San Bartolo.
Cooperativa Integral de Producción Agrícola de Quetzaltenango R.L.,COOP-GT0901-A,GT0901,Regional,Entidad cooperativa dedicada al fomento agrícola y comercialización conjunta en el municipio de Quetzaltenango.
Cooperativa Integral de Ahorro y Crédito de Quetzaltenango R.L.,COOP-GT0901-B,GT0901,Local,Cooperativa comunitaria que facilita créditos y planes de ahorro a pequeños productores de Quetzaltenango.
Asociación de Productores y Comercializadores de Quetzaltenango,ASO-GT0901-C,GT0901,Departamental,Gremio local de productores dedicado al desarrollo socioeconómico de Quetzaltenango.
Cooperativa Integral de Producción Agrícola de Salcajá R.L.,COOP-GT0902-A,GT0902,Nacional,Entidad cooperativa dedicada al fomento agrícola y comercialización conjunta en el municipio de Salcajá.
Cooperativa Integral de Ahorro y Crédito de Salcajá R.L.,COOP-GT0902-B,GT0902,Local,Cooperativa comunitaria que facilita créditos y planes de ahorro a pequeños productores de Salcajá.
Asociación de Productores y Comercializadores de Salcajá,ASO-GT0902-C,GT0902,Departamental,Gremio local de productores dedicado al desarrollo socioeconómico de Salcajá.
Cooperativa Integral de Producción Agrícola de Olintepeque R.L.,COOP-GT0903-A,GT0903,Local,Entidad cooperativa dedicada al fomento agrícola y comercialización conjunta en el municipio de Olintepeque.
Cooperativa Integral de Ahorro y Crédito de Olintepeque R.L.,COOP-GT0903-B,GT0903,Local,Cooperativa comunitaria que facilita créditos y planes de ahorro a pequeños productores de Olintepeque.
Asociación de Productores y Comercializadores de Olintepeque,ASO-GT0903-C,GT0903,Departamental,Gremio local de productores dedicado al desarrollo socioeconómico de Olintepeque.
Cooperativa Integral de Producción Agrícola de San Carlos Sija R.L.,COOP-GT0904-A,GT0904,Departamental,Entidad cooperativa dedicada al fomento agrícola y comercialización conjunta en el municipio de San Carlos Sija.
Cooperativa Integral de Ahorro y Crédito de San Carlos Sija R.L.,COOP-GT0904-B,GT0904,Local,Cooperativa comunitaria que facilita créditos y planes de ahorro a pequeños productores de San Carlos Sija.
Asociación de Productores y Comercializadores de San Carlos Sija,ASO-GT0904-C,GT0904,Departamental,Gremio local de productores dedicado al desarrollo socioeconómico de San Carlos Sija.
Cooperativa Integral de Producción Agrícola de Sibilia R.L.,COOP-GT0905-A,GT0905,Regional,Entidad cooperativa dedicada al fomento agrícola y comercialización conjunta en el municipio de Sibilia.
Cooperativa Integral de Ahorro y Crédito de Sibilia R.L.,COOP-GT0905-B,GT0905,Local,Cooperativa comunitaria que facilita créditos y planes de ahorro a pequeños productores de Sibilia.
Asociación de Productores y Comercializadores de Sibilia,ASO-GT0905-C,GT0905,Departamental,Gremio local de productores dedicado al desarrollo socioeconómico de Sibilia.
Cooperativa Integral de Producción Agrícola de Cabricán R.L.,COOP-GT0906-A,GT0906,Nacional,Entidad cooperativa dedicada al fomento agrícola y comercialización conjunta en el municipio de Cabricán.
Cooperativa Integral de Ahorro y Crédito de Cabricán R.L.,COOP-GT0906-B,GT0906,Local,Cooperativa comunitaria que facilita créditos y planes de ahorro a pequeños productores de Cabricán.
Asociación de Productores y Comercializadores de Cabricán,ASO-GT0906-C,GT0906,Departamental,Gremio local de productores dedicado al desarrollo socioeconómico de Cabricán.
Cooperativa Integral de Producción Agrícola de Cajolá R.L.,COOP-GT0907-A,GT0907,Local,Entidad cooperativa dedicada al fomento agrícola y comercialización conjunta en el municipio de Cajolá.
Cooperativa Integral de Ahorro y Crédito de Cajolá R.L.,COOP-GT0907-B,GT0907,Local,Cooperativa comunitaria que facilita créditos y planes de ahorro a pequeños productores de Cajolá.
Asociación de Productores y Comercializadores de Cajolá,ASO-GT0907-C,GT0907,Departamental,Gremio local de productores dedicado al desarrollo socioeconómico de Cajolá.
Cooperativa Integral de Producción Agrícola de San Miguel Sigüila R.L.,COOP-GT0908-A,GT0908,Departamental,Entidad cooperativa dedicada al fomento agrícola y comercialización conjunta en el municipio de San Miguel Sigüila.
Cooperativa Integral de Ahorro y Crédito de San Miguel Sigüila R.L.,COOP-GT0908-B,GT0908,Local,Cooperativa comunitaria que facilita créditos y planes de ahorro a pequeños productores de San Miguel Sigüila.
Asociación de Productores y Comercializadores de San Miguel Sigüila,ASO-GT0908-C,GT0908,Departamental,Gremio local de productores dedicado al desarrollo socioeconómico de San Miguel Sigüila.
Cooperativa Integral de Producción Agrícola de Ostuncalco R.L.,COOP-GT0909-A,GT0909,Regional,Entidad cooperativa dedicada al fomento agrícola y comercialización conjunta en el municipio de Ostuncalco.
Cooperativa Integral de Ahorro y Crédito de Ostuncalco R.L.,COOP-GT0909-B,GT0909,Local,Cooperativa comunitaria que facilita créditos y planes de ahorro a pequeños productores de Ostuncalco.
Asociación de Productores y Comercializadores de Ostuncalco,ASO-GT0909-C,GT0909,Departamental,Gremio local de productores dedicado al desarrollo socioeconómico de Ostuncalco.
Cooperativa Integral de Producción Agrícola de San Mateo R.L.,COOP-GT0910-A,GT0910,Nacional,Entidad cooperativa dedicada al fomento agrícola y comercialización conjunta en el municipio de San Mateo.
Cooperativa Integral de Ahorro y Crédito de San Mateo R.L.,COOP-GT0910-B,GT0910,Local,Cooperativa comunitaria que facilita créditos y planes de ahorro a pequeños productores de San Mateo.
Asociación de Productores y Comercializadores de San Mateo,ASO-GT0910-C,GT0910,Departamental,Gremio local de productores dedicado al desarrollo socioeconómico de San Mateo.
Cooperativa Integral de Producción Agrícola de Concepción Chiquirichapa R.L.,COOP-GT0911-A,GT0911,Local,Entidad cooperativa dedicada al fomento agrícola y comercialización conjunta en el municipio de Concepción Chiquirichapa.
Cooperativa Integral de Ahorro y Crédito de Concepción Chiquirichapa R.L.,COOP-GT0911-B,GT0911,Local,Cooperativa comunitaria que facilita créditos y planes de ahorro a pequeños productores de Concepción Chiquirichapa.
Asociación de Productores y Comercializadores de Concepción Chiquirichapa,ASO-GT0911-C,GT0911,Departamental,Gremio local de productores dedicado al desarrollo socioeconómico de Concepción Chiquirichapa.
Cooperativa Integral de Producción Agrícola de San Martín Sacatepéquez R.L.,COOP-GT0912-A,GT0912,Departamental,Entidad cooperativa dedicada al fomento agrícola y comercialización conjunta en el municipio de San Martín Sacatepéquez.
Cooperativa Integral de Ahorro y Crédito de San Martín Sacatepéquez R.L.,COOP-GT0912-B,GT0912,Local,Cooperativa comunitaria que facilita créditos y planes de ahorro a pequeños productores de San Martín Sacatepéquez.
Asociación de Productores y Comercializadores de San Martín Sacatepéquez,ASO-GT0912-C,GT0912,Departamental,Gremio local de productores dedicado al desarrollo socioeconómico de San Martín Sacatepéquez.
Cooperativa Integral de Producción Agrícola de Almolonga R.L.,COOP-GT0913-A,GT0913,Regional,Entidad cooperativa dedicada al fomento agrícola y comercialización conjunta en el municipio de Almolonga.
Cooperativa Integral de Ahorro y Crédito de Almolonga R.L.,COOP-GT0913-B,GT0913,Local,Cooperativa comunitaria que facilita créditos y planes de ahorro a pequeños productores de Almolonga.
Asociación de Productores y Comercializadores de Almolonga,ASO-GT0913-C,GT0913,Departamental,Gremio local de productores dedicado al desarrollo socioeconómico de Almolonga.
Cooperativa Integral de Producción Agrícola de Cantel R.L.,COOP-GT0914-A,GT0914,Nacional,Entidad cooperativa dedicada al fomento agrícola y comercialización conjunta en el municipio de Cantel.
Cooperativa Integral de Ahorro y Crédito de Cantel R.L.,COOP-GT0914-B,GT0914,Local,Cooperativa comunitaria que facilita créditos y planes de ahorro a pequeños productores de Cantel.
Asociación de Productores y Comercializadores de Cantel,ASO-GT0914-C,GT0914,Departamental,Gremio local de productores dedicado al desarrollo socioeconómico de Cantel.
Cooperativa Integral de Producción Agrícola de Huitán R.L.,COOP-GT0915-A,GT0915,Local,Entidad cooperativa dedicada al fomento agrícola y comercialización conjunta en el municipio de Huitán.
Cooperativa Integral de Ahorro y Crédito de Huitán R.L.,COOP-GT0915-B,GT0915,Local,Cooperativa comunitaria que facilita créditos y planes de ahorro a pequeños productores de Huitán.
Asociación de Productores y Comercializadores de Huitán,ASO-GT0915-C,GT0915,Departamental,Gremio local de productores dedicado al desarrollo socioeconómico de Huitán.
Cooperativa Integral de Producción Agrícola de Zunil R.L.,COOP-GT0916-A,GT0916,Departamental,Entidad cooperativa dedicada al fomento agrícola y comercialización conjunta en el municipio de Zunil.
Cooperativa Integral de Ahorro y Crédito de Zunil R.L.,COOP-GT0916-B,GT0916,Local,Cooperativa comunitaria que facilita créditos y planes de ahorro a pequeños productores de Zunil.
Asociación de Productores y Comercializadores de Zunil,ASO-GT0916-C,GT0916,Departamental,Gremio local de productores dedicado al desarrollo socioeconómico de Zunil.
Cooperativa Integral de Producción Agrícola de Colomba R.L.,COOP-GT0917-A,GT0917,Regional,Entidad cooperativa dedicada al fomento agrícola y comercialización conjunta en el municipio de Colomba.
Cooperativa Integral de Ahorro y Crédito de Colomba R.L.,COOP-GT0917-B,GT0917,Local,Cooperativa comunitaria que facilita créditos y planes de ahorro a pequeños productores de Colomba.
Asociación de Productores y Comercializadores de Colomba,ASO-GT0917-C,GT0917,Departamental,Gremio local de productores dedicado al desarrollo socioeconómico de Colomba.
Cooperativa Integral de Producción Agrícola de San Francisco La Unión R.L.,COOP-GT0918-A,GT0918,Nacional,Entidad cooperativa dedicada al fomento agrícola y comercialización conjunta en el municipio de San Francisco La Unión.
Cooperativa Integral de Ahorro y Crédito de San Francisco La Unión R.L.,COOP-GT0918-B,GT0918,Local,Cooperativa comunitaria que facilita créditos y planes de ahorro a pequeños productores de San Francisco La Unión.
Asociación de Productores y Comercializadores de San Francisco La Unión,ASO-GT0918-C,GT0918,Departamental,Gremio local de productores dedicado al desarrollo socioeconómico de San Francisco La Unión.
Cooperativa Integral de Producción Agrícola de El Palmar R.L.,COOP-GT0919-A,GT0919,Local,Entidad cooperativa dedicada al fomento agrícola y comercialización conjunta en el municipio de El Palmar.
Cooperativa Integral de Ahorro y Crédito de El Palmar R.L.,COOP-GT0919-B,GT0919,Local,Cooperativa comunitaria que facilita créditos y planes de ahorro a pequeños productores de El Palmar.
Asociación de Productores y Comercializadores de El Palmar,ASO-GT0919-C,GT0919,Departamental,Gremio local de productores dedicado al desarrollo socioeconómico de El Palmar.
Cooperativa Integral de Producción Agrícola de Coatepeque R.L.,COOP-GT0920-A,GT0920,Departamental,Entidad cooperativa dedicada al fomento agrícola y comercialización conjunta en el municipio de Coatepeque.
Cooperativa Integral de Ahorro y Crédito de Coatepeque R.L.,COOP-GT0920-B,GT0920,Local,Cooperativa comunitaria que facilita créditos y planes de ahorro a pequeños productores de Coatepeque.
Asociación de Productores y Comercializadores de Coatepeque,ASO-GT0920-C,GT0920,Departamental,Gremio local de productores dedicado al desarrollo socioeconómico de Coatepeque.
Cooperativa Integral de Producción Agrícola de Génova R.L.,COOP-GT0921-A,GT0921,Regional,Entidad cooperativa dedicada al fomento agrícola y comercialización conjunta en el municipio de Génova.
Cooperativa Integral de Ahorro y Crédito de Génova R.L.,COOP-GT0921-B,GT0921,Local,Cooperativa comunitaria que facilita créditos y planes de ahorro a pequeños productores de Génova.
Asociación de Productores y Comercializadores de Génova,ASO-GT0921-C,GT0921,Departamental,Gremio local de productores dedicado al desarrollo socioeconómico de Génova.
Cooperativa Integral de Producción Agrícola de Flores Costa Cuca R.L.,COOP-GT0922-A,GT0922,Nacional,Entidad cooperativa dedicada al fomento agrícola y comercialización conjunta en el municipio de Flores Costa Cuca.
Cooperativa Integral de Ahorro y Crédito de Flores Costa Cuca R.L.,COOP-GT0922-B,GT0922,Local,Cooperativa comunitaria que facilita créditos y planes de ahorro a pequeños productores de Flores Costa Cuca.
Asociación de Productores y Comercializadores de Flores Costa Cuca,ASO-GT0922-C,GT0922,Departamental,Gremio local de productores dedicado al desarrollo socioeconómico de Flores Costa Cuca.
Cooperativa Integral de Producción Agrícola de La Esperanza R.L.,COOP-GT0923-A,GT0923,Local,Entidad cooperativa dedicada al fomento agrícola y comercialización conjunta en el municipio de La Esperanza.
Cooperativa Integral de Ahorro y Crédito de La Esperanza R.L.,COOP-GT0923-B,GT0923,Local,Cooperativa comunitaria que facilita créditos y planes de ahorro a pequeños productores de La Esperanza.
Asociación de Productores y Comercializadores de La Esperanza,ASO-GT0923-C,GT0923,Departamental,Gremio local de productores dedicado al desarrollo socioeconómico de La Esperanza.
Cooperativa Integral de Producción Agrícola de Palestina de Los Altos R.L.,COOP-GT0924-A,GT0924,Departamental,Entidad cooperativa dedicada al fomento agrícola y comercialización conjunta en el municipio de Palestina de Los Altos.
Cooperativa Integral de Ahorro y Crédito de Palestina de Los Altos R.L.,COOP-GT0924-B,GT0924,Local,Cooperativa comunitaria que facilita créditos y planes de ahorro a pequeños productores de Palestina de Los Altos.
Asociación de Productores y Comercializadores de Palestina de Los Altos,ASO-GT0924-C,GT0924,Departamental,Gremio local de productores dedicado al desarrollo socioeconómico de Palestina de Los Altos.
Cooperativa Integral de Producción Agrícola de Mazatenango R.L.,COOP-GT1001-A,GT1001,Regional,Entidad cooperativa dedicada al fomento agrícola y comercialización conjunta en el municipio de Mazatenango.
Cooperativa Integral de Ahorro y Crédito de Mazatenango R.L.,COOP-GT1001-B,GT1001,Local,Cooperativa comunitaria que facilita créditos y planes de ahorro a pequeños productores de Mazatenango.
Asociación de Productores y Comercializadores de Mazatenango,ASO-GT1001-C,GT1001,Departamental,Gremio local de productores dedicado al desarrollo socioeconómico de Mazatenango.
Cooperativa Integral de Producción Agrícola de Cuyotenango R.L.,COOP-GT1002-A,GT1002,Nacional,Entidad cooperativa dedicada al fomento agrícola y comercialización conjunta en el municipio de Cuyotenango.
Cooperativa Integral de Ahorro y Crédito de Cuyotenango R.L.,COOP-GT1002-B,GT1002,Local,Cooperativa comunitaria que facilita créditos y planes de ahorro a pequeños productores de Cuyotenango.
Asociación de Productores y Comercializadores de Cuyotenango,ASO-GT1002-C,GT1002,Departamental,Gremio local de productores dedicado al desarrollo socioeconómico de Cuyotenango.
Cooperativa Integral de Producción Agrícola de San Francisco Zapotitlán R.L.,COOP-GT1003-A,GT1003,Local,Entidad cooperativa dedicada al fomento agrícola y comercialización conjunta en el municipio de San Francisco Zapotitlán.
Cooperativa Integral de Ahorro y Crédito de San Francisco Zapotitlán R.L.,COOP-GT1003-B,GT1003,Local,Cooperativa comunitaria que facilita créditos y planes de ahorro a pequeños productores de San Francisco Zapotitlán.
Asociación de Productores y Comercializadores de San Francisco Zapotitlán,ASO-GT1003-C,GT1003,Departamental,Gremio local de productores dedicado al desarrollo socioeconómico de San Francisco Zapotitlán.
Cooperativa Integral de Producción Agrícola de San Bernardino R.L.,COOP-GT1004-A,GT1004,Departamental,Entidad cooperativa dedicada al fomento agrícola y comercialización conjunta en el municipio de San Bernardino.
Cooperativa Integral de Ahorro y Crédito de San Bernardino R.L.,COOP-GT1004-B,GT1004,Local,Cooperativa comunitaria que facilita créditos y planes de ahorro a pequeños productores de San Bernardino.
Asociación de Productores y Comercializadores de San Bernardino,ASO-GT1004-C,GT1004,Departamental,Gremio local de productores dedicado al desarrollo socioeconómico de San Bernardino.
Cooperativa Integral de Producción Agrícola de San José El Ídolo R.L.,COOP-GT1005-A,GT1005,Regional,Entidad cooperativa dedicada al fomento agrícola y comercialización conjunta en el municipio de San José El Ídolo.
Cooperativa Integral de Ahorro y Crédito de San José El Ídolo R.L.,COOP-GT1005-B,GT1005,Local,Cooperativa comunitaria que facilita créditos y planes de ahorro a pequeños productores de San José El Ídolo.
Asociación de Productores y Comercializadores de San José El Ídolo,ASO-GT1005-C,GT1005,Departamental,Gremio local de productores dedicado al desarrollo socioeconómico de San José El Ídolo.
Cooperativa Integral de Producción Agrícola de Santo Domingo Suchitepéquez R.L.,COOP-GT1006-A,GT1006,Nacional,Entidad cooperativa dedicada al fomento agrícola y comercialización conjunta en el municipio de Santo Domingo Suchitepéquez.
Cooperativa Integral de Ahorro y Crédito de Santo Domingo Suchitepéquez R.L.,COOP-GT1006-B,GT1006,Local,Cooperativa comunitaria que facilita créditos y planes de ahorro a pequeños productores de Santo Domingo Suchitepéquez.
Asociación de Productores y Comercializadores de Santo Domingo Suchitepéquez,ASO-GT1006-C,GT1006,Departamental,Gremio local de productores dedicado al desarrollo socioeconómico de Santo Domingo Suchitepéquez.
Cooperativa Integral de Producción Agrícola de San Lorenzo R.L.,COOP-GT1007-A,GT1007,Local,Entidad cooperativa dedicada al fomento agrícola y comercialización conjunta en el municipio de San Lorenzo.
Cooperativa Integral de Ahorro y Crédito de San Lorenzo R.L.,COOP-GT1007-B,GT1007,Local,Cooperativa comunitaria que facilita créditos y planes de ahorro a pequeños productores de San Lorenzo.
Asociación de Productores y Comercializadores de San Lorenzo,ASO-GT1007-C,GT1007,Departamental,Gremio local de productores dedicado al desarrollo socioeconómico de San Lorenzo.
Cooperativa Integral de Producción Agrícola de Samayac R.L.,COOP-GT1008-A,GT1008,Departamental,Entidad cooperativa dedicada al fomento agrícola y comercialización conjunta en el municipio de Samayac.
Cooperativa Integral de Ahorro y Crédito de Samayac R.L.,COOP-GT1008-B,GT1008,Local,Cooperativa comunitaria que facilita créditos y planes de ahorro a pequeños productores de Samayac.
Asociación de Productores y Comercializadores de Samayac,ASO-GT1008-C,GT1008,Departamental,Gremio local de productores dedicado al desarrollo socioeconómico de Samayac.
Cooperativa Integral de Producción Agrícola de San Pablo Jocopilas R.L.,COOP-GT1009-A,GT1009,Regional,Entidad cooperativa dedicada al fomento agrícola y comercialización conjunta en el municipio de San Pablo Jocopilas.
Cooperativa Integral de Ahorro y Crédito de San Pablo Jocopilas R.L.,COOP-GT1009-B,GT1009,Local,Cooperativa comunitaria que facilita créditos y planes de ahorro a pequeños productores de San Pablo Jocopilas.
Asociación de Productores y Comercializadores de San Pablo Jocopilas,ASO-GT1009-C,GT1009,Departamental,Gremio local de productores dedicado al desarrollo socioeconómico de San Pablo Jocopilas.
Cooperativa Integral de Producción Agrícola de San Antonio Suchitepéquez R.L.,COOP-GT1010-A,GT1010,Nacional,Entidad cooperativa dedicada al fomento agrícola y comercialización conjunta en el municipio de San Antonio Suchitepéquez.
Cooperativa Integral de Ahorro y Crédito de San Antonio Suchitepéquez R.L.,COOP-GT1010-B,GT1010,Local,Cooperativa comunitaria que facilita créditos y planes de ahorro a pequeños productores de San Antonio Suchitepéquez.
Asociación de Productores y Comercializadores de San Antonio Suchitepéquez,ASO-GT1010-C,GT1010,Departamental,Gremio local de productores dedicado al desarrollo socioeconómico de San Antonio Suchitepéquez.
Cooperativa Integral de Producción Agrícola de San Miguel Panán R.L.,COOP-GT1011-A,GT1011,Local,Entidad cooperativa dedicada al fomento agrícola y comercialización conjunta en el municipio de San Miguel Panán.
Cooperativa Integral de Ahorro y Crédito de San Miguel Panán R.L.,COOP-GT1011-B,GT1011,Local,Cooperativa comunitaria que facilita créditos y planes de ahorro a pequeños productores de San Miguel Panán.
Asociación de Productores y Comercializadores de San Miguel Panán,ASO-GT1011-C,GT1011,Departamental,Gremio local de productores dedicado al desarrollo socioeconómico de San Miguel Panán.
Cooperativa Integral de Producción Agrícola de San Gabriel R.L.,COOP-GT1012-A,GT1012,Departamental,Entidad cooperativa dedicada al fomento agrícola y comercialización conjunta en el municipio de San Gabriel.
Cooperativa Integral de Ahorro y Crédito de San Gabriel R.L.,COOP-GT1012-B,GT1012,Local,Cooperativa comunitaria que facilita créditos y planes de ahorro a pequeños productores de San Gabriel.
Asociación de Productores y Comercializadores de San Gabriel,ASO-GT1012-C,GT1012,Departamental,Gremio local de productores dedicado al desarrollo socioeconómico de San Gabriel.
Cooperativa Integral de Producción Agrícola de Chicacao R.L.,COOP-GT1013-A,GT1013,Regional,Entidad cooperativa dedicada al fomento agrícola y comercialización conjunta en el municipio de Chicacao.
Cooperativa Integral de Ahorro y Crédito de Chicacao R.L.,COOP-GT1013-B,GT1013,Local,Cooperativa comunitaria que facilita créditos y planes de ahorro a pequeños productores de Chicacao.
Asociación de Productores y Comercializadores de Chicacao,ASO-GT1013-C,GT1013,Departamental,Gremio local de productores dedicado al desarrollo socioeconómico de Chicacao.
Cooperativa Integral de Producción Agrícola de Patulul R.L.,COOP-GT1014-A,GT1014,Nacional,Entidad cooperativa dedicada al fomento agrícola y comercialización conjunta en el municipio de Patulul.
Cooperativa Integral de Ahorro y Crédito de Patulul R.L.,COOP-GT1014-B,GT1014,Local,Cooperativa comunitaria que facilita créditos y planes de ahorro a pequeños productores de Patulul.
Asociación de Productores y Comercializadores de Patulul,ASO-GT1014-C,GT1014,Departamental,Gremio local de productores dedicado al desarrollo socioeconómico de Patulul.
Cooperativa Integral de Producción Agrícola de Santa Bárbara R.L.,COOP-GT1015-A,GT1015,Local,Entidad cooperativa dedicada al fomento agrícola y comercialización conjunta en el municipio de Santa Bárbara.
Cooperativa Integral de Ahorro y Crédito de Santa Bárbara R.L.,COOP-GT1015-B,GT1015,Local,Cooperativa comunitaria que facilita créditos y planes de ahorro a pequeños productores de Santa Bárbara.
Asociación de Productores y Comercializadores de Santa Bárbara,ASO-GT1015-C,GT1015,Departamental,Gremio local de productores dedicado al desarrollo socioeconómico de Santa Bárbara.
Cooperativa Integral de Producción Agrícola de San Juan Bautista R.L.,COOP-GT1016-A,GT1016,Departamental,Entidad cooperativa dedicada al fomento agrícola y comercialización conjunta en el municipio de San Juan Bautista.
Cooperativa Integral de Ahorro y Crédito de San Juan Bautista R.L.,COOP-GT1016-B,GT1016,Local,Cooperativa comunitaria que facilita créditos y planes de ahorro a pequeños productores de San Juan Bautista.
Asociación de Productores y Comercializadores de San Juan Bautista,ASO-GT1016-C,GT1016,Departamental,Gremio local de productores dedicado al desarrollo socioeconómico de San Juan Bautista.
Cooperativa Integral de Producción Agrícola de Santo Tomás La Unión R.L.,COOP-GT1017-A,GT1017,Regional,Entidad cooperativa dedicada al fomento agrícola y comercialización conjunta en el municipio de Santo Tomás La Unión.
Cooperativa Integral de Ahorro y Crédito de Santo Tomás La Unión R.L.,COOP-GT1017-B,GT1017,Local,Cooperativa comunitaria que facilita créditos y planes de ahorro a pequeños productores de Santo Tomás La Unión.
Asociación de Productores y Comercializadores de Santo Tomás La Unión,ASO-GT1017-C,GT1017,Departamental,Gremio local de productores dedicado al desarrollo socioeconómico de Santo Tomás La Unión.
Cooperativa Integral de Producción Agrícola de Zunilito R.L.,COOP-GT1018-A,GT1018,Nacional,Entidad cooperativa dedicada al fomento agrícola y comercialización conjunta en el municipio de Zunilito.
Cooperativa Integral de Ahorro y Crédito de Zunilito R.L.,COOP-GT1018-B,GT1018,Local,Cooperativa comunitaria que facilita créditos y planes de ahorro a pequeños productores de Zunilito.
Asociación de Productores y Comercializadores de Zunilito,ASO-GT1018-C,GT1018,Departamental,Gremio local de productores dedicado al desarrollo socioeconómico de Zunilito.
Cooperativa Integral de Producción Agrícola de Pueblo Nuevo R.L.,COOP-GT1019-A,GT1019,Local,Entidad cooperativa dedicada al fomento agrícola y comercialización conjunta en el municipio de Pueblo Nuevo.
Cooperativa Integral de Ahorro y Crédito de Pueblo Nuevo R.L.,COOP-GT1019-B,GT1019,Local,Cooperativa comunitaria que facilita créditos y planes de ahorro a pequeños productores de Pueblo Nuevo.
Asociación de Productores y Comercializadores de Pueblo Nuevo,ASO-GT1019-C,GT1019,Departamental,Gremio local de productores dedicado al desarrollo socioeconómico de Pueblo Nuevo.
Cooperativa Integral de Producción Agrícola de Río Bravo R.L.,COOP-GT1020-A,GT1020,Departamental,Entidad cooperativa dedicada al fomento agrícola y comercialización conjunta en el municipio de Río Bravo.
Cooperativa Integral de Ahorro y Crédito de Río Bravo R.L.,COOP-GT1020-B,GT1020,Local,Cooperativa comunitaria que facilita créditos y planes de ahorro a pequeños productores de Río Bravo.
Asociación de Productores y Comercializadores de Río Bravo,ASO-GT1020-C,GT1020,Departamental,Gremio local de productores dedicado al desarrollo socioeconómico de Río Bravo.
Cooperativa Integral de Producción Agrícola de San José La Máquina R.L.,COOP-GT1021-A,GT1021,Regional,Entidad cooperativa dedicada al fomento agrícola y comercialización conjunta en el municipio de San José La Máquina.
Cooperativa Integral de Ahorro y Crédito de San José La Máquina R.L.,COOP-GT1021-B,GT1021,Local,Cooperativa comunitaria que facilita créditos y planes de ahorro a pequeños productores de San José La Máquina.
Asociación de Productores y Comercializadores de San José La Máquina,ASO-GT1021-C,GT1021,Departamental,Gremio local de productores dedicado al desarrollo socioeconómico de San José La Máquina.
Cooperativa Integral de Producción Agrícola de Retalhuleu R.L.,COOP-GT1101-A,GT1101,Nacional,Entidad cooperativa dedicada al fomento agrícola y comercialización conjunta en el municipio de Retalhuleu.
Cooperativa Integral de Ahorro y Crédito de Retalhuleu R.L.,COOP-GT1101-B,GT1101,Local,Cooperativa comunitaria que facilita créditos y planes de ahorro a pequeños productores de Retalhuleu.
Asociación de Productores y Comercializadores de Retalhuleu,ASO-GT1101-C,GT1101,Departamental,Gremio local de productores dedicado al desarrollo socioeconómico de Retalhuleu.
Cooperativa Integral de Producción Agrícola de San Sebastián R.L.,COOP-GT1102-A,GT1102,Local,Entidad cooperativa dedicada al fomento agrícola y comercialización conjunta en el municipio de San Sebastián.
Cooperativa Integral de Ahorro y Crédito de San Sebastián R.L.,COOP-GT1102-B,GT1102,Local,Cooperativa comunitaria que facilita créditos y planes de ahorro a pequeños productores de San Sebastián.
Asociación de Productores y Comercializadores de San Sebastián,ASO-GT1102-C,GT1102,Departamental,Gremio local de productores dedicado al desarrollo socioeconómico de San Sebastián.
Cooperativa Integral de Producción Agrícola de Santa Cruz Muluá R.L.,COOP-GT1103-A,GT1103,Departamental,Entidad cooperativa dedicada al fomento agrícola y comercialización conjunta en el municipio de Santa Cruz Muluá.
Cooperativa Integral de Ahorro y Crédito de Santa Cruz Muluá R.L.,COOP-GT1103-B,GT1103,Local,Cooperativa comunitaria que facilita créditos y planes de ahorro a pequeños productores de Santa Cruz Muluá.
Asociación de Productores y Comercializadores de Santa Cruz Muluá,ASO-GT1103-C,GT1103,Departamental,Gremio local de productores dedicado al desarrollo socioeconómico de Santa Cruz Muluá.
Cooperativa Integral de Producción Agrícola de San Martín Zapotitlán R.L.,COOP-GT1104-A,GT1104,Regional,Entidad cooperativa dedicada al fomento agrícola y comercialización conjunta en el municipio de San Martín Zapotitlán.
Cooperativa Integral de Ahorro y Crédito de San Martín Zapotitlán R.L.,COOP-GT1104-B,GT1104,Local,Cooperativa comunitaria que facilita créditos y planes de ahorro a pequeños productores de San Martín Zapotitlán.
Asociación de Productores y Comercializadores de San Martín Zapotitlán,ASO-GT1104-C,GT1104,Departamental,Gremio local de productores dedicado al desarrollo socioeconómico de San Martín Zapotitlán.
Cooperativa Integral de Producción Agrícola de San Felipe R.L.,COOP-GT1105-A,GT1105,Nacional,Entidad cooperativa dedicada al fomento agrícola y comercialización conjunta en el municipio de San Felipe.
Cooperativa Integral de Ahorro y Crédito de San Felipe R.L.,COOP-GT1105-B,GT1105,Local,Cooperativa comunitaria que facilita créditos y planes de ahorro a pequeños productores de San Felipe.
Asociación de Productores y Comercializadores de San Felipe,ASO-GT1105-C,GT1105,Departamental,Gremio local de productores dedicado al desarrollo socioeconómico de San Felipe.
Cooperativa Integral de Producción Agrícola de San Andrés Villa Seca R.L.,COOP-GT1106-A,GT1106,Local,Entidad cooperativa dedicada al fomento agrícola y comercialización conjunta en el municipio de San Andrés Villa Seca.
Cooperativa Integral de Ahorro y Crédito de San Andrés Villa Seca R.L.,COOP-GT1106-B,GT1106,Local,Cooperativa comunitaria que facilita créditos y planes de ahorro a pequeños productores de San Andrés Villa Seca.
Asociación de Productores y Comercializadores de San Andrés Villa Seca,ASO-GT1106-C,GT1106,Departamental,Gremio local de productores dedicado al desarrollo socioeconómico de San Andrés Villa Seca.
Cooperativa Integral de Producción Agrícola de Champerico R.L.,COOP-GT1107-A,GT1107,Departamental,Entidad cooperativa dedicada al fomento agrícola y comercialización conjunta en el municipio de Champerico.
Cooperativa Integral de Ahorro y Crédito de Champerico R.L.,COOP-GT1107-B,GT1107,Local,Cooperativa comunitaria que facilita créditos y planes de ahorro a pequeños productores de Champerico.
Asociación de Productores y Comercializadores de Champerico,ASO-GT1107-C,GT1107,Departamental,Gremio local de productores dedicado al desarrollo socioeconómico de Champerico.
Cooperativa Integral de Producción Agrícola de Nuevo San Carlos R.L.,COOP-GT1108-A,GT1108,Regional,Entidad cooperativa dedicada al fomento agrícola y comercialización conjunta en el municipio de Nuevo San Carlos.
Cooperativa Integral de Ahorro y Crédito de Nuevo San Carlos R.L.,COOP-GT1108-B,GT1108,Local,Cooperativa comunitaria que facilita créditos y planes de ahorro a pequeños productores de Nuevo San Carlos.
Asociación de Productores y Comercializadores de Nuevo San Carlos,ASO-GT1108-C,GT1108,Departamental,Gremio local de productores dedicado al desarrollo socioeconómico de Nuevo San Carlos.
Cooperativa Integral de Producción Agrícola de El Asintal R.L.,COOP-GT1109-A,GT1109,Nacional,Entidad cooperativa dedicada al fomento agrícola y comercialización conjunta en el municipio de El Asintal.
Cooperativa Integral de Ahorro y Crédito de El Asintal R.L.,COOP-GT1109-B,GT1109,Local,Cooperativa comunitaria que facilita créditos y planes de ahorro a pequeños productores de El Asintal.
Asociación de Productores y Comercializadores de El Asintal,ASO-GT1109-C,GT1109,Departamental,Gremio local de productores dedicado al desarrollo socioeconómico de El Asintal.
Cooperativa Integral de Producción Agrícola de San Marcos R.L.,COOP-GT1201-A,GT1201,Local,Entidad cooperativa dedicada al fomento agrícola y comercialización conjunta en el municipio de San Marcos.
Cooperativa Integral de Ahorro y Crédito de San Marcos R.L.,COOP-GT1201-B,GT1201,Local,Cooperativa comunitaria que facilita créditos y planes de ahorro a pequeños productores de San Marcos.
Asociación de Productores y Comercializadores de San Marcos,ASO-GT1201-C,GT1201,Departamental,Gremio local de productores dedicado al desarrollo socioeconómico de San Marcos.
Cooperativa Integral de Producción Agrícola de San Pedro Sacatepéquez R.L.,COOP-GT1202-A,GT1202,Departamental,Entidad cooperativa dedicada al fomento agrícola y comercialización conjunta en el municipio de San Pedro Sacatepéquez.
Cooperativa Integral de Ahorro y Crédito de San Pedro Sacatepéquez R.L.,COOP-GT1202-B,GT1202,Local,Cooperativa comunitaria que facilita créditos y planes de ahorro a pequeños productores de San Pedro Sacatepéquez.
Asociación de Productores y Comercializadores de San Pedro Sacatepéquez,ASO-GT1202-C,GT1202,Departamental,Gremio local de productores dedicado al desarrollo socioeconómico de San Pedro Sacatepéquez.
Cooperativa Integral de Producción Agrícola de San Antonio Sacatepéquez R.L.,COOP-GT1203-A,GT1203,Regional,Entidad cooperativa dedicada al fomento agrícola y comercialización conjunta en el municipio de San Antonio Sacatepéquez.
Cooperativa Integral de Ahorro y Crédito de San Antonio Sacatepéquez R.L.,COOP-GT1203-B,GT1203,Local,Cooperativa comunitaria que facilita créditos y planes de ahorro a pequeños productores de San Antonio Sacatepéquez.
Asociación de Productores y Comercializadores de San Antonio Sacatepéquez,ASO-GT1203-C,GT1203,Departamental,Gremio local de productores dedicado al desarrollo socioeconómico de San Antonio Sacatepéquez.
Cooperativa Integral de Producción Agrícola de Comitancillo R.L.,COOP-GT1204-A,GT1204,Nacional,Entidad cooperativa dedicada al fomento agrícola y comercialización conjunta en el municipio de Comitancillo.
Cooperativa Integral de Ahorro y Crédito de Comitancillo R.L.,COOP-GT1204-B,GT1204,Local,Cooperativa comunitaria que facilita créditos y planes de ahorro a pequeños productores de Comitancillo.
Asociación de Productores y Comercializadores de Comitancillo,ASO-GT1204-C,GT1204,Departamental,Gremio local de productores dedicado al desarrollo socioeconómico de Comitancillo.
Cooperativa Integral de Producción Agrícola de San Miguel Ixtahuacán R.L.,COOP-GT1205-A,GT1205,Local,Entidad cooperativa dedicada al fomento agrícola y comercialización conjunta en el municipio de San Miguel Ixtahuacán.
Cooperativa Integral de Ahorro y Crédito de San Miguel Ixtahuacán R.L.,COOP-GT1205-B,GT1205,Local,Cooperativa comunitaria que facilita créditos y planes de ahorro a pequeños productores de San Miguel Ixtahuacán.
Asociación de Productores y Comercializadores de San Miguel Ixtahuacán,ASO-GT1205-C,GT1205,Departamental,Gremio local de productores dedicado al desarrollo socioeconómico de San Miguel Ixtahuacán.
Cooperativa Integral de Producción Agrícola de Concepción Tutuapa R.L.,COOP-GT1206-A,GT1206,Departamental,Entidad cooperativa dedicada al fomento agrícola y comercialización conjunta en el municipio de Concepción Tutuapa.
Cooperativa Integral de Ahorro y Crédito de Concepción Tutuapa R.L.,COOP-GT1206-B,GT1206,Local,Cooperativa comunitaria que facilita créditos y planes de ahorro a pequeños productores de Concepción Tutuapa.
Asociación de Productores y Comercializadores de Concepción Tutuapa,ASO-GT1206-C,GT1206,Departamental,Gremio local de productores dedicado al desarrollo socioeconómico de Concepción Tutuapa.
Cooperativa Integral de Producción Agrícola de Tacaná R.L.,COOP-GT1207-A,GT1207,Regional,Entidad cooperativa dedicada al fomento agrícola y comercialización conjunta en el municipio de Tacaná.
Cooperativa Integral de Ahorro y Crédito de Tacaná R.L.,COOP-GT1207-B,GT1207,Local,Cooperativa comunitaria que facilita créditos y planes de ahorro a pequeños productores de Tacaná.
Asociación de Productores y Comercializadores de Tacaná,ASO-GT1207-C,GT1207,Departamental,Gremio local de productores dedicado al desarrollo socioeconómico de Tacaná.
Cooperativa Integral de Producción Agrícola de Sibinal R.L.,COOP-GT1208-A,GT1208,Nacional,Entidad cooperativa dedicada al fomento agrícola y comercialización conjunta en el municipio de Sibinal.
Cooperativa Integral de Ahorro y Crédito de Sibinal R.L.,COOP-GT1208-B,GT1208,Local,Cooperativa comunitaria que facilita créditos y planes de ahorro a pequeños productores de Sibinal.
Asociación de Productores y Comercializadores de Sibinal,ASO-GT1208-C,GT1208,Departamental,Gremio local de productores dedicado al desarrollo socioeconómico de Sibinal.
Cooperativa Integral de Producción Agrícola de Tajumulco R.L.,COOP-GT1209-A,GT1209,Local,Entidad cooperativa dedicada al fomento agrícola y comercialización conjunta en el municipio de Tajumulco.
Cooperativa Integral de Ahorro y Crédito de Tajumulco R.L.,COOP-GT1209-B,GT1209,Local,Cooperativa comunitaria que facilita créditos y planes de ahorro a pequeños productores de Tajumulco.
Asociación de Productores y Comercializadores de Tajumulco,ASO-GT1209-C,GT1209,Departamental,Gremio local de productores dedicado al desarrollo socioeconómico de Tajumulco.
Cooperativa Integral de Producción Agrícola de Tejutla R.L.,COOP-GT1210-A,GT1210,Departamental,Entidad cooperativa dedicada al fomento agrícola y comercialización conjunta en el municipio de Tejutla.
Cooperativa Integral de Ahorro y Crédito de Tejutla R.L.,COOP-GT1210-B,GT1210,Local,Cooperativa comunitaria que facilita créditos y planes de ahorro a pequeños productores de Tejutla.
Asociación de Productores y Comercializadores de Tejutla,ASO-GT1210-C,GT1210,Departamental,Gremio local de productores dedicado al desarrollo socioeconómico de Tejutla.
Cooperativa Integral de Producción Agrícola de San Rafael Pie de la Cuesta R.L.,COOP-GT1211-A,GT1211,Regional,Entidad cooperativa dedicada al fomento agrícola y comercialización conjunta en el municipio de San Rafael Pie de la Cuesta.
Cooperativa Integral de Ahorro y Crédito de San Rafael Pie de la Cuesta R.L.,COOP-GT1211-B,GT1211,Local,Cooperativa comunitaria que facilita créditos y planes de ahorro a pequeños productores de San Rafael Pie de la Cuesta.
Asociación de Productores y Comercializadores de San Rafael Pie de la Cuesta,ASO-GT1211-C,GT1211,Departamental,Gremio local de productores dedicado al desarrollo socioeconómico de San Rafael Pie de la Cuesta.
Cooperativa Integral de Producción Agrícola de Nuevo Progreso R.L.,COOP-GT1212-A,GT1212,Nacional,Entidad cooperativa dedicada al fomento agrícola y comercialización conjunta en el municipio de Nuevo Progreso.
Cooperativa Integral de Ahorro y Crédito de Nuevo Progreso R.L.,COOP-GT1212-B,GT1212,Local,Cooperativa comunitaria que facilita créditos y planes de ahorro a pequeños productores de Nuevo Progreso.
Asociación de Productores y Comercializadores de Nuevo Progreso,ASO-GT1212-C,GT1212,Departamental,Gremio local de productores dedicado al desarrollo socioeconómico de Nuevo Progreso.
Cooperativa Integral de Producción Agrícola de El Tumbador R.L.,COOP-GT1213-A,GT1213,Local,Entidad cooperativa dedicada al fomento agrícola y comercialización conjunta en el municipio de El Tumbador.
Cooperativa Integral de Ahorro y Crédito de El Tumbador R.L.,COOP-GT1213-B,GT1213,Local,Cooperativa comunitaria que facilita créditos y planes de ahorro a pequeños productores de El Tumbador.
Asociación de Productores y Comercializadores de El Tumbador,ASO-GT1213-C,GT1213,Departamental,Gremio local de productores dedicado al desarrollo socioeconómico de El Tumbador.
Cooperativa Integral de Producción Agrícola de El Rodeo R.L.,COOP-GT1214-A,GT1214,Departamental,Entidad cooperativa dedicada al fomento agrícola y comercialización conjunta en el municipio de El Rodeo.
Cooperativa Integral de Ahorro y Crédito de El Rodeo R.L.,COOP-GT1214-B,GT1214,Local,Cooperativa comunitaria que facilita créditos y planes de ahorro a pequeños productores de El Rodeo.
Asociación de Productores y Comercializadores de El Rodeo,ASO-GT1214-C,GT1214,Departamental,Gremio local de productores dedicado al desarrollo socioeconómico de El Rodeo.
Cooperativa Integral de Producción Agrícola de Malacatán R.L.,COOP-GT1215-A,GT1215,Regional,Entidad cooperativa dedicada al fomento agrícola y comercialización conjunta en el municipio de Malacatán.
Cooperativa Integral de Ahorro y Crédito de Malacatán R.L.,COOP-GT1215-B,GT1215,Local,Cooperativa comunitaria que facilita créditos y planes de ahorro a pequeños productores de Malacatán.
Asociación de Productores y Comercializadores de Malacatán,ASO-GT1215-C,GT1215,Departamental,Gremio local de productores dedicado al desarrollo socioeconómico de Malacatán.
Cooperativa Integral de Producción Agrícola de Catarina R.L.,COOP-GT1216-A,GT1216,Nacional,Entidad cooperativa dedicada al fomento agrícola y comercialización conjunta en el municipio de Catarina.
Cooperativa Integral de Ahorro y Crédito de Catarina R.L.,COOP-GT1216-B,GT1216,Local,Cooperativa comunitaria que facilita créditos y planes de ahorro a pequeños productores de Catarina.
Asociación de Productores y Comercializadores de Catarina,ASO-GT1216-C,GT1216,Departamental,Gremio local de productores dedicado al desarrollo socioeconómico de Catarina.
Cooperativa Integral de Producción Agrícola de Ayutla R.L.,COOP-GT1217-A,GT1217,Local,Entidad cooperativa dedicada al fomento agrícola y comercialización conjunta en el municipio de Ayutla.
Cooperativa Integral de Ahorro y Crédito de Ayutla R.L.,COOP-GT1217-B,GT1217,Local,Cooperativa comunitaria que facilita créditos y planes de ahorro a pequeños productores de Ayutla.
Asociación de Productores y Comercializadores de Ayutla,ASO-GT1217-C,GT1217,Departamental,Gremio local de productores dedicado al desarrollo socioeconómico de Ayutla.
Cooperativa Integral de Producción Agrícola de Ocós R.L.,COOP-GT1218-A,GT1218,Departamental,Entidad cooperativa dedicada al fomento agrícola y comercialización conjunta en el municipio de Ocós.
Cooperativa Integral de Ahorro y Crédito de Ocós R.L.,COOP-GT1218-B,GT1218,Local,Cooperativa comunitaria que facilita créditos y planes de ahorro a pequeños productores de Ocós.
Asociación de Productores y Comercializadores de Ocós,ASO-GT1218-C,GT1218,Departamental,Gremio local de productores dedicado al desarrollo socioeconómico de Ocós.
Cooperativa Integral de Producción Agrícola de San Pablo R.L.,COOP-GT1219-A,GT1219,Regional,Entidad cooperativa dedicada al fomento agrícola y comercialización conjunta en el municipio de San Pablo.
Cooperativa Integral de Ahorro y Crédito de San Pablo R.L.,COOP-GT1219-B,GT1219,Local,Cooperativa comunitaria que facilita créditos y planes de ahorro a pequeños productores de San Pablo.
Asociación de Productores y Comercializadores de San Pablo,ASO-GT1219-C,GT1219,Departamental,Gremio local de productores dedicado al desarrollo socioeconómico de San Pablo.
Cooperativa Integral de Producción Agrícola de El Quetzal R.L.,COOP-GT1220-A,GT1220,Nacional,Entidad cooperativa dedicada al fomento agrícola y comercialización conjunta en el municipio de El Quetzal.
Cooperativa Integral de Ahorro y Crédito de El Quetzal R.L.,COOP-GT1220-B,GT1220,Local,Cooperativa comunitaria que facilita créditos y planes de ahorro a pequeños productores de El Quetzal.
Asociación de Productores y Comercializadores de El Quetzal,ASO-GT1220-C,GT1220,Departamental,Gremio local de productores dedicado al desarrollo socioeconómico de El Quetzal.
Cooperativa Integral de Producción Agrícola de La Reforma R.L.,COOP-GT1221-A,GT1221,Local,Entidad cooperativa dedicada al fomento agrícola y comercialización conjunta en el municipio de La Reforma.
Cooperativa Integral de Ahorro y Crédito de La Reforma R.L.,COOP-GT1221-B,GT1221,Local,Cooperativa comunitaria que facilita créditos y planes de ahorro a pequeños productores de La Reforma.
Asociación de Productores y Comercializadores de La Reforma,ASO-GT1221-C,GT1221,Departamental,Gremio local de productores dedicado al desarrollo socioeconómico de La Reforma.
Cooperativa Integral de Producción Agrícola de Pajapita R.L.,COOP-GT1222-A,GT1222,Departamental,Entidad cooperativa dedicada al fomento agrícola y comercialización conjunta en el municipio de Pajapita.
Cooperativa Integral de Ahorro y Crédito de Pajapita R.L.,COOP-GT1222-B,GT1222,Local,Cooperativa comunitaria que facilita créditos y planes de ahorro a pequeños productores de Pajapita.
Asociación de Productores y Comercializadores de Pajapita,ASO-GT1222-C,GT1222,Departamental,Gremio local de productores dedicado al desarrollo socioeconómico de Pajapita.
Cooperativa Integral de Producción Agrícola de Ixchiguán R.L.,COOP-GT1223-A,GT1223,Regional,Entidad cooperativa dedicada al fomento agrícola y comercialización conjunta en el municipio de Ixchiguán.
Cooperativa Integral de Ahorro y Crédito de Ixchiguán R.L.,COOP-GT1223-B,GT1223,Local,Cooperativa comunitaria que facilita créditos y planes de ahorro a pequeños productores de Ixchiguán.
Asociación de Productores y Comercializadores de Ixchiguán,ASO-GT1223-C,GT1223,Departamental,Gremio local de productores dedicado al desarrollo socioeconómico de Ixchiguán.
Cooperativa Integral de Producción Agrícola de San José Ojetenam R.L.,COOP-GT1224-A,GT1224,Nacional,Entidad cooperativa dedicada al fomento agrícola y comercialización conjunta en el municipio de San José Ojetenam.
Cooperativa Integral de Ahorro y Crédito de San José Ojetenam R.L.,COOP-GT1224-B,GT1224,Local,Cooperativa comunitaria que facilita créditos y planes de ahorro a pequeños productores de San José Ojetenam.
Asociación de Productores y Comercializadores de San José Ojetenam,ASO-GT1224-C,GT1224,Departamental,Gremio local de productores dedicado al desarrollo socioeconómico de San José Ojetenam.
Cooperativa Integral de Producción Agrícola de San Cristóbal Cucho R.L.,COOP-GT1225-A,GT1225,Local,Entidad cooperativa dedicada al fomento agrícola y comercialización conjunta en el municipio de San Cristóbal Cucho.
Cooperativa Integral de Ahorro y Crédito de San Cristóbal Cucho R.L.,COOP-GT1225-B,GT1225,Local,Cooperativa comunitaria que facilita créditos y planes de ahorro a pequeños productores de San Cristóbal Cucho.
Asociación de Productores y Comercializadores de San Cristóbal Cucho,ASO-GT1225-C,GT1225,Departamental,Gremio local de productores dedicado al desarrollo socioeconómico de San Cristóbal Cucho.
Cooperativa Integral de Producción Agrícola de Sipacapa R.L.,COOP-GT1226-A,GT1226,Departamental,Entidad cooperativa dedicada al fomento agrícola y comercialización conjunta en el municipio de Sipacapa.
Cooperativa Integral de Ahorro y Crédito de Sipacapa R.L.,COOP-GT1226-B,GT1226,Local,Cooperativa comunitaria que facilita créditos y planes de ahorro a pequeños productores de Sipacapa.
Asociación de Productores y Comercializadores de Sipacapa,ASO-GT1226-C,GT1226,Departamental,Gremio local de productores dedicado al desarrollo socioeconómico de Sipacapa.
Cooperativa Integral de Producción Agrícola de Esquipulas Palo Gordo R.L.,COOP-GT1227-A,GT1227,Regional,Entidad cooperativa dedicada al fomento agrícola y comercialización conjunta en el municipio de Esquipulas Palo Gordo.
Cooperativa Integral de Ahorro y Crédito de Esquipulas Palo Gordo R.L.,COOP-GT1227-B,GT1227,Local,Cooperativa comunitaria que facilita créditos y planes de ahorro a pequeños productores de Esquipulas Palo Gordo.
Asociación de Productores y Comercializadores de Esquipulas Palo Gordo,ASO-GT1227-C,GT1227,Departamental,Gremio local de productores dedicado al desarrollo socioeconómico de Esquipulas Palo Gordo.
Cooperativa Integral de Producción Agrícola de Río Blanco R.L.,COOP-GT1228-A,GT1228,Nacional,Entidad cooperativa dedicada al fomento agrícola y comercialización conjunta en el municipio de Río Blanco.
Cooperativa Integral de Ahorro y Crédito de Río Blanco R.L.,COOP-GT1228-B,GT1228,Local,Cooperativa comunitaria que facilita créditos y planes de ahorro a pequeños productores de Río Blanco.
Asociación de Productores y Comercializadores de Río Blanco,ASO-GT1228-C,GT1228,Departamental,Gremio local de productores dedicado al desarrollo socioeconómico de Río Blanco.
Cooperativa Integral de Producción Agrícola de San Lorenzo R.L.,COOP-GT1229-A,GT1229,Local,Entidad cooperativa dedicada al fomento agrícola y comercialización conjunta en el municipio de San Lorenzo.
Cooperativa Integral de Ahorro y Crédito de San Lorenzo R.L.,COOP-GT1229-B,GT1229,Local,Cooperativa comunitaria que facilita créditos y planes de ahorro a pequeños productores de San Lorenzo.
Asociación de Productores y Comercializadores de San Lorenzo,ASO-GT1229-C,GT1229,Departamental,Gremio local de productores dedicado al desarrollo socioeconómico de San Lorenzo.
Cooperativa Integral de Producción Agrícola de La Blanca R.L.,COOP-GT1230-A,GT1230,Departamental,Entidad cooperativa dedicada al fomento agrícola y comercialización conjunta en el municipio de La Blanca.
Cooperativa Integral de Ahorro y Crédito de La Blanca R.L.,COOP-GT1230-B,GT1230,Local,Cooperativa comunitaria que facilita créditos y planes de ahorro a pequeños productores de La Blanca.
Asociación de Productores y Comercializadores de La Blanca,ASO-GT1230-C,GT1230,Departamental,Gremio local de productores dedicado al desarrollo socioeconómico de La Blanca.
Cooperativa Integral de Producción Agrícola de Huehuetenango R.L.,COOP-GT1301-A,GT1301,Regional,Entidad cooperativa dedicada al fomento agrícola y comercialización conjunta en el municipio de Huehuetenango.
Cooperativa Integral de Ahorro y Crédito de Huehuetenango R.L.,COOP-GT1301-B,GT1301,Local,Cooperativa comunitaria que facilita créditos y planes de ahorro a pequeños productores de Huehuetenango.
Asociación de Productores y Comercializadores de Huehuetenango,ASO-GT1301-C,GT1301,Departamental,Gremio local de productores dedicado al desarrollo socioeconómico de Huehuetenango.
Cooperativa Integral de Producción Agrícola de Chiantla R.L.,COOP-GT1302-A,GT1302,Nacional,Entidad cooperativa dedicada al fomento agrícola y comercialización conjunta en el municipio de Chiantla.
Cooperativa Integral de Ahorro y Crédito de Chiantla R.L.,COOP-GT1302-B,GT1302,Local,Cooperativa comunitaria que facilita créditos y planes de ahorro a pequeños productores de Chiantla.
Asociación de Productores y Comercializadores de Chiantla,ASO-GT1302-C,GT1302,Departamental,Gremio local de productores dedicado al desarrollo socioeconómico de Chiantla.
Cooperativa Integral de Producción Agrícola de Malacatancito R.L.,COOP-GT1303-A,GT1303,Local,Entidad cooperativa dedicada al fomento agrícola y comercialización conjunta en el municipio de Malacatancito.
Cooperativa Integral de Ahorro y Crédito de Malacatancito R.L.,COOP-GT1303-B,GT1303,Local,Cooperativa comunitaria que facilita créditos y planes de ahorro a pequeños productores de Malacatancito.
Asociación de Productores y Comercializadores de Malacatancito,ASO-GT1303-C,GT1303,Departamental,Gremio local de productores dedicado al desarrollo socioeconómico de Malacatancito.
Cooperativa Integral de Producción Agrícola de Cuilco R.L.,COOP-GT1304-A,GT1304,Departamental,Entidad cooperativa dedicada al fomento agrícola y comercialización conjunta en el municipio de Cuilco.
Cooperativa Integral de Ahorro y Crédito de Cuilco R.L.,COOP-GT1304-B,GT1304,Local,Cooperativa comunitaria que facilita créditos y planes de ahorro a pequeños productores de Cuilco.
Asociación de Productores y Comercializadores de Cuilco,ASO-GT1304-C,GT1304,Departamental,Gremio local de productores dedicado al desarrollo socioeconómico de Cuilco.
Cooperativa Integral de Producción Agrícola de Nentón R.L.,COOP-GT1305-A,GT1305,Regional,Entidad cooperativa dedicada al fomento agrícola y comercialización conjunta en el municipio de Nentón.
Cooperativa Integral de Ahorro y Crédito de Nentón R.L.,COOP-GT1305-B,GT1305,Local,Cooperativa comunitaria que facilita créditos y planes de ahorro a pequeños productores de Nentón.
Asociación de Productores y Comercializadores de Nentón,ASO-GT1305-C,GT1305,Departamental,Gremio local de productores dedicado al desarrollo socioeconómico de Nentón.
Cooperativa Integral de Producción Agrícola de San Pedro Necta R.L.,COOP-GT1306-A,GT1306,Nacional,Entidad cooperativa dedicada al fomento agrícola y comercialización conjunta en el municipio de San Pedro Necta.
Cooperativa Integral de Ahorro y Crédito de San Pedro Necta R.L.,COOP-GT1306-B,GT1306,Local,Cooperativa comunitaria que facilita créditos y planes de ahorro a pequeños productores de San Pedro Necta.
Asociación de Productores y Comercializadores de San Pedro Necta,ASO-GT1306-C,GT1306,Departamental,Gremio local de productores dedicado al desarrollo socioeconómico de San Pedro Necta.
Cooperativa Integral de Producción Agrícola de Jacaltenango R.L.,COOP-GT1307-A,GT1307,Local,Entidad cooperativa dedicada al fomento agrícola y comercialización conjunta en el municipio de Jacaltenango.
Cooperativa Integral de Ahorro y Crédito de Jacaltenango R.L.,COOP-GT1307-B,GT1307,Local,Cooperativa comunitaria que facilita créditos y planes de ahorro a pequeños productores de Jacaltenango.
Asociación de Productores y Comercializadores de Jacaltenango,ASO-GT1307-C,GT1307,Departamental,Gremio local de productores dedicado al desarrollo socioeconómico de Jacaltenango.
Cooperativa Integral de Producción Agrícola de Soloma R.L.,COOP-GT1308-A,GT1308,Departamental,Entidad cooperativa dedicada al fomento agrícola y comercialización conjunta en el municipio de Soloma.
Cooperativa Integral de Ahorro y Crédito de Soloma R.L.,COOP-GT1308-B,GT1308,Local,Cooperativa comunitaria que facilita créditos y planes de ahorro a pequeños productores de Soloma.
Asociación de Productores y Comercializadores de Soloma,ASO-GT1308-C,GT1308,Departamental,Gremio local de productores dedicado al desarrollo socioeconómico de Soloma.
Cooperativa Integral de Producción Agrícola de Ixtahuacán R.L.,COOP-GT1309-A,GT1309,Regional,Entidad cooperativa dedicada al fomento agrícola y comercialización conjunta en el municipio de Ixtahuacán.
Cooperativa Integral de Ahorro y Crédito de Ixtahuacán R.L.,COOP-GT1309-B,GT1309,Local,Cooperativa comunitaria que facilita créditos y planes de ahorro a pequeños productores de Ixtahuacán.
Asociación de Productores y Comercializadores de Ixtahuacán,ASO-GT1309-C,GT1309,Departamental,Gremio local de productores dedicado al desarrollo socioeconómico de Ixtahuacán.
Cooperativa Integral de Producción Agrícola de Santa Bárbara R.L.,COOP-GT1310-A,GT1310,Nacional,Entidad cooperativa dedicada al fomento agrícola y comercialización conjunta en el municipio de Santa Bárbara.
Cooperativa Integral de Ahorro y Crédito de Santa Bárbara R.L.,COOP-GT1310-B,GT1310,Local,Cooperativa comunitaria que facilita créditos y planes de ahorro a pequeños productores de Santa Bárbara.
Asociación de Productores y Comercializadores de Santa Bárbara,ASO-GT1310-C,GT1310,Departamental,Gremio local de productores dedicado al desarrollo socioeconómico de Santa Bárbara.
Cooperativa Integral de Producción Agrícola de La Libertad R.L.,COOP-GT1311-A,GT1311,Local,Entidad cooperativa dedicada al fomento agrícola y comercialización conjunta en el municipio de La Libertad.
Cooperativa Integral de Ahorro y Crédito de La Libertad R.L.,COOP-GT1311-B,GT1311,Local,Cooperativa comunitaria que facilita créditos y planes de ahorro a pequeños productores de La Libertad.
Asociación de Productores y Comercializadores de La Libertad,ASO-GT1311-C,GT1311,Departamental,Gremio local de productores dedicado al desarrollo socioeconómico de La Libertad.
Cooperativa Integral de Producción Agrícola de La Democracia R.L.,COOP-GT1312-A,GT1312,Departamental,Entidad cooperativa dedicada al fomento agrícola y comercialización conjunta en el municipio de La Democracia.
Cooperativa Integral de Ahorro y Crédito de La Democracia R.L.,COOP-GT1312-B,GT1312,Local,Cooperativa comunitaria que facilita créditos y planes de ahorro a pequeños productores de La Democracia.
Asociación de Productores y Comercializadores de La Democracia,ASO-GT1312-C,GT1312,Departamental,Gremio local de productores dedicado al desarrollo socioeconómico de La Democracia.
Cooperativa Integral de Producción Agrícola de San Miguel Acatán R.L.,COOP-GT1313-A,GT1313,Regional,Entidad cooperativa dedicada al fomento agrícola y comercialización conjunta en el municipio de San Miguel Acatán.
Cooperativa Integral de Ahorro y Crédito de San Miguel Acatán R.L.,COOP-GT1313-B,GT1313,Local,Cooperativa comunitaria que facilita créditos y planes de ahorro a pequeños productores de San Miguel Acatán.
Asociación de Productores y Comercializadores de San Miguel Acatán,ASO-GT1313-C,GT1313,Departamental,Gremio local de productores dedicado al desarrollo socioeconómico de San Miguel Acatán.
Cooperativa Integral de Producción Agrícola de San Rafael La Independencia R.L.,COOP-GT1314-A,GT1314,Nacional,Entidad cooperativa dedicada al fomento agrícola y comercialización conjunta en el municipio de San Rafael La Independencia.
Cooperativa Integral de Ahorro y Crédito de San Rafael La Independencia R.L.,COOP-GT1314-B,GT1314,Local,Cooperativa comunitaria que facilita créditos y planes de ahorro a pequeños productores de San Rafael La Independencia.
Asociación de Productores y Comercializadores de San Rafael La Independencia,ASO-GT1314-C,GT1314,Departamental,Gremio local de productores dedicado al desarrollo socioeconómico de San Rafael La Independencia.
Cooperativa Integral de Producción Agrícola de Todos Santos Cuchumatán R.L.,COOP-GT1315-A,GT1315,Local,Entidad cooperativa dedicada al fomento agrícola y comercialización conjunta en el municipio de Todos Santos Cuchumatán.
Cooperativa Integral de Ahorro y Crédito de Todos Santos Cuchumatán R.L.,COOP-GT1315-B,GT1315,Local,Cooperativa comunitaria que facilita créditos y planes de ahorro a pequeños productores de Todos Santos Cuchumatán.
Asociación de Productores y Comercializadores de Todos Santos Cuchumatán,ASO-GT1315-C,GT1315,Departamental,Gremio local de productores dedicado al desarrollo socioeconómico de Todos Santos Cuchumatán.
Cooperativa Integral de Producción Agrícola de San Juan Atitán R.L.,COOP-GT1316-A,GT1316,Departamental,Entidad cooperativa dedicada al fomento agrícola y comercialización conjunta en el municipio de San Juan Atitán.
Cooperativa Integral de Ahorro y Crédito de San Juan Atitán R.L.,COOP-GT1316-B,GT1316,Local,Cooperativa comunitaria que facilita créditos y planes de ahorro a pequeños productores de San Juan Atitán.
Asociación de Productores y Comercializadores de San Juan Atitán,ASO-GT1316-C,GT1316,Departamental,Gremio local de productores dedicado al desarrollo socioeconómico de San Juan Atitán.
Cooperativa Integral de Producción Agrícola de Santa Eulalia R.L.,COOP-GT1317-A,GT1317,Regional,Entidad cooperativa dedicada al fomento agrícola y comercialización conjunta en el municipio de Santa Eulalia.
Cooperativa Integral de Ahorro y Crédito de Santa Eulalia R.L.,COOP-GT1317-B,GT1317,Local,Cooperativa comunitaria que facilita créditos y planes de ahorro a pequeños productores de Santa Eulalia.
Asociación de Productores y Comercializadores de Santa Eulalia,ASO-GT1317-C,GT1317,Departamental,Gremio local de productores dedicado al desarrollo socioeconómico de Santa Eulalia.
Cooperativa Integral de Producción Agrícola de San Mateo Ixtatán R.L.,COOP-GT1318-A,GT1318,Nacional,Entidad cooperativa dedicada al fomento agrícola y comercialización conjunta en el municipio de San Mateo Ixtatán.
Cooperativa Integral de Ahorro y Crédito de San Mateo Ixtatán R.L.,COOP-GT1318-B,GT1318,Local,Cooperativa comunitaria que facilita créditos y planes de ahorro a pequeños productores de San Mateo Ixtatán.
Asociación de Productores y Comercializadores de San Mateo Ixtatán,ASO-GT1318-C,GT1318,Departamental,Gremio local de productores dedicado al desarrollo socioeconómico de San Mateo Ixtatán.
Cooperativa Integral de Producción Agrícola de Colotenango R.L.,COOP-GT1319-A,GT1319,Local,Entidad cooperativa dedicada al fomento agrícola y comercialización conjunta en el municipio de Colotenango.
Cooperativa Integral de Ahorro y Crédito de Colotenango R.L.,COOP-GT1319-B,GT1319,Local,Cooperativa comunitaria que facilita créditos y planes de ahorro a pequeños productores de Colotenango.
Asociación de Productores y Comercializadores de Colotenango,ASO-GT1319-C,GT1319,Departamental,Gremio local de productores dedicado al desarrollo socioeconómico de Colotenango.
Cooperativa Integral de Producción Agrícola de San Sebastián Huehuetenango R.L.,COOP-GT1320-A,GT1320,Departamental,Entidad cooperativa dedicada al fomento agrícola y comercialización conjunta en el municipio de San Sebastián Huehuetenango.
Cooperativa Integral de Ahorro y Crédito de San Sebastián Huehuetenango R.L.,COOP-GT1320-B,GT1320,Local,Cooperativa comunitaria que facilita créditos y planes de ahorro a pequeños productores de San Sebastián Huehuetenango.
Asociación de Productores y Comercializadores de San Sebastián Huehuetenango,ASO-GT1320-C,GT1320,Departamental,Gremio local de productores dedicado al desarrollo socioeconómico de San Sebastián Huehuetenango.
Cooperativa Integral de Producción Agrícola de Tectitán R.L.,COOP-GT1321-A,GT1321,Regional,Entidad cooperativa dedicada al fomento agrícola y comercialización conjunta en el municipio de Tectitán.
Cooperativa Integral de Ahorro y Crédito de Tectitán R.L.,COOP-GT1321-B,GT1321,Local,Cooperativa comunitaria que facilita créditos y planes de ahorro a pequeños productores de Tectitán.
Asociación de Productores y Comercializadores de Tectitán,ASO-GT1321-C,GT1321,Departamental,Gremio local de productores dedicado al desarrollo socioeconómico de Tectitán.
Cooperativa Integral de Producción Agrícola de Concepción Huista R.L.,COOP-GT1322-A,GT1322,Nacional,Entidad cooperativa dedicada al fomento agrícola y comercialización conjunta en el municipio de Concepción Huista.
Cooperativa Integral de Ahorro y Crédito de Concepción Huista R.L.,COOP-GT1322-B,GT1322,Local,Cooperativa comunitaria que facilita créditos y planes de ahorro a pequeños productores de Concepción Huista.
Asociación de Productores y Comercializadores de Concepción Huista,ASO-GT1322-C,GT1322,Departamental,Gremio local de productores dedicado al desarrollo socioeconómico de Concepción Huista.
Cooperativa Integral de Producción Agrícola de San Juan Ixcoy R.L.,COOP-GT1323-A,GT1323,Local,Entidad cooperativa dedicada al fomento agrícola y comercialización conjunta en el municipio de San Juan Ixcoy.
Cooperativa Integral de Ahorro y Crédito de San Juan Ixcoy R.L.,COOP-GT1323-B,GT1323,Local,Cooperativa comunitaria que facilita créditos y planes de ahorro a pequeños productores de San Juan Ixcoy.
Asociación de Productores y Comercializadores de San Juan Ixcoy,ASO-GT1323-C,GT1323,Departamental,Gremio local de productores dedicado al desarrollo socioeconómico de San Juan Ixcoy.
Cooperativa Integral de Producción Agrícola de San Antonio Huista R.L.,COOP-GT1324-A,GT1324,Departamental,Entidad cooperativa dedicada al fomento agrícola y comercialización conjunta en el municipio de San Antonio Huista.
Cooperativa Integral de Ahorro y Crédito de San Antonio Huista R.L.,COOP-GT1324-B,GT1324,Local,Cooperativa comunitaria que facilita créditos y planes de ahorro a pequeños productores de San Antonio Huista.
Asociación de Productores y Comercializadores de San Antonio Huista,ASO-GT1324-C,GT1324,Departamental,Gremio local de productores dedicado al desarrollo socioeconómico de San Antonio Huista.
Cooperativa Integral de Producción Agrícola de San Sebastián Coatán R.L.,COOP-GT1325-A,GT1325,Regional,Entidad cooperativa dedicada al fomento agrícola y comercialización conjunta en el municipio de San Sebastián Coatán.
Cooperativa Integral de Ahorro y Crédito de San Sebastián Coatán R.L.,COOP-GT1325-B,GT1325,Local,Cooperativa comunitaria que facilita créditos y planes de ahorro a pequeños productores de San Sebastián Coatán.
Asociación de Productores y Comercializadores de San Sebastián Coatán,ASO-GT1325-C,GT1325,Departamental,Gremio local de productores dedicado al desarrollo socioeconómico de San Sebastián Coatán.
Cooperativa Integral de Producción Agrícola de Barillas R.L.,COOP-GT1326-A,GT1326,Nacional,Entidad cooperativa dedicada al fomento agrícola y comercialización conjunta en el municipio de Barillas.
Cooperativa Integral de Ahorro y Crédito de Barillas R.L.,COOP-GT1326-B,GT1326,Local,Cooperativa comunitaria que facilita créditos y planes de ahorro a pequeños productores de Barillas.
Asociación de Productores y Comercializadores de Barillas,ASO-GT1326-C,GT1326,Departamental,Gremio local de productores dedicado al desarrollo socioeconómico de Barillas.
Cooperativa Integral de Producción Agrícola de Aguacatán R.L.,COOP-GT1327-A,GT1327,Local,Entidad cooperativa dedicada al fomento agrícola y comercialización conjunta en el municipio de Aguacatán.
Cooperativa Integral de Ahorro y Crédito de Aguacatán R.L.,COOP-GT1327-B,GT1327,Local,Cooperativa comunitaria que facilita créditos y planes de ahorro a pequeños productores de Aguacatán.
Asociación de Productores y Comercializadores de Aguacatán,ASO-GT1327-C,GT1327,Departamental,Gremio local de productores dedicado al desarrollo socioeconómico de Aguacatán.
Cooperativa Integral de Producción Agrícola de San Rafael Petzal R.L.,COOP-GT1328-A,GT1328,Departamental,Entidad cooperativa dedicada al fomento agrícola y comercialización conjunta en el municipio de San Rafael Petzal.
Cooperativa Integral de Ahorro y Crédito de San Rafael Petzal R.L.,COOP-GT1328-B,GT1328,Local,Cooperativa comunitaria que facilita créditos y planes de ahorro a pequeños productores de San Rafael Petzal.
Asociación de Productores y Comercializadores de San Rafael Petzal,ASO-GT1328-C,GT1328,Departamental,Gremio local de productores dedicado al desarrollo socioeconómico de San Rafael Petzal.
Cooperativa Integral de Producción Agrícola de San Gaspar Ixchil R.L.,COOP-GT1329-A,GT1329,Regional,Entidad cooperativa dedicada al fomento agrícola y comercialización conjunta en el municipio de San Gaspar Ixchil.
Cooperativa Integral de Ahorro y Crédito de San Gaspar Ixchil R.L.,COOP-GT1329-B,GT1329,Local,Cooperativa comunitaria que facilita créditos y planes de ahorro a pequeños productores de San Gaspar Ixchil.
Asociación de Productores y Comercializadores de San Gaspar Ixchil,ASO-GT1329-C,GT1329,Departamental,Gremio local de productores dedicado al desarrollo socioeconómico de San Gaspar Ixchil.
Cooperativa Integral de Producción Agrícola de Santiago Chimaltenango R.L.,COOP-GT1330-A,GT1330,Nacional,Entidad cooperativa dedicada al fomento agrícola y comercialización conjunta en el municipio de Santiago Chimaltenango.
Cooperativa Integral de Ahorro y Crédito de Santiago Chimaltenango R.L.,COOP-GT1330-B,GT1330,Local,Cooperativa comunitaria que facilita créditos y planes de ahorro a pequeños productores de Santiago Chimaltenango.
Asociación de Productores y Comercializadores de Santiago Chimaltenango,ASO-GT1330-C,GT1330,Departamental,Gremio local de productores dedicado al desarrollo socioeconómico de Santiago Chimaltenango.
Cooperativa Integral de Producción Agrícola de Santa Ana Huista R.L.,COOP-GT1331-A,GT1331,Local,Entidad cooperativa dedicada al fomento agrícola y comercialización conjunta en el municipio de Santa Ana Huista.
Cooperativa Integral de Ahorro y Crédito de Santa Ana Huista R.L.,COOP-GT1331-B,GT1331,Local,Cooperativa comunitaria que facilita créditos y planes de ahorro a pequeños productores de Santa Ana Huista.
Asociación de Productores y Comercializadores de Santa Ana Huista,ASO-GT1331-C,GT1331,Departamental,Gremio local de productores dedicado al desarrollo socioeconómico de Santa Ana Huista.
Cooperativa Integral de Producción Agrícola de Unión Cantinil R.L.,COOP-GT1332-A,GT1332,Departamental,Entidad cooperativa dedicada al fomento agrícola y comercialización conjunta en el municipio de Unión Cantinil.
Cooperativa Integral de Ahorro y Crédito de Unión Cantinil R.L.,COOP-GT1332-B,GT1332,Local,Cooperativa comunitaria que facilita créditos y planes de ahorro a pequeños productores de Unión Cantinil.
Asociación de Productores y Comercializadores de Unión Cantinil,ASO-GT1332-C,GT1332,Departamental,Gremio local de productores dedicado al desarrollo socioeconómico de Unión Cantinil.
Cooperativa Integral de Producción Agrícola de Petatán R.L.,COOP-GT1333-A,GT1333,Regional,Entidad cooperativa dedicada al fomento agrícola y comercialización conjunta en el municipio de Petatán.
Cooperativa Integral de Ahorro y Crédito de Petatán R.L.,COOP-GT1333-B,GT1333,Local,Cooperativa comunitaria que facilita créditos y planes de ahorro a pequeños productores de Petatán.
Asociación de Productores y Comercializadores de Petatán,ASO-GT1333-C,GT1333,Departamental,Gremio local de productores dedicado al desarrollo socioeconómico de Petatán.
Cooperativa Integral de Producción Agrícola de Santa Cruz del Quiché R.L.,COOP-GT1401-A,GT1401,Nacional,Entidad cooperativa dedicada al fomento agrícola y comercialización conjunta en el municipio de Santa Cruz del Quiché.
Cooperativa Integral de Ahorro y Crédito de Santa Cruz del Quiché R.L.,COOP-GT1401-B,GT1401,Local,Cooperativa comunitaria que facilita créditos y planes de ahorro a pequeños productores de Santa Cruz del Quiché.
Asociación de Productores y Comercializadores de Santa Cruz del Quiché,ASO-GT1401-C,GT1401,Departamental,Gremio local de productores dedicado al desarrollo socioeconómico de Santa Cruz del Quiché.
Cooperativa Integral de Producción Agrícola de Chiché R.L.,COOP-GT1402-A,GT1402,Local,Entidad cooperativa dedicada al fomento agrícola y comercialización conjunta en el municipio de Chiché.
Cooperativa Integral de Ahorro y Crédito de Chiché R.L.,COOP-GT1402-B,GT1402,Local,Cooperativa comunitaria que facilita créditos y planes de ahorro a pequeños productores de Chiché.
Asociación de Productores y Comercializadores de Chiché,ASO-GT1402-C,GT1402,Departamental,Gremio local de productores dedicado al desarrollo socioeconómico de Chiché.
Cooperativa Integral de Producción Agrícola de Chinique R.L.,COOP-GT1403-A,GT1403,Departamental,Entidad cooperativa dedicada al fomento agrícola y comercialización conjunta en el municipio de Chinique.
Cooperativa Integral de Ahorro y Crédito de Chinique R.L.,COOP-GT1403-B,GT1403,Local,Cooperativa comunitaria que facilita créditos y planes de ahorro a pequeños productores de Chinique.
Asociación de Productores y Comercializadores de Chinique,ASO-GT1403-C,GT1403,Departamental,Gremio local de productores dedicado al desarrollo socioeconómico de Chinique.
Cooperativa Integral de Producción Agrícola de Zacualpa R.L.,COOP-GT1404-A,GT1404,Regional,Entidad cooperativa dedicada al fomento agrícola y comercialización conjunta en el municipio de Zacualpa.
Cooperativa Integral de Ahorro y Crédito de Zacualpa R.L.,COOP-GT1404-B,GT1404,Local,Cooperativa comunitaria que facilita créditos y planes de ahorro a pequeños productores de Zacualpa.
Asociación de Productores y Comercializadores de Zacualpa,ASO-GT1404-C,GT1404,Departamental,Gremio local de productores dedicado al desarrollo socioeconómico de Zacualpa.
Cooperativa Integral de Producción Agrícola de Chajul R.L.,COOP-GT1405-A,GT1405,Nacional,Entidad cooperativa dedicada al fomento agrícola y comercialización conjunta en el municipio de Chajul.
Cooperativa Integral de Ahorro y Crédito de Chajul R.L.,COOP-GT1405-B,GT1405,Local,Cooperativa comunitaria que facilita créditos y planes de ahorro a pequeños productores de Chajul.
Asociación de Productores y Comercializadores de Chajul,ASO-GT1405-C,GT1405,Departamental,Gremio local de productores dedicado al desarrollo socioeconómico de Chajul.
Cooperativa Integral de Producción Agrícola de Chichicastenango R.L.,COOP-GT1406-A,GT1406,Local,Entidad cooperativa dedicada al fomento agrícola y comercialización conjunta en el municipio de Chichicastenango.
Cooperativa Integral de Ahorro y Crédito de Chichicastenango R.L.,COOP-GT1406-B,GT1406,Local,Cooperativa comunitaria que facilita créditos y planes de ahorro a pequeños productores de Chichicastenango.
Asociación de Productores y Comercializadores de Chichicastenango,ASO-GT1406-C,GT1406,Departamental,Gremio local de productores dedicado al desarrollo socioeconómico de Chichicastenango.
Cooperativa Integral de Producción Agrícola de Patzité R.L.,COOP-GT1407-A,GT1407,Departamental,Entidad cooperativa dedicada al fomento agrícola y comercialización conjunta en el municipio de Patzité.
Cooperativa Integral de Ahorro y Crédito de Patzité R.L.,COOP-GT1407-B,GT1407,Local,Cooperativa comunitaria que facilita créditos y planes de ahorro a pequeños productores de Patzité.
Asociación de Productores y Comercializadores de Patzité,ASO-GT1407-C,GT1407,Departamental,Gremio local de productores dedicado al desarrollo socioeconómico de Patzité.
Cooperativa Integral de Producción Agrícola de San Antonio Ilotenango R.L.,COOP-GT1408-A,GT1408,Regional,Entidad cooperativa dedicada al fomento agrícola y comercialización conjunta en el municipio de San Antonio Ilotenango.
Cooperativa Integral de Ahorro y Crédito de San Antonio Ilotenango R.L.,COOP-GT1408-B,GT1408,Local,Cooperativa comunitaria que facilita créditos y planes de ahorro a pequeños productores de San Antonio Ilotenango.
Asociación de Productores y Comercializadores de San Antonio Ilotenango,ASO-GT1408-C,GT1408,Departamental,Gremio local de productores dedicado al desarrollo socioeconómico de San Antonio Ilotenango.
Cooperativa Integral de Producción Agrícola de San Pedro Jocopilas R.L.,COOP-GT1409-A,GT1409,Nacional,Entidad cooperativa dedicada al fomento agrícola y comercialización conjunta en el municipio de San Pedro Jocopilas.
Cooperativa Integral de Ahorro y Crédito de San Pedro Jocopilas R.L.,COOP-GT1409-B,GT1409,Local,Cooperativa comunitaria que facilita créditos y planes de ahorro a pequeños productores de San Pedro Jocopilas.
Asociación de Productores y Comercializadores de San Pedro Jocopilas,ASO-GT1409-C,GT1409,Departamental,Gremio local de productores dedicado al desarrollo socioeconómico de San Pedro Jocopilas.
Cooperativa Integral de Producción Agrícola de Cunén R.L.,COOP-GT1410-A,GT1410,Local,Entidad cooperativa dedicada al fomento agrícola y comercialización conjunta en el municipio de Cunén.
Cooperativa Integral de Ahorro y Crédito de Cunén R.L.,COOP-GT1410-B,GT1410,Local,Cooperativa comunitaria que facilita créditos y planes de ahorro a pequeños productores de Cunén.
Asociación de Productores y Comercializadores de Cunén,ASO-GT1410-C,GT1410,Departamental,Gremio local de productores dedicado al desarrollo socioeconómico de Cunén.
Cooperativa Integral de Producción Agrícola de San Juan Cotzal R.L.,COOP-GT1411-A,GT1411,Departamental,Entidad cooperativa dedicada al fomento agrícola y comercialización conjunta en el municipio de San Juan Cotzal.
Cooperativa Integral de Ahorro y Crédito de San Juan Cotzal R.L.,COOP-GT1411-B,GT1411,Local,Cooperativa comunitaria que facilita créditos y planes de ahorro a pequeños productores de San Juan Cotzal.
Asociación de Productores y Comercializadores de San Juan Cotzal,ASO-GT1411-C,GT1411,Departamental,Gremio local de productores dedicado al desarrollo socioeconómico de San Juan Cotzal.
Cooperativa Integral de Producción Agrícola de Joyabaj R.L.,COOP-GT1412-A,GT1412,Regional,Entidad cooperativa dedicada al fomento agrícola y comercialización conjunta en el municipio de Joyabaj.
Cooperativa Integral de Ahorro y Crédito de Joyabaj R.L.,COOP-GT1412-B,GT1412,Local,Cooperativa comunitaria que facilita créditos y planes de ahorro a pequeños productores de Joyabaj.
Asociación de Productores y Comercializadores de Joyabaj,ASO-GT1412-C,GT1412,Departamental,Gremio local de productores dedicado al desarrollo socioeconómico de Joyabaj.
Cooperativa Integral de Producción Agrícola de Nebaj R.L.,COOP-GT1413-A,GT1413,Nacional,Entidad cooperativa dedicada al fomento agrícola y comercialización conjunta en el municipio de Nebaj.
Cooperativa Integral de Ahorro y Crédito de Nebaj R.L.,COOP-GT1413-B,GT1413,Local,Cooperativa comunitaria que facilita créditos y planes de ahorro a pequeños productores de Nebaj.
Asociación de Productores y Comercializadores de Nebaj,ASO-GT1413-C,GT1413,Departamental,Gremio local de productores dedicado al desarrollo socioeconómico de Nebaj.
Cooperativa Integral de Producción Agrícola de San Andrés Sajcabajá R.L.,COOP-GT1414-A,GT1414,Local,Entidad cooperativa dedicada al fomento agrícola y comercialización conjunta en el municipio de San Andrés Sajcabajá.
Cooperativa Integral de Ahorro y Crédito de San Andrés Sajcabajá R.L.,COOP-GT1414-B,GT1414,Local,Cooperativa comunitaria que facilita créditos y planes de ahorro a pequeños productores de San Andrés Sajcabajá.
Asociación de Productores y Comercializadores de San Andrés Sajcabajá,ASO-GT1414-C,GT1414,Departamental,Gremio local de productores dedicado al desarrollo socioeconómico de San Andrés Sajcabajá.
Cooperativa Integral de Producción Agrícola de Uspantán R.L.,COOP-GT1415-A,GT1415,Departamental,Entidad cooperativa dedicada al fomento agrícola y comercialización conjunta en el municipio de Uspantán.
Cooperativa Integral de Ahorro y Crédito de Uspantán R.L.,COOP-GT1415-B,GT1415,Local,Cooperativa comunitaria que facilita créditos y planes de ahorro a pequeños productores de Uspantán.
Asociación de Productores y Comercializadores de Uspantán,ASO-GT1415-C,GT1415,Departamental,Gremio local de productores dedicado al desarrollo socioeconómico de Uspantán.
Cooperativa Integral de Producción Agrícola de Sacapulas R.L.,COOP-GT1416-A,GT1416,Regional,Entidad cooperativa dedicada al fomento agrícola y comercialización conjunta en el municipio de Sacapulas.
Cooperativa Integral de Ahorro y Crédito de Sacapulas R.L.,COOP-GT1416-B,GT1416,Local,Cooperativa comunitaria que facilita créditos y planes de ahorro a pequeños productores de Sacapulas.
Asociación de Productores y Comercializadores de Sacapulas,ASO-GT1416-C,GT1416,Departamental,Gremio local de productores dedicado al desarrollo socioeconómico de Sacapulas.
Cooperativa Integral de Producción Agrícola de San Bartolomé Jocotenango R.L.,COOP-GT1417-A,GT1417,Nacional,Entidad cooperativa dedicada al fomento agrícola y comercialización conjunta en el municipio de San Bartolomé Jocotenango.
Cooperativa Integral de Ahorro y Crédito de San Bartolomé Jocotenango R.L.,COOP-GT1417-B,GT1417,Local,Cooperativa comunitaria que facilita créditos y planes de ahorro a pequeños productores de San Bartolomé Jocotenango.
Asociación de Productores y Comercializadores de San Bartolomé Jocotenango,ASO-GT1417-C,GT1417,Departamental,Gremio local de productores dedicado al desarrollo socioeconómico de San Bartolomé Jocotenango.
Cooperativa Integral de Producción Agrícola de Canillá R.L.,COOP-GT1418-A,GT1418,Local,Entidad cooperativa dedicada al fomento agrícola y comercialización conjunta en el municipio de Canillá.
Cooperativa Integral de Ahorro y Crédito de Canillá R.L.,COOP-GT1418-B,GT1418,Local,Cooperativa comunitaria que facilita créditos y planes de ahorro a pequeños productores de Canillá.
Asociación de Productores y Comercializadores de Canillá,ASO-GT1418-C,GT1418,Departamental,Gremio local de productores dedicado al desarrollo socioeconómico de Canillá.
Cooperativa Integral de Producción Agrícola de Chicamán R.L.,COOP-GT1419-A,GT1419,Departamental,Entidad cooperativa dedicada al fomento agrícola y comercialización conjunta en el municipio de Chicamán.
Cooperativa Integral de Ahorro y Crédito de Chicamán R.L.,COOP-GT1419-B,GT1419,Local,Cooperativa comunitaria que facilita créditos y planes de ahorro a pequeños productores de Chicamán.
Asociación de Productores y Comercializadores de Chicamán,ASO-GT1419-C,GT1419,Departamental,Gremio local de productores dedicado al desarrollo socioeconómico de Chicamán.
Cooperativa Integral de Producción Agrícola de Ixcán R.L.,COOP-GT1420-A,GT1420,Regional,Entidad cooperativa dedicada al fomento agrícola y comercialización conjunta en el municipio de Ixcán.
Cooperativa Integral de Ahorro y Crédito de Ixcán R.L.,COOP-GT1420-B,GT1420,Local,Cooperativa comunitaria que facilita créditos y planes de ahorro a pequeños productores de Ixcán.
Asociación de Productores y Comercializadores de Ixcán,ASO-GT1420-C,GT1420,Departamental,Gremio local de productores dedicado al desarrollo socioeconómico de Ixcán.
Cooperativa Integral de Producción Agrícola de Pachalum R.L.,COOP-GT1421-A,GT1421,Nacional,Entidad cooperativa dedicada al fomento agrícola y comercialización conjunta en el municipio de Pachalum.
Cooperativa Integral de Ahorro y Crédito de Pachalum R.L.,COOP-GT1421-B,GT1421,Local,Cooperativa comunitaria que facilita créditos y planes de ahorro a pequeños productores de Pachalum.
Asociación de Productores y Comercializadores de Pachalum,ASO-GT1421-C,GT1421,Departamental,Gremio local de productores dedicado al desarrollo socioeconómico de Pachalum.
Cooperativa Integral de Producción Agrícola de Salamá R.L.,COOP-GT1501-A,GT1501,Local,Entidad cooperativa dedicada al fomento agrícola y comercialización conjunta en el municipio de Salamá.
Cooperativa Integral de Ahorro y Crédito de Salamá R.L.,COOP-GT1501-B,GT1501,Local,Cooperativa comunitaria que facilita créditos y planes de ahorro a pequeños productores de Salamá.
Asociación de Productores y Comercializadores de Salamá,ASO-GT1501-C,GT1501,Departamental,Gremio local de productores dedicado al desarrollo socioeconómico de Salamá.
Cooperativa Integral de Producción Agrícola de San Miguel Chicaj R.L.,COOP-GT1502-A,GT1502,Departamental,Entidad cooperativa dedicada al fomento agrícola y comercialización conjunta en el municipio de San Miguel Chicaj.
Cooperativa Integral de Ahorro y Crédito de San Miguel Chicaj R.L.,COOP-GT1502-B,GT1502,Local,Cooperativa comunitaria que facilita créditos y planes de ahorro a pequeños productores de San Miguel Chicaj.
Asociación de Productores y Comercializadores de San Miguel Chicaj,ASO-GT1502-C,GT1502,Departamental,Gremio local de productores dedicado al desarrollo socioeconómico de San Miguel Chicaj.
Cooperativa Integral de Producción Agrícola de Rabinal R.L.,COOP-GT1503-A,GT1503,Regional,Entidad cooperativa dedicada al fomento agrícola y comercialización conjunta en el municipio de Rabinal.
Cooperativa Integral de Ahorro y Crédito de Rabinal R.L.,COOP-GT1503-B,GT1503,Local,Cooperativa comunitaria que facilita créditos y planes de ahorro a pequeños productores de Rabinal.
Asociación de Productores y Comercializadores de Rabinal,ASO-GT1503-C,GT1503,Departamental,Gremio local de productores dedicado al desarrollo socioeconómico de Rabinal.
Cooperativa Integral de Producción Agrícola de Cubulco R.L.,COOP-GT1504-A,GT1504,Nacional,Entidad cooperativa dedicada al fomento agrícola y comercialización conjunta en el municipio de Cubulco.
Cooperativa Integral de Ahorro y Crédito de Cubulco R.L.,COOP-GT1504-B,GT1504,Local,Cooperativa comunitaria que facilita créditos y planes de ahorro a pequeños productores de Cubulco.
Asociación de Productores y Comercializadores de Cubulco,ASO-GT1504-C,GT1504,Departamental,Gremio local de productores dedicado al desarrollo socioeconómico de Cubulco.
Cooperativa Integral de Producción Agrícola de Granados R.L.,COOP-GT1505-A,GT1505,Local,Entidad cooperativa dedicada al fomento agrícola y comercialización conjunta en el municipio de Granados.
Cooperativa Integral de Ahorro y Crédito de Granados R.L.,COOP-GT1505-B,GT1505,Local,Cooperativa comunitaria que facilita créditos y planes de ahorro a pequeños productores de Granados.
Asociación de Productores y Comercializadores de Granados,ASO-GT1505-C,GT1505,Departamental,Gremio local de productores dedicado al desarrollo socioeconómico de Granados.
Cooperativa Integral de Producción Agrícola de El Chol R.L.,COOP-GT1506-A,GT1506,Departamental,Entidad cooperativa dedicada al fomento agrícola y comercialización conjunta en el municipio de El Chol.
Cooperativa Integral de Ahorro y Crédito de El Chol R.L.,COOP-GT1506-B,GT1506,Local,Cooperativa comunitaria que facilita créditos y planes de ahorro a pequeños productores de El Chol.
Asociación de Productores y Comercializadores de El Chol,ASO-GT1506-C,GT1506,Departamental,Gremio local de productores dedicado al desarrollo socioeconómico de El Chol.
Cooperativa Integral de Producción Agrícola de San Jerónimo R.L.,COOP-GT1507-A,GT1507,Regional,Entidad cooperativa dedicada al fomento agrícola y comercialización conjunta en el municipio de San Jerónimo.
Cooperativa Integral de Ahorro y Crédito de San Jerónimo R.L.,COOP-GT1507-B,GT1507,Local,Cooperativa comunitaria que facilita créditos y planes de ahorro a pequeños productores de San Jerónimo.
Asociación de Productores y Comercializadores de San Jerónimo,ASO-GT1507-C,GT1507,Departamental,Gremio local de productores dedicado al desarrollo socioeconómico de San Jerónimo.
Cooperativa Integral de Producción Agrícola de Purulhá R.L.,COOP-GT1508-A,GT1508,Nacional,Entidad cooperativa dedicada al fomento agrícola y comercialización conjunta en el municipio de Purulhá.
Cooperativa Integral de Ahorro y Crédito de Purulhá R.L.,COOP-GT1508-B,GT1508,Local,Cooperativa comunitaria que facilita créditos y planes de ahorro a pequeños productores de Purulhá.
Asociación de Productores y Comercializadores de Purulhá,ASO-GT1508-C,GT1508,Departamental,Gremio local de productores dedicado al desarrollo socioeconómico de Purulhá.
Cooperativa Integral de Producción Agrícola de Cobán R.L.,COOP-GT1601-A,GT1601,Local,Entidad cooperativa dedicada al fomento agrícola y comercialización conjunta en el municipio de Cobán.
Cooperativa Integral de Ahorro y Crédito de Cobán R.L.,COOP-GT1601-B,GT1601,Local,Cooperativa comunitaria que facilita créditos y planes de ahorro a pequeños productores de Cobán.
Asociación de Productores y Comercializadores de Cobán,ASO-GT1601-C,GT1601,Departamental,Gremio local de productores dedicado al desarrollo socioeconómico de Cobán.
Cooperativa Integral de Producción Agrícola de Santa Cruz Verapaz R.L.,COOP-GT1602-A,GT1602,Departamental,Entidad cooperativa dedicada al fomento agrícola y comercialización conjunta en el municipio de Santa Cruz Verapaz.
Cooperativa Integral de Ahorro y Crédito de Santa Cruz Verapaz R.L.,COOP-GT1602-B,GT1602,Local,Cooperativa comunitaria que facilita créditos y planes de ahorro a pequeños productores de Santa Cruz Verapaz.
Asociación de Productores y Comercializadores de Santa Cruz Verapaz,ASO-GT1602-C,GT1602,Departamental,Gremio local de productores dedicado al desarrollo socioeconómico de Santa Cruz Verapaz.
Cooperativa Integral de Producción Agrícola de San Cristóbal Verapaz R.L.,COOP-GT1603-A,GT1603,Regional,Entidad cooperativa dedicada al fomento agrícola y comercialización conjunta en el municipio de San Cristóbal Verapaz.
Cooperativa Integral de Ahorro y Crédito de San Cristóbal Verapaz R.L.,COOP-GT1603-B,GT1603,Local,Cooperativa comunitaria que facilita créditos y planes de ahorro a pequeños productores de San Cristóbal Verapaz.
Asociación de Productores y Comercializadores de San Cristóbal Verapaz,ASO-GT1603-C,GT1603,Departamental,Gremio local de productores dedicado al desarrollo socioeconómico de San Cristóbal Verapaz.
Cooperativa Integral de Producción Agrícola de Tactic R.L.,COOP-GT1604-A,GT1604,Nacional,Entidad cooperativa dedicada al fomento agrícola y comercialización conjunta en el municipio de Tactic.
Cooperativa Integral de Ahorro y Crédito de Tactic R.L.,COOP-GT1604-B,GT1604,Local,Cooperativa comunitaria que facilita créditos y planes de ahorro a pequeños productores de Tactic.
Asociación de Productores y Comercializadores de Tactic,ASO-GT1604-C,GT1604,Departamental,Gremio local de productores dedicado al desarrollo socioeconómico de Tactic.
Cooperativa Integral de Producción Agrícola de Tamahú R.L.,COOP-GT1605-A,GT1605,Local,Entidad cooperativa dedicada al fomento agrícola y comercialización conjunta en el municipio de Tamahú.
Cooperativa Integral de Ahorro y Crédito de Tamahú R.L.,COOP-GT1605-B,GT1605,Local,Cooperativa comunitaria que facilita créditos y planes de ahorro a pequeños productores de Tamahú.
Asociación de Productores y Comercializadores de Tamahú,ASO-GT1605-C,GT1605,Departamental,Gremio local de productores dedicado al desarrollo socioeconómico de Tamahú.
Cooperativa Integral de Producción Agrícola de Tucurú R.L.,COOP-GT1606-A,GT1606,Departamental,Entidad cooperativa dedicada al fomento agrícola y comercialización conjunta en el municipio de Tucurú.
Cooperativa Integral de Ahorro y Crédito de Tucurú R.L.,COOP-GT1606-B,GT1606,Local,Cooperativa comunitaria que facilita créditos y planes de ahorro a pequeños productores de Tucurú.
Asociación de Productores y Comercializadores de Tucurú,ASO-GT1606-C,GT1606,Departamental,Gremio local de productores dedicado al desarrollo socioeconómico de Tucurú.
Cooperativa Integral de Producción Agrícola de Panzós R.L.,COOP-GT1607-A,GT1607,Regional,Entidad cooperativa dedicada al fomento agrícola y comercialización conjunta en el municipio de Panzós.
Cooperativa Integral de Ahorro y Crédito de Panzós R.L.,COOP-GT1607-B,GT1607,Local,Cooperativa comunitaria que facilita créditos y planes de ahorro a pequeños productores de Panzós.
Asociación de Productores y Comercializadores de Panzós,ASO-GT1607-C,GT1607,Departamental,Gremio local de productores dedicado al desarrollo socioeconómico de Panzós.
Cooperativa Integral de Producción Agrícola de Senahú R.L.,COOP-GT1608-A,GT1608,Nacional,Entidad cooperativa dedicada al fomento agrícola y comercialización conjunta en el municipio de Senahú.
Cooperativa Integral de Ahorro y Crédito de Senahú R.L.,COOP-GT1608-B,GT1608,Local,Cooperativa comunitaria que facilita créditos y planes de ahorro a pequeños productores de Senahú.
Asociación de Productores y Comercializadores de Senahú,ASO-GT1608-C,GT1608,Departamental,Gremio local de productores dedicado al desarrollo socioeconómico de Senahú.
Cooperativa Integral de Producción Agrícola de San Pedro Carchá R.L.,COOP-GT1609-A,GT1609,Local,Entidad cooperativa dedicada al fomento agrícola y comercialización conjunta en el municipio de San Pedro Carchá.
Cooperativa Integral de Ahorro y Crédito de San Pedro Carchá R.L.,COOP-GT1609-B,GT1609,Local,Cooperativa comunitaria que facilita créditos y planes de ahorro a pequeños productores de San Pedro Carchá.
Asociación de Productores y Comercializadores de San Pedro Carchá,ASO-GT1609-C,GT1609,Departamental,Gremio local de productores dedicado al desarrollo socioeconómico de San Pedro Carchá.
Cooperativa Integral de Producción Agrícola de San Juan Chamelco R.L.,COOP-GT1610-A,GT1610,Departamental,Entidad cooperativa dedicada al fomento agrícola y comercialización conjunta en el municipio de San Juan Chamelco.
Cooperativa Integral de Ahorro y Crédito de San Juan Chamelco R.L.,COOP-GT1610-B,GT1610,Local,Cooperativa comunitaria que facilita créditos y planes de ahorro a pequeños productores de San Juan Chamelco.
Asociación de Productores y Comercializadores de San Juan Chamelco,ASO-GT1610-C,GT1610,Departamental,Gremio local de productores dedicado al desarrollo socioeconómico de San Juan Chamelco.
Cooperativa Integral de Producción Agrícola de Lanquín R.L.,COOP-GT1611-A,GT1611,Regional,Entidad cooperativa dedicada al fomento agrícola y comercialización conjunta en el municipio de Lanquín.
Cooperativa Integral de Ahorro y Crédito de Lanquín R.L.,COOP-GT1611-B,GT1611,Local,Cooperativa comunitaria que facilita créditos y planes de ahorro a pequeños productores de Lanquín.
Asociación de Productores y Comercializadores de Lanquín,ASO-GT1611-C,GT1611,Departamental,Gremio local de productores dedicado al desarrollo socioeconómico de Lanquín.
Cooperativa Integral de Producción Agrícola de Cahabón R.L.,COOP-GT1612-A,GT1612,Nacional,Entidad cooperativa dedicada al fomento agrícola y comercialización conjunta en el municipio de Cahabón.
Cooperativa Integral de Ahorro y Crédito de Cahabón R.L.,COOP-GT1612-B,GT1612,Local,Cooperativa comunitaria que facilita créditos y planes de ahorro a pequeños productores de Cahabón.
Asociación de Productores y Comercializadores de Cahabón,ASO-GT1612-C,GT1612,Departamental,Gremio local de productores dedicado al desarrollo socioeconómico de Cahabón.
Cooperativa Integral de Producción Agrícola de Chisec R.L.,COOP-GT1613-A,GT1613,Local,Entidad cooperativa dedicada al fomento agrícola y comercialización conjunta en el municipio de Chisec.
Cooperativa Integral de Ahorro y Crédito de Chisec R.L.,COOP-GT1613-B,GT1613,Local,Cooperativa comunitaria que facilita créditos y planes de ahorro a pequeños productores de Chisec.
Asociación de Productores y Comercializadores de Chisec,ASO-GT1613-C,GT1613,Departamental,Gremio local de productores dedicado al desarrollo socioeconómico de Chisec.
Cooperativa Integral de Producción Agrícola de Chahal R.L.,COOP-GT1614-A,GT1614,Departamental,Entidad cooperativa dedicada al fomento agrícola y comercialización conjunta en el municipio de Chahal.
Cooperativa Integral de Ahorro y Crédito de Chahal R.L.,COOP-GT1614-B,GT1614,Local,Cooperativa comunitaria que facilita créditos y planes de ahorro a pequeños productores de Chahal.
Asociación de Productores y Comercializadores de Chahal,ASO-GT1614-C,GT1614,Departamental,Gremio local de productores dedicado al desarrollo socioeconómico de Chahal.
Cooperativa Integral de Producción Agrícola de Fray Bartolomé de Las Casas R.L.,COOP-GT1615-A,GT1615,Regional,Entidad cooperativa dedicada al fomento agrícola y comercialización conjunta en el municipio de Fray Bartolomé de Las Casas.
Cooperativa Integral de Ahorro y Crédito de Fray Bartolomé de Las Casas R.L.,COOP-GT1615-B,GT1615,Local,Cooperativa comunitaria que facilita créditos y planes de ahorro a pequeños productores de Fray Bartolomé de Las Casas.
Asociación de Productores y Comercializadores de Fray Bartolomé de Las Casas,ASO-GT1615-C,GT1615,Departamental,Gremio local de productores dedicado al desarrollo socioeconómico de Fray Bartolomé de Las Casas.
Cooperativa Integral de Producción Agrícola de Santa Catalina La Tinta R.L.,COOP-GT1616-A,GT1616,Nacional,Entidad cooperativa dedicada al fomento agrícola y comercialización conjunta en el municipio de Santa Catalina La Tinta.
Cooperativa Integral de Ahorro y Crédito de Santa Catalina La Tinta R.L.,COOP-GT1616-B,GT1616,Local,Cooperativa comunitaria que facilita créditos y planes de ahorro a pequeños productores de Santa Catalina La Tinta.
Asociación de Productores y Comercializadores de Santa Catalina La Tinta,ASO-GT1616-C,GT1616,Departamental,Gremio local de productores dedicado al desarrollo socioeconómico de Santa Catalina La Tinta.
Cooperativa Integral de Producción Agrícola de Raxruhá R.L.,COOP-GT1617-A,GT1617,Local,Entidad cooperativa dedicada al fomento agrícola y comercialización conjunta en el municipio de Raxruhá.
Cooperativa Integral de Ahorro y Crédito de Raxruhá R.L.,COOP-GT1617-B,GT1617,Local,Cooperativa comunitaria que facilita créditos y planes de ahorro a pequeños productores de Raxruhá.
Asociación de Productores y Comercializadores de Raxruhá,ASO-GT1617-C,GT1617,Departamental,Gremio local de productores dedicado al desarrollo socioeconómico de Raxruhá.
Cooperativa Integral de Producción Agrícola de Flores R.L.,COOP-GT1701-A,GT1701,Departamental,Entidad cooperativa dedicada al fomento agrícola y comercialización conjunta en el municipio de Flores.
Cooperativa Integral de Ahorro y Crédito de Flores R.L.,COOP-GT1701-B,GT1701,Local,Cooperativa comunitaria que facilita créditos y planes de ahorro a pequeños productores de Flores.
Asociación de Productores y Comercializadores de Flores,ASO-GT1701-C,GT1701,Departamental,Gremio local de productores dedicado al desarrollo socioeconómico de Flores.
Cooperativa Integral de Producción Agrícola de San José R.L.,COOP-GT1702-A,GT1702,Regional,Entidad cooperativa dedicada al fomento agrícola y comercialización conjunta en el municipio de San José.
Cooperativa Integral de Ahorro y Crédito de San José R.L.,COOP-GT1702-B,GT1702,Local,Cooperativa comunitaria que facilita créditos y planes de ahorro a pequeños productores de San José.
Asociación de Productores y Comercializadores de San José,ASO-GT1702-C,GT1702,Departamental,Gremio local de productores dedicado al desarrollo socioeconómico de San José.
Cooperativa Integral de Producción Agrícola de San Benito R.L.,COOP-GT1703-A,GT1703,Nacional,Entidad cooperativa dedicada al fomento agrícola y comercialización conjunta en el municipio de San Benito.
Cooperativa Integral de Ahorro y Crédito de San Benito R.L.,COOP-GT1703-B,GT1703,Local,Cooperativa comunitaria que facilita créditos y planes de ahorro a pequeños productores de San Benito.
Asociación de Productores y Comercializadores de San Benito,ASO-GT1703-C,GT1703,Departamental,Gremio local de productores dedicado al desarrollo socioeconómico de San Benito.
Cooperativa Integral de Producción Agrícola de San Andrés R.L.,COOP-GT1704-A,GT1704,Local,Entidad cooperativa dedicada al fomento agrícola y comercialización conjunta en el municipio de San Andrés.
Cooperativa Integral de Ahorro y Crédito de San Andrés R.L.,COOP-GT1704-B,GT1704,Local,Cooperativa comunitaria que facilita créditos y planes de ahorro a pequeños productores de San Andrés.
Asociación de Productores y Comercializadores de San Andrés,ASO-GT1704-C,GT1704,Departamental,Gremio local de productores dedicado al desarrollo socioeconómico de San Andrés.
Cooperativa Integral de Producción Agrícola de La Libertad R.L.,COOP-GT1705-A,GT1705,Departamental,Entidad cooperativa dedicada al fomento agrícola y comercialización conjunta en el municipio de La Libertad.
Cooperativa Integral de Ahorro y Crédito de La Libertad R.L.,COOP-GT1705-B,GT1705,Local,Cooperativa comunitaria que facilita créditos y planes de ahorro a pequeños productores de La Libertad.
Asociación de Productores y Comercializadores de La Libertad,ASO-GT1705-C,GT1705,Departamental,Gremio local de productores dedicado al desarrollo socioeconómico de La Libertad.
Cooperativa Integral de Producción Agrícola de San Francisco R.L.,COOP-GT1706-A,GT1706,Regional,Entidad cooperativa dedicada al fomento agrícola y comercialización conjunta en el municipio de San Francisco.
Cooperativa Integral de Ahorro y Crédito de San Francisco R.L.,COOP-GT1706-B,GT1706,Local,Cooperativa comunitaria que facilita créditos y planes de ahorro a pequeños productores de San Francisco.
Asociación de Productores y Comercializadores de San Francisco,ASO-GT1706-C,GT1706,Departamental,Gremio local de productores dedicado al desarrollo socioeconómico de San Francisco.
Cooperativa Integral de Producción Agrícola de Santa Ana R.L.,COOP-GT1707-A,GT1707,Nacional,Entidad cooperativa dedicada al fomento agrícola y comercialización conjunta en el municipio de Santa Ana.
Cooperativa Integral de Ahorro y Crédito de Santa Ana R.L.,COOP-GT1707-B,GT1707,Local,Cooperativa comunitaria que facilita créditos y planes de ahorro a pequeños productores de Santa Ana.
Asociación de Productores y Comercializadores de Santa Ana,ASO-GT1707-C,GT1707,Departamental,Gremio local de productores dedicado al desarrollo socioeconómico de Santa Ana.
Cooperativa Integral de Producción Agrícola de Dolores R.L.,COOP-GT1708-A,GT1708,Local,Entidad cooperativa dedicada al fomento agrícola y comercialización conjunta en el municipio de Dolores.
Cooperativa Integral de Ahorro y Crédito de Dolores R.L.,COOP-GT1708-B,GT1708,Local,Cooperativa comunitaria que facilita créditos y planes de ahorro a pequeños productores de Dolores.
Asociación de Productores y Comercializadores de Dolores,ASO-GT1708-C,GT1708,Departamental,Gremio local de productores dedicado al desarrollo socioeconómico de Dolores.
Cooperativa Integral de Producción Agrícola de San Luis R.L.,COOP-GT1709-A,GT1709,Departamental,Entidad cooperativa dedicada al fomento agrícola y comercialización conjunta en el municipio de San Luis.
Cooperativa Integral de Ahorro y Crédito de San Luis R.L.,COOP-GT1709-B,GT1709,Local,Cooperativa comunitaria que facilita créditos y planes de ahorro a pequeños productores de San Luis.
Asociación de Productores y Comercializadores de San Luis,ASO-GT1709-C,GT1709,Departamental,Gremio local de productores dedicado al desarrollo socioeconómico de San Luis.
Cooperativa Integral de Producción Agrícola de Sayaxché R.L.,COOP-GT1710-A,GT1710,Regional,Entidad cooperativa dedicada al fomento agrícola y comercialización conjunta en el municipio de Sayaxché.
Cooperativa Integral de Ahorro y Crédito de Sayaxché R.L.,COOP-GT1710-B,GT1710,Local,Cooperativa comunitaria que facilita créditos y planes de ahorro a pequeños productores de Sayaxché.
Asociación de Productores y Comercializadores de Sayaxché,ASO-GT1710-C,GT1710,Departamental,Gremio local de productores dedicado al desarrollo socioeconómico de Sayaxché.
Cooperativa Integral de Producción Agrícola de Melchor de Mencos R.L.,COOP-GT1711-A,GT1711,Nacional,Entidad cooperativa dedicada al fomento agrícola y comercialización conjunta en el municipio de Melchor de Mencos.
Cooperativa Integral de Ahorro y Crédito de Melchor de Mencos R.L.,COOP-GT1711-B,GT1711,Local,Cooperativa comunitaria que facilita créditos y planes de ahorro a pequeños productores de Melchor de Mencos.
Asociación de Productores y Comercializadores de Melchor de Mencos,ASO-GT1711-C,GT1711,Departamental,Gremio local de productores dedicado al desarrollo socioeconómico de Melchor de Mencos.
Cooperativa Integral de Producción Agrícola de Poptún R.L.,COOP-GT1712-A,GT1712,Local,Entidad cooperativa dedicada al fomento agrícola y comercialización conjunta en el municipio de Poptún.
Cooperativa Integral de Ahorro y Crédito de Poptún R.L.,COOP-GT1712-B,GT1712,Local,Cooperativa comunitaria que facilita créditos y planes de ahorro a pequeños productores de Poptún.
Asociación de Productores y Comercializadores de Poptún,ASO-GT1712-C,GT1712,Departamental,Gremio local de productores dedicado al desarrollo socioeconómico de Poptún.
Cooperativa Integral de Producción Agrícola de Las Cruces R.L.,COOP-GT1713-A,GT1713,Departamental,Entidad cooperativa dedicada al fomento agrícola y comercialización conjunta en el municipio de Las Cruces.
Cooperativa Integral de Ahorro y Crédito de Las Cruces R.L.,COOP-GT1713-B,GT1713,Local,Cooperativa comunitaria que facilita créditos y planes de ahorro a pequeños productores de Las Cruces.
Asociación de Productores y Comercializadores de Las Cruces,ASO-GT1713-C,GT1713,Departamental,Gremio local de productores dedicado al desarrollo socioeconómico de Las Cruces.
Cooperativa Integral de Producción Agrícola de El Chal R.L.,COOP-GT1714-A,GT1714,Regional,Entidad cooperativa dedicada al fomento agrícola y comercialización conjunta en el municipio de El Chal.
Cooperativa Integral de Ahorro y Crédito de El Chal R.L.,COOP-GT1714-B,GT1714,Local,Cooperativa comunitaria que facilita créditos y planes de ahorro a pequeños productores de El Chal.
Asociación de Productores y Comercializadores de El Chal,ASO-GT1714-C,GT1714,Departamental,Gremio local de productores dedicado al desarrollo socioeconómico de El Chal.
Cooperativa Integral de Producción Agrícola de Puerto Barrios R.L.,COOP-GT1801-A,GT1801,Nacional,Entidad cooperativa dedicada al fomento agrícola y comercialización conjunta en el municipio de Puerto Barrios.
Cooperativa Integral de Ahorro y Crédito de Puerto Barrios R.L.,COOP-GT1801-B,GT1801,Local,Cooperativa comunitaria que facilita créditos y planes de ahorro a pequeños productores de Puerto Barrios.
Asociación de Productores y Comercializadores de Puerto Barrios,ASO-GT1801-C,GT1801,Departamental,Gremio local de productores dedicado al desarrollo socioeconómico de Puerto Barrios.
Cooperativa Integral de Producción Agrícola de Lívingston R.L.,COOP-GT1802-A,GT1802,Local,Entidad cooperativa dedicada al fomento agrícola y comercialización conjunta en el municipio de Lívingston.
Cooperativa Integral de Ahorro y Crédito de Lívingston R.L.,COOP-GT1802-B,GT1802,Local,Cooperativa comunitaria que facilita créditos y planes de ahorro a pequeños productores de Lívingston.
Asociación de Productores y Comercializadores de Lívingston,ASO-GT1802-C,GT1802,Departamental,Gremio local de productores dedicado al desarrollo socioeconómico de Lívingston.
Cooperativa Integral de Producción Agrícola de El Estor R.L.,COOP-GT1803-A,GT1803,Departamental,Entidad cooperativa dedicada al fomento agrícola y comercialización conjunta en el municipio de El Estor.
Cooperativa Integral de Ahorro y Crédito de El Estor R.L.,COOP-GT1803-B,GT1803,Local,Cooperativa comunitaria que facilita créditos y planes de ahorro a pequeños productores de El Estor.
Asociación de Productores y Comercializadores de El Estor,ASO-GT1803-C,GT1803,Departamental,Gremio local de productores dedicado al desarrollo socioeconómico de El Estor.
Cooperativa Integral de Producción Agrícola de Morales R.L.,COOP-GT1804-A,GT1804,Regional,Entidad cooperativa dedicada al fomento agrícola y comercialización conjunta en el municipio de Morales.
Cooperativa Integral de Ahorro y Crédito de Morales R.L.,COOP-GT1804-B,GT1804,Local,Cooperativa comunitaria que facilita créditos y planes de ahorro a pequeños productores de Morales.
Asociación de Productores y Comercializadores de Morales,ASO-GT1804-C,GT1804,Departamental,Gremio local de productores dedicado al desarrollo socioeconómico de Morales.
Cooperativa Integral de Producción Agrícola de Los Amates R.L.,COOP-GT1805-A,GT1805,Nacional,Entidad cooperativa dedicada al fomento agrícola y comercialización conjunta en el municipio de Los Amates.
Cooperativa Integral de Ahorro y Crédito de Los Amates R.L.,COOP-GT1805-B,GT1805,Local,Cooperativa comunitaria que facilita créditos y planes de ahorro a pequeños productores de Los Amates.
Asociación de Productores y Comercializadores de Los Amates,ASO-GT1805-C,GT1805,Departamental,Gremio local de productores dedicado al desarrollo socioeconómico de Los Amates.
Cooperativa Integral de Producción Agrícola de Zacapa R.L.,COOP-GT1901-A,GT1901,Local,Entidad cooperativa dedicada al fomento agrícola y comercialización conjunta en el municipio de Zacapa.
Cooperativa Integral de Ahorro y Crédito de Zacapa R.L.,COOP-GT1901-B,GT1901,Local,Cooperativa comunitaria que facilita créditos y planes de ahorro a pequeños productores de Zacapa.
Asociación de Productores y Comercializadores de Zacapa,ASO-GT1901-C,GT1901,Departamental,Gremio local de productores dedicado al desarrollo socioeconómico de Zacapa.
Cooperativa Integral de Producción Agrícola de Estanzuela R.L.,COOP-GT1902-A,GT1902,Departamental,Entidad cooperativa dedicada al fomento agrícola y comercialización conjunta en el municipio de Estanzuela.
Cooperativa Integral de Ahorro y Crédito de Estanzuela R.L.,COOP-GT1902-B,GT1902,Local,Cooperativa comunitaria que facilita créditos y planes de ahorro a pequeños productores de Estanzuela.
Asociación de Productores y Comercializadores de Estanzuela,ASO-GT1902-C,GT1902,Departamental,Gremio local de productores dedicado al desarrollo socioeconómico de Estanzuela.
Cooperativa Integral de Producción Agrícola de Río Hondo R.L.,COOP-GT1903-A,GT1903,Regional,Entidad cooperativa dedicada al fomento agrícola y comercialización conjunta en el municipio de Río Hondo.
Cooperativa Integral de Ahorro y Crédito de Río Hondo R.L.,COOP-GT1903-B,GT1903,Local,Cooperativa comunitaria que facilita créditos y planes de ahorro a pequeños productores de Río Hondo.
Asociación de Productores y Comercializadores de Río Hondo,ASO-GT1903-C,GT1903,Departamental,Gremio local de productores dedicado al desarrollo socioeconómico de Río Hondo.
Cooperativa Integral de Producción Agrícola de Gualán R.L.,COOP-GT1904-A,GT1904,Nacional,Entidad cooperativa dedicada al fomento agrícola y comercialización conjunta en el municipio de Gualán.
Cooperativa Integral de Ahorro y Crédito de Gualán R.L.,COOP-GT1904-B,GT1904,Local,Cooperativa comunitaria que facilita créditos y planes de ahorro a pequeños productores de Gualán.
Asociación de Productores y Comercializadores de Gualán,ASO-GT1904-C,GT1904,Departamental,Gremio local de productores dedicado al desarrollo socioeconómico de Gualán.
Cooperativa Integral de Producción Agrícola de Teculután R.L.,COOP-GT1905-A,GT1905,Local,Entidad cooperativa dedicada al fomento agrícola y comercialización conjunta en el municipio de Teculután.
Cooperativa Integral de Ahorro y Crédito de Teculután R.L.,COOP-GT1905-B,GT1905,Local,Cooperativa comunitaria que facilita créditos y planes de ahorro a pequeños productores de Teculután.
Asociación de Productores y Comercializadores de Teculután,ASO-GT1905-C,GT1905,Departamental,Gremio local de productores dedicado al desarrollo socioeconómico de Teculután.
Cooperativa Integral de Producción Agrícola de Usumatlán R.L.,COOP-GT1906-A,GT1906,Departamental,Entidad cooperativa dedicada al fomento agrícola y comercialización conjunta en el municipio de Usumatlán.
Cooperativa Integral de Ahorro y Crédito de Usumatlán R.L.,COOP-GT1906-B,GT1906,Local,Cooperativa comunitaria que facilita créditos y planes de ahorro a pequeños productores de Usumatlán.
Asociación de Productores y Comercializadores de Usumatlán,ASO-GT1906-C,GT1906,Departamental,Gremio local de productores dedicado al desarrollo socioeconómico de Usumatlán.
Cooperativa Integral de Producción Agrícola de Cabañas R.L.,COOP-GT1907-A,GT1907,Regional,Entidad cooperativa dedicada al fomento agrícola y comercialización conjunta en el municipio de Cabañas.
Cooperativa Integral de Ahorro y Crédito de Cabañas R.L.,COOP-GT1907-B,GT1907,Local,Cooperativa comunitaria que facilita créditos y planes de ahorro a pequeños productores de Cabañas.
Asociación de Productores y Comercializadores de Cabañas,ASO-GT1907-C,GT1907,Departamental,Gremio local de productores dedicado al desarrollo socioeconómico de Cabañas.
Cooperativa Integral de Producción Agrícola de San Diego R.L.,COOP-GT1908-A,GT1908,Nacional,Entidad cooperativa dedicada al fomento agrícola y comercialización conjunta en el municipio de San Diego.
Cooperativa Integral de Ahorro y Crédito de San Diego R.L.,COOP-GT1908-B,GT1908,Local,Cooperativa comunitaria que facilita créditos y planes de ahorro a pequeños productores de San Diego.
Asociación de Productores y Comercializadores de San Diego,ASO-GT1908-C,GT1908,Departamental,Gremio local de productores dedicado al desarrollo socioeconómico de San Diego.
Cooperativa Integral de Producción Agrícola de La Unión R.L.,COOP-GT1909-A,GT1909,Local,Entidad cooperativa dedicada al fomento agrícola y comercialización conjunta en el municipio de La Unión.
Cooperativa Integral de Ahorro y Crédito de La Unión R.L.,COOP-GT1909-B,GT1909,Local,Cooperativa comunitaria que facilita créditos y planes de ahorro a pequeños productores de La Unión.
Asociación de Productores y Comercializadores de La Unión,ASO-GT1909-C,GT1909,Departamental,Gremio local de productores dedicado al desarrollo socioeconómico de La Unión.
Cooperativa Integral de Producción Agrícola de Huité R.L.,COOP-GT1910-A,GT1910,Departamental,Entidad cooperativa dedicada al fomento agrícola y comercialización conjunta en el municipio de Huité.
Cooperativa Integral de Ahorro y Crédito de Huité R.L.,COOP-GT1910-B,GT1910,Local,Cooperativa comunitaria que facilita créditos y planes de ahorro a pequeños productores de Huité.
Asociación de Productores y Comercializadores de Huité,ASO-GT1910-C,GT1910,Departamental,Gremio local de productores dedicado al desarrollo socioeconómico de Huité.
Cooperativa Integral de Producción Agrícola de San Jorge R.L.,COOP-GT1911-A,GT1911,Regional,Entidad cooperativa dedicada al fomento agrícola y comercialización conjunta en el municipio de San Jorge.
Cooperativa Integral de Ahorro y Crédito de San Jorge R.L.,COOP-GT1911-B,GT1911,Local,Cooperativa comunitaria que facilita créditos y planes de ahorro a pequeños productores de San Jorge.
Asociación de Productores y Comercializadores de San Jorge,ASO-GT1911-C,GT1911,Departamental,Gremio local de productores dedicado al desarrollo socioeconómico de San Jorge.
Cooperativa Integral de Producción Agrícola de Chiquimula R.L.,COOP-GT2001-A,GT2001,Nacional,Entidad cooperativa dedicada al fomento agrícola y comercialización conjunta en el municipio de Chiquimula.
Cooperativa Integral de Ahorro y Crédito de Chiquimula R.L.,COOP-GT2001-B,GT2001,Local,Cooperativa comunitaria que facilita créditos y planes de ahorro a pequeños productores de Chiquimula.
Asociación de Productores y Comercializadores de Chiquimula,ASO-GT2001-C,GT2001,Departamental,Gremio local de productores dedicado al desarrollo socioeconómico de Chiquimula.
Cooperativa Integral de Producción Agrícola de San José La Arada R.L.,COOP-GT2002-A,GT2002,Local,Entidad cooperativa dedicada al fomento agrícola y comercialización conjunta en el municipio de San José La Arada.
Cooperativa Integral de Ahorro y Crédito de San José La Arada R.L.,COOP-GT2002-B,GT2002,Local,Cooperativa comunitaria que facilita créditos y planes de ahorro a pequeños productores de San José La Arada.
Asociación de Productores y Comercializadores de San José La Arada,ASO-GT2002-C,GT2002,Departamental,Gremio local de productores dedicado al desarrollo socioeconómico de San José La Arada.
Cooperativa Integral de Producción Agrícola de San Juan Ermita R.L.,COOP-GT2003-A,GT2003,Departamental,Entidad cooperativa dedicada al fomento agrícola y comercialización conjunta en el municipio de San Juan Ermita.
Cooperativa Integral de Ahorro y Crédito de San Juan Ermita R.L.,COOP-GT2003-B,GT2003,Local,Cooperativa comunitaria que facilita créditos y planes de ahorro a pequeños productores de San Juan Ermita.
Asociación de Productores y Comercializadores de San Juan Ermita,ASO-GT2003-C,GT2003,Departamental,Gremio local de productores dedicado al desarrollo socioeconómico de San Juan Ermita.
Cooperativa Integral de Producción Agrícola de Jocotán R.L.,COOP-GT2004-A,GT2004,Regional,Entidad cooperativa dedicada al fomento agrícola y comercialización conjunta en el municipio de Jocotán.
Cooperativa Integral de Ahorro y Crédito de Jocotán R.L.,COOP-GT2004-B,GT2004,Local,Cooperativa comunitaria que facilita créditos y planes de ahorro a pequeños productores de Jocotán.
Asociación de Productores y Comercializadores de Jocotán,ASO-GT2004-C,GT2004,Departamental,Gremio local de productores dedicado al desarrollo socioeconómico de Jocotán.
Cooperativa Integral de Producción Agrícola de Camotán R.L.,COOP-GT2005-A,GT2005,Nacional,Entidad cooperativa dedicada al fomento agrícola y comercialización conjunta en el municipio de Camotán.
Cooperativa Integral de Ahorro y Crédito de Camotán R.L.,COOP-GT2005-B,GT2005,Local,Cooperativa comunitaria que facilita créditos y planes de ahorro a pequeños productores de Camotán.
Asociación de Productores y Comercializadores de Camotán,ASO-GT2005-C,GT2005,Departamental,Gremio local de productores dedicado al desarrollo socioeconómico de Camotán.
Cooperativa Integral de Producción Agrícola de Olopa R.L.,COOP-GT2006-A,GT2006,Local,Entidad cooperativa dedicada al fomento agrícola y comercialización conjunta en el municipio de Olopa.
Cooperativa Integral de Ahorro y Crédito de Olopa R.L.,COOP-GT2006-B,GT2006,Local,Cooperativa comunitaria que facilita créditos y planes de ahorro a pequeños productores de Olopa.
Asociación de Productores y Comercializadores de Olopa,ASO-GT2006-C,GT2006,Departamental,Gremio local de productores dedicado al desarrollo socioeconómico de Olopa.
Cooperativa Integral de Producción Agrícola de Esquipulas R.L.,COOP-GT2007-A,GT2007,Departamental,Entidad cooperativa dedicada al fomento agrícola y comercialización conjunta en el municipio de Esquipulas.
Cooperativa Integral de Ahorro y Crédito de Esquipulas R.L.,COOP-GT2007-B,GT2007,Local,Cooperativa comunitaria que facilita créditos y planes de ahorro a pequeños productores de Esquipulas.
Asociación de Productores y Comercializadores de Esquipulas,ASO-GT2007-C,GT2007,Departamental,Gremio local de productores dedicado al desarrollo socioeconómico de Esquipulas.
Cooperativa Integral de Producción Agrícola de Concepción Las Minas R.L.,COOP-GT2008-A,GT2008,Regional,Entidad cooperativa dedicada al fomento agrícola y comercialización conjunta en el municipio de Concepción Las Minas.
Cooperativa Integral de Ahorro y Crédito de Concepción Las Minas R.L.,COOP-GT2008-B,GT2008,Local,Cooperativa comunitaria que facilita créditos y planes de ahorro a pequeños productores de Concepción Las Minas.
Asociación de Productores y Comercializadores de Concepción Las Minas,ASO-GT2008-C,GT2008,Departamental,Gremio local de productores dedicado al desarrollo socioeconómico de Concepción Las Minas.
Cooperativa Integral de Producción Agrícola de Quezaltepeque R.L.,COOP-GT2009-A,GT2009,Nacional,Entidad cooperativa dedicada al fomento agrícola y comercialización conjunta en el municipio de Quezaltepeque.
Cooperativa Integral de Ahorro y Crédito de Quezaltepeque R.L.,COOP-GT2009-B,GT2009,Local,Cooperativa comunitaria que facilita créditos y planes de ahorro a pequeños productores de Quezaltepeque.
Asociación de Productores y Comercializadores de Quezaltepeque,ASO-GT2009-C,GT2009,Departamental,Gremio local de productores dedicado al desarrollo socioeconómico de Quezaltepeque.
Cooperativa Integral de Producción Agrícola de San Jacinto R.L.,COOP-GT2010-A,GT2010,Local,Entidad cooperativa dedicada al fomento agrícola y comercialización conjunta en el municipio de San Jacinto.
Cooperativa Integral de Ahorro y Crédito de San Jacinto R.L.,COOP-GT2010-B,GT2010,Local,Cooperativa comunitaria que facilita créditos y planes de ahorro a pequeños productores de San Jacinto.
Asociación de Productores y Comercializadores de San Jacinto,ASO-GT2010-C,GT2010,Departamental,Gremio local de productores dedicado al desarrollo socioeconómico de San Jacinto.
Cooperativa Integral de Producción Agrícola de Ipala R.L.,COOP-GT2011-A,GT2011,Departamental,Entidad cooperativa dedicada al fomento agrícola y comercialización conjunta en el municipio de Ipala.
Cooperativa Integral de Ahorro y Crédito de Ipala R.L.,COOP-GT2011-B,GT2011,Local,Cooperativa comunitaria que facilita créditos y planes de ahorro a pequeños productores de Ipala.
Asociación de Productores y Comercializadores de Ipala,ASO-GT2011-C,GT2011,Departamental,Gremio local de productores dedicado al desarrollo socioeconómico de Ipala.
Cooperativa Integral de Producción Agrícola de Jalapa R.L.,COOP-GT2101-A,GT2101,Regional,Entidad cooperativa dedicada al fomento agrícola y comercialización conjunta en el municipio de Jalapa.
Cooperativa Integral de Ahorro y Crédito de Jalapa R.L.,COOP-GT2101-B,GT2101,Local,Cooperativa comunitaria que facilita créditos y planes de ahorro a pequeños productores de Jalapa.
Asociación de Productores y Comercializadores de Jalapa,ASO-GT2101-C,GT2101,Departamental,Gremio local de productores dedicado al desarrollo socioeconómico de Jalapa.
Cooperativa Integral de Producción Agrícola de San Pedro Pinula R.L.,COOP-GT2102-A,GT2102,Nacional,Entidad cooperativa dedicada al fomento agrícola y comercialización conjunta en el municipio de San Pedro Pinula.
Cooperativa Integral de Ahorro y Crédito de San Pedro Pinula R.L.,COOP-GT2102-B,GT2102,Local,Cooperativa comunitaria que facilita créditos y planes de ahorro a pequeños productores de San Pedro Pinula.
Asociación de Productores y Comercializadores de San Pedro Pinula,ASO-GT2102-C,GT2102,Departamental,Gremio local de productores dedicado al desarrollo socioeconómico de San Pedro Pinula.
Cooperativa Integral de Producción Agrícola de San Luis Jilotepeque R.L.,COOP-GT2103-A,GT2103,Local,Entidad cooperativa dedicada al fomento agrícola y comercialización conjunta en el municipio de San Luis Jilotepeque.
Cooperativa Integral de Ahorro y Crédito de San Luis Jilotepeque R.L.,COOP-GT2103-B,GT2103,Local,Cooperativa comunitaria que facilita créditos y planes de ahorro a pequeños productores de San Luis Jilotepeque.
Asociación de Productores y Comercializadores de San Luis Jilotepeque,ASO-GT2103-C,GT2103,Departamental,Gremio local de productores dedicado al desarrollo socioeconómico de San Luis Jilotepeque.
Cooperativa Integral de Producción Agrícola de San Manuel Chaparrón R.L.,COOP-GT2104-A,GT2104,Departamental,Entidad cooperativa dedicada al fomento agrícola y comercialización conjunta en el municipio de San Manuel Chaparrón.
Cooperativa Integral de Ahorro y Crédito de San Manuel Chaparrón R.L.,COOP-GT2104-B,GT2104,Local,Cooperativa comunitaria que facilita créditos y planes de ahorro a pequeños productores de San Manuel Chaparrón.
Asociación de Productores y Comercializadores de San Manuel Chaparrón,ASO-GT2104-C,GT2104,Departamental,Gremio local de productores dedicado al desarrollo socioeconómico de San Manuel Chaparrón.
Cooperativa Integral de Producción Agrícola de San Carlos Alzatate R.L.,COOP-GT2105-A,GT2105,Regional,Entidad cooperativa dedicada al fomento agrícola y comercialización conjunta en el municipio de San Carlos Alzatate.
Cooperativa Integral de Ahorro y Crédito de San Carlos Alzatate R.L.,COOP-GT2105-B,GT2105,Local,Cooperativa comunitaria que facilita créditos y planes de ahorro a pequeños productores de San Carlos Alzatate.
Asociación de Productores y Comercializadores de San Carlos Alzatate,ASO-GT2105-C,GT2105,Departamental,Gremio local de productores dedicado al desarrollo socioeconómico de San Carlos Alzatate.
Cooperativa Integral de Producción Agrícola de Monjas R.L.,COOP-GT2106-A,GT2106,Nacional,Entidad cooperativa dedicada al fomento agrícola y comercialización conjunta en el municipio de Monjas.
Cooperativa Integral de Ahorro y Crédito de Monjas R.L.,COOP-GT2106-B,GT2106,Local,Cooperativa comunitaria que facilita créditos y planes de ahorro a pequeños productores de Monjas.
Asociación de Productores y Comercializadores de Monjas,ASO-GT2106-C,GT2106,Departamental,Gremio local de productores dedicado al desarrollo socioeconómico de Monjas.
Cooperativa Integral de Producción Agrícola de Mataquescuintla R.L.,COOP-GT2107-A,GT2107,Local,Entidad cooperativa dedicada al fomento agrícola y comercialización conjunta en el municipio de Mataquescuintla.
Cooperativa Integral de Ahorro y Crédito de Mataquescuintla R.L.,COOP-GT2107-B,GT2107,Local,Cooperativa comunitaria que facilita créditos y planes de ahorro a pequeños productores de Mataquescuintla.
Asociación de Productores y Comercializadores de Mataquescuintla,ASO-GT2107-C,GT2107,Departamental,Gremio local de productores dedicado al desarrollo socioeconómico de Mataquescuintla.
Cooperativa Integral de Producción Agrícola de Jutiapa R.L.,COOP-GT2201-A,GT2201,Departamental,Entidad cooperativa dedicada al fomento agrícola y comercialización conjunta en el municipio de Jutiapa.
Cooperativa Integral de Ahorro y Crédito de Jutiapa R.L.,COOP-GT2201-B,GT2201,Local,Cooperativa comunitaria que facilita créditos y planes de ahorro a pequeños productores de Jutiapa.
Asociación de Productores y Comercializadores de Jutiapa,ASO-GT2201-C,GT2201,Departamental,Gremio local de productores dedicado al desarrollo socioeconómico de Jutiapa.
Cooperativa Integral de Producción Agrícola de El Progreso R.L.,COOP-GT2202-A,GT2202,Regional,Entidad cooperativa dedicada al fomento agrícola y comercialización conjunta en el municipio de El Progreso.
Cooperativa Integral de Ahorro y Crédito de El Progreso R.L.,COOP-GT2202-B,GT2202,Local,Cooperativa comunitaria que facilita créditos y planes de ahorro a pequeños productores de El Progreso.
Asociación de Productores y Comercializadores de El Progreso,ASO-GT2202-C,GT2202,Departamental,Gremio local de productores dedicado al desarrollo socioeconómico de El Progreso.
Cooperativa Integral de Producción Agrícola de Santa Catarina Mita R.L.,COOP-GT2203-A,GT2203,Nacional,Entidad cooperativa dedicada al fomento agrícola y comercialización conjunta en el municipio de Santa Catarina Mita.
Cooperativa Integral de Ahorro y Crédito de Santa Catarina Mita R.L.,COOP-GT2203-B,GT2203,Local,Cooperativa comunitaria que facilita créditos y planes de ahorro a pequeños productores de Santa Catarina Mita.
Asociación de Productores y Comercializadores de Santa Catarina Mita,ASO-GT2203-C,GT2203,Departamental,Gremio local de productores dedicado al desarrollo socioeconómico de Santa Catarina Mita.
Cooperativa Integral de Producción Agrícola de Agua Blanca R.L.,COOP-GT2204-A,GT2204,Local,Entidad cooperativa dedicada al fomento agrícola y comercialización conjunta en el municipio de Agua Blanca.
Cooperativa Integral de Ahorro y Crédito de Agua Blanca R.L.,COOP-GT2204-B,GT2204,Local,Cooperativa comunitaria que facilita créditos y planes de ahorro a pequeños productores de Agua Blanca.
Asociación de Productores y Comercializadores de Agua Blanca,ASO-GT2204-C,GT2204,Departamental,Gremio local de productores dedicado al desarrollo socioeconómico de Agua Blanca.
Cooperativa Integral de Producción Agrícola de Asunción Mita R.L.,COOP-GT2205-A,GT2205,Departamental,Entidad cooperativa dedicada al fomento agrícola y comercialización conjunta en el municipio de Asunción Mita.
Cooperativa Integral de Ahorro y Crédito de Asunción Mita R.L.,COOP-GT2205-B,GT2205,Local,Cooperativa comunitaria que facilita créditos y planes de ahorro a pequeños productores de Asunción Mita.
Asociación de Productores y Comercializadores de Asunción Mita,ASO-GT2205-C,GT2205,Departamental,Gremio local de productores dedicado al desarrollo socioeconómico de Asunción Mita.
Cooperativa Integral de Producción Agrícola de Yupiltepeque R.L.,COOP-GT2206-A,GT2206,Regional,Entidad cooperativa dedicada al fomento agrícola y comercialización conjunta en el municipio de Yupiltepeque.
Cooperativa Integral de Ahorro y Crédito de Yupiltepeque R.L.,COOP-GT2206-B,GT2206,Local,Cooperativa comunitaria que facilita créditos y planes de ahorro a pequeños productores de Yupiltepeque.
Asociación de Productores y Comercializadores de Yupiltepeque,ASO-GT2206-C,GT2206,Departamental,Gremio local de productores dedicado al desarrollo socioeconómico de Yupiltepeque.
Cooperativa Integral de Producción Agrícola de Atescatempa R.L.,COOP-GT2207-A,GT2207,Nacional,Entidad cooperativa dedicada al fomento agrícola y comercialización conjunta en el municipio de Atescatempa.
Cooperativa Integral de Ahorro y Crédito de Atescatempa R.L.,COOP-GT2207-B,GT2207,Local,Cooperativa comunitaria que facilita créditos y planes de ahorro a pequeños productores de Atescatempa.
Asociación de Productores y Comercializadores de Atescatempa,ASO-GT2207-C,GT2207,Departamental,Gremio local de productores dedicado al desarrollo socioeconómico de Atescatempa.
Cooperativa Integral de Producción Agrícola de Jerez R.L.,COOP-GT2208-A,GT2208,Local,Entidad cooperativa dedicada al fomento agrícola y comercialización conjunta en el municipio de Jerez.
Cooperativa Integral de Ahorro y Crédito de Jerez R.L.,COOP-GT2208-B,GT2208,Local,Cooperativa comunitaria que facilita créditos y planes de ahorro a pequeños productores de Jerez.
Asociación de Productores y Comercializadores de Jerez,ASO-GT2208-C,GT2208,Departamental,Gremio local de productores dedicado al desarrollo socioeconómico de Jerez.
Cooperativa Integral de Producción Agrícola de El Adelanto R.L.,COOP-GT2209-A,GT2209,Departamental,Entidad cooperativa dedicada al fomento agrícola y comercialización conjunta en el municipio de El Adelanto.
Cooperativa Integral de Ahorro y Crédito de El Adelanto R.L.,COOP-GT2209-B,GT2209,Local,Cooperativa comunitaria que facilita créditos y planes de ahorro a pequeños productores de El Adelanto.
Asociación de Productores y Comercializadores de El Adelanto,ASO-GT2209-C,GT2209,Departamental,Gremio local de productores dedicado al desarrollo socioeconómico de El Adelanto.
Cooperativa Integral de Producción Agrícola de Zapotitlán R.L.,COOP-GT2210-A,GT2210,Regional,Entidad cooperativa dedicada al fomento agrícola y comercialización conjunta en el municipio de Zapotitlán.
Cooperativa Integral de Ahorro y Crédito de Zapotitlán R.L.,COOP-GT2210-B,GT2210,Local,Cooperativa comunitaria que facilita créditos y planes de ahorro a pequeños productores de Zapotitlán.
Asociación de Productores y Comercializadores de Zapotitlán,ASO-GT2210-C,GT2210,Departamental,Gremio local de productores dedicado al desarrollo socioeconómico de Zapotitlán.
Cooperativa Integral de Producción Agrícola de Comapa R.L.,COOP-GT2211-A,GT2211,Nacional,Entidad cooperativa dedicada al fomento agrícola y comercialización conjunta en el municipio de Comapa.
Cooperativa Integral de Ahorro y Crédito de Comapa R.L.,COOP-GT2211-B,GT2211,Local,Cooperativa comunitaria que facilita créditos y planes de ahorro a pequeños productores de Comapa.
Asociación de Productores y Comercializadores de Comapa,ASO-GT2211-C,GT2211,Departamental,Gremio local de productores dedicado al desarrollo socioeconómico de Comapa.
Cooperativa Integral de Producción Agrícola de Jalpatagua R.L.,COOP-GT2212-A,GT2212,Local,Entidad cooperativa dedicada al fomento agrícola y comercialización conjunta en el municipio de Jalpatagua.
Cooperativa Integral de Ahorro y Crédito de Jalpatagua R.L.,COOP-GT2212-B,GT2212,Local,Cooperativa comunitaria que facilita créditos y planes de ahorro a pequeños productores de Jalpatagua.
Asociación de Productores y Comercializadores de Jalpatagua,ASO-GT2212-C,GT2212,Departamental,Gremio local de productores dedicado al desarrollo socioeconómico de Jalpatagua.
Cooperativa Integral de Producción Agrícola de Conguaco R.L.,COOP-GT2213-A,GT2213,Departamental,Entidad cooperativa dedicada al fomento agrícola y comercialización conjunta en el municipio de Conguaco.
Cooperativa Integral de Ahorro y Crédito de Conguaco R.L.,COOP-GT2213-B,GT2213,Local,Cooperativa comunitaria que facilita créditos y planes de ahorro a pequeños productores de Conguaco.
Asociación de Productores y Comercializadores de Conguaco,ASO-GT2213-C,GT2213,Departamental,Gremio local de productores dedicado al desarrollo socioeconómico de Conguaco.
Cooperativa Integral de Producción Agrícola de Moyuta R.L.,COOP-GT2214-A,GT2214,Regional,Entidad cooperativa dedicada al fomento agrícola y comercialización conjunta en el municipio de Moyuta.
Cooperativa Integral de Ahorro y Crédito de Moyuta R.L.,COOP-GT2214-B,GT2214,Local,Cooperativa comunitaria que facilita créditos y planes de ahorro a pequeños productores de Moyuta.
Asociación de Productores y Comercializadores de Moyuta,ASO-GT2214-C,GT2214,Departamental,Gremio local de productores dedicado al desarrollo socioeconómico de Moyuta.
Cooperativa Integral de Producción Agrícola de Pasaco R.L.,COOP-GT2215-A,GT2215,Nacional,Entidad cooperativa dedicada al fomento agrícola y comercialización conjunta en el municipio de Pasaco.
Cooperativa Integral de Ahorro y Crédito de Pasaco R.L.,COOP-GT2215-B,GT2215,Local,Cooperativa comunitaria que facilita créditos y planes de ahorro a pequeños productores de Pasaco.
Asociación de Productores y Comercializadores de Pasaco,ASO-GT2215-C,GT2215,Departamental,Gremio local de productores dedicado al desarrollo socioeconómico de Pasaco.
Cooperativa Integral de Producción Agrícola de San José Acatempa R.L.,COOP-GT2216-A,GT2216,Local,Entidad cooperativa dedicada al fomento agrícola y comercialización conjunta en el municipio de San José Acatempa.
Cooperativa Integral de Ahorro y Crédito de San José Acatempa R.L.,COOP-GT2216-B,GT2216,Local,Cooperativa comunitaria que facilita créditos y planes de ahorro a pequeños productores de San José Acatempa.
Asociación de Productores y Comercializadores de San José Acatempa,ASO-GT2216-C,GT2216,Departamental,Gremio local de productores dedicado al desarrollo socioeconómico de San José Acatempa.
Cooperativa Integral de Producción Agrícola de Quesada R.L.,COOP-GT2217-A,GT2217,Departamental,Entidad cooperativa dedicada al fomento agrícola y comercialización conjunta en el municipio de Quesada.
Cooperativa Integral de Ahorro y Crédito de Quesada R.L.,COOP-GT2217-B,GT2217,Local,Cooperativa comunitaria que facilita créditos y planes de ahorro a pequeños productores de Quesada.
Asociación de Productores y Comercializadores de Quesada,ASO-GT2217-C,GT2217,Departamental,Gremio local de productores dedicado al desarrollo socioeconómico de Quesada.
