nombre,origen,descripcion
Semilla de Maíz de Lago De Amatitlan,Nacional,Variedad de semilla de maíz adaptada localmente al suelo y clima de Lago De Amatitlan.
Semilla de Frijol de Lago De Amatitlan,Nacional,Semilla criolla de frijol negro seleccionada para el cultivo en Lago De Amatitlan.
Abono Orgánico de Lago De Amatitlan,Mixto,Compost y fertilizante orgánico preparado localmente por agricultores en Lago De Amatitlan.
Semilla de Maíz de Guatemala,Nacional,Variedad de semilla de maíz adaptada localmente al suelo y clima de Guatemala.
Semilla de Frijol de Guatemala,Nacional,Semilla criolla de frijol negro seleccionada para el cultivo en Guatemala.
Abono Orgánico de Guatemala,Mixto,Compost y fertilizante orgánico preparado localmente por agricultores en Guatemala.
Semilla de Maíz de Santa Catarina Pinula,Nacional,Variedad de semilla de maíz adaptada localmente al suelo y clima de Santa Catarina Pinula.
Semilla de Frijol de Santa Catarina Pinula,Nacional,Semilla criolla de frijol negro seleccionada para el cultivo en Santa Catarina Pinula.
Abono Orgánico de Santa Catarina Pinula,Mixto,Compost y fertilizante orgánico preparado localmente por agricultores en Santa Catarina Pinula.
Semilla de Maíz de San José Pinula,Nacional,Variedad de semilla de maíz adaptada localmente al suelo y clima de San José Pinula.
Semilla de Frijol de San José Pinula,Nacional,Semilla criolla de frijol negro seleccionada para el cultivo en San José Pinula.
Abono Orgánico de San José Pinula,Mixto,Compost y fertilizante orgánico preparado localmente por agricultores en San José Pinula.
Semilla de Maíz de San José del Golfo,Nacional,Variedad de semilla de maíz adaptada localmente al suelo y clima de San José del Golfo.
Semilla de Frijol de San José del Golfo,Nacional,Semilla criolla de frijol negro seleccionada para el cultivo en San José del Golfo.
Abono Orgánico de San José del Golfo,Mixto,Compost y fertilizante orgánico preparado localmente por agricultores en San José del Golfo.
Semilla de Maíz de Palencia,Nacional,Variedad de semilla de maíz adaptada localmente al suelo y clima de Palencia.
Semilla de Frijol de Palencia,Nacional,Semilla criolla de frijol negro seleccionada para el cultivo en Palencia.
Abono Orgánico de Palencia,Mixto,Compost y fertilizante orgánico preparado localmente por agricultores en Palencia.
Semilla de Maíz de Chinautla,Nacional,Variedad de semilla de maíz adaptada localmente al suelo y clima de Chinautla.
Semilla de Frijol de Chinautla,Nacional,Semilla criolla de frijol negro seleccionada para el cultivo en Chinautla.
Abono Orgánico de Chinautla,Mixto,Compost y fertilizante orgánico preparado localmente por agricultores en Chinautla.
Semilla de Maíz de San Pedro Ayampuc,Nacional,Variedad de semilla de maíz adaptada localmente al suelo y clima de San Pedro Ayampuc.
Semilla de Frijol de San Pedro Ayampuc,Nacional,Semilla criolla de frijol negro seleccionada para el cultivo en San Pedro Ayampuc.
Abono Orgánico de San Pedro Ayampuc,Mixto,Compost y fertilizante orgánico preparado localmente por agricultores en San Pedro Ayampuc.
Semilla de Maíz de Mixco,Nacional,Variedad de semilla de maíz adaptada localmente al suelo y clima de Mixco.
Semilla de Frijol de Mixco,Nacional,Semilla criolla de frijol negro seleccionada para el cultivo en Mixco.
Abono Orgánico de Mixco,Mixto,Compost y fertilizante orgánico preparado localmente por agricultores en Mixco.
Semilla de Maíz de San Pedro Sacatepéquez,Nacional,Variedad de semilla de maíz adaptada localmente al suelo y clima de San Pedro Sacatepéquez.
Semilla de Frijol de San Pedro Sacatepéquez,Nacional,Semilla criolla de frijol negro seleccionada para el cultivo en San Pedro Sacatepéquez.
Abono Orgánico de San Pedro Sacatepéquez,Mixto,Compost y fertilizante orgánico preparado localmente por agricultores en San Pedro Sacatepéquez.
Semilla de Maíz de San Juan Sacatepéquez,Nacional,Variedad de semilla de maíz adaptada localmente al suelo y clima de San Juan Sacatepéquez.
Semilla de Frijol de San Juan Sacatepéquez,Nacional,Semilla criolla de frijol negro seleccionada para el cultivo en San Juan Sacatepéquez.
Abono Orgánico de San Juan Sacatepéquez,Mixto,Compost y fertilizante orgánico preparado localmente por agricultores en San Juan Sacatepéquez.
Semilla de Maíz de San Raimundo,Nacional,Variedad de semilla de maíz adaptada localmente al suelo y clima de San Raimundo.
Semilla de Frijol de San Raimundo,Nacional,Semilla criolla de frijol negro seleccionada para el cultivo en San Raimundo.
Abono Orgánico de San Raimundo,Mixto,Compost y fertilizante orgánico preparado localmente por agricultores en San Raimundo.
Semilla de Maíz de Chuarrancho,Nacional,Variedad de semilla de maíz adaptada localmente al suelo y clima de Chuarrancho.
Semilla de Frijol de Chuarrancho,Nacional,Semilla criolla de frijol negro seleccionada para el cultivo en Chuarrancho.
Abono Orgánico de Chuarrancho,Mixto,Compost y fertilizante orgánico preparado localmente por agricultores en Chuarrancho.
Semilla de Maíz de Fraijanes,Nacional,Variedad de semilla de maíz adaptada localmente al suelo y clima de Fraijanes.
Semilla de Frijol de Fraijanes,Nacional,Semilla criolla de frijol negro seleccionada para el cultivo en Fraijanes.
Abono Orgánico de Fraijanes,Mixto,Compost y fertilizante orgánico preparado localmente por agricultores en Fraijanes.
Semilla de Maíz de Amatitlán,Nacional,Variedad de semilla de maíz adaptada localmente al suelo y clima de Amatitlán.
Semilla de Frijol de Amatitlán,Nacional,Semilla criolla de frijol negro seleccionada para el cultivo en Amatitlán.
Abono Orgánico de Amatitlán,Mixto,Compost y fertilizante orgánico preparado localmente por agricultores en Amatitlán.
Semilla de Maíz de Villa Nueva,Nacional,Variedad de semilla de maíz adaptada localmente al suelo y clima de Villa Nueva.
Semilla de Frijol de Villa Nueva,Nacional,Semilla criolla de frijol negro seleccionada para el cultivo en Villa Nueva.
Abono Orgánico de Villa Nueva,Mixto,Compost y fertilizante orgánico preparado localmente por agricultores en Villa Nueva.
Semilla de Maíz de Villa Canales,Nacional,Variedad de semilla de maíz adaptada localmente al suelo y clima de Villa Canales.
Semilla de Frijol de Villa Canales,Nacional,Semilla criolla de frijol negro seleccionada para el cultivo en Villa Canales.
Abono Orgánico de Villa Canales,Mixto,Compost y fertilizante orgánico preparado localmente por agricultores en Villa Canales.
Semilla de Maíz de Petapa,Nacional,Variedad de semilla de maíz adaptada localmente al suelo y clima de Petapa.
Semilla de Frijol de Petapa,Nacional,Semilla criolla de frijol negro seleccionada para el cultivo en Petapa.
Abono Orgánico de Petapa,Mixto,Compost y fertilizante orgánico preparado localmente por agricultores en Petapa.
Semilla de Maíz de Guastatoya,Nacional,Variedad de semilla de maíz adaptada localmente al suelo y clima de Guastatoya.
Semilla de Frijol de Guastatoya,Nacional,Semilla criolla de frijol negro seleccionada para el cultivo en Guastatoya.
Abono Orgánico de Guastatoya,Mixto,Compost y fertilizante orgánico preparado localmente por agricultores en Guastatoya.
Semilla de Maíz de Morazán,Nacional,Variedad de semilla de maíz adaptada localmente al suelo y clima de Morazán.
Semilla de Frijol de Morazán,Nacional,Semilla criolla de frijol negro seleccionada para el cultivo en Morazán.
Abono Orgánico de Morazán,Mixto,Compost y fertilizante orgánico preparado localmente por agricultores en Morazán.
Semilla de Maíz de San Agustín Acasaguastlán,Nacional,Variedad de semilla de maíz adaptada localmente al suelo y clima de San Agustín Acasaguastlán.
Semilla de Frijol de San Agustín Acasaguastlán,Nacional,Semilla criolla de frijol negro seleccionada para el cultivo en San Agustín Acasaguastlán.
Abono Orgánico de San Agustín Acasaguastlán,Mixto,Compost y fertilizante orgánico preparado localmente por agricultores en San Agustín Acasaguastlán.
Semilla de Maíz de San Cristóbal Acasaguastlán,Nacional,Variedad de semilla de maíz adaptada localmente al suelo y clima de San Cristóbal Acasaguastlán.
Semilla de Frijol de San Cristóbal Acasaguastlán,Nacional,Semilla criolla de frijol negro seleccionada para el cultivo en San Cristóbal Acasaguastlán.
Abono Orgánico de San Cristóbal Acasaguastlán,Mixto,Compost y fertilizante orgánico preparado localmente por agricultores en San Cristóbal Acasaguastlán.
Semilla de Maíz de El Jícaro,Nacional,Variedad de semilla de maíz adaptada localmente al suelo y clima de El Jícaro.
Semilla de Frijol de El Jícaro,Nacional,Semilla criolla de frijol negro seleccionada para el cultivo en El Jícaro.
Abono Orgánico de El Jícaro,Mixto,Compost y fertilizante orgánico preparado localmente por agricultores en El Jícaro.
Semilla de Maíz de Sanarate,Nacional,Variedad de semilla de maíz adaptada localmente al suelo y clima de Sanarate.
Semilla de Frijol de Sanarate,Nacional,Semilla criolla de frijol negro seleccionada para el cultivo en Sanarate.
Abono Orgánico de Sanarate,Mixto,Compost y fertilizante orgánico preparado localmente por agricultores en Sanarate.
Semilla de Maíz de Sansare,Nacional,Variedad de semilla de maíz adaptada localmente al suelo y clima de Sansare.
Semilla de Frijol de Sansare,Nacional,Semilla criolla de frijol negro seleccionada para el cultivo en Sansare.
Abono Orgánico de Sansare,Mixto,Compost y fertilizante orgánico preparado localmente por agricultores en Sansare.
Semilla de Maíz de San Antonio La Paz,Nacional,Variedad de semilla de maíz adaptada localmente al suelo y clima de San Antonio La Paz.
Semilla de Frijol de San Antonio La Paz,Nacional,Semilla criolla de frijol negro seleccionada para el cultivo en San Antonio La Paz.
Abono Orgánico de San Antonio La Paz,Mixto,Compost y fertilizante orgánico preparado localmente por agricultores en San Antonio La Paz.
Semilla de Maíz de Antigua Guatemala,Nacional,Variedad de semilla de maíz adaptada localmente al suelo y clima de Antigua Guatemala.
Semilla de Frijol de Antigua Guatemala,Nacional,Semilla criolla de frijol negro seleccionada para el cultivo en Antigua Guatemala.
Abono Orgánico de Antigua Guatemala,Mixto,Compost y fertilizante orgánico preparado localmente por agricultores en Antigua Guatemala.
Semilla de Maíz de Jocotenango,Nacional,Variedad de semilla de maíz adaptada localmente al suelo y clima de Jocotenango.
Semilla de Frijol de Jocotenango,Nacional,Semilla criolla de frijol negro seleccionada para el cultivo en Jocotenango.
Abono Orgánico de Jocotenango,Mixto,Compost y fertilizante orgánico preparado localmente por agricultores en Jocotenango.
Semilla de Maíz de Pastores,Nacional,Variedad de semilla de maíz adaptada localmente al suelo y clima de Pastores.
Semilla de Frijol de Pastores,Nacional,Semilla criolla de frijol negro seleccionada para el cultivo en Pastores.
Abono Orgánico de Pastores,Mixto,Compost y fertilizante orgánico preparado localmente por agricultores en Pastores.
Semilla de Maíz de Sumpango,Nacional,Variedad de semilla de maíz adaptada localmente al suelo y clima de Sumpango.
Semilla de Frijol de Sumpango,Nacional,Semilla criolla de frijol negro seleccionada para el cultivo en Sumpango.
Abono Orgánico de Sumpango,Mixto,Compost y fertilizante orgánico preparado localmente por agricultores en Sumpango.
Semilla de Maíz de Santo Domingo Xenacoj,Nacional,Variedad de semilla de maíz adaptada localmente al suelo y clima de Santo Domingo Xenacoj.
Semilla de Frijol de Santo Domingo Xenacoj,Nacional,Semilla criolla de frijol negro seleccionada para el cultivo en Santo Domingo Xenacoj.
Abono Orgánico de Santo Domingo Xenacoj,Mixto,Compost y fertilizante orgánico preparado localmente por agricultores en Santo Domingo Xenacoj.
Semilla de Maíz de Santiago Sacatepéquez,Nacional,Variedad de semilla de maíz adaptada localmente al suelo y clima de Santiago Sacatepéquez.
Semilla de Frijol de Santiago Sacatepéquez,Nacional,Semilla criolla de frijol negro seleccionada para el cultivo en Santiago Sacatepéquez.
Abono Orgánico de Santiago Sacatepéquez,Mixto,Compost y fertilizante orgánico preparado localmente por agricultores en Santiago Sacatepéquez.
Semilla de Maíz de San Bartolomé Milpas Altas,Nacional,Variedad de semilla de maíz adaptada localmente al suelo y clima de San Bartolomé Milpas Altas.
Semilla de Frijol de San Bartolomé Milpas Altas,Nacional,Semilla criolla de frijol negro seleccionada para el cultivo en San Bartolomé Milpas Altas.
Abono Orgánico de San Bartolomé Milpas Altas,Mixto,Compost y fertilizante orgánico preparado localmente por agricultores en San Bartolomé Milpas Altas.
Semilla de Maíz de San Lucas Sacatepéquez,Nacional,Variedad de semilla de maíz adaptada localmente al suelo y clima de San Lucas Sacatepéquez.
Semilla de Frijol de San Lucas Sacatepéquez,Nacional,Semilla criolla de frijol negro seleccionada para el cultivo en San Lucas Sacatepéquez.
Abono Orgánico de San Lucas Sacatepéquez,Mixto,Compost y fertilizante orgánico preparado localmente por agricultores en San Lucas Sacatepéquez.
Semilla de Maíz de Santa Lucía Milpas Altas,Nacional,Variedad de semilla de maíz adaptada localmente al suelo y clima de Santa Lucía Milpas Altas.
Semilla de Frijol de Santa Lucía Milpas Altas,Nacional,Semilla criolla de frijol negro seleccionada para el cultivo en Santa Lucía Milpas Altas.
Abono Orgánico de Santa Lucía Milpas Altas,Mixto,Compost y fertilizante orgánico preparado localmente por agricultores en Santa Lucía Milpas Altas.
Semilla de Maíz de Magdalena Milpas Altas,Nacional,Variedad de semilla de maíz adaptada localmente al suelo y clima de Magdalena Milpas Altas.
Semilla de Frijol de Magdalena Milpas Altas,Nacional,Semilla criolla de frijol negro seleccionada para el cultivo en Magdalena Milpas Altas.
Abono Orgánico de Magdalena Milpas Altas,Mixto,Compost y fertilizante orgánico preparado localmente por agricultores en Magdalena Milpas Altas.
Semilla de Maíz de Santa María de Jesús,Nacional,Variedad de semilla de maíz adaptada localmente al suelo y clima de Santa María de Jesús.
Semilla de Frijol de Santa María de Jesús,Nacional,Semilla criolla de frijol negro seleccionada para el cultivo en Santa María de Jesús.
Abono Orgánico de Santa María de Jesús,Mixto,Compost y fertilizante orgánico preparado localmente por agricultores en Santa María de Jesús.
Semilla de Maíz de Ciudad Vieja,Nacional,Variedad de semilla de maíz adaptada localmente al suelo y clima de Ciudad Vieja.
Semilla de Frijol de Ciudad Vieja,Nacional,Semilla criolla de frijol negro seleccionada para el cultivo en Ciudad Vieja.
Abono Orgánico de Ciudad Vieja,Mixto,Compost y fertilizante orgánico preparado localmente por agricultores en Ciudad Vieja.
Semilla de Maíz de San Miguel Dueñas,Nacional,Variedad de semilla de maíz adaptada localmente al suelo y clima de San Miguel Dueñas.
Semilla de Frijol de San Miguel Dueñas,Nacional,Semilla criolla de frijol negro seleccionada para el cultivo en San Miguel Dueñas.
Abono Orgánico de San Miguel Dueñas,Mixto,Compost y fertilizante orgánico preparado localmente por agricultores en San Miguel Dueñas.
Semilla de Maíz de Alotenango,Nacional,Variedad de semilla de maíz adaptada localmente al suelo y clima de Alotenango.
Semilla de Frijol de Alotenango,Nacional,Semilla criolla de frijol negro seleccionada para el cultivo en Alotenango.
Abono Orgánico de Alotenango,Mixto,Compost y fertilizante orgánico preparado localmente por agricultores en Alotenango.
Semilla de Maíz de San Antonio Aguas Calientes,Nacional,Variedad de semilla de maíz adaptada localmente al suelo y clima de San Antonio Aguas Calientes.
Semilla de Frijol de San Antonio Aguas Calientes,Nacional,Semilla criolla de frijol negro seleccionada para el cultivo en San Antonio Aguas Calientes.
Abono Orgánico de San Antonio Aguas Calientes,Mixto,Compost y fertilizante orgánico preparado localmente por agricultores en San Antonio Aguas Calientes.
Semilla de Maíz de Santa Catarina Barahona,Nacional,Variedad de semilla de maíz adaptada localmente al suelo y clima de Santa Catarina Barahona.
Semilla de Frijol de Santa Catarina Barahona,Nacional,Semilla criolla de frijol negro seleccionada para el cultivo en Santa Catarina Barahona.
Abono Orgánico de Santa Catarina Barahona,Mixto,Compost y fertilizante orgánico preparado localmente por agricultores en Santa Catarina Barahona.
Semilla de Maíz de Chimaltenango,Nacional,Variedad de semilla de maíz adaptada localmente al suelo y clima de Chimaltenango.
Semilla de Frijol de Chimaltenango,Nacional,Semilla criolla de frijol negro seleccionada para el cultivo en Chimaltenango.
Abono Orgánico de Chimaltenango,Mixto,Compost y fertilizante orgánico preparado localmente por agricultores en Chimaltenango.
Semilla de Maíz de San José Poaquil,Nacional,Variedad de semilla de maíz adaptada localmente al suelo y clima de San José Poaquil.
Semilla de Frijol de San José Poaquil,Nacional,Semilla criolla de frijol negro seleccionada para el cultivo en San José Poaquil.
Abono Orgánico de San José Poaquil,Mixto,Compost y fertilizante orgánico preparado localmente por agricultores en San José Poaquil.
Semilla de Maíz de San Martín Jilotepeque,Nacional,Variedad de semilla de maíz adaptada localmente al suelo y clima de San Martín Jilotepeque.
Semilla de Frijol de San Martín Jilotepeque,Nacional,Semilla criolla de frijol negro seleccionada para el cultivo en San Martín Jilotepeque.
Abono Orgánico de San Martín Jilotepeque,Mixto,Compost y fertilizante orgánico preparado localmente por agricultores en San Martín Jilotepeque.
Semilla de Maíz de Comalapa,Nacional,Variedad de semilla de maíz adaptada localmente al suelo y clima de Comalapa.
Semilla de Frijol de Comalapa,Nacional,Semilla criolla de frijol negro seleccionada para el cultivo en Comalapa.
Abono Orgánico de Comalapa,Mixto,Compost y fertilizante orgánico preparado localmente por agricultores en Comalapa.
Semilla de Maíz de Santa Apolonia,Nacional,Variedad de semilla de maíz adaptada localmente al suelo y clima de Santa Apolonia.
Semilla de Frijol de Santa Apolonia,Nacional,Semilla criolla de frijol negro seleccionada para el cultivo en Santa Apolonia.
Abono Orgánico de Santa Apolonia,Mixto,Compost y fertilizante orgánico preparado localmente por agricultores en Santa Apolonia.
Semilla de Maíz de Tecpán Guatemala,Nacional,Variedad de semilla de maíz adaptada localmente al suelo y clima de Tecpán Guatemala.
Semilla de Frijol de Tecpán Guatemala,Nacional,Semilla criolla de frijol negro seleccionada para el cultivo en Tecpán Guatemala.
Abono Orgánico de Tecpán Guatemala,Mixto,Compost y fertilizante orgánico preparado localmente por agricultores en Tecpán Guatemala.
Semilla de Maíz de Patzún,Nacional,Variedad de semilla de maíz adaptada localmente al suelo y clima de Patzún.
Semilla de Frijol de Patzún,Nacional,Semilla criolla de frijol negro seleccionada para el cultivo en Patzún.
Abono Orgánico de Patzún,Mixto,Compost y fertilizante orgánico preparado localmente por agricultores en Patzún.
Semilla de Maíz de Pochuta,Nacional,Variedad de semilla de maíz adaptada localmente al suelo y clima de Pochuta.
Semilla de Frijol de Pochuta,Nacional,Semilla criolla de frijol negro seleccionada para el cultivo en Pochuta.
Abono Orgánico de Pochuta,Mixto,Compost y fertilizante orgánico preparado localmente por agricultores en Pochuta.
Semilla de Maíz de Patzicía,Nacional,Variedad de semilla de maíz adaptada localmente al suelo y clima de Patzicía.
Semilla de Frijol de Patzicía,Nacional,Semilla criolla de frijol negro seleccionada para el cultivo en Patzicía.
Abono Orgánico de Patzicía,Mixto,Compost y fertilizante orgánico preparado localmente por agricultores en Patzicía.
Semilla de Maíz de Santa Cruz Balanyá,Nacional,Variedad de semilla de maíz adaptada localmente al suelo y clima de Santa Cruz Balanyá.
Semilla de Frijol de Santa Cruz Balanyá,Nacional,Semilla criolla de frijol negro seleccionada para el cultivo en Santa Cruz Balanyá.
Abono Orgánico de Santa Cruz Balanyá,Mixto,Compost y fertilizante orgánico preparado localmente por agricultores en Santa Cruz Balanyá.
Semilla de Maíz de Acatenango,Nacional,Variedad de semilla de maíz adaptada localmente al suelo y clima de Acatenango.
Semilla de Frijol de Acatenango,Nacional,Semilla criolla de frijol negro seleccionada para el cultivo en Acatenango.
Abono Orgánico de Acatenango,Mixto,Compost y fertilizante orgánico preparado localmente por agricultores en Acatenango.
Semilla de Maíz de Yepocapa,Nacional,Variedad de semilla de maíz adaptada localmente al suelo y clima de Yepocapa.
Semilla de Frijol de Yepocapa,Nacional,Semilla criolla de frijol negro seleccionada para el cultivo en Yepocapa.
Abono Orgánico de Yepocapa,Mixto,Compost y fertilizante orgánico preparado localmente por agricultores en Yepocapa.
Semilla de Maíz de San Andrés Itzapa,Nacional,Variedad de semilla de maíz adaptada localmente al suelo y clima de San Andrés Itzapa.
Semilla de Frijol de San Andrés Itzapa,Nacional,Semilla criolla de frijol negro seleccionada para el cultivo en San Andrés Itzapa.
Abono Orgánico de San Andrés Itzapa,Mixto,Compost y fertilizante orgánico preparado localmente por agricultores en San Andrés Itzapa.
Semilla de Maíz de Parramos,Nacional,Variedad de semilla de maíz adaptada localmente al suelo y clima de Parramos.
Semilla de Frijol de Parramos,Nacional,Semilla criolla de frijol negro seleccionada para el cultivo en Parramos.
Abono Orgánico de Parramos,Mixto,Compost y fertilizante orgánico preparado localmente por agricultores en Parramos.
Semilla de Maíz de Zaragoza,Nacional,Variedad de semilla de maíz adaptada localmente al suelo y clima de Zaragoza.
Semilla de Frijol de Zaragoza,Nacional,Semilla criolla de frijol negro seleccionada para el cultivo en Zaragoza.
Abono Orgánico de Zaragoza,Mixto,Compost y fertilizante orgánico preparado localmente por agricultores en Zaragoza.
Semilla de Maíz de El Tejar,Nacional,Variedad de semilla de maíz adaptada localmente al suelo y clima de El Tejar.
Semilla de Frijol de El Tejar,Nacional,Semilla criolla de frijol negro seleccionada para el cultivo en El Tejar.
Abono Orgánico de El Tejar,Mixto,Compost y fertilizante orgánico preparado localmente por agricultores en El Tejar.
Semilla de Maíz de Escuintla,Nacional,Variedad de semilla de maíz adaptada localmente al suelo y clima de Escuintla.
Semilla de Frijol de Escuintla,Nacional,Semilla criolla de frijol negro seleccionada para el cultivo en Escuintla.
Abono Orgánico de Escuintla,Mixto,Compost y fertilizante orgánico preparado localmente por agricultores en Escuintla.
Semilla de Maíz de Santa Lucía Cotzumalguapa,Nacional,Variedad de semilla de maíz adaptada localmente al suelo y clima de Santa Lucía Cotzumalguapa.
Semilla de Frijol de Santa Lucía Cotzumalguapa,Nacional,Semilla criolla de frijol negro seleccionada para el cultivo en Santa Lucía Cotzumalguapa.
Abono Orgánico de Santa Lucía Cotzumalguapa,Mixto,Compost y fertilizante orgánico preparado localmente por agricultores en Santa Lucía Cotzumalguapa.
Semilla de Maíz de La Democracia,Nacional,Variedad de semilla de maíz adaptada localmente al suelo y clima de La Democracia.
Semilla de Frijol de La Democracia,Nacional,Semilla criolla de frijol negro seleccionada para el cultivo en La Democracia.
Abono Orgánico de La Democracia,Mixto,Compost y fertilizante orgánico preparado localmente por agricultores en La Democracia.
Semilla de Maíz de Siquinalá,Nacional,Variedad de semilla de maíz adaptada localmente al suelo y clima de Siquinalá.
Semilla de Frijol de Siquinalá,Nacional,Semilla criolla de frijol negro seleccionada para el cultivo en Siquinalá.
Abono Orgánico de Siquinalá,Mixto,Compost y fertilizante orgánico preparado localmente por agricultores en Siquinalá.
Semilla de Maíz de Masagua,Nacional,Variedad de semilla de maíz adaptada localmente al suelo y clima de Masagua.
Semilla de Frijol de Masagua,Nacional,Semilla criolla de frijol negro seleccionada para el cultivo en Masagua.
Abono Orgánico de Masagua,Mixto,Compost y fertilizante orgánico preparado localmente por agricultores en Masagua.
Semilla de Maíz de Tiquisate,Nacional,Variedad de semilla de maíz adaptada localmente al suelo y clima de Tiquisate.
Semilla de Frijol de Tiquisate,Nacional,Semilla criolla de frijol negro seleccionada para el cultivo en Tiquisate.
Abono Orgánico de Tiquisate,Mixto,Compost y fertilizante orgánico preparado localmente por agricultores en Tiquisate.
Semilla de Maíz de La Gomera,Nacional,Variedad de semilla de maíz adaptada localmente al suelo y clima de La Gomera.
Semilla de Frijol de La Gomera,Nacional,Semilla criolla de frijol negro seleccionada para el cultivo en La Gomera.
Abono Orgánico de La Gomera,Mixto,Compost y fertilizante orgánico preparado localmente por agricultores en La Gomera.
Semilla de Maíz de Guanagazapa,Nacional,Variedad de semilla de maíz adaptada localmente al suelo y clima de Guanagazapa.
Semilla de Frijol de Guanagazapa,Nacional,Semilla criolla de frijol negro seleccionada para el cultivo en Guanagazapa.
Abono Orgánico de Guanagazapa,Mixto,Compost y fertilizante orgánico preparado localmente por agricultores en Guanagazapa.
Semilla de Maíz de San José,Nacional,Variedad de semilla de maíz adaptada localmente al suelo y clima de San José.
Semilla de Frijol de San José,Nacional,Semilla criolla de frijol negro seleccionada para el cultivo en San José.
Abono Orgánico de San José,Mixto,Compost y fertilizante orgánico preparado localmente por agricultores en San José.
Semilla de Maíz de Iztapa,Nacional,Variedad de semilla de maíz adaptada localmente al suelo y clima de Iztapa.
Semilla de Frijol de Iztapa,Nacional,Semilla criolla de frijol negro seleccionada para el cultivo en Iztapa.
Abono Orgánico de Iztapa,Mixto,Compost y fertilizante orgánico preparado localmente por agricultores en Iztapa.
Semilla de Maíz de Palín,Nacional,Variedad de semilla de maíz adaptada localmente al suelo y clima de Palín.
Semilla de Frijol de Palín,Nacional,Semilla criolla de frijol negro seleccionada para el cultivo en Palín.
Abono Orgánico de Palín,Mixto,Compost y fertilizante orgánico preparado localmente por agricultores en Palín.
Semilla de Maíz de San Vicente Pacaya,Nacional,Variedad de semilla de maíz adaptada localmente al suelo y clima de San Vicente Pacaya.
Semilla de Frijol de San Vicente Pacaya,Nacional,Semilla criolla de frijol negro seleccionada para el cultivo en San Vicente Pacaya.
Abono Orgánico de San Vicente Pacaya,Mixto,Compost y fertilizante orgánico preparado localmente por agricultores en San Vicente Pacaya.
Semilla de Maíz de Nueva Concepción,Nacional,Variedad de semilla de maíz adaptada localmente al suelo y clima de Nueva Concepción.
Semilla de Frijol de Nueva Concepción,Nacional,Semilla criolla de frijol negro seleccionada para el cultivo en Nueva Concepción.
Abono Orgánico de Nueva Concepción,Mixto,Compost y fertilizante orgánico preparado localmente por agricultores en Nueva Concepción.
Semilla de Maíz de Sipacate,Nacional,Variedad de semilla de maíz adaptada localmente al suelo y clima de Sipacate.
Semilla de Frijol de Sipacate,Nacional,Semilla criolla de frijol negro seleccionada para el cultivo en Sipacate.
Abono Orgánico de Sipacate,Mixto,Compost y fertilizante orgánico preparado localmente por agricultores en Sipacate.
Semilla de Maíz de Cuilapa,Nacional,Variedad de semilla de maíz adaptada localmente al suelo y clima de Cuilapa.
Semilla de Frijol de Cuilapa,Nacional,Semilla criolla de frijol negro seleccionada para el cultivo en Cuilapa.
Abono Orgánico de Cuilapa,Mixto,Compost y fertilizante orgánico preparado localmente por agricultores en Cuilapa.
Semilla de Maíz de Barberena,Nacional,Variedad de semilla de maíz adaptada localmente al suelo y clima de Barberena.
Semilla de Frijol de Barberena,Nacional,Semilla criolla de frijol negro seleccionada para el cultivo en Barberena.
Abono Orgánico de Barberena,Mixto,Compost y fertilizante orgánico preparado localmente por agricultores en Barberena.
Semilla de Maíz de Santa Rosa de Lima,Nacional,Variedad de semilla de maíz adaptada localmente al suelo y clima de Santa Rosa de Lima.
Semilla de Frijol de Santa Rosa de Lima,Nacional,Semilla criolla de frijol negro seleccionada para el cultivo en Santa Rosa de Lima.
Abono Orgánico de Santa Rosa de Lima,Mixto,Compost y fertilizante orgánico preparado localmente por agricultores en Santa Rosa de Lima.
Semilla de Maíz de Casillas,Nacional,Variedad de semilla de maíz adaptada localmente al suelo y clima de Casillas.
Semilla de Frijol de Casillas,Nacional,Semilla criolla de frijol negro seleccionada para el cultivo en Casillas.
Abono Orgánico de Casillas,Mixto,Compost y fertilizante orgánico preparado localmente por agricultores en Casillas.
Semilla de Maíz de San Rafael Las Flores,Nacional,Variedad de semilla de maíz adaptada localmente al suelo y clima de San Rafael Las Flores.
Semilla de Frijol de San Rafael Las Flores,Nacional,Semilla criolla de frijol negro seleccionada para el cultivo en San Rafael Las Flores.
Abono Orgánico de San Rafael Las Flores,Mixto,Compost y fertilizante orgánico preparado localmente por agricultores en San Rafael Las Flores.
Semilla de Maíz de Oratorio,Nacional,Variedad de semilla de maíz adaptada localmente al suelo y clima de Oratorio.
Semilla de Frijol de Oratorio,Nacional,Semilla criolla de frijol negro seleccionada para el cultivo en Oratorio.
Abono Orgánico de Oratorio,Mixto,Compost y fertilizante orgánico preparado localmente por agricultores en Oratorio.
Semilla de Maíz de San Juan Tecuaco,Nacional,Variedad de semilla de maíz adaptada localmente al suelo y clima de San Juan Tecuaco.
Semilla de Frijol de San Juan Tecuaco,Nacional,Semilla criolla de frijol negro seleccionada para el cultivo en San Juan Tecuaco.
Abono Orgánico de San Juan Tecuaco,Mixto,Compost y fertilizante orgánico preparado localmente por agricultores en San Juan Tecuaco.
Semilla de Maíz de Chiquimulilla,Nacional,Variedad de semilla de maíz adaptada localmente al suelo y clima de Chiquimulilla.
Semilla de Frijol de Chiquimulilla,Nacional,Semilla criolla de frijol negro seleccionada para el cultivo en Chiquimulilla.
Abono Orgánico de Chiquimulilla,Mixto,Compost y fertilizante orgánico preparado localmente por agricultores en Chiquimulilla.
Semilla de Maíz de Taxisco,Nacional,Variedad de semilla de maíz adaptada localmente al suelo y clima de Taxisco.
Semilla de Frijol de Taxisco,Nacional,Semilla criolla de frijol negro seleccionada para el cultivo en Taxisco.
Abono Orgánico de Taxisco,Mixto,Compost y fertilizante orgánico preparado localmente por agricultores en Taxisco.
Semilla de Maíz de Santa María Ixhuatán,Nacional,Variedad de semilla de maíz adaptada localmente al suelo y clima de Santa María Ixhuatán.
Semilla de Frijol de Santa María Ixhuatán,Nacional,Semilla criolla de frijol negro seleccionada para el cultivo en Santa María Ixhuatán.
Abono Orgánico de Santa María Ixhuatán,Mixto,Compost y fertilizante orgánico preparado localmente por agricultores en Santa María Ixhuatán.
Semilla de Maíz de Guazacapán,Nacional,Variedad de semilla de maíz adaptada localmente al suelo y clima de Guazacapán.
Semilla de Frijol de Guazacapán,Nacional,Semilla criolla de frijol negro seleccionada para el cultivo en Guazacapán.
Abono Orgánico de Guazacapán,Mixto,Compost y fertilizante orgánico preparado localmente por agricultores en Guazacapán.
Semilla de Maíz de Santa Cruz Naranjo,Nacional,Variedad de semilla de maíz adaptada localmente al suelo y clima de Santa Cruz Naranjo.
Semilla de Frijol de Santa Cruz Naranjo,Nacional,Semilla criolla de frijol negro seleccionada para el cultivo en Santa Cruz Naranjo.
Abono Orgánico de Santa Cruz Naranjo,Mixto,Compost y fertilizante orgánico preparado localmente por agricultores en Santa Cruz Naranjo.
Semilla de Maíz de Pueblo Nuevo Viñas,Nacional,Variedad de semilla de maíz adaptada localmente al suelo y clima de Pueblo Nuevo Viñas.
Semilla de Frijol de Pueblo Nuevo Viñas,Nacional,Semilla criolla de frijol negro seleccionada para el cultivo en Pueblo Nuevo Viñas.
Abono Orgánico de Pueblo Nuevo Viñas,Mixto,Compost y fertilizante orgánico preparado localmente por agricultores en Pueblo Nuevo Viñas.
Semilla de Maíz de Nueva Santa Rosa,Nacional,Variedad de semilla de maíz adaptada localmente al suelo y clima de Nueva Santa Rosa.
Semilla de Frijol de Nueva Santa Rosa,Nacional,Semilla criolla de frijol negro seleccionada para el cultivo en Nueva Santa Rosa.
Abono Orgánico de Nueva Santa Rosa,Mixto,Compost y fertilizante orgánico preparado localmente por agricultores en Nueva Santa Rosa.
Semilla de Maíz de Lago De Atitlan,Nacional,Variedad de semilla de maíz adaptada localmente al suelo y clima de Lago De Atitlan.
Semilla de Frijol de Lago De Atitlan,Nacional,Semilla criolla de frijol negro seleccionada para el cultivo en Lago De Atitlan.
Abono Orgánico de Lago De Atitlan,Mixto,Compost y fertilizante orgánico preparado localmente por agricultores en Lago De Atitlan.
Semilla de Maíz de Sololá,Nacional,Variedad de semilla de maíz adaptada localmente al suelo y clima de Sololá.
Semilla de Frijol de Sololá,Nacional,Semilla criolla de frijol negro seleccionada para el cultivo en Sololá.
Abono Orgánico de Sololá,Mixto,Compost y fertilizante orgánico preparado localmente por agricultores en Sololá.
Semilla de Maíz de San José Chacayá,Nacional,Variedad de semilla de maíz adaptada localmente al suelo y clima de San José Chacayá.
Semilla de Frijol de San José Chacayá,Nacional,Semilla criolla de frijol negro seleccionada para el cultivo en San José Chacayá.
Abono Orgánico de San José Chacayá,Mixto,Compost y fertilizante orgánico preparado localmente por agricultores en San José Chacayá.
Semilla de Maíz de Santa María Visitación,Nacional,Variedad de semilla de maíz adaptada localmente al suelo y clima de Santa María Visitación.
Semilla de Frijol de Santa María Visitación,Nacional,Semilla criolla de frijol negro seleccionada para el cultivo en Santa María Visitación.
Abono Orgánico de Santa María Visitación,Mixto,Compost y fertilizante orgánico preparado localmente por agricultores en Santa María Visitación.
Semilla de Maíz de Santa Lucía Utatlán,Nacional,Variedad de semilla de maíz adaptada localmente al suelo y clima de Santa Lucía Utatlán.
Semilla de Frijol de Santa Lucía Utatlán,Nacional,Semilla criolla de frijol negro seleccionada para el cultivo en Santa Lucía Utatlán.
Abono Orgánico de Santa Lucía Utatlán,Mixto,Compost y fertilizante orgánico preparado localmente por agricultores en Santa Lucía Utatlán.
Semilla de Maíz de Nahualá,Nacional,Variedad de semilla de maíz adaptada localmente al suelo y clima de Nahualá.
Semilla de Frijol de Nahualá,Nacional,Semilla criolla de frijol negro seleccionada para el cultivo en Nahualá.
Abono Orgánico de Nahualá,Mixto,Compost y fertilizante orgánico preparado localmente por agricultores en Nahualá.
Semilla de Maíz de Santa Catarina Ixtahuacán,Nacional,Variedad de semilla de maíz adaptada localmente al suelo y clima de Santa Catarina Ixtahuacán.
Semilla de Frijol de Santa Catarina Ixtahuacán,Nacional,Semilla criolla de frijol negro seleccionada para el cultivo en Santa Catarina Ixtahuacán.
Abono Orgánico de Santa Catarina Ixtahuacán,Mixto,Compost y fertilizante orgánico preparado localmente por agricultores en Santa Catarina Ixtahuacán.
Semilla de Maíz de Santa Clara La Laguna,Nacional,Variedad de semilla de maíz adaptada localmente al suelo y clima de Santa Clara La Laguna.
Semilla de Frijol de Santa Clara La Laguna,Nacional,Semilla criolla de frijol negro seleccionada para el cultivo en Santa Clara La Laguna.
Abono Orgánico de Santa Clara La Laguna,Mixto,Compost y fertilizante orgánico preparado localmente por agricultores en Santa Clara La Laguna.
Semilla de Maíz de Concepción,Nacional,Variedad de semilla de maíz adaptada localmente al suelo y clima de Concepción.
Semilla de Frijol de Concepción,Nacional,Semilla criolla de frijol negro seleccionada para el cultivo en Concepción.
Abono Orgánico de Concepción,Mixto,Compost y fertilizante orgánico preparado localmente por agricultores en Concepción.
Semilla de Maíz de San Andrés Semetabaj,Nacional,Variedad de semilla de maíz adaptada localmente al suelo y clima de San Andrés Semetabaj.
Semilla de Frijol de San Andrés Semetabaj,Nacional,Semilla criolla de frijol negro seleccionada para el cultivo en San Andrés Semetabaj.
Abono Orgánico de San Andrés Semetabaj,Mixto,Compost y fertilizante orgánico preparado localmente por agricultores en San Andrés Semetabaj.
Semilla de Maíz de Panajachel,Nacional,Variedad de semilla de maíz adaptada localmente al suelo y clima de Panajachel.
Semilla de Frijol de Panajachel,Nacional,Semilla criolla de frijol negro seleccionada para el cultivo en Panajachel.
Abono Orgánico de Panajachel,Mixto,Compost y fertilizante orgánico preparado localmente por agricultores en Panajachel.
Semilla de Maíz de Santa Catarina Palopó,Nacional,Variedad de semilla de maíz adaptada localmente al suelo y clima de Santa Catarina Palopó.
Semilla de Frijol de Santa Catarina Palopó,Nacional,Semilla criolla de frijol negro seleccionada para el cultivo en Santa Catarina Palopó.
Abono Orgánico de Santa Catarina Palopó,Mixto,Compost y fertilizante orgánico preparado localmente por agricultores en Santa Catarina Palopó.
Semilla de Maíz de San Antonio Palopó,Nacional,Variedad de semilla de maíz adaptada localmente al suelo y clima de San Antonio Palopó.
Semilla de Frijol de San Antonio Palopó,Nacional,Semilla criolla de frijol negro seleccionada para el cultivo en San Antonio Palopó.
Abono Orgánico de San Antonio Palopó,Mixto,Compost y fertilizante orgánico preparado localmente por agricultores en San Antonio Palopó.
Semilla de Maíz de San Lucas Tolimán,Nacional,Variedad de semilla de maíz adaptada localmente al suelo y clima de San Lucas Tolimán.
Semilla de Frijol de San Lucas Tolimán,Nacional,Semilla criolla de frijol negro seleccionada para el cultivo en San Lucas Tolimán.
Abono Orgánico de San Lucas Tolimán,Mixto,Compost y fertilizante orgánico preparado localmente por agricultores en San Lucas Tolimán.
Semilla de Maíz de Santa Cruz La Laguna,Nacional,Variedad de semilla de maíz adaptada localmente al suelo y clima de Santa Cruz La Laguna.
Semilla de Frijol de Santa Cruz La Laguna,Nacional,Semilla criolla de frijol negro seleccionada para el cultivo en Santa Cruz La Laguna.
Abono Orgánico de Santa Cruz La Laguna,Mixto,Compost y fertilizante orgánico preparado localmente por agricultores en Santa Cruz La Laguna.
Semilla de Maíz de San Pablo La Laguna,Nacional,Variedad de semilla de maíz adaptada localmente al suelo y clima de San Pablo La Laguna.
Semilla de Frijol de San Pablo La Laguna,Nacional,Semilla criolla de frijol negro seleccionada para el cultivo en San Pablo La Laguna.
Abono Orgánico de San Pablo La Laguna,Mixto,Compost y fertilizante orgánico preparado localmente por agricultores en San Pablo La Laguna.
Semilla de Maíz de San Marcos La Laguna,Nacional,Variedad de semilla de maíz adaptada localmente al suelo y clima de San Marcos La Laguna.
Semilla de Frijol de San Marcos La Laguna,Nacional,Semilla criolla de frijol negro seleccionada para el cultivo en San Marcos La Laguna.
Abono Orgánico de San Marcos La Laguna,Mixto,Compost y fertilizante orgánico preparado localmente por agricultores en San Marcos La Laguna.
Semilla de Maíz de San Juan La Laguna,Nacional,Variedad de semilla de maíz adaptada localmente al suelo y clima de San Juan La Laguna.
Semilla de Frijol de San Juan La Laguna,Nacional,Semilla criolla de frijol negro seleccionada para el cultivo en San Juan La Laguna.
Abono Orgánico de San Juan La Laguna,Mixto,Compost y fertilizante orgánico preparado localmente por agricultores en San Juan La Laguna.
Semilla de Maíz de San Pedro La Laguna,Nacional,Variedad de semilla de maíz adaptada localmente al suelo y clima de San Pedro La Laguna.
Semilla de Frijol de San Pedro La Laguna,Nacional,Semilla criolla de frijol negro seleccionada para el cultivo en San Pedro La Laguna.
Abono Orgánico de San Pedro La Laguna,Mixto,Compost y fertilizante orgánico preparado localmente por agricultores en San Pedro La Laguna.
Semilla de Maíz de Santiago Atitlán,Nacional,Variedad de semilla de maíz adaptada localmente al suelo y clima de Santiago Atitlán.
Semilla de Frijol de Santiago Atitlán,Nacional,Semilla criolla de frijol negro seleccionada para el cultivo en Santiago Atitlán.
Abono Orgánico de Santiago Atitlán,Mixto,Compost y fertilizante orgánico preparado localmente por agricultores en Santiago Atitlán.
Semilla de Maíz de Totonicapán,Nacional,Variedad de semilla de maíz adaptada localmente al suelo y clima de Totonicapán.
Semilla de Frijol de Totonicapán,Nacional,Semilla criolla de frijol negro seleccionada para el cultivo en Totonicapán.
Abono Orgánico de Totonicapán,Mixto,Compost y fertilizante orgánico preparado localmente por agricultores en Totonicapán.
Semilla de Maíz de San Cristóbal Totonicapán,Nacional,Variedad de semilla de maíz adaptada localmente al suelo y clima de San Cristóbal Totonicapán.
Semilla de Frijol de San Cristóbal Totonicapán,Nacional,Semilla criolla de frijol negro seleccionada para el cultivo en San Cristóbal Totonicapán.
Abono Orgánico de San Cristóbal Totonicapán,Mixto,Compost y fertilizante orgánico preparado localmente por agricultores en San Cristóbal Totonicapán.
Semilla de Maíz de San Francisco El Alto,Nacional,Variedad de semilla de maíz adaptada localmente al suelo y clima de San Francisco El Alto.
Semilla de Frijol de San Francisco El Alto,Nacional,Semilla criolla de frijol negro seleccionada para el cultivo en San Francisco El Alto.
Abono Orgánico de San Francisco El Alto,Mixto,Compost y fertilizante orgánico preparado localmente por agricultores en San Francisco El Alto.
Semilla de Maíz de San Andrés Xecul,Nacional,Variedad de semilla de maíz adaptada localmente al suelo y clima de San Andrés Xecul.
Semilla de Frijol de San Andrés Xecul,Nacional,Semilla criolla de frijol negro seleccionada para el cultivo en San Andrés Xecul.
Abono Orgánico de San Andrés Xecul,Mixto,Compost y fertilizante orgánico preparado localmente por agricultores en San Andrés Xecul.
Semilla de Maíz de Momostenango,Nacional,Variedad de semilla de maíz adaptada localmente al suelo y clima de Momostenango.
Semilla de Frijol de Momostenango,Nacional,Semilla criolla de frijol negro seleccionada para el cultivo en Momostenango.
Abono Orgánico de Momostenango,Mixto,Compost y fertilizante orgánico preparado localmente por agricultores en Momostenango.
Semilla de Maíz de Santa María Chiquimula,Nacional,Variedad de semilla de maíz adaptada localmente al suelo y clima de Santa María Chiquimula.
Semilla de Frijol de Santa María Chiquimula,Nacional,Semilla criolla de frijol negro seleccionada para el cultivo en Santa María Chiquimula.
Abono Orgánico de Santa María Chiquimula,Mixto,Compost y fertilizante orgánico preparado localmente por agricultores en Santa María Chiquimula.
Semilla de Maíz de Santa Lucía La Reforma,Nacional,Variedad de semilla de maíz adaptada localmente al suelo y clima de Santa Lucía La Reforma.
Semilla de Frijol de Santa Lucía La Reforma,Nacional,Semilla criolla de frijol negro seleccionada para el cultivo en Santa Lucía La Reforma.
Abono Orgánico de Santa Lucía La Reforma,Mixto,Compost y fertilizante orgánico preparado localmente por agricultores en Santa Lucía La Reforma.
Semilla de Maíz de San Bartolo,Nacional,Variedad de semilla de maíz adaptada localmente al suelo y clima de San Bartolo.
Semilla de Frijol de San Bartolo,Nacional,Semilla criolla de frijol negro seleccionada para el cultivo en San Bartolo.
Abono Orgánico de San Bartolo,Mixto,Compost y fertilizante orgánico preparado localmente por agricultores en San Bartolo.
Semilla de Maíz de Quetzaltenango,Nacional,Variedad de semilla de maíz adaptada localmente al suelo y clima de Quetzaltenango.
Semilla de Frijol de Quetzaltenango,Nacional,Semilla criolla de frijol negro seleccionada para el cultivo en Quetzaltenango.
Abono Orgánico de Quetzaltenango,Mixto,Compost y fertilizante orgánico preparado localmente por agricultores en Quetzaltenango.
Semilla de Maíz de Salcajá,Nacional,Variedad de semilla de maíz adaptada localmente al suelo y clima de Salcajá.
Semilla de Frijol de Salcajá,Nacional,Semilla criolla de frijol negro seleccionada para el cultivo en Salcajá.
Abono Orgánico de Salcajá,Mixto,Compost y fertilizante orgánico preparado localmente por agricultores en Salcajá.
Semilla de Maíz de Olintepeque,Nacional,Variedad de semilla de maíz adaptada localmente al suelo y clima de Olintepeque.
Semilla de Frijol de Olintepeque,Nacional,Semilla criolla de frijol negro seleccionada para el cultivo en Olintepeque.
Abono Orgánico de Olintepeque,Mixto,Compost y fertilizante orgánico preparado localmente por agricultores en Olintepeque.
Semilla de Maíz de San Carlos Sija,Nacional,Variedad de semilla de maíz adaptada localmente al suelo y clima de San Carlos Sija.
Semilla de Frijol de San Carlos Sija,Nacional,Semilla criolla de frijol negro seleccionada para el cultivo en San Carlos Sija.
Abono Orgánico de San Carlos Sija,Mixto,Compost y fertilizante orgánico preparado localmente por agricultores en San Carlos Sija.
Semilla de Maíz de Sibilia,Nacional,Variedad de semilla de maíz adaptada localmente al suelo y clima de Sibilia.
Semilla de Frijol de Sibilia,Nacional,Semilla criolla de frijol negro seleccionada para el cultivo en Sibilia.
Abono Orgánico de Sibilia,Mixto,Compost y fertilizante orgánico preparado localmente por agricultores en Sibilia.
Semilla de Maíz de Cabricán,Nacional,Variedad de semilla de maíz adaptada localmente al suelo y clima de Cabricán.
Semilla de Frijol de Cabricán,Nacional,Semilla criolla de frijol negro seleccionada para el cultivo en Cabricán.
Abono Orgánico de Cabricán,Mixto,Compost y fertilizante orgánico preparado localmente por agricultores en Cabricán.
Semilla de Maíz de Cajolá,Nacional,Variedad de semilla de maíz adaptada localmente al suelo y clima de Cajolá.
Semilla de Frijol de Cajolá,Nacional,Semilla criolla de frijol negro seleccionada para el cultivo en Cajolá.
Abono Orgánico de Cajolá,Mixto,Compost y fertilizante orgánico preparado localmente por agricultores en Cajolá.
Semilla de Maíz de San Miguel Sigüila,Nacional,Variedad de semilla de maíz adaptada localmente al suelo y clima de San Miguel Sigüila.
Semilla de Frijol de San Miguel Sigüila,Nacional,Semilla criolla de frijol negro seleccionada para el cultivo en San Miguel Sigüila.
Abono Orgánico de San Miguel Sigüila,Mixto,Compost y fertilizante orgánico preparado localmente por agricultores en San Miguel Sigüila.
Semilla de Maíz de Ostuncalco,Nacional,Variedad de semilla de maíz adaptada localmente al suelo y clima de Ostuncalco.
Semilla de Frijol de Ostuncalco,Nacional,Semilla criolla de frijol negro seleccionada para el cultivo en Ostuncalco.
Abono Orgánico de Ostuncalco,Mixto,Compost y fertilizante orgánico preparado localmente por agricultores en Ostuncalco.
Semilla de Maíz de San Mateo,Nacional,Variedad de semilla de maíz adaptada localmente al suelo y clima de San Mateo.
Semilla de Frijol de San Mateo,Nacional,Semilla criolla de frijol negro seleccionada para el cultivo en San Mateo.
Abono Orgánico de San Mateo,Mixto,Compost y fertilizante orgánico preparado localmente por agricultores en San Mateo.
Semilla de Maíz de Concepción Chiquirichapa,Nacional,Variedad de semilla de maíz adaptada localmente al suelo y clima de Concepción Chiquirichapa.
Semilla de Frijol de Concepción Chiquirichapa,Nacional,Semilla criolla de frijol negro seleccionada para el cultivo en Concepción Chiquirichapa.
Abono Orgánico de Concepción Chiquirichapa,Mixto,Compost y fertilizante orgánico preparado localmente por agricultores en Concepción Chiquirichapa.
Semilla de Maíz de San Martín Sacatepéquez,Nacional,Variedad de semilla de maíz adaptada localmente al suelo y clima de San Martín Sacatepéquez.
Semilla de Frijol de San Martín Sacatepéquez,Nacional,Semilla criolla de frijol negro seleccionada para el cultivo en San Martín Sacatepéquez.
Abono Orgánico de San Martín Sacatepéquez,Mixto,Compost y fertilizante orgánico preparado localmente por agricultores en San Martín Sacatepéquez.
Semilla de Maíz de Almolonga,Nacional,Variedad de semilla de maíz adaptada localmente al suelo y clima de Almolonga.
Semilla de Frijol de Almolonga,Nacional,Semilla criolla de frijol negro seleccionada para el cultivo en Almolonga.
Abono Orgánico de Almolonga,Mixto,Compost y fertilizante orgánico preparado localmente por agricultores en Almolonga.
Semilla de Maíz de Cantel,Nacional,Variedad de semilla de maíz adaptada localmente al suelo y clima de Cantel.
Semilla de Frijol de Cantel,Nacional,Semilla criolla de frijol negro seleccionada para el cultivo en Cantel.
Abono Orgánico de Cantel,Mixto,Compost y fertilizante orgánico preparado localmente por agricultores en Cantel.
Semilla de Maíz de Huitán,Nacional,Variedad de semilla de maíz adaptada localmente al suelo y clima de Huitán.
Semilla de Frijol de Huitán,Nacional,Semilla criolla de frijol negro seleccionada para el cultivo en Huitán.
Abono Orgánico de Huitán,Mixto,Compost y fertilizante orgánico preparado localmente por agricultores en Huitán.
Semilla de Maíz de Zunil,Nacional,Variedad de semilla de maíz adaptada localmente al suelo y clima de Zunil.
Semilla de Frijol de Zunil,Nacional,Semilla criolla de frijol negro seleccionada para el cultivo en Zunil.
Abono Orgánico de Zunil,Mixto,Compost y fertilizante orgánico preparado localmente por agricultores en Zunil.
Semilla de Maíz de Colomba,Nacional,Variedad de semilla de maíz adaptada localmente al suelo y clima de Colomba.
Semilla de Frijol de Colomba,Nacional,Semilla criolla de frijol negro seleccionada para el cultivo en Colomba.
Abono Orgánico de Colomba,Mixto,Compost y fertilizante orgánico preparado localmente por agricultores en Colomba.
Semilla de Maíz de San Francisco La Unión,Nacional,Variedad de semilla de maíz adaptada localmente al suelo y clima de San Francisco La Unión.
Semilla de Frijol de San Francisco La Unión,Nacional,Semilla criolla de frijol negro seleccionada para el cultivo en San Francisco La Unión.
Abono Orgánico de San Francisco La Unión,Mixto,Compost y fertilizante orgánico preparado localmente por agricultores en San Francisco La Unión.
Semilla de Maíz de El Palmar,Nacional,Variedad de semilla de maíz adaptada localmente al suelo y clima de El Palmar.
Semilla de Frijol de El Palmar,Nacional,Semilla criolla de frijol negro seleccionada para el cultivo en El Palmar.
Abono Orgánico de El Palmar,Mixto,Compost y fertilizante orgánico preparado localmente por agricultores en El Palmar.
Semilla de Maíz de Coatepeque,Nacional,Variedad de semilla de maíz adaptada localmente al suelo y clima de Coatepeque.
Semilla de Frijol de Coatepeque,Nacional,Semilla criolla de frijol negro seleccionada para el cultivo en Coatepeque.
Abono Orgánico de Coatepeque,Mixto,Compost y fertilizante orgánico preparado localmente por agricultores en Coatepeque.
Semilla de Maíz de Génova,Nacional,Variedad de semilla de maíz adaptada localmente al suelo y clima de Génova.
Semilla de Frijol de Génova,Nacional,Semilla criolla de frijol negro seleccionada para el cultivo en Génova.
Abono Orgánico de Génova,Mixto,Compost y fertilizante orgánico preparado localmente por agricultores en Génova.
Semilla de Maíz de Flores Costa Cuca,Nacional,Variedad de semilla de maíz adaptada localmente al suelo y clima de Flores Costa Cuca.
Semilla de Frijol de Flores Costa Cuca,Nacional,Semilla criolla de frijol negro seleccionada para el cultivo en Flores Costa Cuca.
Abono Orgánico de Flores Costa Cuca,Mixto,Compost y fertilizante orgánico preparado localmente por agricultores en Flores Costa Cuca.
Semilla de Maíz de La Esperanza,Nacional,Variedad de semilla de maíz adaptada localmente al suelo y clima de La Esperanza.
Semilla de Frijol de La Esperanza,Nacional,Semilla criolla de frijol negro seleccionada para el cultivo en La Esperanza.
Abono Orgánico de La Esperanza,Mixto,Compost y fertilizante orgánico preparado localmente por agricultores en La Esperanza.
Semilla de Maíz de Palestina de Los Altos,Nacional,Variedad de semilla de maíz adaptada localmente al suelo y clima de Palestina de Los Altos.
Semilla de Frijol de Palestina de Los Altos,Nacional,Semilla criolla de frijol negro seleccionada para el cultivo en Palestina de Los Altos.
Abono Orgánico de Palestina de Los Altos,Mixto,Compost y fertilizante orgánico preparado localmente por agricultores en Palestina de Los Altos.
Semilla de Maíz de Mazatenango,Nacional,Variedad de semilla de maíz adaptada localmente al suelo y clima de Mazatenango.
Semilla de Frijol de Mazatenango,Nacional,Semilla criolla de frijol negro seleccionada para el cultivo en Mazatenango.
Abono Orgánico de Mazatenango,Mixto,Compost y fertilizante orgánico preparado localmente por agricultores en Mazatenango.
Semilla de Maíz de Cuyotenango,Nacional,Variedad de semilla de maíz adaptada localmente al suelo y clima de Cuyotenango.
Semilla de Frijol de Cuyotenango,Nacional,Semilla criolla de frijol negro seleccionada para el cultivo en Cuyotenango.
Abono Orgánico de Cuyotenango,Mixto,Compost y fertilizante orgánico preparado localmente por agricultores en Cuyotenango.
Semilla de Maíz de San Francisco Zapotitlán,Nacional,Variedad de semilla de maíz adaptada localmente al suelo y clima de San Francisco Zapotitlán.
Semilla de Frijol de San Francisco Zapotitlán,Nacional,Semilla criolla de frijol negro seleccionada para el cultivo en San Francisco Zapotitlán.
Abono Orgánico de San Francisco Zapotitlán,Mixto,Compost y fertilizante orgánico preparado localmente por agricultores en San Francisco Zapotitlán.
Semilla de Maíz de San Bernardino,Nacional,Variedad de semilla de maíz adaptada localmente al suelo y clima de San Bernardino.
Semilla de Frijol de San Bernardino,Nacional,Semilla criolla de frijol negro seleccionada para el cultivo en San Bernardino.
Abono Orgánico de San Bernardino,Mixto,Compost y fertilizante orgánico preparado localmente por agricultores en San Bernardino.
Semilla de Maíz de San José El Ídolo,Nacional,Variedad de semilla de maíz adaptada localmente al suelo y clima de San José El Ídolo.
Semilla de Frijol de San José El Ídolo,Nacional,Semilla criolla de frijol negro seleccionada para el cultivo en San José El Ídolo.
Abono Orgánico de San José El Ídolo,Mixto,Compost y fertilizante orgánico preparado localmente por agricultores en San José El Ídolo.
Semilla de Maíz de Santo Domingo Suchitepéquez,Nacional,Variedad de semilla de maíz adaptada localmente al suelo y clima de Santo Domingo Suchitepéquez.
Semilla de Frijol de Santo Domingo Suchitepéquez,Nacional,Semilla criolla de frijol negro seleccionada para el cultivo en Santo Domingo Suchitepéquez.
Abono Orgánico de Santo Domingo Suchitepéquez,Mixto,Compost y fertilizante orgánico preparado localmente por agricultores en Santo Domingo Suchitepéquez.
Semilla de Maíz de San Lorenzo,Nacional,Variedad de semilla de maíz adaptada localmente al suelo y clima de San Lorenzo.
Semilla de Frijol de San Lorenzo,Nacional,Semilla criolla de frijol negro seleccionada para el cultivo en San Lorenzo.
Abono Orgánico de San Lorenzo,Mixto,Compost y fertilizante orgánico preparado localmente por agricultores en San Lorenzo.
Semilla de Maíz de Samayac,Nacional,Variedad de semilla de maíz adaptada localmente al suelo y clima de Samayac.
Semilla de Frijol de Samayac,Nacional,Semilla criolla de frijol negro seleccionada para el cultivo en Samayac.
Abono Orgánico de Samayac,Mixto,Compost y fertilizante orgánico preparado localmente por agricultores en Samayac.
Semilla de Maíz de San Pablo Jocopilas,Nacional,Variedad de semilla de maíz adaptada localmente al suelo y clima de San Pablo Jocopilas.
Semilla de Frijol de San Pablo Jocopilas,Nacional,Semilla criolla de frijol negro seleccionada para el cultivo en San Pablo Jocopilas.
Abono Orgánico de San Pablo Jocopilas,Mixto,Compost y fertilizante orgánico preparado localmente por agricultores en San Pablo Jocopilas.
Semilla de Maíz de San Antonio Suchitepéquez,Nacional,Variedad de semilla de maíz adaptada localmente al suelo y clima de San Antonio Suchitepéquez.
Semilla de Frijol de San Antonio Suchitepéquez,Nacional,Semilla criolla de frijol negro seleccionada para el cultivo en San Antonio Suchitepéquez.
Abono Orgánico de San Antonio Suchitepéquez,Mixto,Compost y fertilizante orgánico preparado localmente por agricultores en San Antonio Suchitepéquez.
Semilla de Maíz de San Miguel Panán,Nacional,Variedad de semilla de maíz adaptada localmente al suelo y clima de San Miguel Panán.
Semilla de Frijol de San Miguel Panán,Nacional,Semilla criolla de frijol negro seleccionada para el cultivo en San Miguel Panán.
Abono Orgánico de San Miguel Panán,Mixto,Compost y fertilizante orgánico preparado localmente por agricultores en San Miguel Panán.
Semilla de Maíz de San Gabriel,Nacional,Variedad de semilla de maíz adaptada localmente al suelo y clima de San Gabriel.
Semilla de Frijol de San Gabriel,Nacional,Semilla criolla de frijol negro seleccionada para el cultivo en San Gabriel.
Abono Orgánico de San Gabriel,Mixto,Compost y fertilizante orgánico preparado localmente por agricultores en San Gabriel.
Semilla de Maíz de Chicacao,Nacional,Variedad de semilla de maíz adaptada localmente al suelo y clima de Chicacao.
Semilla de Frijol de Chicacao,Nacional,Semilla criolla de frijol negro seleccionada para el cultivo en Chicacao.
Abono Orgánico de Chicacao,Mixto,Compost y fertilizante orgánico preparado localmente por agricultores en Chicacao.
Semilla de Maíz de Patulul,Nacional,Variedad de semilla de maíz adaptada localmente al suelo y clima de Patulul.
Semilla de Frijol de Patulul,Nacional,Semilla criolla de frijol negro seleccionada para el cultivo en Patulul.
Abono Orgánico de Patulul,Mixto,Compost y fertilizante orgánico preparado localmente por agricultores en Patulul.
Semilla de Maíz de Santa Bárbara,Nacional,Variedad de semilla de maíz adaptada localmente al suelo y clima de Santa Bárbara.
Semilla de Frijol de Santa Bárbara,Nacional,Semilla criolla de frijol negro seleccionada para el cultivo en Santa Bárbara.
Abono Orgánico de Santa Bárbara,Mixto,Compost y fertilizante orgánico preparado localmente por agricultores en Santa Bárbara.
Semilla de Maíz de San Juan Bautista,Nacional,Variedad de semilla de maíz adaptada localmente al suelo y clima de San Juan Bautista.
Semilla de Frijol de San Juan Bautista,Nacional,Semilla criolla de frijol negro seleccionada para el cultivo en San Juan Bautista.
Abono Orgánico de San Juan Bautista,Mixto,Compost y fertilizante orgánico preparado localmente por agricultores en San Juan Bautista.
Semilla de Maíz de Santo Tomás La Unión,Nacional,Variedad de semilla de maíz adaptada localmente al suelo y clima de Santo Tomás La Unión.
Semilla de Frijol de Santo Tomás La Unión,Nacional,Semilla criolla de frijol negro seleccionada para el cultivo en Santo Tomás La Unión.
Abono Orgánico de Santo Tomás La Unión,Mixto,Compost y fertilizante orgánico preparado localmente por agricultores en Santo Tomás La Unión.
Semilla de Maíz de Zunilito,Nacional,Variedad de semilla de maíz adaptada localmente al suelo y clima de Zunilito.
Semilla de Frijol de Zunilito,Nacional,Semilla criolla de frijol negro seleccionada para el cultivo en Zunilito.
Abono Orgánico de Zunilito,Mixto,Compost y fertilizante orgánico preparado localmente por agricultores en Zunilito.
Semilla de Maíz de Pueblo Nuevo,Nacional,Variedad de semilla de maíz adaptada localmente al suelo y clima de Pueblo Nuevo.
Semilla de Frijol de Pueblo Nuevo,Nacional,Semilla criolla de frijol negro seleccionada para el cultivo en Pueblo Nuevo.
Abono Orgánico de Pueblo Nuevo,Mixto,Compost y fertilizante orgánico preparado localmente por agricultores en Pueblo Nuevo.
Semilla de Maíz de Río Bravo,Nacional,Variedad de semilla de maíz adaptada localmente al suelo y clima de Río Bravo.
Semilla de Frijol de Río Bravo,Nacional,Semilla criolla de frijol negro seleccionada para el cultivo en Río Bravo.
Abono Orgánico de Río Bravo,Mixto,Compost y fertilizante orgánico preparado localmente por agricultores en Río Bravo.
Semilla de Maíz de San José La Máquina,Nacional,Variedad de semilla de maíz adaptada localmente al suelo y clima de San José La Máquina.
Semilla de Frijol de San José La Máquina,Nacional,Semilla criolla de frijol negro seleccionada para el cultivo en San José La Máquina.
Abono Orgánico de San José La Máquina,Mixto,Compost y fertilizante orgánico preparado localmente por agricultores en San José La Máquina.
Semilla de Maíz de Retalhuleu,Nacional,Variedad de semilla de maíz adaptada localmente al suelo y clima de Retalhuleu.
Semilla de Frijol de Retalhuleu,Nacional,Semilla criolla de frijol negro seleccionada para el cultivo en Retalhuleu.
Abono Orgánico de Retalhuleu,Mixto,Compost y fertilizante orgánico preparado localmente por agricultores en Retalhuleu.
Semilla de Maíz de San Sebastián,Nacional,Variedad de semilla de maíz adaptada localmente al suelo y clima de San Sebastián.
Semilla de Frijol de San Sebastián,Nacional,Semilla criolla de frijol negro seleccionada para el cultivo en San Sebastián.
Abono Orgánico de San Sebastián,Mixto,Compost y fertilizante orgánico preparado localmente por agricultores en San Sebastián.
Semilla de Maíz de Santa Cruz Muluá,Nacional,Variedad de semilla de maíz adaptada localmente al suelo y clima de Santa Cruz Muluá.
Semilla de Frijol de Santa Cruz Muluá,Nacional,Semilla criolla de frijol negro seleccionada para el cultivo en Santa Cruz Muluá.
Abono Orgánico de Santa Cruz Muluá,Mixto,Compost y fertilizante orgánico preparado localmente por agricultores en Santa Cruz Muluá.
Semilla de Maíz de San Martín Zapotitlán,Nacional,Variedad de semilla de maíz adaptada localmente al suelo y clima de San Martín Zapotitlán.
Semilla de Frijol de San Martín Zapotitlán,Nacional,Semilla criolla de frijol negro seleccionada para el cultivo en San Martín Zapotitlán.
Abono Orgánico de San Martín Zapotitlán,Mixto,Compost y fertilizante orgánico preparado localmente por agricultores en San Martín Zapotitlán.
Semilla de Maíz de San Felipe,Nacional,Variedad de semilla de maíz adaptada localmente al suelo y clima de San Felipe.
Semilla de Frijol de San Felipe,Nacional,Semilla criolla de frijol negro seleccionada para el cultivo en San Felipe.
Abono Orgánico de San Felipe,Mixto,Compost y fertilizante orgánico preparado localmente por agricultores en San Felipe.
Semilla de Maíz de San Andrés Villa Seca,Nacional,Variedad de semilla de maíz adaptada localmente al suelo y clima de San Andrés Villa Seca.
Semilla de Frijol de San Andrés Villa Seca,Nacional,Semilla criolla de frijol negro seleccionada para el cultivo en San Andrés Villa Seca.
Abono Orgánico de San Andrés Villa Seca,Mixto,Compost y fertilizante orgánico preparado localmente por agricultores en San Andrés Villa Seca.
Semilla de Maíz de Champerico,Nacional,Variedad de semilla de maíz adaptada localmente al suelo y clima de Champerico.
Semilla de Frijol de Champerico,Nacional,Semilla criolla de frijol negro seleccionada para el cultivo en Champerico.
Abono Orgánico de Champerico,Mixto,Compost y fertilizante orgánico preparado localmente por agricultores en Champerico.
Semilla de Maíz de Nuevo San Carlos,Nacional,Variedad de semilla de maíz adaptada localmente al suelo y clima de Nuevo San Carlos.
Semilla de Frijol de Nuevo San Carlos,Nacional,Semilla criolla de frijol negro seleccionada para el cultivo en Nuevo San Carlos.
Abono Orgánico de Nuevo San Carlos,Mixto,Compost y fertilizante orgánico preparado localmente por agricultores en Nuevo San Carlos.
Semilla de Maíz de El Asintal,Nacional,Variedad de semilla de maíz adaptada localmente al suelo y clima de El Asintal.
Semilla de Frijol de El Asintal,Nacional,Semilla criolla de frijol negro seleccionada para el cultivo en El Asintal.
Abono Orgánico de El Asintal,Mixto,Compost y fertilizante orgánico preparado localmente por agricultores en El Asintal.
Semilla de Maíz de San Marcos,Nacional,Variedad de semilla de maíz adaptada localmente al suelo y clima de San Marcos.
Semilla de Frijol de San Marcos,Nacional,Semilla criolla de frijol negro seleccionada para el cultivo en San Marcos.
Abono Orgánico de San Marcos,Mixto,Compost y fertilizante orgánico preparado localmente por agricultores en San Marcos.
Semilla de Maíz de San Pedro Sacatepéquez,Nacional,Variedad de semilla de maíz adaptada localmente al suelo y clima de San Pedro Sacatepéquez.
Semilla de Frijol de San Pedro Sacatepéquez,Nacional,Semilla criolla de frijol negro seleccionada para el cultivo en San Pedro Sacatepéquez.
Abono Orgánico de San Pedro Sacatepéquez,Mixto,Compost y fertilizante orgánico preparado localmente por agricultores en San Pedro Sacatepéquez.
Semilla de Maíz de San Antonio Sacatepéquez,Nacional,Variedad de semilla de maíz adaptada localmente al suelo y clima de San Antonio Sacatepéquez.
Semilla de Frijol de San Antonio Sacatepéquez,Nacional,Semilla criolla de frijol negro seleccionada para el cultivo en San Antonio Sacatepéquez.
Abono Orgánico de San Antonio Sacatepéquez,Mixto,Compost y fertilizante orgánico preparado localmente por agricultores en San Antonio Sacatepéquez.
Semilla de Maíz de Comitancillo,Nacional,Variedad de semilla de maíz adaptada localmente al suelo y clima de Comitancillo.
Semilla de Frijol de Comitancillo,Nacional,Semilla criolla de frijol negro seleccionada para el cultivo en Comitancillo.
Abono Orgánico de Comitancillo,Mixto,Compost y fertilizante orgánico preparado localmente por agricultores en Comitancillo.
Semilla de Maíz de San Miguel Ixtahuacán,Nacional,Variedad de semilla de maíz adaptada localmente al suelo y clima de San Miguel Ixtahuacán.
Semilla de Frijol de San Miguel Ixtahuacán,Nacional,Semilla criolla de frijol negro seleccionada para el cultivo en San Miguel Ixtahuacán.
Abono Orgánico de San Miguel Ixtahuacán,Mixto,Compost y fertilizante orgánico preparado localmente por agricultores en San Miguel Ixtahuacán.
Semilla de Maíz de Concepción Tutuapa,Nacional,Variedad de semilla de maíz adaptada localmente al suelo y clima de Concepción Tutuapa.
Semilla de Frijol de Concepción Tutuapa,Nacional,Semilla criolla de frijol negro seleccionada para el cultivo en Concepción Tutuapa.
Abono Orgánico de Concepción Tutuapa,Mixto,Compost y fertilizante orgánico preparado localmente por agricultores en Concepción Tutuapa.
Semilla de Maíz de Tacaná,Nacional,Variedad de semilla de maíz adaptada localmente al suelo y clima de Tacaná.
Semilla de Frijol de Tacaná,Nacional,Semilla criolla de frijol negro seleccionada para el cultivo en Tacaná.
Abono Orgánico de Tacaná,Mixto,Compost y fertilizante orgánico preparado localmente por agricultores en Tacaná.
Semilla de Maíz de Sibinal,Nacional,Variedad de semilla de maíz adaptada localmente al suelo y clima de Sibinal.
Semilla de Frijol de Sibinal,Nacional,Semilla criolla de frijol negro seleccionada para el cultivo en Sibinal.
Abono Orgánico de Sibinal,Mixto,Compost y fertilizante orgánico preparado localmente por agricultores en Sibinal.
Semilla de Maíz de Tajumulco,Nacional,Variedad de semilla de maíz adaptada localmente al suelo y clima de Tajumulco.
Semilla de Frijol de Tajumulco,Nacional,Semilla criolla de frijol negro seleccionada para el cultivo en Tajumulco.
Abono Orgánico de Tajumulco,Mixto,Compost y fertilizante orgánico preparado localmente por agricultores en Tajumulco.
Semilla de Maíz de Tejutla,Nacional,Variedad de semilla de maíz adaptada localmente al suelo y clima de Tejutla.
Semilla de Frijol de Tejutla,Nacional,Semilla criolla de frijol negro seleccionada para el cultivo en Tejutla.
Abono Orgánico de Tejutla,Mixto,Compost y fertilizante orgánico preparado localmente por agricultores en Tejutla.
Semilla de Maíz de San Rafael Pie de la Cuesta,Nacional,Variedad de semilla de maíz adaptada localmente al suelo y clima de San Rafael Pie de la Cuesta.
Semilla de Frijol de San Rafael Pie de la Cuesta,Nacional,Semilla criolla de frijol negro seleccionada para el cultivo en San Rafael Pie de la Cuesta.
Abono Orgánico de San Rafael Pie de la Cuesta,Mixto,Compost y fertilizante orgánico preparado localmente por agricultores en San Rafael Pie de la Cuesta.
Semilla de Maíz de Nuevo Progreso,Nacional,Variedad de semilla de maíz adaptada localmente al suelo y clima de Nuevo Progreso.
Semilla de Frijol de Nuevo Progreso,Nacional,Semilla criolla de frijol negro seleccionada para el cultivo en Nuevo Progreso.
Abono Orgánico de Nuevo Progreso,Mixto,Compost y fertilizante orgánico preparado localmente por agricultores en Nuevo Progreso.
Semilla de Maíz de El Tumbador,Nacional,Variedad de semilla de maíz adaptada localmente al suelo y clima de El Tumbador.
Semilla de Frijol de El Tumbador,Nacional,Semilla criolla de frijol negro seleccionada para el cultivo en El Tumbador.
Abono Orgánico de El Tumbador,Mixto,Compost y fertilizante orgánico preparado localmente por agricultores en El Tumbador.
Semilla de Maíz de El Rodeo,Nacional,Variedad de semilla de maíz adaptada localmente al suelo y clima de El Rodeo.
Semilla de Frijol de El Rodeo,Nacional,Semilla criolla de frijol negro seleccionada para el cultivo en El Rodeo.
Abono Orgánico de El Rodeo,Mixto,Compost y fertilizante orgánico preparado localmente por agricultores en El Rodeo.
Semilla de Maíz de Malacatán,Nacional,Variedad de semilla de maíz adaptada localmente al suelo y clima de Malacatán.
Semilla de Frijol de Malacatán,Nacional,Semilla criolla de frijol negro seleccionada para el cultivo en Malacatán.
Abono Orgánico de Malacatán,Mixto,Compost y fertilizante orgánico preparado localmente por agricultores en Malacatán.
Semilla de Maíz de Catarina,Nacional,Variedad de semilla de maíz adaptada localmente al suelo y clima de Catarina.
Semilla de Frijol de Catarina,Nacional,Semilla criolla de frijol negro seleccionada para el cultivo en Catarina.
Abono Orgánico de Catarina,Mixto,Compost y fertilizante orgánico preparado localmente por agricultores en Catarina.
Semilla de Maíz de Ayutla,Nacional,Variedad de semilla de maíz adaptada localmente al suelo y clima de Ayutla.
Semilla de Frijol de Ayutla,Nacional,Semilla criolla de frijol negro seleccionada para el cultivo en Ayutla.
Abono Orgánico de Ayutla,Mixto,Compost y fertilizante orgánico preparado localmente por agricultores en Ayutla.
Semilla de Maíz de Ocós,Nacional,Variedad de semilla de maíz adaptada localmente al suelo y clima de Ocós.
Semilla de Frijol de Ocós,Nacional,Semilla criolla de frijol negro seleccionada para el cultivo en Ocós.
Abono Orgánico de Ocós,Mixto,Compost y fertilizante orgánico preparado localmente por agricultores en Ocós.
Semilla de Maíz de San Pablo,Nacional,Variedad de semilla de maíz adaptada localmente al suelo y clima de San Pablo.
Semilla de Frijol de San Pablo,Nacional,Semilla criolla de frijol negro seleccionada para el cultivo en San Pablo.
Abono Orgánico de San Pablo,Mixto,Compost y fertilizante orgánico preparado localmente por agricultores en San Pablo.
Semilla de Maíz de El Quetzal,Nacional,Variedad de semilla de maíz adaptada localmente al suelo y clima de El Quetzal.
Semilla de Frijol de El Quetzal,Nacional,Semilla criolla de frijol negro seleccionada para el cultivo en El Quetzal.
Abono Orgánico de El Quetzal,Mixto,Compost y fertilizante orgánico preparado localmente por agricultores en El Quetzal.
Semilla de Maíz de La Reforma,Nacional,Variedad de semilla de maíz adaptada localmente al suelo y clima de La Reforma.
Semilla de Frijol de La Reforma,Nacional,Semilla criolla de frijol negro seleccionada para el cultivo en La Reforma.
Abono Orgánico de La Reforma,Mixto,Compost y fertilizante orgánico preparado localmente por agricultores en La Reforma.
Semilla de Maíz de Pajapita,Nacional,Variedad de semilla de maíz adaptada localmente al suelo y clima de Pajapita.
Semilla de Frijol de Pajapita,Nacional,Semilla criolla de frijol negro seleccionada para el cultivo en Pajapita.
Abono Orgánico de Pajapita,Mixto,Compost y fertilizante orgánico preparado localmente por agricultores en Pajapita.
Semilla de Maíz de Ixchiguán,Nacional,Variedad de semilla de maíz adaptada localmente al suelo y clima de Ixchiguán.
Semilla de Frijol de Ixchiguán,Nacional,Semilla criolla de frijol negro seleccionada para el cultivo en Ixchiguán.
Abono Orgánico de Ixchiguán,Mixto,Compost y fertilizante orgánico preparado localmente por agricultores en Ixchiguán.
Semilla de Maíz de San José Ojetenam,Nacional,Variedad de semilla de maíz adaptada localmente al suelo y clima de San José Ojetenam.
Semilla de Frijol de San José Ojetenam,Nacional,Semilla criolla de frijol negro seleccionada para el cultivo en San José Ojetenam.
Abono Orgánico de San José Ojetenam,Mixto,Compost y fertilizante orgánico preparado localmente por agricultores en San José Ojetenam.
Semilla de Maíz de San Cristóbal Cucho,Nacional,Variedad de semilla de maíz adaptada localmente al suelo y clima de San Cristóbal Cucho.
Semilla de Frijol de San Cristóbal Cucho,Nacional,Semilla criolla de frijol negro seleccionada para el cultivo en San Cristóbal Cucho.
Abono Orgánico de San Cristóbal Cucho,Mixto,Compost y fertilizante orgánico preparado localmente por agricultores en San Cristóbal Cucho.
Semilla de Maíz de Sipacapa,Nacional,Variedad de semilla de maíz adaptada localmente al suelo y clima de Sipacapa.
Semilla de Frijol de Sipacapa,Nacional,Semilla criolla de frijol negro seleccionada para el cultivo en Sipacapa.
Abono Orgánico de Sipacapa,Mixto,Compost y fertilizante orgánico preparado localmente por agricultores en Sipacapa.
Semilla de Maíz de Esquipulas Palo Gordo,Nacional,Variedad de semilla de maíz adaptada localmente al suelo y clima de Esquipulas Palo Gordo.
Semilla de Frijol de Esquipulas Palo Gordo,Nacional,Semilla criolla de frijol negro seleccionada para el cultivo en Esquipulas Palo Gordo.
Abono Orgánico de Esquipulas Palo Gordo,Mixto,Compost y fertilizante orgánico preparado localmente por agricultores en Esquipulas Palo Gordo.
Semilla de Maíz de Río Blanco,Nacional,Variedad de semilla de maíz adaptada localmente al suelo y clima de Río Blanco.
Semilla de Frijol de Río Blanco,Nacional,Semilla criolla de frijol negro seleccionada para el cultivo en Río Blanco.
Abono Orgánico de Río Blanco,Mixto,Compost y fertilizante orgánico preparado localmente por agricultores en Río Blanco.
Semilla de Maíz de San Lorenzo,Nacional,Variedad de semilla de maíz adaptada localmente al suelo y clima de San Lorenzo.
Semilla de Frijol de San Lorenzo,Nacional,Semilla criolla de frijol negro seleccionada para el cultivo en San Lorenzo.
Abono Orgánico de San Lorenzo,Mixto,Compost y fertilizante orgánico preparado localmente por agricultores en San Lorenzo.
Semilla de Maíz de La Blanca,Nacional,Variedad de semilla de maíz adaptada localmente al suelo y clima de La Blanca.
Semilla de Frijol de La Blanca,Nacional,Semilla criolla de frijol negro seleccionada para el cultivo en La Blanca.
Abono Orgánico de La Blanca,Mixto,Compost y fertilizante orgánico preparado localmente por agricultores en La Blanca.
Semilla de Maíz de Huehuetenango,Nacional,Variedad de semilla de maíz adaptada localmente al suelo y clima de Huehuetenango.
Semilla de Frijol de Huehuetenango,Nacional,Semilla criolla de frijol negro seleccionada para el cultivo en Huehuetenango.
Abono Orgánico de Huehuetenango,Mixto,Compost y fertilizante orgánico preparado localmente por agricultores en Huehuetenango.
Semilla de Maíz de Chiantla,Nacional,Variedad de semilla de maíz adaptada localmente al suelo y clima de Chiantla.
Semilla de Frijol de Chiantla,Nacional,Semilla criolla de frijol negro seleccionada para el cultivo en Chiantla.
Abono Orgánico de Chiantla,Mixto,Compost y fertilizante orgánico preparado localmente por agricultores en Chiantla.
Semilla de Maíz de Malacatancito,Nacional,Variedad de semilla de maíz adaptada localmente al suelo y clima de Malacatancito.
Semilla de Frijol de Malacatancito,Nacional,Semilla criolla de frijol negro seleccionada para el cultivo en Malacatancito.
Abono Orgánico de Malacatancito,Mixto,Compost y fertilizante orgánico preparado localmente por agricultores en Malacatancito.
Semilla de Maíz de Cuilco,Nacional,Variedad de semilla de maíz adaptada localmente al suelo y clima de Cuilco.
Semilla de Frijol de Cuilco,Nacional,Semilla criolla de frijol negro seleccionada para el cultivo en Cuilco.
Abono Orgánico de Cuilco,Mixto,Compost y fertilizante orgánico preparado localmente por agricultores en Cuilco.
Semilla de Maíz de Nentón,Nacional,Variedad de semilla de maíz adaptada localmente al suelo y clima de Nentón.
Semilla de Frijol de Nentón,Nacional,Semilla criolla de frijol negro seleccionada para el cultivo en Nentón.
Abono Orgánico de Nentón,Mixto,Compost y fertilizante orgánico preparado localmente por agricultores en Nentón.
Semilla de Maíz de San Pedro Necta,Nacional,Variedad de semilla de maíz adaptada localmente al suelo y clima de San Pedro Necta.
Semilla de Frijol de San Pedro Necta,Nacional,Semilla criolla de frijol negro seleccionada para el cultivo en San Pedro Necta.
Abono Orgánico de San Pedro Necta,Mixto,Compost y fertilizante orgánico preparado localmente por agricultores en San Pedro Necta.
Semilla de Maíz de Jacaltenango,Nacional,Variedad de semilla de maíz adaptada localmente al suelo y clima de Jacaltenango.
Semilla de Frijol de Jacaltenango,Nacional,Semilla criolla de frijol negro seleccionada para el cultivo en Jacaltenango.
Abono Orgánico de Jacaltenango,Mixto,Compost y fertilizante orgánico preparado localmente por agricultores en Jacaltenango.
Semilla de Maíz de Soloma,Nacional,Variedad de semilla de maíz adaptada localmente al suelo y clima de Soloma.
Semilla de Frijol de Soloma,Nacional,Semilla criolla de frijol negro seleccionada para el cultivo en Soloma.
Abono Orgánico de Soloma,Mixto,Compost y fertilizante orgánico preparado localmente por agricultores en Soloma.
Semilla de Maíz de Ixtahuacán,Nacional,Variedad de semilla de maíz adaptada localmente al suelo y clima de Ixtahuacán.
Semilla de Frijol de Ixtahuacán,Nacional,Semilla criolla de frijol negro seleccionada para el cultivo en Ixtahuacán.
Abono Orgánico de Ixtahuacán,Mixto,Compost y fertilizante orgánico preparado localmente por agricultores en Ixtahuacán.
Semilla de Maíz de Santa Bárbara,Nacional,Variedad de semilla de maíz adaptada localmente al suelo y clima de Santa Bárbara.
Semilla de Frijol de Santa Bárbara,Nacional,Semilla criolla de frijol negro seleccionada para el cultivo en Santa Bárbara.
Abono Orgánico de Santa Bárbara,Mixto,Compost y fertilizante orgánico preparado localmente por agricultores en Santa Bárbara.
Semilla de Maíz de La Libertad,Nacional,Variedad de semilla de maíz adaptada localmente al suelo y clima de La Libertad.
Semilla de Frijol de La Libertad,Nacional,Semilla criolla de frijol negro seleccionada para el cultivo en La Libertad.
Abono Orgánico de La Libertad,Mixto,Compost y fertilizante orgánico preparado localmente por agricultores en La Libertad.
Semilla de Maíz de La Democracia,Nacional,Variedad de semilla de maíz adaptada localmente al suelo y clima de La Democracia.
Semilla de Frijol de La Democracia,Nacional,Semilla criolla de frijol negro seleccionada para el cultivo en La Democracia.
Abono Orgánico de La Democracia,Mixto,Compost y fertilizante orgánico preparado localmente por agricultores en La Democracia.
Semilla de Maíz de San Miguel Acatán,Nacional,Variedad de semilla de maíz adaptada localmente al suelo y clima de San Miguel Acatán.
Semilla de Frijol de San Miguel Acatán,Nacional,Semilla criolla de frijol negro seleccionada para el cultivo en San Miguel Acatán.
Abono Orgánico de San Miguel Acatán,Mixto,Compost y fertilizante orgánico preparado localmente por agricultores en San Miguel Acatán.
Semilla de Maíz de San Rafael La Independencia,Nacional,Variedad de semilla de maíz adaptada localmente al suelo y clima de San Rafael La Independencia.
Semilla de Frijol de San Rafael La Independencia,Nacional,Semilla criolla de frijol negro seleccionada para el cultivo en San Rafael La Independencia.
Abono Orgánico de San Rafael La Independencia,Mixto,Compost y fertilizante orgánico preparado localmente por agricultores en San Rafael La Independencia.
Semilla de Maíz de Todos Santos Cuchumatán,Nacional,Variedad de semilla de maíz adaptada localmente al suelo y clima de Todos Santos Cuchumatán.
Semilla de Frijol de Todos Santos Cuchumatán,Nacional,Semilla criolla de frijol negro seleccionada para el cultivo en Todos Santos Cuchumatán.
Abono Orgánico de Todos Santos Cuchumatán,Mixto,Compost y fertilizante orgánico preparado localmente por agricultores en Todos Santos Cuchumatán.
Semilla de Maíz de San Juan Atitán,Nacional,Variedad de semilla de maíz adaptada localmente al suelo y clima de San Juan Atitán.
Semilla de Frijol de San Juan Atitán,Nacional,Semilla criolla de frijol negro seleccionada para el cultivo en San Juan Atitán.
Abono Orgánico de San Juan Atitán,Mixto,Compost y fertilizante orgánico preparado localmente por agricultores en San Juan Atitán.
Semilla de Maíz de Santa Eulalia,Nacional,Variedad de semilla de maíz adaptada localmente al suelo y clima de Santa Eulalia.
Semilla de Frijol de Santa Eulalia,Nacional,Semilla criolla de frijol negro seleccionada para el cultivo en Santa Eulalia.
Abono Orgánico de Santa Eulalia,Mixto,Compost y fertilizante orgánico preparado localmente por agricultores en Santa Eulalia.
Semilla de Maíz de San Mateo Ixtatán,Nacional,Variedad de semilla de maíz adaptada localmente al suelo y clima de San Mateo Ixtatán.
Semilla de Frijol de San Mateo Ixtatán,Nacional,Semilla criolla de frijol negro seleccionada para el cultivo en San Mateo Ixtatán.
Abono Orgánico de San Mateo Ixtatán,Mixto,Compost y fertilizante orgánico preparado localmente por agricultores en San Mateo Ixtatán.
Semilla de Maíz de Colotenango,Nacional,Variedad de semilla de maíz adaptada localmente al suelo y clima de Colotenango.
Semilla de Frijol de Colotenango,Nacional,Semilla criolla de frijol negro seleccionada para el cultivo en Colotenango.
Abono Orgánico de Colotenango,Mixto,Compost y fertilizante orgánico preparado localmente por agricultores en Colotenango.
Semilla de Maíz de San Sebastián Huehuetenango,Nacional,Variedad de semilla de maíz adaptada localmente al suelo y clima de San Sebastián Huehuetenango.
Semilla de Frijol de San Sebastián Huehuetenango,Nacional,Semilla criolla de frijol negro seleccionada para el cultivo en San Sebastián Huehuetenango.
Abono Orgánico de San Sebastián Huehuetenango,Mixto,Compost y fertilizante orgánico preparado localmente por agricultores en San Sebastián Huehuetenango.
Semilla de Maíz de Tectitán,Nacional,Variedad de semilla de maíz adaptada localmente al suelo y clima de Tectitán.
Semilla de Frijol de Tectitán,Nacional,Semilla criolla de frijol negro seleccionada para el cultivo en Tectitán.
Abono Orgánico de Tectitán,Mixto,Compost y fertilizante orgánico preparado localmente por agricultores en Tectitán.
Semilla de Maíz de Concepción Huista,Nacional,Variedad de semilla de maíz adaptada localmente al suelo y clima de Concepción Huista.
Semilla de Frijol de Concepción Huista,Nacional,Semilla criolla de frijol negro seleccionada para el cultivo en Concepción Huista.
Abono Orgánico de Concepción Huista,Mixto,Compost y fertilizante orgánico preparado localmente por agricultores en Concepción Huista.
Semilla de Maíz de San Juan Ixcoy,Nacional,Variedad de semilla de maíz adaptada localmente al suelo y clima de San Juan Ixcoy.
Semilla de Frijol de San Juan Ixcoy,Nacional,Semilla criolla de frijol negro seleccionada para el cultivo en San Juan Ixcoy.
Abono Orgánico de San Juan Ixcoy,Mixto,Compost y fertilizante orgánico preparado localmente por agricultores en San Juan Ixcoy.
Semilla de Maíz de San Antonio Huista,Nacional,Variedad de semilla de maíz adaptada localmente al suelo y clima de San Antonio Huista.
Semilla de Frijol de San Antonio Huista,Nacional,Semilla criolla de frijol negro seleccionada para el cultivo en San Antonio Huista.
Abono Orgánico de San Antonio Huista,Mixto,Compost y fertilizante orgánico preparado localmente por agricultores en San Antonio Huista.
Semilla de Maíz de San Sebastián Coatán,Nacional,Variedad de semilla de maíz adaptada localmente al suelo y clima de San Sebastián Coatán.
Semilla de Frijol de San Sebastián Coatán,Nacional,Semilla criolla de frijol negro seleccionada para el cultivo en San Sebastián Coatán.
Abono Orgánico de San Sebastián Coatán,Mixto,Compost y fertilizante orgánico preparado localmente por agricultores en San Sebastián Coatán.
Semilla de Maíz de Barillas,Nacional,Variedad de semilla de maíz adaptada localmente al suelo y clima de Barillas.
Semilla de Frijol de Barillas,Nacional,Semilla criolla de frijol negro seleccionada para el cultivo en Barillas.
Abono Orgánico de Barillas,Mixto,Compost y fertilizante orgánico preparado localmente por agricultores en Barillas.
Semilla de Maíz de Aguacatán,Nacional,Variedad de semilla de maíz adaptada localmente al suelo y clima de Aguacatán.
Semilla de Frijol de Aguacatán,Nacional,Semilla criolla de frijol negro seleccionada para el cultivo en Aguacatán.
Abono Orgánico de Aguacatán,Mixto,Compost y fertilizante orgánico preparado localmente por agricultores en Aguacatán.
Semilla de Maíz de San Rafael Petzal,Nacional,Variedad de semilla de maíz adaptada localmente al suelo y clima de San Rafael Petzal.
Semilla de Frijol de San Rafael Petzal,Nacional,Semilla criolla de frijol negro seleccionada para el cultivo en San Rafael Petzal.
Abono Orgánico de San Rafael Petzal,Mixto,Compost y fertilizante orgánico preparado localmente por agricultores en San Rafael Petzal.
Semilla de Maíz de San Gaspar Ixchil,Nacional,Variedad de semilla de maíz adaptada localmente al suelo y clima de San Gaspar Ixchil.
Semilla de Frijol de San Gaspar Ixchil,Nacional,Semilla criolla de frijol negro seleccionada para el cultivo en San Gaspar Ixchil.
Abono Orgánico de San Gaspar Ixchil,Mixto,Compost y fertilizante orgánico preparado localmente por agricultores en San Gaspar Ixchil.
Semilla de Maíz de Santiago Chimaltenango,Nacional,Variedad de semilla de maíz adaptada localmente al suelo y clima de Santiago Chimaltenango.
Semilla de Frijol de Santiago Chimaltenango,Nacional,Semilla criolla de frijol negro seleccionada para el cultivo en Santiago Chimaltenango.
Abono Orgánico de Santiago Chimaltenango,Mixto,Compost y fertilizante orgánico preparado localmente por agricultores en Santiago Chimaltenango.
Semilla de Maíz de Santa Ana Huista,Nacional,Variedad de semilla de maíz adaptada localmente al suelo y clima de Santa Ana Huista.
Semilla de Frijol de Santa Ana Huista,Nacional,Semilla criolla de frijol negro seleccionada para el cultivo en Santa Ana Huista.
Abono Orgánico de Santa Ana Huista,Mixto,Compost y fertilizante orgánico preparado localmente por agricultores en Santa Ana Huista.
Semilla de Maíz de Unión Cantinil,Nacional,Variedad de semilla de maíz adaptada localmente al suelo y clima de Unión Cantinil.
Semilla de Frijol de Unión Cantinil,Nacional,Semilla criolla de frijol negro seleccionada para el cultivo en Unión Cantinil.
Abono Orgánico de Unión Cantinil,Mixto,Compost y fertilizante orgánico preparado localmente por agricultores en Unión Cantinil.
Semilla de Maíz de Petatán,Nacional,Variedad de semilla de maíz adaptada localmente al suelo y clima de Petatán.
Semilla de Frijol de Petatán,Nacional,Semilla criolla de frijol negro seleccionada para el cultivo en Petatán.
Abono Orgánico de Petatán,Mixto,Compost y fertilizante orgánico preparado localmente por agricultores en Petatán.
Semilla de Maíz de Santa Cruz del Quiché,Nacional,Variedad de semilla de maíz adaptada localmente al suelo y clima de Santa Cruz del Quiché.
Semilla de Frijol de Santa Cruz del Quiché,Nacional,Semilla criolla de frijol negro seleccionada para el cultivo en Santa Cruz del Quiché.
Abono Orgánico de Santa Cruz del Quiché,Mixto,Compost y fertilizante orgánico preparado localmente por agricultores en Santa Cruz del Quiché.
Semilla de Maíz de Chiché,Nacional,Variedad de semilla de maíz adaptada localmente al suelo y clima de Chiché.
Semilla de Frijol de Chiché,Nacional,Semilla criolla de frijol negro seleccionada para el cultivo en Chiché.
Abono Orgánico de Chiché,Mixto,Compost y fertilizante orgánico preparado localmente por agricultores en Chiché.
Semilla de Maíz de Chinique,Nacional,Variedad de semilla de maíz adaptada localmente al suelo y clima de Chinique.
Semilla de Frijol de Chinique,Nacional,Semilla criolla de frijol negro seleccionada para el cultivo en Chinique.
Abono Orgánico de Chinique,Mixto,Compost y fertilizante orgánico preparado localmente por agricultores en Chinique.
Semilla de Maíz de Zacualpa,Nacional,Variedad de semilla de maíz adaptada localmente al suelo y clima de Zacualpa.
Semilla de Frijol de Zacualpa,Nacional,Semilla criolla de frijol negro seleccionada para el cultivo en Zacualpa.
Abono Orgánico de Zacualpa,Mixto,Compost y fertilizante orgánico preparado localmente por agricultores en Zacualpa.
Semilla de Maíz de Chajul,Nacional,Variedad de semilla de maíz adaptada localmente al suelo y clima de Chajul.
Semilla de Frijol de Chajul,Nacional,Semilla criolla de frijol negro seleccionada para el cultivo en Chajul.
Abono Orgánico de Chajul,Mixto,Compost y fertilizante orgánico preparado localmente por agricultores en Chajul.
Semilla de Maíz de Chichicastenango,Nacional,Variedad de semilla de maíz adaptada localmente al suelo y clima de Chichicastenango.
Semilla de Frijol de Chichicastenango,Nacional,Semilla criolla de frijol negro seleccionada para el cultivo en Chichicastenango.
Abono Orgánico de Chichicastenango,Mixto,Compost y fertilizante orgánico preparado localmente por agricultores en Chichicastenango.
Semilla de Maíz de Patzité,Nacional,Variedad de semilla de maíz adaptada localmente al suelo y clima de Patzité.
Semilla de Frijol de Patzité,Nacional,Semilla criolla de frijol negro seleccionada para el cultivo en Patzité.
Abono Orgánico de Patzité,Mixto,Compost y fertilizante orgánico preparado localmente por agricultores en Patzité.
Semilla de Maíz de San Antonio Ilotenango,Nacional,Variedad de semilla de maíz adaptada localmente al suelo y clima de San Antonio Ilotenango.
Semilla de Frijol de San Antonio Ilotenango,Nacional,Semilla criolla de frijol negro seleccionada para el cultivo en San Antonio Ilotenango.
Abono Orgánico de San Antonio Ilotenango,Mixto,Compost y fertilizante orgánico preparado localmente por agricultores en San Antonio Ilotenango.
Semilla de Maíz de San Pedro Jocopilas,Nacional,Variedad de semilla de maíz adaptada localmente al suelo y clima de San Pedro Jocopilas.
Semilla de Frijol de San Pedro Jocopilas,Nacional,Semilla criolla de frijol negro seleccionada para el cultivo en San Pedro Jocopilas.
Abono Orgánico de San Pedro Jocopilas,Mixto,Compost y fertilizante orgánico preparado localmente por agricultores en San Pedro Jocopilas.
Semilla de Maíz de Cunén,Nacional,Variedad de semilla de maíz adaptada localmente al suelo y clima de Cunén.
Semilla de Frijol de Cunén,Nacional,Semilla criolla de frijol negro seleccionada para el cultivo en Cunén.
Abono Orgánico de Cunén,Mixto,Compost y fertilizante orgánico preparado localmente por agricultores en Cunén.
Semilla de Maíz de San Juan Cotzal,Nacional,Variedad de semilla de maíz adaptada localmente al suelo y clima de San Juan Cotzal.
Semilla de Frijol de San Juan Cotzal,Nacional,Semilla criolla de frijol negro seleccionada para el cultivo en San Juan Cotzal.
Abono Orgánico de San Juan Cotzal,Mixto,Compost y fertilizante orgánico preparado localmente por agricultores en San Juan Cotzal.
Semilla de Maíz de Joyabaj,Nacional,Variedad de semilla de maíz adaptada localmente al suelo y clima de Joyabaj.
Semilla de Frijol de Joyabaj,Nacional,Semilla criolla de frijol negro seleccionada para el cultivo en Joyabaj.
Abono Orgánico de Joyabaj,Mixto,Compost y fertilizante orgánico preparado localmente por agricultores en Joyabaj.
Semilla de Maíz de Nebaj,Nacional,Variedad de semilla de maíz adaptada localmente al suelo y clima de Nebaj.
Semilla de Frijol de Nebaj,Nacional,Semilla criolla de frijol negro seleccionada para el cultivo en Nebaj.
Abono Orgánico de Nebaj,Mixto,Compost y fertilizante orgánico preparado localmente por agricultores en Nebaj.
Semilla de Maíz de San Andrés Sajcabajá,Nacional,Variedad de semilla de maíz adaptada localmente al suelo y clima de San Andrés Sajcabajá.
Semilla de Frijol de San Andrés Sajcabajá,Nacional,Semilla criolla de frijol negro seleccionada para el cultivo en San Andrés Sajcabajá.
Abono Orgánico de San Andrés Sajcabajá,Mixto,Compost y fertilizante orgánico preparado localmente por agricultores en San Andrés Sajcabajá.
Semilla de Maíz de Uspantán,Nacional,Variedad de semilla de maíz adaptada localmente al suelo y clima de Uspantán.
Semilla de Frijol de Uspantán,Nacional,Semilla criolla de frijol negro seleccionada para el cultivo en Uspantán.
Abono Orgánico de Uspantán,Mixto,Compost y fertilizante orgánico preparado localmente por agricultores en Uspantán.
Semilla de Maíz de Sacapulas,Nacional,Variedad de semilla de maíz adaptada localmente al suelo y clima de Sacapulas.
Semilla de Frijol de Sacapulas,Nacional,Semilla criolla de frijol negro seleccionada para el cultivo en Sacapulas.
Abono Orgánico de Sacapulas,Mixto,Compost y fertilizante orgánico preparado localmente por agricultores en Sacapulas.
Semilla de Maíz de San Bartolomé Jocotenango,Nacional,Variedad de semilla de maíz adaptada localmente al suelo y clima de San Bartolomé Jocotenango.
Semilla de Frijol de San Bartolomé Jocotenango,Nacional,Semilla criolla de frijol negro seleccionada para el cultivo en San Bartolomé Jocotenango.
Abono Orgánico de San Bartolomé Jocotenango,Mixto,Compost y fertilizante orgánico preparado localmente por agricultores en San Bartolomé Jocotenango.
Semilla de Maíz de Canillá,Nacional,Variedad de semilla de maíz adaptada localmente al suelo y clima de Canillá.
Semilla de Frijol de Canillá,Nacional,Semilla criolla de frijol negro seleccionada para el cultivo en Canillá.
Abono Orgánico de Canillá,Mixto,Compost y fertilizante orgánico preparado localmente por agricultores en Canillá.
Semilla de Maíz de Chicamán,Nacional,Variedad de semilla de maíz adaptada localmente al suelo y clima de Chicamán.
Semilla de Frijol de Chicamán,Nacional,Semilla criolla de frijol negro seleccionada para el cultivo en Chicamán.
Abono Orgánico de Chicamán,Mixto,Compost y fertilizante orgánico preparado localmente por agricultores en Chicamán.
Semilla de Maíz de Ixcán,Nacional,Variedad de semilla de maíz adaptada localmente al suelo y clima de Ixcán.
Semilla de Frijol de Ixcán,Nacional,Semilla criolla de frijol negro seleccionada para el cultivo en Ixcán.
Abono Orgánico de Ixcán,Mixto,Compost y fertilizante orgánico preparado localmente por agricultores en Ixcán.
Semilla de Maíz de Pachalum,Nacional,Variedad de semilla de maíz adaptada localmente al suelo y clima de Pachalum.
Semilla de Frijol de Pachalum,Nacional,Semilla criolla de frijol negro seleccionada para el cultivo en Pachalum.
Abono Orgánico de Pachalum,Mixto,Compost y fertilizante orgánico preparado localmente por agricultores en Pachalum.
Semilla de Maíz de Salamá,Nacional,Variedad de semilla de maíz adaptada localmente al suelo y clima de Salamá.
Semilla de Frijol de Salamá,Nacional,Semilla criolla de frijol negro seleccionada para el cultivo en Salamá.
Abono Orgánico de Salamá,Mixto,Compost y fertilizante orgánico preparado localmente por agricultores en Salamá.
Semilla de Maíz de San Miguel Chicaj,Nacional,Variedad de semilla de maíz adaptada localmente al suelo y clima de San Miguel Chicaj.
Semilla de Frijol de San Miguel Chicaj,Nacional,Semilla criolla de frijol negro seleccionada para el cultivo en San Miguel Chicaj.
Abono Orgánico de San Miguel Chicaj,Mixto,Compost y fertilizante orgánico preparado localmente por agricultores en San Miguel Chicaj.
Semilla de Maíz de Rabinal,Nacional,Variedad de semilla de maíz adaptada localmente al suelo y clima de Rabinal.
Semilla de Frijol de Rabinal,Nacional,Semilla criolla de frijol negro seleccionada para el cultivo en Rabinal.
Abono Orgánico de Rabinal,Mixto,Compost y fertilizante orgánico preparado localmente por agricultores en Rabinal.
Semilla de Maíz de Cubulco,Nacional,Variedad de semilla de maíz adaptada localmente al suelo y clima de Cubulco.
Semilla de Frijol de Cubulco,Nacional,Semilla criolla de frijol negro seleccionada para el cultivo en Cubulco.
Abono Orgánico de Cubulco,Mixto,Compost y fertilizante orgánico preparado localmente por agricultores en Cubulco.
Semilla de Maíz de Granados,Nacional,Variedad de semilla de maíz adaptada localmente al suelo y clima de Granados.
Semilla de Frijol de Granados,Nacional,Semilla criolla de frijol negro seleccionada para el cultivo en Granados.
Abono Orgánico de Granados,Mixto,Compost y fertilizante orgánico preparado localmente por agricultores en Granados.
Semilla de Maíz de El Chol,Nacional,Variedad de semilla de maíz adaptada localmente al suelo y clima de El Chol.
Semilla de Frijol de El Chol,Nacional,Semilla criolla de frijol negro seleccionada para el cultivo en El Chol.
Abono Orgánico de El Chol,Mixto,Compost y fertilizante orgánico preparado localmente por agricultores en El Chol.
Semilla de Maíz de San Jerónimo,Nacional,Variedad de semilla de maíz adaptada localmente al suelo y clima de San Jerónimo.
Semilla de Frijol de San Jerónimo,Nacional,Semilla criolla de frijol negro seleccionada para el cultivo en San Jerónimo.
Abono Orgánico de San Jerónimo,Mixto,Compost y fertilizante orgánico preparado localmente por agricultores en San Jerónimo.
Semilla de Maíz de Purulhá,Nacional,Variedad de semilla de maíz adaptada localmente al suelo y clima de Purulhá.
Semilla de Frijol de Purulhá,Nacional,Semilla criolla de frijol negro seleccionada para el cultivo en Purulhá.
Abono Orgánico de Purulhá,Mixto,Compost y fertilizante orgánico preparado localmente por agricultores en Purulhá.
Semilla de Maíz de Cobán,Nacional,Variedad de semilla de maíz adaptada localmente al suelo y clima de Cobán.
Semilla de Frijol de Cobán,Nacional,Semilla criolla de frijol negro seleccionada para el cultivo en Cobán.
Abono Orgánico de Cobán,Mixto,Compost y fertilizante orgánico preparado localmente por agricultores en Cobán.
Semilla de Maíz de Santa Cruz Verapaz,Nacional,Variedad de semilla de maíz adaptada localmente al suelo y clima de Santa Cruz Verapaz.
Semilla de Frijol de Santa Cruz Verapaz,Nacional,Semilla criolla de frijol negro seleccionada para el cultivo en Santa Cruz Verapaz.
Abono Orgánico de Santa Cruz Verapaz,Mixto,Compost y fertilizante orgánico preparado localmente por agricultores en Santa Cruz Verapaz.
Semilla de Maíz de San Cristóbal Verapaz,Nacional,Variedad de semilla de maíz adaptada localmente al suelo y clima de San Cristóbal Verapaz.
Semilla de Frijol de San Cristóbal Verapaz,Nacional,Semilla criolla de frijol negro seleccionada para el cultivo en San Cristóbal Verapaz.
Abono Orgánico de San Cristóbal Verapaz,Mixto,Compost y fertilizante orgánico preparado localmente por agricultores en San Cristóbal Verapaz.
Semilla de Maíz de Tactic,Nacional,Variedad de semilla de maíz adaptada localmente al suelo y clima de Tactic.
Semilla de Frijol de Tactic,Nacional,Semilla criolla de frijol negro seleccionada para el cultivo en Tactic.
Abono Orgánico de Tactic,Mixto,Compost y fertilizante orgánico preparado localmente por agricultores en Tactic.
Semilla de Maíz de Tamahú,Nacional,Variedad de semilla de maíz adaptada localmente al suelo y clima de Tamahú.
Semilla de Frijol de Tamahú,Nacional,Semilla criolla de frijol negro seleccionada para el cultivo en Tamahú.
Abono Orgánico de Tamahú,Mixto,Compost y fertilizante orgánico preparado localmente por agricultores en Tamahú.
Semilla de Maíz de Tucurú,Nacional,Variedad de semilla de maíz adaptada localmente al suelo y clima de Tucurú.
Semilla de Frijol de Tucurú,Nacional,Semilla criolla de frijol negro seleccionada para el cultivo en Tucurú.
Abono Orgánico de Tucurú,Mixto,Compost y fertilizante orgánico preparado localmente por agricultores en Tucurú.
Semilla de Maíz de Panzós,Nacional,Variedad de semilla de maíz adaptada localmente al suelo y clima de Panzós.
Semilla de Frijol de Panzós,Nacional,Semilla criolla de frijol negro seleccionada para el cultivo en Panzós.
Abono Orgánico de Panzós,Mixto,Compost y fertilizante orgánico preparado localmente por agricultores en Panzós.
Semilla de Maíz de Senahú,Nacional,Variedad de semilla de maíz adaptada localmente al suelo y clima de Senahú.
Semilla de Frijol de Senahú,Nacional,Semilla criolla de frijol negro seleccionada para el cultivo en Senahú.
Abono Orgánico de Senahú,Mixto,Compost y fertilizante orgánico preparado localmente por agricultores en Senahú.
Semilla de Maíz de San Pedro Carchá,Nacional,Variedad de semilla de maíz adaptada localmente al suelo y clima de San Pedro Carchá.
Semilla de Frijol de San Pedro Carchá,Nacional,Semilla criolla de frijol negro seleccionada para el cultivo en San Pedro Carchá.
Abono Orgánico de San Pedro Carchá,Mixto,Compost y fertilizante orgánico preparado localmente por agricultores en San Pedro Carchá.
Semilla de Maíz de San Juan Chamelco,Nacional,Variedad de semilla de maíz adaptada localmente al suelo y clima de San Juan Chamelco.
Semilla de Frijol de San Juan Chamelco,Nacional,Semilla criolla de frijol negro seleccionada para el cultivo en San Juan Chamelco.
Abono Orgánico de San Juan Chamelco,Mixto,Compost y fertilizante orgánico preparado localmente por agricultores en San Juan Chamelco.
Semilla de Maíz de Lanquín,Nacional,Variedad de semilla de maíz adaptada localmente al suelo y clima de Lanquín.
Semilla de Frijol de Lanquín,Nacional,Semilla criolla de frijol negro seleccionada para el cultivo en Lanquín.
Abono Orgánico de Lanquín,Mixto,Compost y fertilizante orgánico preparado localmente por agricultores en Lanquín.
Semilla de Maíz de Cahabón,Nacional,Variedad de semilla de maíz adaptada localmente al suelo y clima de Cahabón.
Semilla de Frijol de Cahabón,Nacional,Semilla criolla de frijol negro seleccionada para el cultivo en Cahabón.
Abono Orgánico de Cahabón,Mixto,Compost y fertilizante orgánico preparado localmente por agricultores en Cahabón.
Semilla de Maíz de Chisec,Nacional,Variedad de semilla de maíz adaptada localmente al suelo y clima de Chisec.
Semilla de Frijol de Chisec,Nacional,Semilla criolla de frijol negro seleccionada para el cultivo en Chisec.
Abono Orgánico de Chisec,Mixto,Compost y fertilizante orgánico preparado localmente por agricultores en Chisec.
Semilla de Maíz de Chahal,Nacional,Variedad de semilla de maíz adaptada localmente al suelo y clima de Chahal.
Semilla de Frijol de Chahal,Nacional,Semilla criolla de frijol negro seleccionada para el cultivo en Chahal.
Abono Orgánico de Chahal,Mixto,Compost y fertilizante orgánico preparado localmente por agricultores en Chahal.
Semilla de Maíz de Fray Bartolomé de Las Casas,Nacional,Variedad de semilla de maíz adaptada localmente al suelo y clima de Fray Bartolomé de Las Casas.
Semilla de Frijol de Fray Bartolomé de Las Casas,Nacional,Semilla criolla de frijol negro seleccionada para el cultivo en Fray Bartolomé de Las Casas.
Abono Orgánico de Fray Bartolomé de Las Casas,Mixto,Compost y fertilizante orgánico preparado localmente por agricultores en Fray Bartolomé de Las Casas.
Semilla de Maíz de Santa Catalina La Tinta,Nacional,Variedad de semilla de maíz adaptada localmente al suelo y clima de Santa Catalina La Tinta.
Semilla de Frijol de Santa Catalina La Tinta,Nacional,Semilla criolla de frijol negro seleccionada para el cultivo en Santa Catalina La Tinta.
Abono Orgánico de Santa Catalina La Tinta,Mixto,Compost y fertilizante orgánico preparado localmente por agricultores en Santa Catalina La Tinta.
Semilla de Maíz de Raxruhá,Nacional,Variedad de semilla de maíz adaptada localmente al suelo y clima de Raxruhá.
Semilla de Frijol de Raxruhá,Nacional,Semilla criolla de frijol negro seleccionada para el cultivo en Raxruhá.
Abono Orgánico de Raxruhá,Mixto,Compost y fertilizante orgánico preparado localmente por agricultores en Raxruhá.
Semilla de Maíz de Flores,Nacional,Variedad de semilla de maíz adaptada localmente al suelo y clima de Flores.
Semilla de Frijol de Flores,Nacional,Semilla criolla de frijol negro seleccionada para el cultivo en Flores.
Abono Orgánico de Flores,Mixto,Compost y fertilizante orgánico preparado localmente por agricultores en Flores.
Semilla de Maíz de San José,Nacional,Variedad de semilla de maíz adaptada localmente al suelo y clima de San José.
Semilla de Frijol de San José,Nacional,Semilla criolla de frijol negro seleccionada para el cultivo en San José.
Abono Orgánico de San José,Mixto,Compost y fertilizante orgánico preparado localmente por agricultores en San José.
Semilla de Maíz de San Benito,Nacional,Variedad de semilla de maíz adaptada localmente al suelo y clima de San Benito.
Semilla de Frijol de San Benito,Nacional,Semilla criolla de frijol negro seleccionada para el cultivo en San Benito.
Abono Orgánico de San Benito,Mixto,Compost y fertilizante orgánico preparado localmente por agricultores en San Benito.
Semilla de Maíz de San Andrés,Nacional,Variedad de semilla de maíz adaptada localmente al suelo y clima de San Andrés.
Semilla de Frijol de San Andrés,Nacional,Semilla criolla de frijol negro seleccionada para el cultivo en San Andrés.
Abono Orgánico de San Andrés,Mixto,Compost y fertilizante orgánico preparado localmente por agricultores en San Andrés.
Semilla de Maíz de La Libertad,Nacional,Variedad de semilla de maíz adaptada localmente al suelo y clima de La Libertad.
Semilla de Frijol de La Libertad,Nacional,Semilla criolla de frijol negro seleccionada para el cultivo en La Libertad.
Abono Orgánico de La Libertad,Mixto,Compost y fertilizante orgánico preparado localmente por agricultores en La Libertad.
Semilla de Maíz de San Francisco,Nacional,Variedad de semilla de maíz adaptada localmente al suelo y clima de San Francisco.
Semilla de Frijol de San Francisco,Nacional,Semilla criolla de frijol negro seleccionada para el cultivo en San Francisco.
Abono Orgánico de San Francisco,Mixto,Compost y fertilizante orgánico preparado localmente por agricultores en San Francisco.
Semilla de Maíz de Santa Ana,Nacional,Variedad de semilla de maíz adaptada localmente al suelo y clima de Santa Ana.
Semilla de Frijol de Santa Ana,Nacional,Semilla criolla de frijol negro seleccionada para el cultivo en Santa Ana.
Abono Orgánico de Santa Ana,Mixto,Compost y fertilizante orgánico preparado localmente por agricultores en Santa Ana.
Semilla de Maíz de Dolores,Nacional,Variedad de semilla de maíz adaptada localmente al suelo y clima de Dolores.
Semilla de Frijol de Dolores,Nacional,Semilla criolla de frijol negro seleccionada para el cultivo en Dolores.
Abono Orgánico de Dolores,Mixto,Compost y fertilizante orgánico preparado localmente por agricultores en Dolores.
Semilla de Maíz de San Luis,Nacional,Variedad de semilla de maíz adaptada localmente al suelo y clima de San Luis.
Semilla de Frijol de San Luis,Nacional,Semilla criolla de frijol negro seleccionada para el cultivo en San Luis.
Abono Orgánico de San Luis,Mixto,Compost y fertilizante orgánico preparado localmente por agricultores en San Luis.
Semilla de Maíz de Sayaxché,Nacional,Variedad de semilla de maíz adaptada localmente al suelo y clima de Sayaxché.
Semilla de Frijol de Sayaxché,Nacional,Semilla criolla de frijol negro seleccionada para el cultivo en Sayaxché.
Abono Orgánico de Sayaxché,Mixto,Compost y fertilizante orgánico preparado localmente por agricultores en Sayaxché.
Semilla de Maíz de Melchor de Mencos,Nacional,Variedad de semilla de maíz adaptada localmente al suelo y clima de Melchor de Mencos.
Semilla de Frijol de Melchor de Mencos,Nacional,Semilla criolla de frijol negro seleccionada para el cultivo en Melchor de Mencos.
Abono Orgánico de Melchor de Mencos,Mixto,Compost y fertilizante orgánico preparado localmente por agricultores en Melchor de Mencos.
Semilla de Maíz de Poptún,Nacional,Variedad de semilla de maíz adaptada localmente al suelo y clima de Poptún.
Semilla de Frijol de Poptún,Nacional,Semilla criolla de frijol negro seleccionada para el cultivo en Poptún.
Abono Orgánico de Poptún,Mixto,Compost y fertilizante orgánico preparado localmente por agricultores en Poptún.
Semilla de Maíz de Las Cruces,Nacional,Variedad de semilla de maíz adaptada localmente al suelo y clima de Las Cruces.
Semilla de Frijol de Las Cruces,Nacional,Semilla criolla de frijol negro seleccionada para el cultivo en Las Cruces.
Abono Orgánico de Las Cruces,Mixto,Compost y fertilizante orgánico preparado localmente por agricultores en Las Cruces.
Semilla de Maíz de El Chal,Nacional,Variedad de semilla de maíz adaptada localmente al suelo y clima de El Chal.
Semilla de Frijol de El Chal,Nacional,Semilla criolla de frijol negro seleccionada para el cultivo en El Chal.
Abono Orgánico de El Chal,Mixto,Compost y fertilizante orgánico preparado localmente por agricultores en El Chal.
Semilla de Maíz de Puerto Barrios,Nacional,Variedad de semilla de maíz adaptada localmente al suelo y clima de Puerto Barrios.
Semilla de Frijol de Puerto Barrios,Nacional,Semilla criolla de frijol negro seleccionada para el cultivo en Puerto Barrios.
Abono Orgánico de Puerto Barrios,Mixto,Compost y fertilizante orgánico preparado localmente por agricultores en Puerto Barrios.
Semilla de Maíz de Lívingston,Nacional,Variedad de semilla de maíz adaptada localmente al suelo y clima de Lívingston.
Semilla de Frijol de Lívingston,Nacional,Semilla criolla de frijol negro seleccionada para el cultivo en Lívingston.
Abono Orgánico de Lívingston,Mixto,Compost y fertilizante orgánico preparado localmente por agricultores en Lívingston.
Semilla de Maíz de El Estor,Nacional,Variedad de semilla de maíz adaptada localmente al suelo y clima de El Estor.
Semilla de Frijol de El Estor,Nacional,Semilla criolla de frijol negro seleccionada para el cultivo en El Estor.
Abono Orgánico de El Estor,Mixto,Compost y fertilizante orgánico preparado localmente por agricultores en El Estor.
Semilla de Maíz de Morales,Nacional,Variedad de semilla de maíz adaptada localmente al suelo y clima de Morales.
Semilla de Frijol de Morales,Nacional,Semilla criolla de frijol negro seleccionada para el cultivo en Morales.
Abono Orgánico de Morales,Mixto,Compost y fertilizante orgánico preparado localmente por agricultores en Morales.
Semilla de Maíz de Los Amates,Nacional,Variedad de semilla de maíz adaptada localmente al suelo y clima de Los Amates.
Semilla de Frijol de Los Amates,Nacional,Semilla criolla de frijol negro seleccionada para el cultivo en Los Amates.
Abono Orgánico de Los Amates,Mixto,Compost y fertilizante orgánico preparado localmente por agricultores en Los Amates.
Semilla de Maíz de Zacapa,Nacional,Variedad de semilla de maíz adaptada localmente al suelo y clima de Zacapa.
Semilla de Frijol de Zacapa,Nacional,Semilla criolla de frijol negro seleccionada para el cultivo en Zacapa.
Abono Orgánico de Zacapa,Mixto,Compost y fertilizante orgánico preparado localmente por agricultores en Zacapa.
Semilla de Maíz de Estanzuela,Nacional,Variedad de semilla de maíz adaptada localmente al suelo y clima de Estanzuela.
Semilla de Frijol de Estanzuela,Nacional,Semilla criolla de frijol negro seleccionada para el cultivo en Estanzuela.
Abono Orgánico de Estanzuela,Mixto,Compost y fertilizante orgánico preparado localmente por agricultores en Estanzuela.
Semilla de Maíz de Río Hondo,Nacional,Variedad de semilla de maíz adaptada localmente al suelo y clima de Río Hondo.
Semilla de Frijol de Río Hondo,Nacional,Semilla criolla de frijol negro seleccionada para el cultivo en Río Hondo.
Abono Orgánico de Río Hondo,Mixto,Compost y fertilizante orgánico preparado localmente por agricultores en Río Hondo.
Semilla de Maíz de Gualán,Nacional,Variedad de semilla de maíz adaptada localmente al suelo y clima de Gualán.
Semilla de Frijol de Gualán,Nacional,Semilla criolla de frijol negro seleccionada para el cultivo en Gualán.
Abono Orgánico de Gualán,Mixto,Compost y fertilizante orgánico preparado localmente por agricultores en Gualán.
Semilla de Maíz de Teculután,Nacional,Variedad de semilla de maíz adaptada localmente al suelo y clima de Teculután.
Semilla de Frijol de Teculután,Nacional,Semilla criolla de frijol negro seleccionada para el cultivo en Teculután.
Abono Orgánico de Teculután,Mixto,Compost y fertilizante orgánico preparado localmente por agricultores en Teculután.
Semilla de Maíz de Usumatlán,Nacional,Variedad de semilla de maíz adaptada localmente al suelo y clima de Usumatlán.
Semilla de Frijol de Usumatlán,Nacional,Semilla criolla de frijol negro seleccionada para el cultivo en Usumatlán.
Abono Orgánico de Usumatlán,Mixto,Compost y fertilizante orgánico preparado localmente por agricultores en Usumatlán.
Semilla de Maíz de Cabañas,Nacional,Variedad de semilla de maíz adaptada localmente al suelo y clima de Cabañas.
Semilla de Frijol de Cabañas,Nacional,Semilla criolla de frijol negro seleccionada para el cultivo en Cabañas.
Abono Orgánico de Cabañas,Mixto,Compost y fertilizante orgánico preparado localmente por agricultores en Cabañas.
Semilla de Maíz de San Diego,Nacional,Variedad de semilla de maíz adaptada localmente al suelo y clima de San Diego.
Semilla de Frijol de San Diego,Nacional,Semilla criolla de frijol negro seleccionada para el cultivo en San Diego.
Abono Orgánico de San Diego,Mixto,Compost y fertilizante orgánico preparado localmente por agricultores en San Diego.
Semilla de Maíz de La Unión,Nacional,Variedad de semilla de maíz adaptada localmente al suelo y clima de La Unión.
Semilla de Frijol de La Unión,Nacional,Semilla criolla de frijol negro seleccionada para el cultivo en La Unión.
Abono Orgánico de La Unión,Mixto,Compost y fertilizante orgánico preparado localmente por agricultores en La Unión.
Semilla de Maíz de Huité,Nacional,Variedad de semilla de maíz adaptada localmente al suelo y clima de Huité.
Semilla de Frijol de Huité,Nacional,Semilla criolla de frijol negro seleccionada para el cultivo en Huité.
Abono Orgánico de Huité,Mixto,Compost y fertilizante orgánico preparado localmente por agricultores en Huité.
Semilla de Maíz de San Jorge,Nacional,Variedad de semilla de maíz adaptada localmente al suelo y clima de San Jorge.
Semilla de Frijol de San Jorge,Nacional,Semilla criolla de frijol negro seleccionada para el cultivo en San Jorge.
Abono Orgánico de San Jorge,Mixto,Compost y fertilizante orgánico preparado localmente por agricultores en San Jorge.
Semilla de Maíz de Chiquimula,Nacional,Variedad de semilla de maíz adaptada localmente al suelo y clima de Chiquimula.
Semilla de Frijol de Chiquimula,Nacional,Semilla criolla de frijol negro seleccionada para el cultivo en Chiquimula.
Abono Orgánico de Chiquimula,Mixto,Compost y fertilizante orgánico preparado localmente por agricultores en Chiquimula.
Semilla de Maíz de San José La Arada,Nacional,Variedad de semilla de maíz adaptada localmente al suelo y clima de San José La Arada.
Semilla de Frijol de San José La Arada,Nacional,Semilla criolla de frijol negro seleccionada para el cultivo en San José La Arada.
Abono Orgánico de San José La Arada,Mixto,Compost y fertilizante orgánico preparado localmente por agricultores en San José La Arada.
Semilla de Maíz de San Juan Ermita,Nacional,Variedad de semilla de maíz adaptada localmente al suelo y clima de San Juan Ermita.
Semilla de Frijol de San Juan Ermita,Nacional,Semilla criolla de frijol negro seleccionada para el cultivo en San Juan Ermita.
Abono Orgánico de San Juan Ermita,Mixto,Compost y fertilizante orgánico preparado localmente por agricultores en San Juan Ermita.
Semilla de Maíz de Jocotán,Nacional,Variedad de semilla de maíz adaptada localmente al suelo y clima de Jocotán.
Semilla de Frijol de Jocotán,Nacional,Semilla criolla de frijol negro seleccionada para el cultivo en Jocotán.
Abono Orgánico de Jocotán,Mixto,Compost y fertilizante orgánico preparado localmente por agricultores en Jocotán.
Semilla de Maíz de Camotán,Nacional,Variedad de semilla de maíz adaptada localmente al suelo y clima de Camotán.
Semilla de Frijol de Camotán,Nacional,Semilla criolla de frijol negro seleccionada para el cultivo en Camotán.
Abono Orgánico de Camotán,Mixto,Compost y fertilizante orgánico preparado localmente por agricultores en Camotán.
Semilla de Maíz de Olopa,Nacional,Variedad de semilla de maíz adaptada localmente al suelo y clima de Olopa.
Semilla de Frijol de Olopa,Nacional,Semilla criolla de frijol negro seleccionada para el cultivo en Olopa.
Abono Orgánico de Olopa,Mixto,Compost y fertilizante orgánico preparado localmente por agricultores en Olopa.
Semilla de Maíz de Esquipulas,Nacional,Variedad de semilla de maíz adaptada localmente al suelo y clima de Esquipulas.
Semilla de Frijol de Esquipulas,Nacional,Semilla criolla de frijol negro seleccionada para el cultivo en Esquipulas.
Abono Orgánico de Esquipulas,Mixto,Compost y fertilizante orgánico preparado localmente por agricultores en Esquipulas.
Semilla de Maíz de Concepción Las Minas,Nacional,Variedad de semilla de maíz adaptada localmente al suelo y clima de Concepción Las Minas.
Semilla de Frijol de Concepción Las Minas,Nacional,Semilla criolla de frijol negro seleccionada para el cultivo en Concepción Las Minas.
Abono Orgánico de Concepción Las Minas,Mixto,Compost y fertilizante orgánico preparado localmente por agricultores en Concepción Las Minas.
Semilla de Maíz de Quezaltepeque,Nacional,Variedad de semilla de maíz adaptada localmente al suelo y clima de Quezaltepeque.
Semilla de Frijol de Quezaltepeque,Nacional,Semilla criolla de frijol negro seleccionada para el cultivo en Quezaltepeque.
Abono Orgánico de Quezaltepeque,Mixto,Compost y fertilizante orgánico preparado localmente por agricultores en Quezaltepeque.
Semilla de Maíz de San Jacinto,Nacional,Variedad de semilla de maíz adaptada localmente al suelo y clima de San Jacinto.
Semilla de Frijol de San Jacinto,Nacional,Semilla criolla de frijol negro seleccionada para el cultivo en San Jacinto.
Abono Orgánico de San Jacinto,Mixto,Compost y fertilizante orgánico preparado localmente por agricultores en San Jacinto.
Semilla de Maíz de Ipala,Nacional,Variedad de semilla de maíz adaptada localmente al suelo y clima de Ipala.
Semilla de Frijol de Ipala,Nacional,Semilla criolla de frijol negro seleccionada para el cultivo en Ipala.
Abono Orgánico de Ipala,Mixto,Compost y fertilizante orgánico preparado localmente por agricultores en Ipala.
Semilla de Maíz de Jalapa,Nacional,Variedad de semilla de maíz adaptada localmente al suelo y clima de Jalapa.
Semilla de Frijol de Jalapa,Nacional,Semilla criolla de frijol negro seleccionada para el cultivo en Jalapa.
Abono Orgánico de Jalapa,Mixto,Compost y fertilizante orgánico preparado localmente por agricultores en Jalapa.
Semilla de Maíz de San Pedro Pinula,Nacional,Variedad de semilla de maíz adaptada localmente al suelo y clima de San Pedro Pinula.
Semilla de Frijol de San Pedro Pinula,Nacional,Semilla criolla de frijol negro seleccionada para el cultivo en San Pedro Pinula.
Abono Orgánico de San Pedro Pinula,Mixto,Compost y fertilizante orgánico preparado localmente por agricultores en San Pedro Pinula.
Semilla de Maíz de San Luis Jilotepeque,Nacional,Variedad de semilla de maíz adaptada localmente al suelo y clima de San Luis Jilotepeque.
Semilla de Frijol de San Luis Jilotepeque,Nacional,Semilla criolla de frijol negro seleccionada para el cultivo en San Luis Jilotepeque.
Abono Orgánico de San Luis Jilotepeque,Mixto,Compost y fertilizante orgánico preparado localmente por agricultores en San Luis Jilotepeque.
Semilla de Maíz de San Manuel Chaparrón,Nacional,Variedad de semilla de maíz adaptada localmente al suelo y clima de San Manuel Chaparrón.
Semilla de Frijol de San Manuel Chaparrón,Nacional,Semilla criolla de frijol negro seleccionada para el cultivo en San Manuel Chaparrón.
Abono Orgánico de San Manuel Chaparrón,Mixto,Compost y fertilizante orgánico preparado localmente por agricultores en San Manuel Chaparrón.
Semilla de Maíz de San Carlos Alzatate,Nacional,Variedad de semilla de maíz adaptada localmente al suelo y clima de San Carlos Alzatate.
Semilla de Frijol de San Carlos Alzatate,Nacional,Semilla criolla de frijol negro seleccionada para el cultivo en San Carlos Alzatate.
Abono Orgánico de San Carlos Alzatate,Mixto,Compost y fertilizante orgánico preparado localmente por agricultores en San Carlos Alzatate.
Semilla de Maíz de Monjas,Nacional,Variedad de semilla de maíz adaptada localmente al suelo y clima de Monjas.
Semilla de Frijol de Monjas,Nacional,Semilla criolla de frijol negro seleccionada para el cultivo en Monjas.
Abono Orgánico de Monjas,Mixto,Compost y fertilizante orgánico preparado localmente por agricultores en Monjas.
Semilla de Maíz de Mataquescuintla,Nacional,Variedad de semilla de maíz adaptada localmente al suelo y clima de Mataquescuintla.
Semilla de Frijol de Mataquescuintla,Nacional,Semilla criolla de frijol negro seleccionada para el cultivo en Mataquescuintla.
Abono Orgánico de Mataquescuintla,Mixto,Compost y fertilizante orgánico preparado localmente por agricultores en Mataquescuintla.
Semilla de Maíz de Jutiapa,Nacional,Variedad de semilla de maíz adaptada localmente al suelo y clima de Jutiapa.
Semilla de Frijol de Jutiapa,Nacional,Semilla criolla de frijol negro seleccionada para el cultivo en Jutiapa.
Abono Orgánico de Jutiapa,Mixto,Compost y fertilizante orgánico preparado localmente por agricultores en Jutiapa.
Semilla de Maíz de El Progreso,Nacional,Variedad de semilla de maíz adaptada localmente al suelo y clima de El Progreso.
Semilla de Frijol de El Progreso,Nacional,Semilla criolla de frijol negro seleccionada para el cultivo en El Progreso.
Abono Orgánico de El Progreso,Mixto,Compost y fertilizante orgánico preparado localmente por agricultores en El Progreso.
Semilla de Maíz de Santa Catarina Mita,Nacional,Variedad de semilla de maíz adaptada localmente al suelo y clima de Santa Catarina Mita.
Semilla de Frijol de Santa Catarina Mita,Nacional,Semilla criolla de frijol negro seleccionada para el cultivo en Santa Catarina Mita.
Abono Orgánico de Santa Catarina Mita,Mixto,Compost y fertilizante orgánico preparado localmente por agricultores en Santa Catarina Mita.
Semilla de Maíz de Agua Blanca,Nacional,Variedad de semilla de maíz adaptada localmente al suelo y clima de Agua Blanca.
Semilla de Frijol de Agua Blanca,Nacional,Semilla criolla de frijol negro seleccionada para el cultivo en Agua Blanca.
Abono Orgánico de Agua Blanca,Mixto,Compost y fertilizante orgánico preparado localmente por agricultores en Agua Blanca.
Semilla de Maíz de Asunción Mita,Nacional,Variedad de semilla de maíz adaptada localmente al suelo y clima de Asunción Mita.
Semilla de Frijol de Asunción Mita,Nacional,Semilla criolla de frijol negro seleccionada para el cultivo en Asunción Mita.
Abono Orgánico de Asunción Mita,Mixto,Compost y fertilizante orgánico preparado localmente por agricultores en Asunción Mita.
Semilla de Maíz de Yupiltepeque,Nacional,Variedad de semilla de maíz adaptada localmente al suelo y clima de Yupiltepeque.
Semilla de Frijol de Yupiltepeque,Nacional,Semilla criolla de frijol negro seleccionada para el cultivo en Yupiltepeque.
Abono Orgánico de Yupiltepeque,Mixto,Compost y fertilizante orgánico preparado localmente por agricultores en Yupiltepeque.
Semilla de Maíz de Atescatempa,Nacional,Variedad de semilla de maíz adaptada localmente al suelo y clima de Atescatempa.
Semilla de Frijol de Atescatempa,Nacional,Semilla criolla de frijol negro seleccionada para el cultivo en Atescatempa.
Abono Orgánico de Atescatempa,Mixto,Compost y fertilizante orgánico preparado localmente por agricultores en Atescatempa.
Semilla de Maíz de Jerez,Nacional,Variedad de semilla de maíz adaptada localmente al suelo y clima de Jerez.
Semilla de Frijol de Jerez,Nacional,Semilla criolla de frijol negro seleccionada para el cultivo en Jerez.
Abono Orgánico de Jerez,Mixto,Compost y fertilizante orgánico preparado localmente por agricultores en Jerez.
Semilla de Maíz de El Adelanto,Nacional,Variedad de semilla de maíz adaptada localmente al suelo y clima de El Adelanto.
Semilla de Frijol de El Adelanto,Nacional,Semilla criolla de frijol negro seleccionada para el cultivo en El Adelanto.
Abono Orgánico de El Adelanto,Mixto,Compost y fertilizante orgánico preparado localmente por agricultores en El Adelanto.
Semilla de Maíz de Zapotitlán,Nacional,Variedad de semilla de maíz adaptada localmente al suelo y clima de Zapotitlán.
Semilla de Frijol de Zapotitlán,Nacional,Semilla criolla de frijol negro seleccionada para el cultivo en Zapotitlán.
Abono Orgánico de Zapotitlán,Mixto,Compost y fertilizante orgánico preparado localmente por agricultores en Zapotitlán.
Semilla de Maíz de Comapa,Nacional,Variedad de semilla de maíz adaptada localmente al suelo y clima de Comapa.
Semilla de Frijol de Comapa,Nacional,Semilla criolla de frijol negro seleccionada para el cultivo en Comapa.
Abono Orgánico de Comapa,Mixto,Compost y fertilizante orgánico preparado localmente por agricultores en Comapa.
Semilla de Maíz de Jalpatagua,Nacional,Variedad de semilla de maíz adaptada localmente al suelo y clima de Jalpatagua.
Semilla de Frijol de Jalpatagua,Nacional,Semilla criolla de frijol negro seleccionada para el cultivo en Jalpatagua.
Abono Orgánico de Jalpatagua,Mixto,Compost y fertilizante orgánico preparado localmente por agricultores en Jalpatagua.
Semilla de Maíz de Conguaco,Nacional,Variedad de semilla de maíz adaptada localmente al suelo y clima de Conguaco.
Semilla de Frijol de Conguaco,Nacional,Semilla criolla de frijol negro seleccionada para el cultivo en Conguaco.
Abono Orgánico de Conguaco,Mixto,Compost y fertilizante orgánico preparado localmente por agricultores en Conguaco.
Semilla de Maíz de Moyuta,Nacional,Variedad de semilla de maíz adaptada localmente al suelo y clima de Moyuta.
Semilla de Frijol de Moyuta,Nacional,Semilla criolla de frijol negro seleccionada para el cultivo en Moyuta.
Abono Orgánico de Moyuta,Mixto,Compost y fertilizante orgánico preparado localmente por agricultores en Moyuta.
Semilla de Maíz de Pasaco,Nacional,Variedad de semilla de maíz adaptada localmente al suelo y clima de Pasaco.
Semilla de Frijol de Pasaco,Nacional,Semilla criolla de frijol negro seleccionada para el cultivo en Pasaco.
Abono Orgánico de Pasaco,Mixto,Compost y fertilizante orgánico preparado localmente por agricultores en Pasaco.
Semilla de Maíz de San José Acatempa,Nacional,Variedad de semilla de maíz adaptada localmente al suelo y clima de San José Acatempa.
Semilla de Frijol de San José Acatempa,Nacional,Semilla criolla de frijol negro seleccionada para el cultivo en San José Acatempa.
Abono Orgánico de San José Acatempa,Mixto,Compost y fertilizante orgánico preparado localmente por agricultores en San José Acatempa.
Semilla de Maíz de Quesada,Nacional,Variedad de semilla de maíz adaptada localmente al suelo y clima de Quesada.
Semilla de Frijol de Quesada,Nacional,Semilla criolla de frijol negro seleccionada para el cultivo en Quesada.
Abono Orgánico de Quesada,Mixto,Compost y fertilizante orgánico preparado localmente por agricultores en Quesada.
