nombre,municipio_pcode,dias_plaza,tipo_mercado,cantidad_vendedores_est,latitud,longitud,descripcion
Mercado Municipal Central de Lago De Amatitlan,GT0100,Diario,Cantonal/Municipal,1267,14.628400,-90.513300,Mercado municipal de abastos y comercio cotidiano de Lago De Amatitlan.
Mercado Cantonal de Lago De Amatitlan,GT0100,Jueves y Domingos,Artesanal,552,14.631400,-90.516300,Plaza y mercado cantonal de comercio vecinal en Lago De Amatitlan.
Mercado de Productores y Artesanos de Lago De Amatitlan,GT0100,Sábados,Artesanal,458,14.625400,-90.510300,Mercado de productores locales para venta al por mayor en Lago De Amatitlan.
Mercado Municipal Central de Guatemala,GT0101,Diario,Cantonal/Municipal,530,14.633400,-90.518300,Mercado municipal de abastos y comercio cotidiano de Guatemala.
Mercado Cantonal de Guatemala,GT0101,Jueves y Domingos,Mayorista,754,14.636400,-90.521300,Plaza y mercado cantonal de comercio vecinal en Guatemala.
Mercado de Productores y Artesanos de Guatemala,GT0101,Sábados,Mayorista,130,14.630400,-90.515300,Mercado de productores locales para venta al por mayor en Guatemala.
Mercado Municipal Central de Santa Catarina Pinula,GT0102,Diario,Cantonal/Municipal,541,14.638400,-90.523300,Mercado municipal de abastos y comercio cotidiano de Santa Catarina Pinula.
Mercado Cantonal de Santa Catarina Pinula,GT0102,Jueves y Domingos,Cantonal/Municipal,683,14.641400,-90.526300,Plaza y mercado cantonal de comercio vecinal en Santa Catarina Pinula.
Mercado de Productores y Artesanos de Santa Catarina Pinula,GT0102,Sábados,Artesanal,116,14.635400,-90.520300,Mercado de productores locales para venta al por mayor en Santa Catarina Pinula.
Mercado Municipal Central de San José Pinula,GT0103,Diario,Cantonal/Municipal,987,14.643400,-90.528300,Mercado municipal de abastos y comercio cotidiano de San José Pinula.
Mercado Cantonal de San José Pinula,GT0103,Jueves y Domingos,Mixto,618,14.646400,-90.531300,Plaza y mercado cantonal de comercio vecinal en San José Pinula.
Mercado de Productores y Artesanos de San José Pinula,GT0103,Sábados,Mayorista,192,14.640400,-90.525300,Mercado de productores locales para venta al por mayor en San José Pinula.
Mercado Municipal Central de San José del Golfo,GT0104,Diario,Cantonal/Municipal,677,14.648400,-90.533300,Mercado municipal de abastos y comercio cotidiano de San José del Golfo.
Mercado Cantonal de San José del Golfo,GT0104,Jueves y Domingos,Artesanal,630,14.651400,-90.536300,Plaza y mercado cantonal de comercio vecinal en San José del Golfo.
Mercado de Productores y Artesanos de San José del Golfo,GT0104,Sábados,Artesanal,291,14.645400,-90.530300,Mercado de productores locales para venta al por mayor en San José del Golfo.
Mercado Municipal Central de Palencia,GT0105,Diario,Cantonal/Municipal,1183,14.653400,-90.538300,Mercado municipal de abastos y comercio cotidiano de Palencia.
Mercado Cantonal de Palencia,GT0105,Jueves y Domingos,Mayorista,659,14.656400,-90.541300,Plaza y mercado cantonal de comercio vecinal en Palencia.
Mercado de Productores y Artesanos de Palencia,GT0105,Sábados,Mayorista,545,14.650400,-90.535300,Mercado de productores locales para venta al por mayor en Palencia.
Mercado Municipal Central de Chinautla,GT0106,Diario,Cantonal/Municipal,1173,14.658400,-90.543300,Mercado municipal de abastos y comercio cotidiano de Chinautla.
Mercado Cantonal de Chinautla,GT0106,Jueves y Domingos,Cantonal/Municipal,584,14.661400,-90.546300,Plaza y mercado cantonal de comercio vecinal en Chinautla.
Mercado de Productores y Artesanos de Chinautla,GT0106,Sábados,Artesanal,141,14.655400,-90.540300,Mercado de productores locales para venta al por mayor en Chinautla.
Mercado Municipal Central de San Pedro Ayampuc,GT0107,Diario,Cantonal/Municipal,672,14.663400,-90.548300,Mercado municipal de abastos y comercio cotidiano de San Pedro Ayampuc.
Mercado Cantonal de San Pedro Ayampuc,GT0107,Jueves y Domingos,Mixto,556,14.666400,-90.551300,Plaza y mercado cantonal de comercio vecinal en San Pedro Ayampuc.
Mercado de Productores y Artesanos de San Pedro Ayampuc,GT0107,Sábados,Mayorista,160,14.660400,-90.545300,Mercado de productores locales para venta al por mayor en San Pedro Ayampuc.
Mercado Municipal Central de Mixco,GT0108,Diario,Cantonal/Municipal,765,14.668400,-90.553300,Mercado municipal de abastos y comercio cotidiano de Mixco.
Mercado Cantonal de Mixco,GT0108,Jueves y Domingos,Artesanal,750,14.671400,-90.556300,Plaza y mercado cantonal de comercio vecinal en Mixco.
Mercado de Productores y Artesanos de Mixco,GT0108,Sábados,Artesanal,301,14.665400,-90.550300,Mercado de productores locales para venta al por mayor en Mixco.
Mercado Municipal Central de San Pedro Sacatepéquez,GT0109,Diario,Cantonal/Municipal,1483,14.673400,-90.558300,Mercado municipal de abastos y comercio cotidiano de San Pedro Sacatepéquez.
Mercado Cantonal de San Pedro Sacatepéquez,GT0109,Jueves y Domingos,Mayorista,330,14.676400,-90.561300,Plaza y mercado cantonal de comercio vecinal en San Pedro Sacatepéquez.
Mercado de Productores y Artesanos de San Pedro Sacatepéquez,GT0109,Sábados,Mayorista,472,14.670400,-90.555300,Mercado de productores locales para venta al por mayor en San Pedro Sacatepéquez.
Mercado Municipal Central de San Juan Sacatepéquez,GT0110,Diario,Cantonal/Municipal,856,14.678400,-90.563300,Mercado municipal de abastos y comercio cotidiano de San Juan Sacatepéquez.
Mercado Cantonal de San Juan Sacatepéquez,GT0110,Jueves y Domingos,Cantonal/Municipal,203,14.681400,-90.566300,Plaza y mercado cantonal de comercio vecinal en San Juan Sacatepéquez.
Mercado de Productores y Artesanos de San Juan Sacatepéquez,GT0110,Sábados,Artesanal,487,14.675400,-90.560300,Mercado de productores locales para venta al por mayor en San Juan Sacatepéquez.
Mercado Municipal Central de San Raimundo,GT0111,Diario,Cantonal/Municipal,446,14.683400,-90.568300,Mercado municipal de abastos y comercio cotidiano de San Raimundo.
Mercado Cantonal de San Raimundo,GT0111,Jueves y Domingos,Mixto,505,14.686400,-90.571300,Plaza y mercado cantonal de comercio vecinal en San Raimundo.
Mercado de Productores y Artesanos de San Raimundo,GT0111,Sábados,Mayorista,337,14.680400,-90.565300,Mercado de productores locales para venta al por mayor en San Raimundo.
Mercado Municipal Central de Chuarrancho,GT0112,Diario,Cantonal/Municipal,1268,14.688400,-90.573300,Mercado municipal de abastos y comercio cotidiano de Chuarrancho.
Mercado Cantonal de Chuarrancho,GT0112,Jueves y Domingos,Artesanal,744,14.691400,-90.576300,Plaza y mercado cantonal de comercio vecinal en Chuarrancho.
Mercado de Productores y Artesanos de Chuarrancho,GT0112,Sábados,Artesanal,294,14.685400,-90.570300,Mercado de productores locales para venta al por mayor en Chuarrancho.
Mercado Municipal Central de Fraijanes,GT0113,Diario,Cantonal/Municipal,870,14.693400,-90.578300,Mercado municipal de abastos y comercio cotidiano de Fraijanes.
Mercado Cantonal de Fraijanes,GT0113,Jueves y Domingos,Mayorista,453,14.696400,-90.581300,Plaza y mercado cantonal de comercio vecinal en Fraijanes.
Mercado de Productores y Artesanos de Fraijanes,GT0113,Sábados,Mayorista,335,14.690400,-90.575300,Mercado de productores locales para venta al por mayor en Fraijanes.
Mercado Municipal Central de Amatitlán,GT0114,Diario,Cantonal/Municipal,1108,14.698400,-90.583300,Mercado municipal de abastos y comercio cotidiano de Amatitlán.
Mercado Cantonal de Amatitlán,GT0114,Jueves y Domingos,Cantonal/Municipal,358,14.701400,-90.586300,Plaza y mercado cantonal de comercio vecinal en Amatitlán.
Mercado de Productores y Artesanos de Amatitlán,GT0114,Sábados,Artesanal,241,14.695400,-90.580300,Mercado de productores locales para venta al por mayor en Amatitlán.
Mercado Municipal Central de Villa Nueva,GT0115,Diario,Cantonal/Municipal,786,14.703400,-90.588300,Mercado municipal de abastos y comercio cotidiano de Villa Nueva.
Mercado Cantonal de Villa Nueva,GT0115,Jueves y Domingos,Mixto,315,14.706400,-90.591300,Plaza y mercado cantonal de comercio vecinal en Villa Nueva.
Mercado de Productores y Artesanos de Villa Nueva,GT0115,Sábados,Mayorista,116,14.700400,-90.585300,Mercado de productores locales para venta al por mayor en Villa Nueva.
Mercado Municipal Central de Villa Canales,GT0116,Diario,Cantonal/Municipal,1258,14.708400,-90.593300,Mercado municipal de abastos y comercio cotidiano de Villa Canales.
Mercado Cantonal de Villa Canales,GT0116,Jueves y Domingos,Artesanal,216,14.711400,-90.596300,Plaza y mercado cantonal de comercio vecinal en Villa Canales.
Mercado de Productores y Artesanos de Villa Canales,GT0116,Sábados,Artesanal,223,14.705400,-90.590300,Mercado de productores locales para venta al por mayor en Villa Canales.
Mercado Municipal Central de Petapa,GT0117,Diario,Cantonal/Municipal,822,14.713400,-90.598300,Mercado municipal de abastos y comercio cotidiano de Petapa.
Mercado Cantonal de Petapa,GT0117,Jueves y Domingos,Mayorista,268,14.716400,-90.601300,Plaza y mercado cantonal de comercio vecinal en Petapa.
Mercado de Productores y Artesanos de Petapa,GT0117,Sábados,Mayorista,151,14.710400,-90.595300,Mercado de productores locales para venta al por mayor en Petapa.
Mercado Municipal Central de Guastatoya,GT0201,Diario,Cantonal/Municipal,468,14.888100,-90.161700,Mercado municipal de abastos y comercio cotidiano de Guastatoya.
Mercado Cantonal de Guastatoya,GT0201,Jueves y Domingos,Cantonal/Municipal,657,14.891100,-90.164700,Plaza y mercado cantonal de comercio vecinal en Guastatoya.
Mercado de Productores y Artesanos de Guastatoya,GT0201,Sábados,Artesanal,406,14.885100,-90.158700,Mercado de productores locales para venta al por mayor en Guastatoya.
Mercado Municipal Central de Morazán,GT0202,Diario,Cantonal/Municipal,499,14.723400,-90.608300,Mercado municipal de abastos y comercio cotidiano de Morazán.
Mercado Cantonal de Morazán,GT0202,Jueves y Domingos,Mixto,450,14.726400,-90.611300,Plaza y mercado cantonal de comercio vecinal en Morazán.
Mercado de Productores y Artesanos de Morazán,GT0202,Sábados,Mayorista,479,14.720400,-90.605300,Mercado de productores locales para venta al por mayor en Morazán.
Mercado Municipal Central de San Agustín Acasaguastlán,GT0203,Diario,Cantonal/Municipal,490,14.628400,-90.513300,Mercado municipal de abastos y comercio cotidiano de San Agustín Acasaguastlán.
Mercado Cantonal de San Agustín Acasaguastlán,GT0203,Jueves y Domingos,Artesanal,611,14.631400,-90.516300,Plaza y mercado cantonal de comercio vecinal en San Agustín Acasaguastlán.
Mercado de Productores y Artesanos de San Agustín Acasaguastlán,GT0203,Sábados,Artesanal,324,14.625400,-90.510300,Mercado de productores locales para venta al por mayor en San Agustín Acasaguastlán.
Mercado Municipal Central de San Cristóbal Acasaguastlán,GT0204,Diario,Cantonal/Municipal,879,14.633400,-90.518300,Mercado municipal de abastos y comercio cotidiano de San Cristóbal Acasaguastlán.
Mercado Cantonal de San Cristóbal Acasaguastlán,GT0204,Jueves y Domingos,Mayorista,752,14.636400,-90.521300,Plaza y mercado cantonal de comercio vecinal en San Cristóbal Acasaguastlán.
Mercado de Productores y Artesanos de San Cristóbal Acasaguastlán,GT0204,Sábados,Mayorista,211,14.630400,-90.515300,Mercado de productores locales para venta al por mayor en San Cristóbal Acasaguastlán.
Mercado Municipal Central de El Jícaro,GT0205,Diario,Cantonal/Municipal,515,14.638400,-90.523300,Mercado municipal de abastos y comercio cotidiano de El Jícaro.
Mercado Cantonal de El Jícaro,GT0205,Jueves y Domingos,Cantonal/Municipal,343,14.641400,-90.526300,Plaza y mercado cantonal de comercio vecinal en El Jícaro.
Mercado de Productores y Artesanos de El Jícaro,GT0205,Sábados,Artesanal,357,14.635400,-90.520300,Mercado de productores locales para venta al por mayor en El Jícaro.
Mercado Municipal Central de Sanarate,GT0206,Diario,Cantonal/Municipal,992,14.643400,-90.528300,Mercado municipal de abastos y comercio cotidiano de Sanarate.
Mercado Cantonal de Sanarate,GT0206,Jueves y Domingos,Mixto,439,14.646400,-90.531300,Plaza y mercado cantonal de comercio vecinal en Sanarate.
Mercado de Productores y Artesanos de Sanarate,GT0206,Sábados,Mayorista,517,14.640400,-90.525300,Mercado de productores locales para venta al por mayor en Sanarate.
Mercado Municipal Central de Sansare,GT0207,Diario,Cantonal/Municipal,1053,14.648400,-90.533300,Mercado municipal de abastos y comercio cotidiano de Sansare.
Mercado Cantonal de Sansare,GT0207,Jueves y Domingos,Artesanal,791,14.651400,-90.536300,Plaza y mercado cantonal de comercio vecinal en Sansare.
Mercado de Productores y Artesanos de Sansare,GT0207,Sábados,Artesanal,406,14.645400,-90.530300,Mercado de productores locales para venta al por mayor en Sansare.
Mercado Municipal Central de San Antonio La Paz,GT0208,Diario,Cantonal/Municipal,1056,14.653400,-90.538300,Mercado municipal de abastos y comercio cotidiano de San Antonio La Paz.
Mercado Cantonal de San Antonio La Paz,GT0208,Jueves y Domingos,Mayorista,442,14.656400,-90.541300,Plaza y mercado cantonal de comercio vecinal en San Antonio La Paz.
Mercado de Productores y Artesanos de San Antonio La Paz,GT0208,Sábados,Mayorista,254,14.650400,-90.535300,Mercado de productores locales para venta al por mayor en San Antonio La Paz.
Mercado Municipal Central de Antigua Guatemala,GT0301,Diario,Cantonal/Municipal,693,14.591400,-90.768100,Mercado municipal de abastos y comercio cotidiano de Antigua Guatemala.
Mercado Cantonal de Antigua Guatemala,GT0301,Jueves y Domingos,Cantonal/Municipal,733,14.594400,-90.771100,Plaza y mercado cantonal de comercio vecinal en Antigua Guatemala.
Mercado de Productores y Artesanos de Antigua Guatemala,GT0301,Sábados,Artesanal,213,14.588400,-90.765100,Mercado de productores locales para venta al por mayor en Antigua Guatemala.
Mercado Municipal Central de Jocotenango,GT0302,Diario,Cantonal/Municipal,1246,14.663400,-90.548300,Mercado municipal de abastos y comercio cotidiano de Jocotenango.
Mercado Cantonal de Jocotenango,GT0302,Jueves y Domingos,Mixto,507,14.666400,-90.551300,Plaza y mercado cantonal de comercio vecinal en Jocotenango.
Mercado de Productores y Artesanos de Jocotenango,GT0302,Sábados,Mayorista,240,14.660400,-90.545300,Mercado de productores locales para venta al por mayor en Jocotenango.
Mercado Municipal Central de Pastores,GT0303,Diario,Cantonal/Municipal,524,14.668400,-90.553300,Mercado municipal de abastos y comercio cotidiano de Pastores.
Mercado Cantonal de Pastores,GT0303,Jueves y Domingos,Artesanal,770,14.671400,-90.556300,Plaza y mercado cantonal de comercio vecinal en Pastores.
Mercado de Productores y Artesanos de Pastores,GT0303,Sábados,Artesanal,585,14.665400,-90.550300,Mercado de productores locales para venta al por mayor en Pastores.
Mercado Municipal Central de Sumpango,GT0304,Diario,Cantonal/Municipal,758,14.673400,-90.558300,Mercado municipal de abastos y comercio cotidiano de Sumpango.
Mercado Cantonal de Sumpango,GT0304,Jueves y Domingos,Mayorista,637,14.676400,-90.561300,Plaza y mercado cantonal de comercio vecinal en Sumpango.
Mercado de Productores y Artesanos de Sumpango,GT0304,Sábados,Mayorista,384,14.670400,-90.555300,Mercado de productores locales para venta al por mayor en Sumpango.
Mercado Municipal Central de Santo Domingo Xenacoj,GT0305,Diario,Cantonal/Municipal,1415,14.678400,-90.563300,Mercado municipal de abastos y comercio cotidiano de Santo Domingo Xenacoj.
Mercado Cantonal de Santo Domingo Xenacoj,GT0305,Jueves y Domingos,Cantonal/Municipal,248,14.681400,-90.566300,Plaza y mercado cantonal de comercio vecinal en Santo Domingo Xenacoj.
Mercado de Productores y Artesanos de Santo Domingo Xenacoj,GT0305,Sábados,Artesanal,597,14.675400,-90.560300,Mercado de productores locales para venta al por mayor en Santo Domingo Xenacoj.
Mercado Municipal Central de Santiago Sacatepéquez,GT0306,Diario,Cantonal/Municipal,1105,14.683400,-90.568300,Mercado municipal de abastos y comercio cotidiano de Santiago Sacatepéquez.
Mercado Cantonal de Santiago Sacatepéquez,GT0306,Jueves y Domingos,Mixto,590,14.686400,-90.571300,Plaza y mercado cantonal de comercio vecinal en Santiago Sacatepéquez.
Mercado de Productores y Artesanos de Santiago Sacatepéquez,GT0306,Sábados,Mayorista,502,14.680400,-90.565300,Mercado de productores locales para venta al por mayor en Santiago Sacatepéquez.
Mercado Municipal Central de San Bartolomé Milpas Altas,GT0307,Diario,Cantonal/Municipal,1474,14.688400,-90.573300,Mercado municipal de abastos y comercio cotidiano de San Bartolomé Milpas Altas.
Mercado Cantonal de San Bartolomé Milpas Altas,GT0307,Jueves y Domingos,Artesanal,526,14.691400,-90.576300,Plaza y mercado cantonal de comercio vecinal en San Bartolomé Milpas Altas.
Mercado de Productores y Artesanos de San Bartolomé Milpas Altas,GT0307,Sábados,Artesanal,456,14.685400,-90.570300,Mercado de productores locales para venta al por mayor en San Bartolomé Milpas Altas.
Mercado Municipal Central de San Lucas Sacatepéquez,GT0308,Diario,Cantonal/Municipal,1252,14.693400,-90.578300,Mercado municipal de abastos y comercio cotidiano de San Lucas Sacatepéquez.
Mercado Cantonal de San Lucas Sacatepéquez,GT0308,Jueves y Domingos,Mayorista,618,14.696400,-90.581300,Plaza y mercado cantonal de comercio vecinal en San Lucas Sacatepéquez.
Mercado de Productores y Artesanos de San Lucas Sacatepéquez,GT0308,Sábados,Mayorista,176,14.690400,-90.575300,Mercado de productores locales para venta al por mayor en San Lucas Sacatepéquez.
Mercado Municipal Central de Santa Lucía Milpas Altas,GT0309,Diario,Cantonal/Municipal,1014,14.698400,-90.583300,Mercado municipal de abastos y comercio cotidiano de Santa Lucía Milpas Altas.
Mercado Cantonal de Santa Lucía Milpas Altas,GT0309,Jueves y Domingos,Cantonal/Municipal,585,14.701400,-90.586300,Plaza y mercado cantonal de comercio vecinal en Santa Lucía Milpas Altas.
Mercado de Productores y Artesanos de Santa Lucía Milpas Altas,GT0309,Sábados,Artesanal,194,14.695400,-90.580300,Mercado de productores locales para venta al por mayor en Santa Lucía Milpas Altas.
Mercado Municipal Central de Magdalena Milpas Altas,GT0310,Diario,Cantonal/Municipal,1369,14.703400,-90.588300,Mercado municipal de abastos y comercio cotidiano de Magdalena Milpas Altas.
Mercado Cantonal de Magdalena Milpas Altas,GT0310,Jueves y Domingos,Mixto,446,14.706400,-90.591300,Plaza y mercado cantonal de comercio vecinal en Magdalena Milpas Altas.
Mercado de Productores y Artesanos de Magdalena Milpas Altas,GT0310,Sábados,Mayorista,534,14.700400,-90.585300,Mercado de productores locales para venta al por mayor en Magdalena Milpas Altas.
Mercado Municipal Central de Santa María de Jesús,GT0311,Diario,Cantonal/Municipal,861,14.708400,-90.593300,Mercado municipal de abastos y comercio cotidiano de Santa María de Jesús.
Mercado Cantonal de Santa María de Jesús,GT0311,Jueves y Domingos,Artesanal,507,14.711400,-90.596300,Plaza y mercado cantonal de comercio vecinal en Santa María de Jesús.
Mercado de Productores y Artesanos de Santa María de Jesús,GT0311,Sábados,Artesanal,539,14.705400,-90.590300,Mercado de productores locales para venta al por mayor en Santa María de Jesús.
Mercado Municipal Central de Ciudad Vieja,GT0312,Diario,Cantonal/Municipal,695,14.713400,-90.598300,Mercado municipal de abastos y comercio cotidiano de Ciudad Vieja.
Mercado Cantonal de Ciudad Vieja,GT0312,Jueves y Domingos,Mayorista,674,14.716400,-90.601300,Plaza y mercado cantonal de comercio vecinal en Ciudad Vieja.
Mercado de Productores y Artesanos de Ciudad Vieja,GT0312,Sábados,Mayorista,568,14.710400,-90.595300,Mercado de productores locales para venta al por mayor en Ciudad Vieja.
Mercado Municipal Central de San Miguel Dueñas,GT0313,Diario,Cantonal/Municipal,518,14.718400,-90.603300,Mercado municipal de abastos y comercio cotidiano de San Miguel Dueñas.
Mercado Cantonal de San Miguel Dueñas,GT0313,Jueves y Domingos,Cantonal/Municipal,775,14.721400,-90.606300,Plaza y mercado cantonal de comercio vecinal en San Miguel Dueñas.
Mercado de Productores y Artesanos de San Miguel Dueñas,GT0313,Sábados,Artesanal,311,14.715400,-90.600300,Mercado de productores locales para venta al por mayor en San Miguel Dueñas.
Mercado Municipal Central de Alotenango,GT0314,Diario,Cantonal/Municipal,1253,14.723400,-90.608300,Mercado municipal de abastos y comercio cotidiano de Alotenango.
Mercado Cantonal de Alotenango,GT0314,Jueves y Domingos,Mixto,770,14.726400,-90.611300,Plaza y mercado cantonal de comercio vecinal en Alotenango.
Mercado de Productores y Artesanos de Alotenango,GT0314,Sábados,Mayorista,371,14.720400,-90.605300,Mercado de productores locales para venta al por mayor en Alotenango.
Mercado Municipal Central de San Antonio Aguas Calientes,GT0315,Diario,Cantonal/Municipal,674,14.628400,-90.513300,Mercado municipal de abastos y comercio cotidiano de San Antonio Aguas Calientes.
Mercado Cantonal de San Antonio Aguas Calientes,GT0315,Jueves y Domingos,Artesanal,597,14.631400,-90.516300,Plaza y mercado cantonal de comercio vecinal en San Antonio Aguas Calientes.
Mercado de Productores y Artesanos de San Antonio Aguas Calientes,GT0315,Sábados,Artesanal,224,14.625400,-90.510300,Mercado de productores locales para venta al por mayor en San Antonio Aguas Calientes.
Mercado Municipal Central de Santa Catarina Barahona,GT0316,Diario,Cantonal/Municipal,922,14.633400,-90.518300,Mercado municipal de abastos y comercio cotidiano de Santa Catarina Barahona.
Mercado Cantonal de Santa Catarina Barahona,GT0316,Jueves y Domingos,Mayorista,408,14.636400,-90.521300,Plaza y mercado cantonal de comercio vecinal en Santa Catarina Barahona.
Mercado de Productores y Artesanos de Santa Catarina Barahona,GT0316,Sábados,Mayorista,269,14.630400,-90.515300,Mercado de productores locales para venta al por mayor en Santa Catarina Barahona.
Mercado Municipal Central de Chimaltenango,GT0401,Diario,Cantonal/Municipal,561,14.671700,-90.830800,Mercado municipal de abastos y comercio cotidiano de Chimaltenango.
Mercado Cantonal de Chimaltenango,GT0401,Jueves y Domingos,Cantonal/Municipal,660,14.674700,-90.833800,Plaza y mercado cantonal de comercio vecinal en Chimaltenango.
Mercado de Productores y Artesanos de Chimaltenango,GT0401,Sábados,Artesanal,533,14.668700,-90.827800,Mercado de productores locales para venta al por mayor en Chimaltenango.
Mercado Municipal Central de San José Poaquil,GT0402,Diario,Cantonal/Municipal,1159,14.643400,-90.528300,Mercado municipal de abastos y comercio cotidiano de San José Poaquil.
Mercado Cantonal de San José Poaquil,GT0402,Jueves y Domingos,Mixto,294,14.646400,-90.531300,Plaza y mercado cantonal de comercio vecinal en San José Poaquil.
Mercado de Productores y Artesanos de San José Poaquil,GT0402,Sábados,Mayorista,374,14.640400,-90.525300,Mercado de productores locales para venta al por mayor en San José Poaquil.
Mercado Municipal Central de San Martín Jilotepeque,GT0403,Diario,Cantonal/Municipal,790,14.648400,-90.533300,Mercado municipal de abastos y comercio cotidiano de San Martín Jilotepeque.
Mercado Cantonal de San Martín Jilotepeque,GT0403,Jueves y Domingos,Artesanal,252,14.651400,-90.536300,Plaza y mercado cantonal de comercio vecinal en San Martín Jilotepeque.
Mercado de Productores y Artesanos de San Martín Jilotepeque,GT0403,Sábados,Artesanal,237,14.645400,-90.530300,Mercado de productores locales para venta al por mayor en San Martín Jilotepeque.
Mercado Municipal Central de Comalapa,GT0404,Diario,Cantonal/Municipal,1172,14.653400,-90.538300,Mercado municipal de abastos y comercio cotidiano de Comalapa.
Mercado Cantonal de Comalapa,GT0404,Jueves y Domingos,Mayorista,240,14.656400,-90.541300,Plaza y mercado cantonal de comercio vecinal en Comalapa.
Mercado de Productores y Artesanos de Comalapa,GT0404,Sábados,Mayorista,547,14.650400,-90.535300,Mercado de productores locales para venta al por mayor en Comalapa.
Mercado Municipal Central de Santa Apolonia,GT0405,Diario,Cantonal/Municipal,549,14.658400,-90.543300,Mercado municipal de abastos y comercio cotidiano de Santa Apolonia.
Mercado Cantonal de Santa Apolonia,GT0405,Jueves y Domingos,Cantonal/Municipal,392,14.661400,-90.546300,Plaza y mercado cantonal de comercio vecinal en Santa Apolonia.
Mercado de Productores y Artesanos de Santa Apolonia,GT0405,Sábados,Artesanal,511,14.655400,-90.540300,Mercado de productores locales para venta al por mayor en Santa Apolonia.
Mercado Municipal Central de Tecpán Guatemala,GT0406,Diario,Cantonal/Municipal,844,14.663400,-90.548300,Mercado municipal de abastos y comercio cotidiano de Tecpán Guatemala.
Mercado Cantonal de Tecpán Guatemala,GT0406,Jueves y Domingos,Mixto,690,14.666400,-90.551300,Plaza y mercado cantonal de comercio vecinal en Tecpán Guatemala.
Mercado de Productores y Artesanos de Tecpán Guatemala,GT0406,Sábados,Mayorista,206,14.660400,-90.545300,Mercado de productores locales para venta al por mayor en Tecpán Guatemala.
Mercado Municipal Central de Patzún,GT0407,Diario,Cantonal/Municipal,1081,14.668400,-90.553300,Mercado municipal de abastos y comercio cotidiano de Patzún.
Mercado Cantonal de Patzún,GT0407,Jueves y Domingos,Artesanal,510,14.671400,-90.556300,Plaza y mercado cantonal de comercio vecinal en Patzún.
Mercado de Productores y Artesanos de Patzún,GT0407,Sábados,Artesanal,589,14.665400,-90.550300,Mercado de productores locales para venta al por mayor en Patzún.
Mercado Municipal Central de Pochuta,GT0408,Diario,Cantonal/Municipal,431,14.673400,-90.558300,Mercado municipal de abastos y comercio cotidiano de Pochuta.
Mercado Cantonal de Pochuta,GT0408,Jueves y Domingos,Mayorista,416,14.676400,-90.561300,Plaza y mercado cantonal de comercio vecinal en Pochuta.
Mercado de Productores y Artesanos de Pochuta,GT0408,Sábados,Mayorista,579,14.670400,-90.555300,Mercado de productores locales para venta al por mayor en Pochuta.
Mercado Municipal Central de Patzicía,GT0409,Diario,Cantonal/Municipal,789,14.678400,-90.563300,Mercado municipal de abastos y comercio cotidiano de Patzicía.
Mercado Cantonal de Patzicía,GT0409,Jueves y Domingos,Cantonal/Municipal,320,14.681400,-90.566300,Plaza y mercado cantonal de comercio vecinal en Patzicía.
Mercado de Productores y Artesanos de Patzicía,GT0409,Sábados,Artesanal,482,14.675400,-90.560300,Mercado de productores locales para venta al por mayor en Patzicía.
Mercado Municipal Central de Santa Cruz Balanyá,GT0410,Diario,Cantonal/Municipal,1380,14.683400,-90.568300,Mercado municipal de abastos y comercio cotidiano de Santa Cruz Balanyá.
Mercado Cantonal de Santa Cruz Balanyá,GT0410,Jueves y Domingos,Mixto,448,14.686400,-90.571300,Plaza y mercado cantonal de comercio vecinal en Santa Cruz Balanyá.
Mercado de Productores y Artesanos de Santa Cruz Balanyá,GT0410,Sábados,Mayorista,456,14.680400,-90.565300,Mercado de productores locales para venta al por mayor en Santa Cruz Balanyá.
Mercado Municipal Central de Acatenango,GT0411,Diario,Cantonal/Municipal,818,14.688400,-90.573300,Mercado municipal de abastos y comercio cotidiano de Acatenango.
Mercado Cantonal de Acatenango,GT0411,Jueves y Domingos,Artesanal,606,14.691400,-90.576300,Plaza y mercado cantonal de comercio vecinal en Acatenango.
Mercado de Productores y Artesanos de Acatenango,GT0411,Sábados,Artesanal,568,14.685400,-90.570300,Mercado de productores locales para venta al por mayor en Acatenango.
Mercado Municipal Central de Yepocapa,GT0412,Diario,Cantonal/Municipal,890,14.693400,-90.578300,Mercado municipal de abastos y comercio cotidiano de Yepocapa.
Mercado Cantonal de Yepocapa,GT0412,Jueves y Domingos,Mayorista,765,14.696400,-90.581300,Plaza y mercado cantonal de comercio vecinal en Yepocapa.
Mercado de Productores y Artesanos de Yepocapa,GT0412,Sábados,Mayorista,264,14.690400,-90.575300,Mercado de productores locales para venta al por mayor en Yepocapa.
Mercado Municipal Central de San Andrés Itzapa,GT0413,Diario,Cantonal/Municipal,979,14.698400,-90.583300,Mercado municipal de abastos y comercio cotidiano de San Andrés Itzapa.
Mercado Cantonal de San Andrés Itzapa,GT0413,Jueves y Domingos,Cantonal/Municipal,589,14.701400,-90.586300,Plaza y mercado cantonal de comercio vecinal en San Andrés Itzapa.
Mercado de Productores y Artesanos de San Andrés Itzapa,GT0413,Sábados,Artesanal,338,14.695400,-90.580300,Mercado de productores locales para venta al por mayor en San Andrés Itzapa.
Mercado Municipal Central de Parramos,GT0414,Diario,Cantonal/Municipal,1492,14.703400,-90.588300,Mercado municipal de abastos y comercio cotidiano de Parramos.
Mercado Cantonal de Parramos,GT0414,Jueves y Domingos,Mixto,567,14.706400,-90.591300,Plaza y mercado cantonal de comercio vecinal en Parramos.
Mercado de Productores y Artesanos de Parramos,GT0414,Sábados,Mayorista,257,14.700400,-90.585300,Mercado de productores locales para venta al por mayor en Parramos.
Mercado Municipal Central de Zaragoza,GT0415,Diario,Cantonal/Municipal,935,14.708400,-90.593300,Mercado municipal de abastos y comercio cotidiano de Zaragoza.
Mercado Cantonal de Zaragoza,GT0415,Jueves y Domingos,Artesanal,568,14.711400,-90.596300,Plaza y mercado cantonal de comercio vecinal en Zaragoza.
Mercado de Productores y Artesanos de Zaragoza,GT0415,Sábados,Artesanal,362,14.705400,-90.590300,Mercado de productores locales para venta al por mayor en Zaragoza.
Mercado Municipal Central de El Tejar,GT0416,Diario,Cantonal/Municipal,1418,14.713400,-90.598300,Mercado municipal de abastos y comercio cotidiano de El Tejar.
Mercado Cantonal de El Tejar,GT0416,Jueves y Domingos,Mayorista,677,14.716400,-90.601300,Plaza y mercado cantonal de comercio vecinal en El Tejar.
Mercado de Productores y Artesanos de El Tejar,GT0416,Sábados,Mayorista,150,14.710400,-90.595300,Mercado de productores locales para venta al por mayor en El Tejar.
Mercado Municipal Central de Escuintla,GT0501,Diario,Cantonal/Municipal,1361,14.390800,-90.875800,Mercado municipal de abastos y comercio cotidiano de Escuintla.
Mercado Cantonal de Escuintla,GT0501,Jueves y Domingos,Cantonal/Municipal,527,14.393800,-90.878800,Plaza y mercado cantonal de comercio vecinal en Escuintla.
Mercado de Productores y Artesanos de Escuintla,GT0501,Sábados,Artesanal,568,14.387800,-90.872800,Mercado de productores locales para venta al por mayor en Escuintla.
Mercado Municipal Central de Santa Lucía Cotzumalguapa,GT0502,Diario,Cantonal/Municipal,816,14.723400,-90.608300,Mercado municipal de abastos y comercio cotidiano de Santa Lucía Cotzumalguapa.
Mercado Cantonal de Santa Lucía Cotzumalguapa,GT0502,Jueves y Domingos,Mixto,579,14.726400,-90.611300,Plaza y mercado cantonal de comercio vecinal en Santa Lucía Cotzumalguapa.
Mercado de Productores y Artesanos de Santa Lucía Cotzumalguapa,GT0502,Sábados,Mayorista,260,14.720400,-90.605300,Mercado de productores locales para venta al por mayor en Santa Lucía Cotzumalguapa.
Mercado Municipal Central de La Democracia,GT0503,Diario,Cantonal/Municipal,1247,14.628400,-90.513300,Mercado municipal de abastos y comercio cotidiano de La Democracia.
Mercado Cantonal de La Democracia,GT0503,Jueves y Domingos,Artesanal,246,14.631400,-90.516300,Plaza y mercado cantonal de comercio vecinal en La Democracia.
Mercado de Productores y Artesanos de La Democracia,GT0503,Sábados,Artesanal,388,14.625400,-90.510300,Mercado de productores locales para venta al por mayor en La Democracia.
Mercado Municipal Central de Siquinalá,GT0504,Diario,Cantonal/Municipal,853,14.633400,-90.518300,Mercado municipal de abastos y comercio cotidiano de Siquinalá.
Mercado Cantonal de Siquinalá,GT0504,Jueves y Domingos,Mayorista,349,14.636400,-90.521300,Plaza y mercado cantonal de comercio vecinal en Siquinalá.
Mercado de Productores y Artesanos de Siquinalá,GT0504,Sábados,Mayorista,108,14.630400,-90.515300,Mercado de productores locales para venta al por mayor en Siquinalá.
Mercado Municipal Central de Masagua,GT0505,Diario,Cantonal/Municipal,934,14.638400,-90.523300,Mercado municipal de abastos y comercio cotidiano de Masagua.
Mercado Cantonal de Masagua,GT0505,Jueves y Domingos,Cantonal/Municipal,766,14.641400,-90.526300,Plaza y mercado cantonal de comercio vecinal en Masagua.
Mercado de Productores y Artesanos de Masagua,GT0505,Sábados,Artesanal,578,14.635400,-90.520300,Mercado de productores locales para venta al por mayor en Masagua.
Mercado Municipal Central de Tiquisate,GT0506,Diario,Cantonal/Municipal,1255,14.643400,-90.528300,Mercado municipal de abastos y comercio cotidiano de Tiquisate.
Mercado Cantonal de Tiquisate,GT0506,Jueves y Domingos,Mixto,502,14.646400,-90.531300,Plaza y mercado cantonal de comercio vecinal en Tiquisate.
Mercado de Productores y Artesanos de Tiquisate,GT0506,Sábados,Mayorista,178,14.640400,-90.525300,Mercado de productores locales para venta al por mayor en Tiquisate.
Mercado Municipal Central de La Gomera,GT0507,Diario,Cantonal/Municipal,801,14.648400,-90.533300,Mercado municipal de abastos y comercio cotidiano de La Gomera.
Mercado Cantonal de La Gomera,GT0507,Jueves y Domingos,Artesanal,537,14.651400,-90.536300,Plaza y mercado cantonal de comercio vecinal en La Gomera.
Mercado de Productores y Artesanos de La Gomera,GT0507,Sábados,Artesanal,217,14.645400,-90.530300,Mercado de productores locales para venta al por mayor en La Gomera.
Mercado Municipal Central de Guanagazapa,GT0508,Diario,Cantonal/Municipal,1177,14.653400,-90.538300,Mercado municipal de abastos y comercio cotidiano de Guanagazapa.
Mercado Cantonal de Guanagazapa,GT0508,Jueves y Domingos,Mayorista,783,14.656400,-90.541300,Plaza y mercado cantonal de comercio vecinal en Guanagazapa.
Mercado de Productores y Artesanos de Guanagazapa,GT0508,Sábados,Mayorista,526,14.650400,-90.535300,Mercado de productores locales para venta al por mayor en Guanagazapa.
Mercado Municipal Central de San José,GT0509,Diario,Cantonal/Municipal,903,14.658400,-90.543300,Mercado municipal de abastos y comercio cotidiano de San José.
Mercado Cantonal de San José,GT0509,Jueves y Domingos,Cantonal/Municipal,711,14.661400,-90.546300,Plaza y mercado cantonal de comercio vecinal en San José.
Mercado de Productores y Artesanos de San José,GT0509,Sábados,Artesanal,381,14.655400,-90.540300,Mercado de productores locales para venta al por mayor en San José.
Mercado Municipal Central de Iztapa,GT0510,Diario,Cantonal/Municipal,1091,14.663400,-90.548300,Mercado municipal de abastos y comercio cotidiano de Iztapa.
Mercado Cantonal de Iztapa,GT0510,Jueves y Domingos,Mixto,463,14.666400,-90.551300,Plaza y mercado cantonal de comercio vecinal en Iztapa.
Mercado de Productores y Artesanos de Iztapa,GT0510,Sábados,Mayorista,490,14.660400,-90.545300,Mercado de productores locales para venta al por mayor en Iztapa.
Mercado Municipal Central de Palín,GT0511,Diario,Cantonal/Municipal,1400,14.668400,-90.553300,Mercado municipal de abastos y comercio cotidiano de Palín.
Mercado Cantonal de Palín,GT0511,Jueves y Domingos,Artesanal,702,14.671400,-90.556300,Plaza y mercado cantonal de comercio vecinal en Palín.
Mercado de Productores y Artesanos de Palín,GT0511,Sábados,Artesanal,335,14.665400,-90.550300,Mercado de productores locales para venta al por mayor en Palín.
Mercado Municipal Central de San Vicente Pacaya,GT0512,Diario,Cantonal/Municipal,744,14.673400,-90.558300,Mercado municipal de abastos y comercio cotidiano de San Vicente Pacaya.
Mercado Cantonal de San Vicente Pacaya,GT0512,Jueves y Domingos,Mayorista,560,14.676400,-90.561300,Plaza y mercado cantonal de comercio vecinal en San Vicente Pacaya.
Mercado de Productores y Artesanos de San Vicente Pacaya,GT0512,Sábados,Mayorista,186,14.670400,-90.555300,Mercado de productores locales para venta al por mayor en San Vicente Pacaya.
Mercado Municipal Central de Nueva Concepción,GT0513,Diario,Cantonal/Municipal,686,14.678400,-90.563300,Mercado municipal de abastos y comercio cotidiano de Nueva Concepción.
Mercado Cantonal de Nueva Concepción,GT0513,Jueves y Domingos,Cantonal/Municipal,759,14.681400,-90.566300,Plaza y mercado cantonal de comercio vecinal en Nueva Concepción.
Mercado de Productores y Artesanos de Nueva Concepción,GT0513,Sábados,Artesanal,350,14.675400,-90.560300,Mercado de productores locales para venta al por mayor en Nueva Concepción.
Mercado Municipal Central de Sipacate,GT0514,Diario,Cantonal/Municipal,776,14.683400,-90.568300,Mercado municipal de abastos y comercio cotidiano de Sipacate.
Mercado Cantonal de Sipacate,GT0514,Jueves y Domingos,Mixto,755,14.686400,-90.571300,Plaza y mercado cantonal de comercio vecinal en Sipacate.
Mercado de Productores y Artesanos de Sipacate,GT0514,Sábados,Mayorista,428,14.680400,-90.565300,Mercado de productores locales para venta al por mayor en Sipacate.
Mercado Municipal Central de Cuilapa,GT0601,Diario,Cantonal/Municipal,520,14.227800,-90.358900,Mercado municipal de abastos y comercio cotidiano de Cuilapa.
Mercado Cantonal de Cuilapa,GT0601,Jueves y Domingos,Artesanal,736,14.230800,-90.361900,Plaza y mercado cantonal de comercio vecinal en Cuilapa.
Mercado de Productores y Artesanos de Cuilapa,GT0601,Sábados,Artesanal,117,14.224800,-90.355900,Mercado de productores locales para venta al por mayor en Cuilapa.
Mercado Municipal Central de Barberena,GT0602,Diario,Cantonal/Municipal,552,14.693400,-90.578300,Mercado municipal de abastos y comercio cotidiano de Barberena.
Mercado Cantonal de Barberena,GT0602,Jueves y Domingos,Mayorista,249,14.696400,-90.581300,Plaza y mercado cantonal de comercio vecinal en Barberena.
Mercado de Productores y Artesanos de Barberena,GT0602,Sábados,Mayorista,491,14.690400,-90.575300,Mercado de productores locales para venta al por mayor en Barberena.
Mercado Municipal Central de Santa Rosa de Lima,GT0603,Diario,Cantonal/Municipal,413,14.698400,-90.583300,Mercado municipal de abastos y comercio cotidiano de Santa Rosa de Lima.
Mercado Cantonal de Santa Rosa de Lima,GT0603,Jueves y Domingos,Cantonal/Municipal,622,14.701400,-90.586300,Plaza y mercado cantonal de comercio vecinal en Santa Rosa de Lima.
Mercado de Productores y Artesanos de Santa Rosa de Lima,GT0603,Sábados,Artesanal,170,14.695400,-90.580300,Mercado de productores locales para venta al por mayor en Santa Rosa de Lima.
Mercado Municipal Central de Casillas,GT0604,Diario,Cantonal/Municipal,873,14.703400,-90.588300,Mercado municipal de abastos y comercio cotidiano de Casillas.
Mercado Cantonal de Casillas,GT0604,Jueves y Domingos,Mixto,269,14.706400,-90.591300,Plaza y mercado cantonal de comercio vecinal en Casillas.
Mercado de Productores y Artesanos de Casillas,GT0604,Sábados,Mayorista,462,14.700400,-90.585300,Mercado de productores locales para venta al por mayor en Casillas.
Mercado Municipal Central de San Rafael Las Flores,GT0605,Diario,Cantonal/Municipal,709,14.708400,-90.593300,Mercado municipal de abastos y comercio cotidiano de San Rafael Las Flores.
Mercado Cantonal de San Rafael Las Flores,GT0605,Jueves y Domingos,Artesanal,209,14.711400,-90.596300,Plaza y mercado cantonal de comercio vecinal en San Rafael Las Flores.
Mercado de Productores y Artesanos de San Rafael Las Flores,GT0605,Sábados,Artesanal,211,14.705400,-90.590300,Mercado de productores locales para venta al por mayor en San Rafael Las Flores.
Mercado Municipal Central de Oratorio,GT0606,Diario,Cantonal/Municipal,1435,14.713400,-90.598300,Mercado municipal de abastos y comercio cotidiano de Oratorio.
Mercado Cantonal de Oratorio,GT0606,Jueves y Domingos,Mayorista,666,14.716400,-90.601300,Plaza y mercado cantonal de comercio vecinal en Oratorio.
Mercado de Productores y Artesanos de Oratorio,GT0606,Sábados,Mayorista,291,14.710400,-90.595300,Mercado de productores locales para venta al por mayor en Oratorio.
Mercado Municipal Central de San Juan Tecuaco,GT0607,Diario,Cantonal/Municipal,523,14.718400,-90.603300,Mercado municipal de abastos y comercio cotidiano de San Juan Tecuaco.
Mercado Cantonal de San Juan Tecuaco,GT0607,Jueves y Domingos,Cantonal/Municipal,694,14.721400,-90.606300,Plaza y mercado cantonal de comercio vecinal en San Juan Tecuaco.
Mercado de Productores y Artesanos de San Juan Tecuaco,GT0607,Sábados,Artesanal,437,14.715400,-90.600300,Mercado de productores locales para venta al por mayor en San Juan Tecuaco.
Mercado Municipal Central de Chiquimulilla,GT0608,Diario,Cantonal/Municipal,1399,14.723400,-90.608300,Mercado municipal de abastos y comercio cotidiano de Chiquimulilla.
Mercado Cantonal de Chiquimulilla,GT0608,Jueves y Domingos,Mixto,216,14.726400,-90.611300,Plaza y mercado cantonal de comercio vecinal en Chiquimulilla.
Mercado de Productores y Artesanos de Chiquimulilla,GT0608,Sábados,Mayorista,103,14.720400,-90.605300,Mercado de productores locales para venta al por mayor en Chiquimulilla.
Mercado Municipal Central de Taxisco,GT0609,Diario,Cantonal/Municipal,1489,14.628400,-90.513300,Mercado municipal de abastos y comercio cotidiano de Taxisco.
Mercado Cantonal de Taxisco,GT0609,Jueves y Domingos,Artesanal,764,14.631400,-90.516300,Plaza y mercado cantonal de comercio vecinal en Taxisco.
Mercado de Productores y Artesanos de Taxisco,GT0609,Sábados,Artesanal,310,14.625400,-90.510300,Mercado de productores locales para venta al por mayor en Taxisco.
Mercado Municipal Central de Santa María Ixhuatán,GT0610,Diario,Cantonal/Municipal,424,14.633400,-90.518300,Mercado municipal de abastos y comercio cotidiano de Santa María Ixhuatán.
Mercado Cantonal de Santa María Ixhuatán,GT0610,Jueves y Domingos,Mayorista,217,14.636400,-90.521300,Plaza y mercado cantonal de comercio vecinal en Santa María Ixhuatán.
Mercado de Productores y Artesanos de Santa María Ixhuatán,GT0610,Sábados,Mayorista,371,14.630400,-90.515300,Mercado de productores locales para venta al por mayor en Santa María Ixhuatán.
Mercado Municipal Central de Guazacapán,GT0611,Diario,Cantonal/Municipal,962,14.638400,-90.523300,Mercado municipal de abastos y comercio cotidiano de Guazacapán.
Mercado Cantonal de Guazacapán,GT0611,Jueves y Domingos,Cantonal/Municipal,748,14.641400,-90.526300,Plaza y mercado cantonal de comercio vecinal en Guazacapán.
Mercado de Productores y Artesanos de Guazacapán,GT0611,Sábados,Artesanal,600,14.635400,-90.520300,Mercado de productores locales para venta al por mayor en Guazacapán.
Mercado Municipal Central de Santa Cruz Naranjo,GT0612,Diario,Cantonal/Municipal,987,14.643400,-90.528300,Mercado municipal de abastos y comercio cotidiano de Santa Cruz Naranjo.
Mercado Cantonal de Santa Cruz Naranjo,GT0612,Jueves y Domingos,Mixto,217,14.646400,-90.531300,Plaza y mercado cantonal de comercio vecinal en Santa Cruz Naranjo.
Mercado de Productores y Artesanos de Santa Cruz Naranjo,GT0612,Sábados,Mayorista,357,14.640400,-90.525300,Mercado de productores locales para venta al por mayor en Santa Cruz Naranjo.
Mercado Municipal Central de Pueblo Nuevo Viñas,GT0613,Diario,Cantonal/Municipal,1281,14.648400,-90.533300,Mercado municipal de abastos y comercio cotidiano de Pueblo Nuevo Viñas.
Mercado Cantonal de Pueblo Nuevo Viñas,GT0613,Jueves y Domingos,Artesanal,383,14.651400,-90.536300,Plaza y mercado cantonal de comercio vecinal en Pueblo Nuevo Viñas.
Mercado de Productores y Artesanos de Pueblo Nuevo Viñas,GT0613,Sábados,Artesanal,154,14.645400,-90.530300,Mercado de productores locales para venta al por mayor en Pueblo Nuevo Viñas.
Mercado Municipal Central de Nueva Santa Rosa,GT0614,Diario,Cantonal/Municipal,597,14.653400,-90.538300,Mercado municipal de abastos y comercio cotidiano de Nueva Santa Rosa.
Mercado Cantonal de Nueva Santa Rosa,GT0614,Jueves y Domingos,Mayorista,736,14.656400,-90.541300,Plaza y mercado cantonal de comercio vecinal en Nueva Santa Rosa.
Mercado de Productores y Artesanos de Nueva Santa Rosa,GT0614,Sábados,Mayorista,176,14.650400,-90.535300,Mercado de productores locales para venta al por mayor en Nueva Santa Rosa.
Mercado Municipal Central de Lago De Atitlan,GT0700,Diario,Cantonal/Municipal,893,14.658400,-90.543300,Mercado municipal de abastos y comercio cotidiano de Lago De Atitlan.
Mercado Cantonal de Lago De Atitlan,GT0700,Jueves y Domingos,Cantonal/Municipal,396,14.661400,-90.546300,Plaza y mercado cantonal de comercio vecinal en Lago De Atitlan.
Mercado de Productores y Artesanos de Lago De Atitlan,GT0700,Sábados,Artesanal,417,14.655400,-90.540300,Mercado de productores locales para venta al por mayor en Lago De Atitlan.
Mercado Municipal Central de Sololá,GT0701,Diario,Cantonal/Municipal,1478,14.807600,-91.220600,Mercado municipal de abastos y comercio cotidiano de Sololá.
Mercado Cantonal de Sololá,GT0701,Jueves y Domingos,Mixto,458,14.810600,-91.223600,Plaza y mercado cantonal de comercio vecinal en Sololá.
Mercado de Productores y Artesanos de Sololá,GT0701,Sábados,Mayorista,517,14.804600,-91.217600,Mercado de productores locales para venta al por mayor en Sololá.
Mercado Municipal Central de San José Chacayá,GT0702,Diario,Cantonal/Municipal,1125,14.668400,-90.553300,Mercado municipal de abastos y comercio cotidiano de San José Chacayá.
Mercado Cantonal de San José Chacayá,GT0702,Jueves y Domingos,Artesanal,473,14.671400,-90.556300,Plaza y mercado cantonal de comercio vecinal en San José Chacayá.
Mercado de Productores y Artesanos de San José Chacayá,GT0702,Sábados,Artesanal,507,14.665400,-90.550300,Mercado de productores locales para venta al por mayor en San José Chacayá.
Mercado Municipal Central de Santa María Visitación,GT0703,Diario,Cantonal/Municipal,1212,14.673400,-90.558300,Mercado municipal de abastos y comercio cotidiano de Santa María Visitación.
Mercado Cantonal de Santa María Visitación,GT0703,Jueves y Domingos,Mayorista,280,14.676400,-90.561300,Plaza y mercado cantonal de comercio vecinal en Santa María Visitación.
Mercado de Productores y Artesanos de Santa María Visitación,GT0703,Sábados,Mayorista,291,14.670400,-90.555300,Mercado de productores locales para venta al por mayor en Santa María Visitación.
Mercado Municipal Central de Santa Lucía Utatlán,GT0704,Diario,Cantonal/Municipal,1231,14.678400,-90.563300,Mercado municipal de abastos y comercio cotidiano de Santa Lucía Utatlán.
Mercado Cantonal de Santa Lucía Utatlán,GT0704,Jueves y Domingos,Cantonal/Municipal,670,14.681400,-90.566300,Plaza y mercado cantonal de comercio vecinal en Santa Lucía Utatlán.
Mercado de Productores y Artesanos de Santa Lucía Utatlán,GT0704,Sábados,Artesanal,389,14.675400,-90.560300,Mercado de productores locales para venta al por mayor en Santa Lucía Utatlán.
Mercado Municipal Central de Nahualá,GT0705,Diario,Cantonal/Municipal,898,14.683400,-90.568300,Mercado municipal de abastos y comercio cotidiano de Nahualá.
Mercado Cantonal de Nahualá,GT0705,Jueves y Domingos,Mixto,431,14.686400,-90.571300,Plaza y mercado cantonal de comercio vecinal en Nahualá.
Mercado de Productores y Artesanos de Nahualá,GT0705,Sábados,Mayorista,253,14.680400,-90.565300,Mercado de productores locales para venta al por mayor en Nahualá.
Mercado Municipal Central de Santa Catarina Ixtahuacán,GT0706,Diario,Cantonal/Municipal,565,14.688400,-90.573300,Mercado municipal de abastos y comercio cotidiano de Santa Catarina Ixtahuacán.
Mercado Cantonal de Santa Catarina Ixtahuacán,GT0706,Jueves y Domingos,Artesanal,232,14.691400,-90.576300,Plaza y mercado cantonal de comercio vecinal en Santa Catarina Ixtahuacán.
Mercado de Productores y Artesanos de Santa Catarina Ixtahuacán,GT0706,Sábados,Artesanal,147,14.685400,-90.570300,Mercado de productores locales para venta al por mayor en Santa Catarina Ixtahuacán.
Mercado Municipal Central de Santa Clara La Laguna,GT0707,Diario,Cantonal/Municipal,1230,14.693400,-90.578300,Mercado municipal de abastos y comercio cotidiano de Santa Clara La Laguna.
Mercado Cantonal de Santa Clara La Laguna,GT0707,Jueves y Domingos,Mayorista,588,14.696400,-90.581300,Plaza y mercado cantonal de comercio vecinal en Santa Clara La Laguna.
Mercado de Productores y Artesanos de Santa Clara La Laguna,GT0707,Sábados,Mayorista,293,14.690400,-90.575300,Mercado de productores locales para venta al por mayor en Santa Clara La Laguna.
Mercado Municipal Central de Concepción,GT0708,Diario,Cantonal/Municipal,1374,14.698400,-90.583300,Mercado municipal de abastos y comercio cotidiano de Concepción.
Mercado Cantonal de Concepción,GT0708,Jueves y Domingos,Cantonal/Municipal,257,14.701400,-90.586300,Plaza y mercado cantonal de comercio vecinal en Concepción.
Mercado de Productores y Artesanos de Concepción,GT0708,Sábados,Artesanal,426,14.695400,-90.580300,Mercado de productores locales para venta al por mayor en Concepción.
Mercado Municipal Central de San Andrés Semetabaj,GT0709,Diario,Cantonal/Municipal,419,14.703400,-90.588300,Mercado municipal de abastos y comercio cotidiano de San Andrés Semetabaj.
Mercado Cantonal de San Andrés Semetabaj,GT0709,Jueves y Domingos,Mixto,375,14.706400,-90.591300,Plaza y mercado cantonal de comercio vecinal en San Andrés Semetabaj.
Mercado de Productores y Artesanos de San Andrés Semetabaj,GT0709,Sábados,Mayorista,142,14.700400,-90.585300,Mercado de productores locales para venta al por mayor en San Andrés Semetabaj.
Mercado Municipal Central de Panajachel,GT0710,Diario,Cantonal/Municipal,1423,14.708400,-90.593300,Mercado municipal de abastos y comercio cotidiano de Panajachel.
Mercado Cantonal de Panajachel,GT0710,Jueves y Domingos,Artesanal,644,14.711400,-90.596300,Plaza y mercado cantonal de comercio vecinal en Panajachel.
Mercado de Productores y Artesanos de Panajachel,GT0710,Sábados,Artesanal,430,14.705400,-90.590300,Mercado de productores locales para venta al por mayor en Panajachel.
Mercado Municipal Central de Santa Catarina Palopó,GT0711,Diario,Cantonal/Municipal,1078,14.713400,-90.598300,Mercado municipal de abastos y comercio cotidiano de Santa Catarina Palopó.
Mercado Cantonal de Santa Catarina Palopó,GT0711,Jueves y Domingos,Mayorista,779,14.716400,-90.601300,Plaza y mercado cantonal de comercio vecinal en Santa Catarina Palopó.
Mercado de Productores y Artesanos de Santa Catarina Palopó,GT0711,Sábados,Mayorista,600,14.710400,-90.595300,Mercado de productores locales para venta al por mayor en Santa Catarina Palopó.
Mercado Municipal Central de San Antonio Palopó,GT0712,Diario,Cantonal/Municipal,595,14.718400,-90.603300,Mercado municipal de abastos y comercio cotidiano de San Antonio Palopó.
Mercado Cantonal de San Antonio Palopó,GT0712,Jueves y Domingos,Cantonal/Municipal,740,14.721400,-90.606300,Plaza y mercado cantonal de comercio vecinal en San Antonio Palopó.
Mercado de Productores y Artesanos de San Antonio Palopó,GT0712,Sábados,Artesanal,570,14.715400,-90.600300,Mercado de productores locales para venta al por mayor en San Antonio Palopó.
Mercado Municipal Central de San Lucas Tolimán,GT0713,Diario,Cantonal/Municipal,487,14.723400,-90.608300,Mercado municipal de abastos y comercio cotidiano de San Lucas Tolimán.
Mercado Cantonal de San Lucas Tolimán,GT0713,Jueves y Domingos,Mixto,435,14.726400,-90.611300,Plaza y mercado cantonal de comercio vecinal en San Lucas Tolimán.
Mercado de Productores y Artesanos de San Lucas Tolimán,GT0713,Sábados,Mayorista,208,14.720400,-90.605300,Mercado de productores locales para venta al por mayor en San Lucas Tolimán.
Mercado Municipal Central de Santa Cruz La Laguna,GT0714,Diario,Cantonal/Municipal,1373,14.628400,-90.513300,Mercado municipal de abastos y comercio cotidiano de Santa Cruz La Laguna.
Mercado Cantonal de Santa Cruz La Laguna,GT0714,Jueves y Domingos,Artesanal,477,14.631400,-90.516300,Plaza y mercado cantonal de comercio vecinal en Santa Cruz La Laguna.
Mercado de Productores y Artesanos de Santa Cruz La Laguna,GT0714,Sábados,Artesanal,123,14.625400,-90.510300,Mercado de productores locales para venta al por mayor en Santa Cruz La Laguna.
Mercado Municipal Central de San Pablo La Laguna,GT0715,Diario,Cantonal/Municipal,552,14.633400,-90.518300,Mercado municipal de abastos y comercio cotidiano de San Pablo La Laguna.
Mercado Cantonal de San Pablo La Laguna,GT0715,Jueves y Domingos,Mayorista,487,14.636400,-90.521300,Plaza y mercado cantonal de comercio vecinal en San Pablo La Laguna.
Mercado de Productores y Artesanos de San Pablo La Laguna,GT0715,Sábados,Mayorista,560,14.630400,-90.515300,Mercado de productores locales para venta al por mayor en San Pablo La Laguna.
Mercado Municipal Central de San Marcos La Laguna,GT0716,Diario,Cantonal/Municipal,467,14.638400,-90.523300,Mercado municipal de abastos y comercio cotidiano de San Marcos La Laguna.
Mercado Cantonal de San Marcos La Laguna,GT0716,Jueves y Domingos,Cantonal/Municipal,383,14.641400,-90.526300,Plaza y mercado cantonal de comercio vecinal en San Marcos La Laguna.
Mercado de Productores y Artesanos de San Marcos La Laguna,GT0716,Sábados,Artesanal,575,14.635400,-90.520300,Mercado de productores locales para venta al por mayor en San Marcos La Laguna.
Mercado Municipal Central de San Juan La Laguna,GT0717,Diario,Cantonal/Municipal,1044,14.643400,-90.528300,Mercado municipal de abastos y comercio cotidiano de San Juan La Laguna.
Mercado Cantonal de San Juan La Laguna,GT0717,Jueves y Domingos,Mixto,216,14.646400,-90.531300,Plaza y mercado cantonal de comercio vecinal en San Juan La Laguna.
Mercado de Productores y Artesanos de San Juan La Laguna,GT0717,Sábados,Mayorista,592,14.640400,-90.525300,Mercado de productores locales para venta al por mayor en San Juan La Laguna.
Mercado Municipal Central de San Pedro La Laguna,GT0718,Diario,Cantonal/Municipal,824,14.648400,-90.533300,Mercado municipal de abastos y comercio cotidiano de San Pedro La Laguna.
Mercado Cantonal de San Pedro La Laguna,GT0718,Jueves y Domingos,Artesanal,347,14.651400,-90.536300,Plaza y mercado cantonal de comercio vecinal en San Pedro La Laguna.
Mercado de Productores y Artesanos de San Pedro La Laguna,GT0718,Sábados,Artesanal,485,14.645400,-90.530300,Mercado de productores locales para venta al por mayor en San Pedro La Laguna.
Mercado Municipal Central de Santiago Atitlán,GT0719,Diario,Cantonal/Municipal,1215,14.653400,-90.538300,Mercado municipal de abastos y comercio cotidiano de Santiago Atitlán.
Mercado Cantonal de Santiago Atitlán,GT0719,Jueves y Domingos,Mayorista,278,14.656400,-90.541300,Plaza y mercado cantonal de comercio vecinal en Santiago Atitlán.
Mercado de Productores y Artesanos de Santiago Atitlán,GT0719,Sábados,Mayorista,253,14.650400,-90.535300,Mercado de productores locales para venta al por mayor en Santiago Atitlán.
Mercado Municipal Central de Totonicapán,GT0801,Diario,Cantonal/Municipal,732,14.940800,-91.391100,Mercado municipal de abastos y comercio cotidiano de Totonicapán.
Mercado Cantonal de Totonicapán,GT0801,Jueves y Domingos,Cantonal/Municipal,777,14.943800,-91.394100,Plaza y mercado cantonal de comercio vecinal en Totonicapán.
Mercado de Productores y Artesanos de Totonicapán,GT0801,Sábados,Artesanal,223,14.937800,-91.388100,Mercado de productores locales para venta al por mayor en Totonicapán.
Mercado Municipal Central de San Cristóbal Totonicapán,GT0802,Diario,Cantonal/Municipal,1196,14.663400,-90.548300,Mercado municipal de abastos y comercio cotidiano de San Cristóbal Totonicapán.
Mercado Cantonal de San Cristóbal Totonicapán,GT0802,Jueves y Domingos,Mixto,753,14.666400,-90.551300,Plaza y mercado cantonal de comercio vecinal en San Cristóbal Totonicapán.
Mercado de Productores y Artesanos de San Cristóbal Totonicapán,GT0802,Sábados,Mayorista,269,14.660400,-90.545300,Mercado de productores locales para venta al por mayor en San Cristóbal Totonicapán.
Mercado Municipal Central de San Francisco El Alto,GT0803,Diario,Cantonal/Municipal,1186,14.668400,-90.553300,Mercado municipal de abastos y comercio cotidiano de San Francisco El Alto.
Mercado Cantonal de San Francisco El Alto,GT0803,Jueves y Domingos,Artesanal,343,14.671400,-90.556300,Plaza y mercado cantonal de comercio vecinal en San Francisco El Alto.
Mercado de Productores y Artesanos de San Francisco El Alto,GT0803,Sábados,Artesanal,504,14.665400,-90.550300,Mercado de productores locales para venta al por mayor en San Francisco El Alto.
Mercado Municipal Central de San Andrés Xecul,GT0804,Diario,Cantonal/Municipal,560,14.673400,-90.558300,Mercado municipal de abastos y comercio cotidiano de San Andrés Xecul.
Mercado Cantonal de San Andrés Xecul,GT0804,Jueves y Domingos,Mayorista,712,14.676400,-90.561300,Plaza y mercado cantonal de comercio vecinal en San Andrés Xecul.
Mercado de Productores y Artesanos de San Andrés Xecul,GT0804,Sábados,Mayorista,481,14.670400,-90.555300,Mercado de productores locales para venta al por mayor en San Andrés Xecul.
Mercado Municipal Central de Momostenango,GT0805,Diario,Cantonal/Municipal,1108,14.678400,-90.563300,Mercado municipal de abastos y comercio cotidiano de Momostenango.
Mercado Cantonal de Momostenango,GT0805,Jueves y Domingos,Cantonal/Municipal,254,14.681400,-90.566300,Plaza y mercado cantonal de comercio vecinal en Momostenango.
Mercado de Productores y Artesanos de Momostenango,GT0805,Sábados,Artesanal,150,14.675400,-90.560300,Mercado de productores locales para venta al por mayor en Momostenango.
Mercado Municipal Central de Santa María Chiquimula,GT0806,Diario,Cantonal/Municipal,1295,14.683400,-90.568300,Mercado municipal de abastos y comercio cotidiano de Santa María Chiquimula.
Mercado Cantonal de Santa María Chiquimula,GT0806,Jueves y Domingos,Mixto,437,14.686400,-90.571300,Plaza y mercado cantonal de comercio vecinal en Santa María Chiquimula.
Mercado de Productores y Artesanos de Santa María Chiquimula,GT0806,Sábados,Mayorista,529,14.680400,-90.565300,Mercado de productores locales para venta al por mayor en Santa María Chiquimula.
Mercado Municipal Central de Santa Lucía La Reforma,GT0807,Diario,Cantonal/Municipal,555,14.688400,-90.573300,Mercado municipal de abastos y comercio cotidiano de Santa Lucía La Reforma.
Mercado Cantonal de Santa Lucía La Reforma,GT0807,Jueves y Domingos,Artesanal,548,14.691400,-90.576300,Plaza y mercado cantonal de comercio vecinal en Santa Lucía La Reforma.
Mercado de Productores y Artesanos de Santa Lucía La Reforma,GT0807,Sábados,Artesanal,409,14.685400,-90.570300,Mercado de productores locales para venta al por mayor en Santa Lucía La Reforma.
Mercado Municipal Central de San Bartolo,GT0808,Diario,Cantonal/Municipal,1212,14.693400,-90.578300,Mercado municipal de abastos y comercio cotidiano de San Bartolo.
Mercado Cantonal de San Bartolo,GT0808,Jueves y Domingos,Mayorista,534,14.696400,-90.581300,Plaza y mercado cantonal de comercio vecinal en San Bartolo.
Mercado de Productores y Artesanos de San Bartolo,GT0808,Sábados,Mayorista,115,14.690400,-90.575300,Mercado de productores locales para venta al por mayor en San Bartolo.
Mercado Municipal Central de Quetzaltenango,GT0901,Diario,Cantonal/Municipal,959,14.904700,-91.588100,Mercado municipal de abastos y comercio cotidiano de Quetzaltenango.
Mercado Cantonal de Quetzaltenango,GT0901,Jueves y Domingos,Cantonal/Municipal,661,14.907700,-91.591100,Plaza y mercado cantonal de comercio vecinal en Quetzaltenango.
Mercado de Productores y Artesanos de Quetzaltenango,GT0901,Sábados,Artesanal,351,14.901700,-91.585100,Mercado de productores locales para venta al por mayor en Quetzaltenango.
Mercado Municipal Central de Salcajá,GT0902,Diario,Cantonal/Municipal,867,14.703400,-90.588300,Mercado municipal de abastos y comercio cotidiano de Salcajá.
Mercado Cantonal de Salcajá,GT0902,Jueves y Domingos,Mixto,564,14.706400,-90.591300,Plaza y mercado cantonal de comercio vecinal en Salcajá.
Mercado de Productores y Artesanos de Salcajá,GT0902,Sábados,Mayorista,383,14.700400,-90.585300,Mercado de productores locales para venta al por mayor en Salcajá.
Mercado Municipal Central de Olintepeque,GT0903,Diario,Cantonal/Municipal,1168,14.708400,-90.593300,Mercado municipal de abastos y comercio cotidiano de Olintepeque.
Mercado Cantonal de Olintepeque,GT0903,Jueves y Domingos,Artesanal,642,14.711400,-90.596300,Plaza y mercado cantonal de comercio vecinal en Olintepeque.
Mercado de Productores y Artesanos de Olintepeque,GT0903,Sábados,Artesanal,195,14.705400,-90.590300,Mercado de productores locales para venta al por mayor en Olintepeque.
Mercado Municipal Central de San Carlos Sija,GT0904,Diario,Cantonal/Municipal,1178,14.713400,-90.598300,Mercado municipal de abastos y comercio cotidiano de San Carlos Sija.
Mercado Cantonal de San Carlos Sija,GT0904,Jueves y Domingos,Mayorista,287,14.716400,-90.601300,Plaza y mercado cantonal de comercio vecinal en San Carlos Sija.
Mercado de Productores y Artesanos de San Carlos Sija,GT0904,Sábados,Mayorista,495,14.710400,-90.595300,Mercado de productores locales para venta al por mayor en San Carlos Sija.
Mercado Municipal Central de Sibilia,GT0905,Diario,Cantonal/Municipal,1004,14.718400,-90.603300,Mercado municipal de abastos y comercio cotidiano de Sibilia.
Mercado Cantonal de Sibilia,GT0905,Jueves y Domingos,Cantonal/Municipal,452,14.721400,-90.606300,Plaza y mercado cantonal de comercio vecinal en Sibilia.
Mercado de Productores y Artesanos de Sibilia,GT0905,Sábados,Artesanal,465,14.715400,-90.600300,Mercado de productores locales para venta al por mayor en Sibilia.
Mercado Municipal Central de Cabricán,GT0906,Diario,Cantonal/Municipal,550,14.723400,-90.608300,Mercado municipal de abastos y comercio cotidiano de Cabricán.
Mercado Cantonal de Cabricán,GT0906,Jueves y Domingos,Mixto,284,14.726400,-90.611300,Plaza y mercado cantonal de comercio vecinal en Cabricán.
Mercado de Productores y Artesanos de Cabricán,GT0906,Sábados,Mayorista,237,14.720400,-90.605300,Mercado de productores locales para venta al por mayor en Cabricán.
Mercado Municipal Central de Cajolá,GT0907,Diario,Cantonal/Municipal,715,14.628400,-90.513300,Mercado municipal de abastos y comercio cotidiano de Cajolá.
Mercado Cantonal de Cajolá,GT0907,Jueves y Domingos,Artesanal,589,14.631400,-90.516300,Plaza y mercado cantonal de comercio vecinal en Cajolá.
Mercado de Productores y Artesanos de Cajolá,GT0907,Sábados,Artesanal,464,14.625400,-90.510300,Mercado de productores locales para venta al por mayor en Cajolá.
Mercado Municipal Central de San Miguel Sigüila,GT0908,Diario,Cantonal/Municipal,715,14.633400,-90.518300,Mercado municipal de abastos y comercio cotidiano de San Miguel Sigüila.
Mercado Cantonal de San Miguel Sigüila,GT0908,Jueves y Domingos,Mayorista,598,14.636400,-90.521300,Plaza y mercado cantonal de comercio vecinal en San Miguel Sigüila.
Mercado de Productores y Artesanos de San Miguel Sigüila,GT0908,Sábados,Mayorista,262,14.630400,-90.515300,Mercado de productores locales para venta al por mayor en San Miguel Sigüila.
Mercado Municipal Central de Ostuncalco,GT0909,Diario,Cantonal/Municipal,1138,14.638400,-90.523300,Mercado municipal de abastos y comercio cotidiano de Ostuncalco.
Mercado Cantonal de Ostuncalco,GT0909,Jueves y Domingos,Cantonal/Municipal,309,14.641400,-90.526300,Plaza y mercado cantonal de comercio vecinal en Ostuncalco.
Mercado de Productores y Artesanos de Ostuncalco,GT0909,Sábados,Artesanal,146,14.635400,-90.520300,Mercado de productores locales para venta al por mayor en Ostuncalco.
Mercado Municipal Central de San Mateo,GT0910,Diario,Cantonal/Municipal,410,14.643400,-90.528300,Mercado municipal de abastos y comercio cotidiano de San Mateo.
Mercado Cantonal de San Mateo,GT0910,Jueves y Domingos,Mixto,515,14.646400,-90.531300,Plaza y mercado cantonal de comercio vecinal en San Mateo.
Mercado de Productores y Artesanos de San Mateo,GT0910,Sábados,Mayorista,327,14.640400,-90.525300,Mercado de productores locales para venta al por mayor en San Mateo.
Mercado Municipal Central de Concepción Chiquirichapa,GT0911,Diario,Cantonal/Municipal,1137,14.648400,-90.533300,Mercado municipal de abastos y comercio cotidiano de Concepción Chiquirichapa.
Mercado Cantonal de Concepción Chiquirichapa,GT0911,Jueves y Domingos,Artesanal,476,14.651400,-90.536300,Plaza y mercado cantonal de comercio vecinal en Concepción Chiquirichapa.
Mercado de Productores y Artesanos de Concepción Chiquirichapa,GT0911,Sábados,Artesanal,152,14.645400,-90.530300,Mercado de productores locales para venta al por mayor en Concepción Chiquirichapa.
Mercado Municipal Central de San Martín Sacatepéquez,GT0912,Diario,Cantonal/Municipal,671,14.653400,-90.538300,Mercado municipal de abastos y comercio cotidiano de San Martín Sacatepéquez.
Mercado Cantonal de San Martín Sacatepéquez,GT0912,Jueves y Domingos,Mayorista,289,14.656400,-90.541300,Plaza y mercado cantonal de comercio vecinal en San Martín Sacatepéquez.
Mercado de Productores y Artesanos de San Martín Sacatepéquez,GT0912,Sábados,Mayorista,195,14.650400,-90.535300,Mercado de productores locales para venta al por mayor en San Martín Sacatepéquez.
Mercado Municipal Central de Almolonga,GT0913,Diario,Cantonal/Municipal,1282,14.658400,-90.543300,Mercado municipal de abastos y comercio cotidiano de Almolonga.
Mercado Cantonal de Almolonga,GT0913,Jueves y Domingos,Cantonal/Municipal,659,14.661400,-90.546300,Plaza y mercado cantonal de comercio vecinal en Almolonga.
Mercado de Productores y Artesanos de Almolonga,GT0913,Sábados,Artesanal,385,14.655400,-90.540300,Mercado de productores locales para venta al por mayor en Almolonga.
Mercado Municipal Central de Cantel,GT0914,Diario,Cantonal/Municipal,1449,14.663400,-90.548300,Mercado municipal de abastos y comercio cotidiano de Cantel.
Mercado Cantonal de Cantel,GT0914,Jueves y Domingos,Mixto,617,14.666400,-90.551300,Plaza y mercado cantonal de comercio vecinal en Cantel.
Mercado de Productores y Artesanos de Cantel,GT0914,Sábados,Mayorista,152,14.660400,-90.545300,Mercado de productores locales para venta al por mayor en Cantel.
Mercado Municipal Central de Huitán,GT0915,Diario,Cantonal/Municipal,453,14.668400,-90.553300,Mercado municipal de abastos y comercio cotidiano de Huitán.
Mercado Cantonal de Huitán,GT0915,Jueves y Domingos,Artesanal,291,14.671400,-90.556300,Plaza y mercado cantonal de comercio vecinal en Huitán.
Mercado de Productores y Artesanos de Huitán,GT0915,Sábados,Artesanal,281,14.665400,-90.550300,Mercado de productores locales para venta al por mayor en Huitán.
Mercado Municipal Central de Zunil,GT0916,Diario,Cantonal/Municipal,590,14.673400,-90.558300,Mercado municipal de abastos y comercio cotidiano de Zunil.
Mercado Cantonal de Zunil,GT0916,Jueves y Domingos,Mayorista,532,14.676400,-90.561300,Plaza y mercado cantonal de comercio vecinal en Zunil.
Mercado de Productores y Artesanos de Zunil,GT0916,Sábados,Mayorista,542,14.670400,-90.555300,Mercado de productores locales para venta al por mayor en Zunil.
Mercado Municipal Central de Colomba,GT0917,Diario,Cantonal/Municipal,1188,14.678400,-90.563300,Mercado municipal de abastos y comercio cotidiano de Colomba.
Mercado Cantonal de Colomba,GT0917,Jueves y Domingos,Cantonal/Municipal,212,14.681400,-90.566300,Plaza y mercado cantonal de comercio vecinal en Colomba.
Mercado de Productores y Artesanos de Colomba,GT0917,Sábados,Artesanal,249,14.675400,-90.560300,Mercado de productores locales para venta al por mayor en Colomba.
Mercado Municipal Central de San Francisco La Unión,GT0918,Diario,Cantonal/Municipal,1247,14.683400,-90.568300,Mercado municipal de abastos y comercio cotidiano de San Francisco La Unión.
Mercado Cantonal de San Francisco La Unión,GT0918,Jueves y Domingos,Mixto,597,14.686400,-90.571300,Plaza y mercado cantonal de comercio vecinal en San Francisco La Unión.
Mercado de Productores y Artesanos de San Francisco La Unión,GT0918,Sábados,Mayorista,498,14.680400,-90.565300,Mercado de productores locales para venta al por mayor en San Francisco La Unión.
Mercado Municipal Central de El Palmar,GT0919,Diario,Cantonal/Municipal,573,14.688400,-90.573300,Mercado municipal de abastos y comercio cotidiano de El Palmar.
Mercado Cantonal de El Palmar,GT0919,Jueves y Domingos,Artesanal,772,14.691400,-90.576300,Plaza y mercado cantonal de comercio vecinal en El Palmar.
Mercado de Productores y Artesanos de El Palmar,GT0919,Sábados,Artesanal,563,14.685400,-90.570300,Mercado de productores locales para venta al por mayor en El Palmar.
Mercado Municipal Central de Coatepeque,GT0920,Diario,Cantonal/Municipal,897,14.693400,-90.578300,Mercado municipal de abastos y comercio cotidiano de Coatepeque.
Mercado Cantonal de Coatepeque,GT0920,Jueves y Domingos,Mayorista,785,14.696400,-90.581300,Plaza y mercado cantonal de comercio vecinal en Coatepeque.
Mercado de Productores y Artesanos de Coatepeque,GT0920,Sábados,Mayorista,366,14.690400,-90.575300,Mercado de productores locales para venta al por mayor en Coatepeque.
Mercado Municipal Central de Génova,GT0921,Diario,Cantonal/Municipal,747,14.698400,-90.583300,Mercado municipal de abastos y comercio cotidiano de Génova.
Mercado Cantonal de Génova,GT0921,Jueves y Domingos,Cantonal/Municipal,589,14.701400,-90.586300,Plaza y mercado cantonal de comercio vecinal en Génova.
Mercado de Productores y Artesanos de Génova,GT0921,Sábados,Artesanal,186,14.695400,-90.580300,Mercado de productores locales para venta al por mayor en Génova.
Mercado Municipal Central de Flores Costa Cuca,GT0922,Diario,Cantonal/Municipal,684,14.703400,-90.588300,Mercado municipal de abastos y comercio cotidiano de Flores Costa Cuca.
Mercado Cantonal de Flores Costa Cuca,GT0922,Jueves y Domingos,Mixto,475,14.706400,-90.591300,Plaza y mercado cantonal de comercio vecinal en Flores Costa Cuca.
Mercado de Productores y Artesanos de Flores Costa Cuca,GT0922,Sábados,Mayorista,254,14.700400,-90.585300,Mercado de productores locales para venta al por mayor en Flores Costa Cuca.
Mercado Municipal Central de La Esperanza,GT0923,Diario,Cantonal/Municipal,949,14.708400,-90.593300,Mercado municipal de abastos y comercio cotidiano de La Esperanza.
Mercado Cantonal de La Esperanza,GT0923,Jueves y Domingos,Artesanal,704,14.711400,-90.596300,Plaza y mercado cantonal de comercio vecinal en La Esperanza.
Mercado de Productores y Artesanos de La Esperanza,GT0923,Sábados,Artesanal,174,14.705400,-90.590300,Mercado de productores locales para venta al por mayor en La Esperanza.
Mercado Municipal Central de Palestina de Los Altos,GT0924,Diario,Cantonal/Municipal,529,14.713400,-90.598300,Mercado municipal de abastos y comercio cotidiano de Palestina de Los Altos.
Mercado Cantonal de Palestina de Los Altos,GT0924,Jueves y Domingos,Mayorista,371,14.716400,-90.601300,Plaza y mercado cantonal de comercio vecinal en Palestina de Los Altos.
Mercado de Productores y Artesanos de Palestina de Los Altos,GT0924,Sábados,Mayorista,322,14.710400,-90.595300,Mercado de productores locales para venta al por mayor en Palestina de Los Altos.
Mercado Municipal Central de Mazatenango,GT1001,Diario,Cantonal/Municipal,965,14.626700,-91.593300,Mercado municipal de abastos y comercio cotidiano de Mazatenango.
Mercado Cantonal de Mazatenango,GT1001,Jueves y Domingos,Cantonal/Municipal,631,14.629700,-91.596300,Plaza y mercado cantonal de comercio vecinal en Mazatenango.
Mercado de Productores y Artesanos de Mazatenango,GT1001,Sábados,Artesanal,253,14.623700,-91.590300,Mercado de productores locales para venta al por mayor en Mazatenango.
Mercado Municipal Central de Cuyotenango,GT1002,Diario,Cantonal/Municipal,1391,14.723400,-90.608300,Mercado municipal de abastos y comercio cotidiano de Cuyotenango.
Mercado Cantonal de Cuyotenango,GT1002,Jueves y Domingos,Mixto,278,14.726400,-90.611300,Plaza y mercado cantonal de comercio vecinal en Cuyotenango.
Mercado de Productores y Artesanos de Cuyotenango,GT1002,Sábados,Mayorista,284,14.720400,-90.605300,Mercado de productores locales para venta al por mayor en Cuyotenango.
Mercado Municipal Central de San Francisco Zapotitlán,GT1003,Diario,Cantonal/Municipal,915,14.628400,-90.513300,Mercado municipal de abastos y comercio cotidiano de San Francisco Zapotitlán.
Mercado Cantonal de San Francisco Zapotitlán,GT1003,Jueves y Domingos,Artesanal,452,14.631400,-90.516300,Plaza y mercado cantonal de comercio vecinal en San Francisco Zapotitlán.
Mercado de Productores y Artesanos de San Francisco Zapotitlán,GT1003,Sábados,Artesanal,469,14.625400,-90.510300,Mercado de productores locales para venta al por mayor en San Francisco Zapotitlán.
Mercado Municipal Central de San Bernardino,GT1004,Diario,Cantonal/Municipal,1415,14.633400,-90.518300,Mercado municipal de abastos y comercio cotidiano de San Bernardino.
Mercado Cantonal de San Bernardino,GT1004,Jueves y Domingos,Mayorista,400,14.636400,-90.521300,Plaza y mercado cantonal de comercio vecinal en San Bernardino.
Mercado de Productores y Artesanos de San Bernardino,GT1004,Sábados,Mayorista,334,14.630400,-90.515300,Mercado de productores locales para venta al por mayor en San Bernardino.
Mercado Municipal Central de San José El Ídolo,GT1005,Diario,Cantonal/Municipal,619,14.638400,-90.523300,Mercado municipal de abastos y comercio cotidiano de San José El Ídolo.
Mercado Cantonal de San José El Ídolo,GT1005,Jueves y Domingos,Cantonal/Municipal,338,14.641400,-90.526300,Plaza y mercado cantonal de comercio vecinal en San José El Ídolo.
Mercado de Productores y Artesanos de San José El Ídolo,GT1005,Sábados,Artesanal,255,14.635400,-90.520300,Mercado de productores locales para venta al por mayor en San José El Ídolo.
Mercado Municipal Central de Santo Domingo Suchitepéquez,GT1006,Diario,Cantonal/Municipal,413,14.643400,-90.528300,Mercado municipal de abastos y comercio cotidiano de Santo Domingo Suchitepéquez.
Mercado Cantonal de Santo Domingo Suchitepéquez,GT1006,Jueves y Domingos,Mixto,605,14.646400,-90.531300,Plaza y mercado cantonal de comercio vecinal en Santo Domingo Suchitepéquez.
Mercado de Productores y Artesanos de Santo Domingo Suchitepéquez,GT1006,Sábados,Mayorista,270,14.640400,-90.525300,Mercado de productores locales para venta al por mayor en Santo Domingo Suchitepéquez.
Mercado Municipal Central de San Lorenzo,GT1007,Diario,Cantonal/Municipal,1178,14.648400,-90.533300,Mercado municipal de abastos y comercio cotidiano de San Lorenzo.
Mercado Cantonal de San Lorenzo,GT1007,Jueves y Domingos,Artesanal,537,14.651400,-90.536300,Plaza y mercado cantonal de comercio vecinal en San Lorenzo.
Mercado de Productores y Artesanos de San Lorenzo,GT1007,Sábados,Artesanal,325,14.645400,-90.530300,Mercado de productores locales para venta al por mayor en San Lorenzo.
Mercado Municipal Central de Samayac,GT1008,Diario,Cantonal/Municipal,1085,14.653400,-90.538300,Mercado municipal de abastos y comercio cotidiano de Samayac.
Mercado Cantonal de Samayac,GT1008,Jueves y Domingos,Mayorista,640,14.656400,-90.541300,Plaza y mercado cantonal de comercio vecinal en Samayac.
Mercado de Productores y Artesanos de Samayac,GT1008,Sábados,Mayorista,517,14.650400,-90.535300,Mercado de productores locales para venta al por mayor en Samayac.
Mercado Municipal Central de San Pablo Jocopilas,GT1009,Diario,Cantonal/Municipal,678,14.658400,-90.543300,Mercado municipal de abastos y comercio cotidiano de San Pablo Jocopilas.
Mercado Cantonal de San Pablo Jocopilas,GT1009,Jueves y Domingos,Cantonal/Municipal,507,14.661400,-90.546300,Plaza y mercado cantonal de comercio vecinal en San Pablo Jocopilas.
Mercado de Productores y Artesanos de San Pablo Jocopilas,GT1009,Sábados,Artesanal,264,14.655400,-90.540300,Mercado de productores locales para venta al por mayor en San Pablo Jocopilas.
Mercado Municipal Central de San Antonio Suchitepéquez,GT1010,Diario,Cantonal/Municipal,811,14.663400,-90.548300,Mercado municipal de abastos y comercio cotidiano de San Antonio Suchitepéquez.
Mercado Cantonal de San Antonio Suchitepéquez,GT1010,Jueves y Domingos,Mixto,690,14.666400,-90.551300,Plaza y mercado cantonal de comercio vecinal en San Antonio Suchitepéquez.
Mercado de Productores y Artesanos de San Antonio Suchitepéquez,GT1010,Sábados,Mayorista,260,14.660400,-90.545300,Mercado de productores locales para venta al por mayor en San Antonio Suchitepéquez.
Mercado Municipal Central de San Miguel Panán,GT1011,Diario,Cantonal/Municipal,763,14.668400,-90.553300,Mercado municipal de abastos y comercio cotidiano de San Miguel Panán.
Mercado Cantonal de San Miguel Panán,GT1011,Jueves y Domingos,Artesanal,607,14.671400,-90.556300,Plaza y mercado cantonal de comercio vecinal en San Miguel Panán.
Mercado de Productores y Artesanos de San Miguel Panán,GT1011,Sábados,Artesanal,595,14.665400,-90.550300,Mercado de productores locales para venta al por mayor en San Miguel Panán.
Mercado Municipal Central de San Gabriel,GT1012,Diario,Cantonal/Municipal,1053,14.673400,-90.558300,Mercado municipal de abastos y comercio cotidiano de San Gabriel.
Mercado Cantonal de San Gabriel,GT1012,Jueves y Domingos,Mayorista,498,14.676400,-90.561300,Plaza y mercado cantonal de comercio vecinal en San Gabriel.
Mercado de Productores y Artesanos de San Gabriel,GT1012,Sábados,Mayorista,476,14.670400,-90.555300,Mercado de productores locales para venta al por mayor en San Gabriel.
Mercado Municipal Central de Chicacao,GT1013,Diario,Cantonal/Municipal,1405,14.678400,-90.563300,Mercado municipal de abastos y comercio cotidiano de Chicacao.
Mercado Cantonal de Chicacao,GT1013,Jueves y Domingos,Cantonal/Municipal,789,14.681400,-90.566300,Plaza y mercado cantonal de comercio vecinal en Chicacao.
Mercado de Productores y Artesanos de Chicacao,GT1013,Sábados,Artesanal,500,14.675400,-90.560300,Mercado de productores locales para venta al por mayor en Chicacao.
Mercado Municipal Central de Patulul,GT1014,Diario,Cantonal/Municipal,896,14.683400,-90.568300,Mercado municipal de abastos y comercio cotidiano de Patulul.
Mercado Cantonal de Patulul,GT1014,Jueves y Domingos,Mixto,533,14.686400,-90.571300,Plaza y mercado cantonal de comercio vecinal en Patulul.
Mercado de Productores y Artesanos de Patulul,GT1014,Sábados,Mayorista,292,14.680400,-90.565300,Mercado de productores locales para venta al por mayor en Patulul.
Mercado Municipal Central de Santa Bárbara,GT1015,Diario,Cantonal/Municipal,974,14.688400,-90.573300,Mercado municipal de abastos y comercio cotidiano de Santa Bárbara.
Mercado Cantonal de Santa Bárbara,GT1015,Jueves y Domingos,Artesanal,602,14.691400,-90.576300,Plaza y mercado cantonal de comercio vecinal en Santa Bárbara.
Mercado de Productores y Artesanos de Santa Bárbara,GT1015,Sábados,Artesanal,286,14.685400,-90.570300,Mercado de productores locales para venta al por mayor en Santa Bárbara.
Mercado Municipal Central de San Juan Bautista,GT1016,Diario,Cantonal/Municipal,633,14.693400,-90.578300,Mercado municipal de abastos y comercio cotidiano de San Juan Bautista.
Mercado Cantonal de San Juan Bautista,GT1016,Jueves y Domingos,Mayorista,777,14.696400,-90.581300,Plaza y mercado cantonal de comercio vecinal en San Juan Bautista.
Mercado de Productores y Artesanos de San Juan Bautista,GT1016,Sábados,Mayorista,202,14.690400,-90.575300,Mercado de productores locales para venta al por mayor en San Juan Bautista.
Mercado Municipal Central de Santo Tomás La Unión,GT1017,Diario,Cantonal/Municipal,768,14.698400,-90.583300,Mercado municipal de abastos y comercio cotidiano de Santo Tomás La Unión.
Mercado Cantonal de Santo Tomás La Unión,GT1017,Jueves y Domingos,Cantonal/Municipal,763,14.701400,-90.586300,Plaza y mercado cantonal de comercio vecinal en Santo Tomás La Unión.
Mercado de Productores y Artesanos de Santo Tomás La Unión,GT1017,Sábados,Artesanal,113,14.695400,-90.580300,Mercado de productores locales para venta al por mayor en Santo Tomás La Unión.
Mercado Municipal Central de Zunilito,GT1018,Diario,Cantonal/Municipal,1345,14.703400,-90.588300,Mercado municipal de abastos y comercio cotidiano de Zunilito.
Mercado Cantonal de Zunilito,GT1018,Jueves y Domingos,Mixto,414,14.706400,-90.591300,Plaza y mercado cantonal de comercio vecinal en Zunilito.
Mercado de Productores y Artesanos de Zunilito,GT1018,Sábados,Mayorista,324,14.700400,-90.585300,Mercado de productores locales para venta al por mayor en Zunilito.
Mercado Municipal Central de Pueblo Nuevo,GT1019,Diario,Cantonal/Municipal,996,14.708400,-90.593300,Mercado municipal de abastos y comercio cotidiano de Pueblo Nuevo.
Mercado Cantonal de Pueblo Nuevo,GT1019,Jueves y Domingos,Artesanal,270,14.711400,-90.596300,Plaza y mercado cantonal de comercio vecinal en Pueblo Nuevo.
Mercado de Productores y Artesanos de Pueblo Nuevo,GT1019,Sábados,Artesanal,519,14.705400,-90.590300,Mercado de productores locales para venta al por mayor en Pueblo Nuevo.
Mercado Municipal Central de Río Bravo,GT1020,Diario,Cantonal/Municipal,1237,14.713400,-90.598300,Mercado municipal de abastos y comercio cotidiano de Río Bravo.
Mercado Cantonal de Río Bravo,GT1020,Jueves y Domingos,Mayorista,711,14.716400,-90.601300,Plaza y mercado cantonal de comercio vecinal en Río Bravo.
Mercado de Productores y Artesanos de Río Bravo,GT1020,Sábados,Mayorista,171,14.710400,-90.595300,Mercado de productores locales para venta al por mayor en Río Bravo.
Mercado Municipal Central de San José La Máquina,GT1021,Diario,Cantonal/Municipal,1020,14.718400,-90.603300,Mercado municipal de abastos y comercio cotidiano de San José La Máquina.
Mercado Cantonal de San José La Máquina,GT1021,Jueves y Domingos,Cantonal/Municipal,447,14.721400,-90.606300,Plaza y mercado cantonal de comercio vecinal en San José La Máquina.
Mercado de Productores y Artesanos de San José La Máquina,GT1021,Sábados,Artesanal,229,14.715400,-90.600300,Mercado de productores locales para venta al por mayor en San José La Máquina.
Mercado Municipal Central de Retalhuleu,GT1101,Diario,Cantonal/Municipal,715,14.630600,-91.772800,Mercado municipal de abastos y comercio cotidiano de Retalhuleu.
Mercado Cantonal de Retalhuleu,GT1101,Jueves y Domingos,Mixto,633,14.633600,-91.775800,Plaza y mercado cantonal de comercio vecinal en Retalhuleu.
Mercado de Productores y Artesanos de Retalhuleu,GT1101,Sábados,Mayorista,504,14.627600,-91.769800,Mercado de productores locales para venta al por mayor en Retalhuleu.
Mercado Municipal Central de San Sebastián,GT1102,Diario,Cantonal/Municipal,1172,14.628400,-90.513300,Mercado municipal de abastos y comercio cotidiano de San Sebastián.
Mercado Cantonal de San Sebastián,GT1102,Jueves y Domingos,Artesanal,275,14.631400,-90.516300,Plaza y mercado cantonal de comercio vecinal en San Sebastián.
Mercado de Productores y Artesanos de San Sebastián,GT1102,Sábados,Artesanal,329,14.625400,-90.510300,Mercado de productores locales para venta al por mayor en San Sebastián.
Mercado Municipal Central de Santa Cruz Muluá,GT1103,Diario,Cantonal/Municipal,1381,14.633400,-90.518300,Mercado municipal de abastos y comercio cotidiano de Santa Cruz Muluá.
Mercado Cantonal de Santa Cruz Muluá,GT1103,Jueves y Domingos,Mayorista,796,14.636400,-90.521300,Plaza y mercado cantonal de comercio vecinal en Santa Cruz Muluá.
Mercado de Productores y Artesanos de Santa Cruz Muluá,GT1103,Sábados,Mayorista,305,14.630400,-90.515300,Mercado de productores locales para venta al por mayor en Santa Cruz Muluá.
Mercado Municipal Central de San Martín Zapotitlán,GT1104,Diario,Cantonal/Municipal,1494,14.638400,-90.523300,Mercado municipal de abastos y comercio cotidiano de San Martín Zapotitlán.
Mercado Cantonal de San Martín Zapotitlán,GT1104,Jueves y Domingos,Cantonal/Municipal,718,14.641400,-90.526300,Plaza y mercado cantonal de comercio vecinal en San Martín Zapotitlán.
Mercado de Productores y Artesanos de San Martín Zapotitlán,GT1104,Sábados,Artesanal,572,14.635400,-90.520300,Mercado de productores locales para venta al por mayor en San Martín Zapotitlán.
Mercado Municipal Central de San Felipe,GT1105,Diario,Cantonal/Municipal,1256,14.643400,-90.528300,Mercado municipal de abastos y comercio cotidiano de San Felipe.
Mercado Cantonal de San Felipe,GT1105,Jueves y Domingos,Mixto,756,14.646400,-90.531300,Plaza y mercado cantonal de comercio vecinal en San Felipe.
Mercado de Productores y Artesanos de San Felipe,GT1105,Sábados,Mayorista,118,14.640400,-90.525300,Mercado de productores locales para venta al por mayor en San Felipe.
Mercado Municipal Central de San Andrés Villa Seca,GT1106,Diario,Cantonal/Municipal,1136,14.648400,-90.533300,Mercado municipal de abastos y comercio cotidiano de San Andrés Villa Seca.
Mercado Cantonal de San Andrés Villa Seca,GT1106,Jueves y Domingos,Artesanal,749,14.651400,-90.536300,Plaza y mercado cantonal de comercio vecinal en San Andrés Villa Seca.
Mercado de Productores y Artesanos de San Andrés Villa Seca,GT1106,Sábados,Artesanal,404,14.645400,-90.530300,Mercado de productores locales para venta al por mayor en San Andrés Villa Seca.
Mercado Municipal Central de Champerico,GT1107,Diario,Cantonal/Municipal,574,14.653400,-90.538300,Mercado municipal de abastos y comercio cotidiano de Champerico.
Mercado Cantonal de Champerico,GT1107,Jueves y Domingos,Mayorista,311,14.656400,-90.541300,Plaza y mercado cantonal de comercio vecinal en Champerico.
Mercado de Productores y Artesanos de Champerico,GT1107,Sábados,Mayorista,493,14.650400,-90.535300,Mercado de productores locales para venta al por mayor en Champerico.
Mercado Municipal Central de Nuevo San Carlos,GT1108,Diario,Cantonal/Municipal,908,14.658400,-90.543300,Mercado municipal de abastos y comercio cotidiano de Nuevo San Carlos.
Mercado Cantonal de Nuevo San Carlos,GT1108,Jueves y Domingos,Cantonal/Municipal,563,14.661400,-90.546300,Plaza y mercado cantonal de comercio vecinal en Nuevo San Carlos.
Mercado de Productores y Artesanos de Nuevo San Carlos,GT1108,Sábados,Artesanal,185,14.655400,-90.540300,Mercado de productores locales para venta al por mayor en Nuevo San Carlos.
Mercado Municipal Central de El Asintal,GT1109,Diario,Cantonal/Municipal,490,14.663400,-90.548300,Mercado municipal de abastos y comercio cotidiano de El Asintal.
Mercado Cantonal de El Asintal,GT1109,Jueves y Domingos,Mixto,776,14.666400,-90.551300,Plaza y mercado cantonal de comercio vecinal en El Asintal.
Mercado de Productores y Artesanos de El Asintal,GT1109,Sábados,Mayorista,430,14.660400,-90.545300,Mercado de productores locales para venta al por mayor en El Asintal.
Mercado Municipal Central de San Marcos,GT1201,Diario,Cantonal/Municipal,1218,15.002500,-91.837200,Mercado municipal de abastos y comercio cotidiano de San Marcos.
Mercado Cantonal de San Marcos,GT1201,Jueves y Domingos,Artesanal,539,15.005500,-91.840200,Plaza y mercado cantonal de comercio vecinal en San Marcos.
Mercado de Productores y Artesanos de San Marcos,GT1201,Sábados,Artesanal,594,14.999500,-91.834200,Mercado de productores locales para venta al por mayor en San Marcos.
Mercado Municipal Central de San Pedro Sacatepéquez,GT1202,Diario,Cantonal/Municipal,1281,14.673400,-90.558300,Mercado municipal de abastos y comercio cotidiano de San Pedro Sacatepéquez.
Mercado Cantonal de San Pedro Sacatepéquez,GT1202,Jueves y Domingos,Mayorista,308,14.676400,-90.561300,Plaza y mercado cantonal de comercio vecinal en San Pedro Sacatepéquez.
Mercado de Productores y Artesanos de San Pedro Sacatepéquez,GT1202,Sábados,Mayorista,105,14.670400,-90.555300,Mercado de productores locales para venta al por mayor en San Pedro Sacatepéquez.
Mercado Municipal Central de San Antonio Sacatepéquez,GT1203,Diario,Cantonal/Municipal,601,14.678400,-90.563300,Mercado municipal de abastos y comercio cotidiano de San Antonio Sacatepéquez.
Mercado Cantonal de San Antonio Sacatepéquez,GT1203,Jueves y Domingos,Cantonal/Municipal,464,14.681400,-90.566300,Plaza y mercado cantonal de comercio vecinal en San Antonio Sacatepéquez.
Mercado de Productores y Artesanos de San Antonio Sacatepéquez,GT1203,Sábados,Artesanal,213,14.675400,-90.560300,Mercado de productores locales para venta al por mayor en San Antonio Sacatepéquez.
Mercado Municipal Central de Comitancillo,GT1204,Diario,Cantonal/Municipal,1445,14.683400,-90.568300,Mercado municipal de abastos y comercio cotidiano de Comitancillo.
Mercado Cantonal de Comitancillo,GT1204,Jueves y Domingos,Mixto,731,14.686400,-90.571300,Plaza y mercado cantonal de comercio vecinal en Comitancillo.
Mercado de Productores y Artesanos de Comitancillo,GT1204,Sábados,Mayorista,385,14.680400,-90.565300,Mercado de productores locales para venta al por mayor en Comitancillo.
Mercado Municipal Central de San Miguel Ixtahuacán,GT1205,Diario,Cantonal/Municipal,852,14.688400,-90.573300,Mercado municipal de abastos y comercio cotidiano de San Miguel Ixtahuacán.
Mercado Cantonal de San Miguel Ixtahuacán,GT1205,Jueves y Domingos,Artesanal,656,14.691400,-90.576300,Plaza y mercado cantonal de comercio vecinal en San Miguel Ixtahuacán.
Mercado de Productores y Artesanos de San Miguel Ixtahuacán,GT1205,Sábados,Artesanal,291,14.685400,-90.570300,Mercado de productores locales para venta al por mayor en San Miguel Ixtahuacán.
Mercado Municipal Central de Concepción Tutuapa,GT1206,Diario,Cantonal/Municipal,1201,14.693400,-90.578300,Mercado municipal de abastos y comercio cotidiano de Concepción Tutuapa.
Mercado Cantonal de Concepción Tutuapa,GT1206,Jueves y Domingos,Mayorista,674,14.696400,-90.581300,Plaza y mercado cantonal de comercio vecinal en Concepción Tutuapa.
Mercado de Productores y Artesanos de Concepción Tutuapa,GT1206,Sábados,Mayorista,495,14.690400,-90.575300,Mercado de productores locales para venta al por mayor en Concepción Tutuapa.
Mercado Municipal Central de Tacaná,GT1207,Diario,Cantonal/Municipal,1424,14.698400,-90.583300,Mercado municipal de abastos y comercio cotidiano de Tacaná.
Mercado Cantonal de Tacaná,GT1207,Jueves y Domingos,Cantonal/Municipal,354,14.701400,-90.586300,Plaza y mercado cantonal de comercio vecinal en Tacaná.
Mercado de Productores y Artesanos de Tacaná,GT1207,Sábados,Artesanal,276,14.695400,-90.580300,Mercado de productores locales para venta al por mayor en Tacaná.
Mercado Municipal Central de Sibinal,GT1208,Diario,Cantonal/Municipal,450,14.703400,-90.588300,Mercado municipal de abastos y comercio cotidiano de Sibinal.
Mercado Cantonal de Sibinal,GT1208,Jueves y Domingos,Mixto,694,14.706400,-90.591300,Plaza y mercado cantonal de comercio vecinal en Sibinal.
Mercado de Productores y Artesanos de Sibinal,GT1208,Sábados,Mayorista,153,14.700400,-90.585300,Mercado de productores locales para venta al por mayor en Sibinal.
Mercado Municipal Central de Tajumulco,GT1209,Diario,Cantonal/Municipal,1005,14.708400,-90.593300,Mercado municipal de abastos y comercio cotidiano de Tajumulco.
Mercado Cantonal de Tajumulco,GT1209,Jueves y Domingos,Artesanal,625,14.711400,-90.596300,Plaza y mercado cantonal de comercio vecinal en Tajumulco.
Mercado de Productores y Artesanos de Tajumulco,GT1209,Sábados,Artesanal,571,14.705400,-90.590300,Mercado de productores locales para venta al por mayor en Tajumulco.
Mercado Municipal Central de Tejutla,GT1210,Diario,Cantonal/Municipal,575,14.713400,-90.598300,Mercado municipal de abastos y comercio cotidiano de Tejutla.
Mercado Cantonal de Tejutla,GT1210,Jueves y Domingos,Mayorista,318,14.716400,-90.601300,Plaza y mercado cantonal de comercio vecinal en Tejutla.
Mercado de Productores y Artesanos de Tejutla,GT1210,Sábados,Mayorista,525,14.710400,-90.595300,Mercado de productores locales para venta al por mayor en Tejutla.
Mercado Municipal Central de San Rafael Pie de la Cuesta,GT1211,Diario,Cantonal/Municipal,690,14.718400,-90.603300,Mercado municipal de abastos y comercio cotidiano de San Rafael Pie de la Cuesta.
Mercado Cantonal de San Rafael Pie de la Cuesta,GT1211,Jueves y Domingos,Cantonal/Municipal,556,14.721400,-90.606300,Plaza y mercado cantonal de comercio vecinal en San Rafael Pie de la Cuesta.
Mercado de Productores y Artesanos de San Rafael Pie de la Cuesta,GT1211,Sábados,Artesanal,259,14.715400,-90.600300,Mercado de productores locales para venta al por mayor en San Rafael Pie de la Cuesta.
Mercado Municipal Central de Nuevo Progreso,GT1212,Diario,Cantonal/Municipal,1102,14.723400,-90.608300,Mercado municipal de abastos y comercio cotidiano de Nuevo Progreso.
Mercado Cantonal de Nuevo Progreso,GT1212,Jueves y Domingos,Mixto,666,14.726400,-90.611300,Plaza y mercado cantonal de comercio vecinal en Nuevo Progreso.
Mercado de Productores y Artesanos de Nuevo Progreso,GT1212,Sábados,Mayorista,501,14.720400,-90.605300,Mercado de productores locales para venta al por mayor en Nuevo Progreso.
Mercado Municipal Central de El Tumbador,GT1213,Diario,Cantonal/Municipal,823,14.628400,-90.513300,Mercado municipal de abastos y comercio cotidiano de El Tumbador.
Mercado Cantonal de El Tumbador,GT1213,Jueves y Domingos,Artesanal,733,14.631400,-90.516300,Plaza y mercado cantonal de comercio vecinal en El Tumbador.
Mercado de Productores y Artesanos de El Tumbador,GT1213,Sábados,Artesanal,347,14.625400,-90.510300,Mercado de productores locales para venta al por mayor en El Tumbador.
Mercado Municipal Central de El Rodeo,GT1214,Diario,Cantonal/Municipal,1113,14.633400,-90.518300,Mercado municipal de abastos y comercio cotidiano de El Rodeo.
Mercado Cantonal de El Rodeo,GT1214,Jueves y Domingos,Mayorista,687,14.636400,-90.521300,Plaza y mercado cantonal de comercio vecinal en El Rodeo.
Mercado de Productores y Artesanos de El Rodeo,GT1214,Sábados,Mayorista,149,14.630400,-90.515300,Mercado de productores locales para venta al por mayor en El Rodeo.
Mercado Municipal Central de Malacatán,GT1215,Diario,Cantonal/Municipal,1297,14.638400,-90.523300,Mercado municipal de abastos y comercio cotidiano de Malacatán.
Mercado Cantonal de Malacatán,GT1215,Jueves y Domingos,Cantonal/Municipal,663,14.641400,-90.526300,Plaza y mercado cantonal de comercio vecinal en Malacatán.
Mercado de Productores y Artesanos de Malacatán,GT1215,Sábados,Artesanal,263,14.635400,-90.520300,Mercado de productores locales para venta al por mayor en Malacatán.
Mercado Municipal Central de Catarina,GT1216,Diario,Cantonal/Municipal,537,14.643400,-90.528300,Mercado municipal de abastos y comercio cotidiano de Catarina.
Mercado Cantonal de Catarina,GT1216,Jueves y Domingos,Mixto,507,14.646400,-90.531300,Plaza y mercado cantonal de comercio vecinal en Catarina.
Mercado de Productores y Artesanos de Catarina,GT1216,Sábados,Mayorista,122,14.640400,-90.525300,Mercado de productores locales para venta al por mayor en Catarina.
Mercado Municipal Central de Ayutla,GT1217,Diario,Cantonal/Municipal,635,14.648400,-90.533300,Mercado municipal de abastos y comercio cotidiano de Ayutla.
Mercado Cantonal de Ayutla,GT1217,Jueves y Domingos,Artesanal,223,14.651400,-90.536300,Plaza y mercado cantonal de comercio vecinal en Ayutla.
Mercado de Productores y Artesanos de Ayutla,GT1217,Sábados,Artesanal,534,14.645400,-90.530300,Mercado de productores locales para venta al por mayor en Ayutla.
Mercado Municipal Central de Ocós,GT1218,Diario,Cantonal/Municipal,1102,14.653400,-90.538300,Mercado municipal de abastos y comercio cotidiano de Ocós.
Mercado Cantonal de Ocós,GT1218,Jueves y Domingos,Mayorista,311,14.656400,-90.541300,Plaza y mercado cantonal de comercio vecinal en Ocós.
Mercado de Productores y Artesanos de Ocós,GT1218,Sábados,Mayorista,446,14.650400,-90.535300,Mercado de productores locales para venta al por mayor en Ocós.
Mercado Municipal Central de San Pablo,GT1219,Diario,Cantonal/Municipal,736,14.658400,-90.543300,Mercado municipal de abastos y comercio cotidiano de San Pablo.
Mercado Cantonal de San Pablo,GT1219,Jueves y Domingos,Cantonal/Municipal,449,14.661400,-90.546300,Plaza y mercado cantonal de comercio vecinal en San Pablo.
Mercado de Productores y Artesanos de San Pablo,GT1219,Sábados,Artesanal,364,14.655400,-90.540300,Mercado de productores locales para venta al por mayor en San Pablo.
Mercado Municipal Central de El Quetzal,GT1220,Diario,Cantonal/Municipal,757,14.663400,-90.548300,Mercado municipal de abastos y comercio cotidiano de El Quetzal.
Mercado Cantonal de El Quetzal,GT1220,Jueves y Domingos,Mixto,765,14.666400,-90.551300,Plaza y mercado cantonal de comercio vecinal en El Quetzal.
Mercado de Productores y Artesanos de El Quetzal,GT1220,Sábados,Mayorista,181,14.660400,-90.545300,Mercado de productores locales para venta al por mayor en El Quetzal.
Mercado Municipal Central de La Reforma,GT1221,Diario,Cantonal/Municipal,1077,14.668400,-90.553300,Mercado municipal de abastos y comercio cotidiano de La Reforma.
Mercado Cantonal de La Reforma,GT1221,Jueves y Domingos,Artesanal,773,14.671400,-90.556300,Plaza y mercado cantonal de comercio vecinal en La Reforma.
Mercado de Productores y Artesanos de La Reforma,GT1221,Sábados,Artesanal,318,14.665400,-90.550300,Mercado de productores locales para venta al por mayor en La Reforma.
Mercado Municipal Central de Pajapita,GT1222,Diario,Cantonal/Municipal,1346,14.673400,-90.558300,Mercado municipal de abastos y comercio cotidiano de Pajapita.
Mercado Cantonal de Pajapita,GT1222,Jueves y Domingos,Mayorista,437,14.676400,-90.561300,Plaza y mercado cantonal de comercio vecinal en Pajapita.
Mercado de Productores y Artesanos de Pajapita,GT1222,Sábados,Mayorista,508,14.670400,-90.555300,Mercado de productores locales para venta al por mayor en Pajapita.
Mercado Municipal Central de Ixchiguán,GT1223,Diario,Cantonal/Municipal,1229,14.678400,-90.563300,Mercado municipal de abastos y comercio cotidiano de Ixchiguán.
Mercado Cantonal de Ixchiguán,GT1223,Jueves y Domingos,Cantonal/Municipal,388,14.681400,-90.566300,Plaza y mercado cantonal de comercio vecinal en Ixchiguán.
Mercado de Productores y Artesanos de Ixchiguán,GT1223,Sábados,Artesanal,195,14.675400,-90.560300,Mercado de productores locales para venta al por mayor en Ixchiguán.
Mercado Municipal Central de San José Ojetenam,GT1224,Diario,Cantonal/Municipal,1285,14.683400,-90.568300,Mercado municipal de abastos y comercio cotidiano de San José Ojetenam.
Mercado Cantonal de San José Ojetenam,GT1224,Jueves y Domingos,Mixto,605,14.686400,-90.571300,Plaza y mercado cantonal de comercio vecinal en San José Ojetenam.
Mercado de Productores y Artesanos de San José Ojetenam,GT1224,Sábados,Mayorista,114,14.680400,-90.565300,Mercado de productores locales para venta al por mayor en San José Ojetenam.
Mercado Municipal Central de San Cristóbal Cucho,GT1225,Diario,Cantonal/Municipal,804,14.688400,-90.573300,Mercado municipal de abastos y comercio cotidiano de San Cristóbal Cucho.
Mercado Cantonal de San Cristóbal Cucho,GT1225,Jueves y Domingos,Artesanal,660,14.691400,-90.576300,Plaza y mercado cantonal de comercio vecinal en San Cristóbal Cucho.
Mercado de Productores y Artesanos de San Cristóbal Cucho,GT1225,Sábados,Artesanal,403,14.685400,-90.570300,Mercado de productores locales para venta al por mayor en San Cristóbal Cucho.
Mercado Municipal Central de Sipacapa,GT1226,Diario,Cantonal/Municipal,1279,14.693400,-90.578300,Mercado municipal de abastos y comercio cotidiano de Sipacapa.
Mercado Cantonal de Sipacapa,GT1226,Jueves y Domingos,Mayorista,598,14.696400,-90.581300,Plaza y mercado cantonal de comercio vecinal en Sipacapa.
Mercado de Productores y Artesanos de Sipacapa,GT1226,Sábados,Mayorista,102,14.690400,-90.575300,Mercado de productores locales para venta al por mayor en Sipacapa.
Mercado Municipal Central de Esquipulas Palo Gordo,GT1227,Diario,Cantonal/Municipal,839,14.698400,-90.583300,Mercado municipal de abastos y comercio cotidiano de Esquipulas Palo Gordo.
Mercado Cantonal de Esquipulas Palo Gordo,GT1227,Jueves y Domingos,Cantonal/Municipal,410,14.701400,-90.586300,Plaza y mercado cantonal de comercio vecinal en Esquipulas Palo Gordo.
Mercado de Productores y Artesanos de Esquipulas Palo Gordo,GT1227,Sábados,Artesanal,242,14.695400,-90.580300,Mercado de productores locales para venta al por mayor en Esquipulas Palo Gordo.
Mercado Municipal Central de Río Blanco,GT1228,Diario,Cantonal/Municipal,528,14.703400,-90.588300,Mercado municipal de abastos y comercio cotidiano de Río Blanco.
Mercado Cantonal de Río Blanco,GT1228,Jueves y Domingos,Mixto,791,14.706400,-90.591300,Plaza y mercado cantonal de comercio vecinal en Río Blanco.
Mercado de Productores y Artesanos de Río Blanco,GT1228,Sábados,Mayorista,152,14.700400,-90.585300,Mercado de productores locales para venta al por mayor en Río Blanco.
Mercado Municipal Central de San Lorenzo,GT1229,Diario,Cantonal/Municipal,1499,14.708400,-90.593300,Mercado municipal de abastos y comercio cotidiano de San Lorenzo.
Mercado Cantonal de San Lorenzo,GT1229,Jueves y Domingos,Artesanal,391,14.711400,-90.596300,Plaza y mercado cantonal de comercio vecinal en San Lorenzo.
Mercado de Productores y Artesanos de San Lorenzo,GT1229,Sábados,Artesanal,287,14.705400,-90.590300,Mercado de productores locales para venta al por mayor en San Lorenzo.
Mercado Municipal Central de La Blanca,GT1230,Diario,Cantonal/Municipal,1067,14.713400,-90.598300,Mercado municipal de abastos y comercio cotidiano de La Blanca.
Mercado Cantonal de La Blanca,GT1230,Jueves y Domingos,Mayorista,401,14.716400,-90.601300,Plaza y mercado cantonal de comercio vecinal en La Blanca.
Mercado de Productores y Artesanos de La Blanca,GT1230,Sábados,Mayorista,334,14.710400,-90.595300,Mercado de productores locales para venta al por mayor en La Blanca.
Mercado Municipal Central de Huehuetenango,GT1301,Diario,Cantonal/Municipal,633,15.409700,-91.560300,Mercado municipal de abastos y comercio cotidiano de Huehuetenango.
Mercado Cantonal de Huehuetenango,GT1301,Jueves y Domingos,Cantonal/Municipal,468,15.412700,-91.563300,Plaza y mercado cantonal de comercio vecinal en Huehuetenango.
Mercado de Productores y Artesanos de Huehuetenango,GT1301,Sábados,Artesanal,443,15.406700,-91.557300,Mercado de productores locales para venta al por mayor en Huehuetenango.
Mercado Municipal Central de Chiantla,GT1302,Diario,Cantonal/Municipal,1402,14.723400,-90.608300,Mercado municipal de abastos y comercio cotidiano de Chiantla.
Mercado Cantonal de Chiantla,GT1302,Jueves y Domingos,Mixto,740,14.726400,-90.611300,Plaza y mercado cantonal de comercio vecinal en Chiantla.
Mercado de Productores y Artesanos de Chiantla,GT1302,Sábados,Mayorista,594,14.720400,-90.605300,Mercado de productores locales para venta al por mayor en Chiantla.
Mercado Municipal Central de Malacatancito,GT1303,Diario,Cantonal/Municipal,1041,14.628400,-90.513300,Mercado municipal de abastos y comercio cotidiano de Malacatancito.
Mercado Cantonal de Malacatancito,GT1303,Jueves y Domingos,Artesanal,597,14.631400,-90.516300,Plaza y mercado cantonal de comercio vecinal en Malacatancito.
Mercado de Productores y Artesanos de Malacatancito,GT1303,Sábados,Artesanal,412,14.625400,-90.510300,Mercado de productores locales para venta al por mayor en Malacatancito.
Mercado Municipal Central de Cuilco,GT1304,Diario,Cantonal/Municipal,1203,14.633400,-90.518300,Mercado municipal de abastos y comercio cotidiano de Cuilco.
Mercado Cantonal de Cuilco,GT1304,Jueves y Domingos,Mayorista,316,14.636400,-90.521300,Plaza y mercado cantonal de comercio vecinal en Cuilco.
Mercado de Productores y Artesanos de Cuilco,GT1304,Sábados,Mayorista,278,14.630400,-90.515300,Mercado de productores locales para venta al por mayor en Cuilco.
Mercado Municipal Central de Nentón,GT1305,Diario,Cantonal/Municipal,1120,14.638400,-90.523300,Mercado municipal de abastos y comercio cotidiano de Nentón.
Mercado Cantonal de Nentón,GT1305,Jueves y Domingos,Cantonal/Municipal,668,14.641400,-90.526300,Plaza y mercado cantonal de comercio vecinal en Nentón.
Mercado de Productores y Artesanos de Nentón,GT1305,Sábados,Artesanal,416,14.635400,-90.520300,Mercado de productores locales para venta al por mayor en Nentón.
Mercado Municipal Central de San Pedro Necta,GT1306,Diario,Cantonal/Municipal,753,14.643400,-90.528300,Mercado municipal de abastos y comercio cotidiano de San Pedro Necta.
Mercado Cantonal de San Pedro Necta,GT1306,Jueves y Domingos,Mixto,504,14.646400,-90.531300,Plaza y mercado cantonal de comercio vecinal en San Pedro Necta.
Mercado de Productores y Artesanos de San Pedro Necta,GT1306,Sábados,Mayorista,570,14.640400,-90.525300,Mercado de productores locales para venta al por mayor en San Pedro Necta.
Mercado Municipal Central de Jacaltenango,GT1307,Diario,Cantonal/Municipal,573,14.648400,-90.533300,Mercado municipal de abastos y comercio cotidiano de Jacaltenango.
Mercado Cantonal de Jacaltenango,GT1307,Jueves y Domingos,Artesanal,337,14.651400,-90.536300,Plaza y mercado cantonal de comercio vecinal en Jacaltenango.
Mercado de Productores y Artesanos de Jacaltenango,GT1307,Sábados,Artesanal,260,14.645400,-90.530300,Mercado de productores locales para venta al por mayor en Jacaltenango.
Mercado Municipal Central de Soloma,GT1308,Diario,Cantonal/Municipal,641,14.653400,-90.538300,Mercado municipal de abastos y comercio cotidiano de Soloma.
Mercado Cantonal de Soloma,GT1308,Jueves y Domingos,Mayorista,444,14.656400,-90.541300,Plaza y mercado cantonal de comercio vecinal en Soloma.
Mercado de Productores y Artesanos de Soloma,GT1308,Sábados,Mayorista,256,14.650400,-90.535300,Mercado de productores locales para venta al por mayor en Soloma.
Mercado Municipal Central de Ixtahuacán,GT1309,Diario,Cantonal/Municipal,639,14.658400,-90.543300,Mercado municipal de abastos y comercio cotidiano de Ixtahuacán.
Mercado Cantonal de Ixtahuacán,GT1309,Jueves y Domingos,Cantonal/Municipal,387,14.661400,-90.546300,Plaza y mercado cantonal de comercio vecinal en Ixtahuacán.
Mercado de Productores y Artesanos de Ixtahuacán,GT1309,Sábados,Artesanal,291,14.655400,-90.540300,Mercado de productores locales para venta al por mayor en Ixtahuacán.
Mercado Municipal Central de Santa Bárbara,GT1310,Diario,Cantonal/Municipal,689,14.663400,-90.548300,Mercado municipal de abastos y comercio cotidiano de Santa Bárbara.
Mercado Cantonal de Santa Bárbara,GT1310,Jueves y Domingos,Mixto,723,14.666400,-90.551300,Plaza y mercado cantonal de comercio vecinal en Santa Bárbara.
Mercado de Productores y Artesanos de Santa Bárbara,GT1310,Sábados,Mayorista,298,14.660400,-90.545300,Mercado de productores locales para venta al por mayor en Santa Bárbara.
Mercado Municipal Central de La Libertad,GT1311,Diario,Cantonal/Municipal,1256,14.668400,-90.553300,Mercado municipal de abastos y comercio cotidiano de La Libertad.
Mercado Cantonal de La Libertad,GT1311,Jueves y Domingos,Artesanal,341,14.671400,-90.556300,Plaza y mercado cantonal de comercio vecinal en La Libertad.
Mercado de Productores y Artesanos de La Libertad,GT1311,Sábados,Artesanal,394,14.665400,-90.550300,Mercado de productores locales para venta al por mayor en La Libertad.
Mercado Municipal Central de La Democracia,GT1312,Diario,Cantonal/Municipal,1185,14.673400,-90.558300,Mercado municipal de abastos y comercio cotidiano de La Democracia.
Mercado Cantonal de La Democracia,GT1312,Jueves y Domingos,Mayorista,633,14.676400,-90.561300,Plaza y mercado cantonal de comercio vecinal en La Democracia.
Mercado de Productores y Artesanos de La Democracia,GT1312,Sábados,Mayorista,195,14.670400,-90.555300,Mercado de productores locales para venta al por mayor en La Democracia.
Mercado Municipal Central de San Miguel Acatán,GT1313,Diario,Cantonal/Municipal,1396,14.678400,-90.563300,Mercado municipal de abastos y comercio cotidiano de San Miguel Acatán.
Mercado Cantonal de San Miguel Acatán,GT1313,Jueves y Domingos,Cantonal/Municipal,750,14.681400,-90.566300,Plaza y mercado cantonal de comercio vecinal en San Miguel Acatán.
Mercado de Productores y Artesanos de San Miguel Acatán,GT1313,Sábados,Artesanal,455,14.675400,-90.560300,Mercado de productores locales para venta al por mayor en San Miguel Acatán.
Mercado Municipal Central de San Rafael La Independencia,GT1314,Diario,Cantonal/Municipal,754,14.683400,-90.568300,Mercado municipal de abastos y comercio cotidiano de San Rafael La Independencia.
Mercado Cantonal de San Rafael La Independencia,GT1314,Jueves y Domingos,Mixto,768,14.686400,-90.571300,Plaza y mercado cantonal de comercio vecinal en San Rafael La Independencia.
Mercado de Productores y Artesanos de San Rafael La Independencia,GT1314,Sábados,Mayorista,185,14.680400,-90.565300,Mercado de productores locales para venta al por mayor en San Rafael La Independencia.
Mercado Municipal Central de Todos Santos Cuchumatán,GT1315,Diario,Cantonal/Municipal,1402,14.688400,-90.573300,Mercado municipal de abastos y comercio cotidiano de Todos Santos Cuchumatán.
Mercado Cantonal de Todos Santos Cuchumatán,GT1315,Jueves y Domingos,Artesanal,495,14.691400,-90.576300,Plaza y mercado cantonal de comercio vecinal en Todos Santos Cuchumatán.
Mercado de Productores y Artesanos de Todos Santos Cuchumatán,GT1315,Sábados,Artesanal,171,14.685400,-90.570300,Mercado de productores locales para venta al por mayor en Todos Santos Cuchumatán.
Mercado Municipal Central de San Juan Atitán,GT1316,Diario,Cantonal/Municipal,783,14.693400,-90.578300,Mercado municipal de abastos y comercio cotidiano de San Juan Atitán.
Mercado Cantonal de San Juan Atitán,GT1316,Jueves y Domingos,Mayorista,522,14.696400,-90.581300,Plaza y mercado cantonal de comercio vecinal en San Juan Atitán.
Mercado de Productores y Artesanos de San Juan Atitán,GT1316,Sábados,Mayorista,531,14.690400,-90.575300,Mercado de productores locales para venta al por mayor en San Juan Atitán.
Mercado Municipal Central de Santa Eulalia,GT1317,Diario,Cantonal/Municipal,1323,14.698400,-90.583300,Mercado municipal de abastos y comercio cotidiano de Santa Eulalia.
Mercado Cantonal de Santa Eulalia,GT1317,Jueves y Domingos,Cantonal/Municipal,254,14.701400,-90.586300,Plaza y mercado cantonal de comercio vecinal en Santa Eulalia.
Mercado de Productores y Artesanos de Santa Eulalia,GT1317,Sábados,Artesanal,543,14.695400,-90.580300,Mercado de productores locales para venta al por mayor en Santa Eulalia.
Mercado Municipal Central de San Mateo Ixtatán,GT1318,Diario,Cantonal/Municipal,1135,14.703400,-90.588300,Mercado municipal de abastos y comercio cotidiano de San Mateo Ixtatán.
Mercado Cantonal de San Mateo Ixtatán,GT1318,Jueves y Domingos,Mixto,209,14.706400,-90.591300,Plaza y mercado cantonal de comercio vecinal en San Mateo Ixtatán.
Mercado de Productores y Artesanos de San Mateo Ixtatán,GT1318,Sábados,Mayorista,348,14.700400,-90.585300,Mercado de productores locales para venta al por mayor en San Mateo Ixtatán.
Mercado Municipal Central de Colotenango,GT1319,Diario,Cantonal/Municipal,679,14.708400,-90.593300,Mercado municipal de abastos y comercio cotidiano de Colotenango.
Mercado Cantonal de Colotenango,GT1319,Jueves y Domingos,Artesanal,399,14.711400,-90.596300,Plaza y mercado cantonal de comercio vecinal en Colotenango.
Mercado de Productores y Artesanos de Colotenango,GT1319,Sábados,Artesanal,517,14.705400,-90.590300,Mercado de productores locales para venta al por mayor en Colotenango.
Mercado Municipal Central de San Sebastián Huehuetenango,GT1320,Diario,Cantonal/Municipal,1186,14.713400,-90.598300,Mercado municipal de abastos y comercio cotidiano de San Sebastián Huehuetenango.
Mercado Cantonal de San Sebastián Huehuetenango,GT1320,Jueves y Domingos,Mayorista,775,14.716400,-90.601300,Plaza y mercado cantonal de comercio vecinal en San Sebastián Huehuetenango.
Mercado de Productores y Artesanos de San Sebastián Huehuetenango,GT1320,Sábados,Mayorista,358,14.710400,-90.595300,Mercado de productores locales para venta al por mayor en San Sebastián Huehuetenango.
Mercado Municipal Central de Tectitán,GT1321,Diario,Cantonal/Municipal,1413,14.718400,-90.603300,Mercado municipal de abastos y comercio cotidiano de Tectitán.
Mercado Cantonal de Tectitán,GT1321,Jueves y Domingos,Cantonal/Municipal,618,14.721400,-90.606300,Plaza y mercado cantonal de comercio vecinal en Tectitán.
Mercado de Productores y Artesanos de Tectitán,GT1321,Sábados,Artesanal,450,14.715400,-90.600300,Mercado de productores locales para venta al por mayor en Tectitán.
Mercado Municipal Central de Concepción Huista,GT1322,Diario,Cantonal/Municipal,1407,14.723400,-90.608300,Mercado municipal de abastos y comercio cotidiano de Concepción Huista.
Mercado Cantonal de Concepción Huista,GT1322,Jueves y Domingos,Mixto,625,14.726400,-90.611300,Plaza y mercado cantonal de comercio vecinal en Concepción Huista.
Mercado de Productores y Artesanos de Concepción Huista,GT1322,Sábados,Mayorista,463,14.720400,-90.605300,Mercado de productores locales para venta al por mayor en Concepción Huista.
Mercado Municipal Central de San Juan Ixcoy,GT1323,Diario,Cantonal/Municipal,1309,14.628400,-90.513300,Mercado municipal de abastos y comercio cotidiano de San Juan Ixcoy.
Mercado Cantonal de San Juan Ixcoy,GT1323,Jueves y Domingos,Artesanal,700,14.631400,-90.516300,Plaza y mercado cantonal de comercio vecinal en San Juan Ixcoy.
Mercado de Productores y Artesanos de San Juan Ixcoy,GT1323,Sábados,Artesanal,185,14.625400,-90.510300,Mercado de productores locales para venta al por mayor en San Juan Ixcoy.
Mercado Municipal Central de San Antonio Huista,GT1324,Diario,Cantonal/Municipal,569,14.633400,-90.518300,Mercado municipal de abastos y comercio cotidiano de San Antonio Huista.
Mercado Cantonal de San Antonio Huista,GT1324,Jueves y Domingos,Mayorista,778,14.636400,-90.521300,Plaza y mercado cantonal de comercio vecinal en San Antonio Huista.
Mercado de Productores y Artesanos de San Antonio Huista,GT1324,Sábados,Mayorista,115,14.630400,-90.515300,Mercado de productores locales para venta al por mayor en San Antonio Huista.
Mercado Municipal Central de San Sebastián Coatán,GT1325,Diario,Cantonal/Municipal,851,14.638400,-90.523300,Mercado municipal de abastos y comercio cotidiano de San Sebastián Coatán.
Mercado Cantonal de San Sebastián Coatán,GT1325,Jueves y Domingos,Cantonal/Municipal,499,14.641400,-90.526300,Plaza y mercado cantonal de comercio vecinal en San Sebastián Coatán.
Mercado de Productores y Artesanos de San Sebastián Coatán,GT1325,Sábados,Artesanal,116,14.635400,-90.520300,Mercado de productores locales para venta al por mayor en San Sebastián Coatán.
Mercado Municipal Central de Barillas,GT1326,Diario,Cantonal/Municipal,962,14.643400,-90.528300,Mercado municipal de abastos y comercio cotidiano de Barillas.
Mercado Cantonal de Barillas,GT1326,Jueves y Domingos,Mixto,430,14.646400,-90.531300,Plaza y mercado cantonal de comercio vecinal en Barillas.
Mercado de Productores y Artesanos de Barillas,GT1326,Sábados,Mayorista,375,14.640400,-90.525300,Mercado de productores locales para venta al por mayor en Barillas.
Mercado Municipal Central de Aguacatán,GT1327,Diario,Cantonal/Municipal,991,14.648400,-90.533300,Mercado municipal de abastos y comercio cotidiano de Aguacatán.
Mercado Cantonal de Aguacatán,GT1327,Jueves y Domingos,Artesanal,372,14.651400,-90.536300,Plaza y mercado cantonal de comercio vecinal en Aguacatán.
Mercado de Productores y Artesanos de Aguacatán,GT1327,Sábados,Artesanal,499,14.645400,-90.530300,Mercado de productores locales para venta al por mayor en Aguacatán.
Mercado Municipal Central de San Rafael Petzal,GT1328,Diario,Cantonal/Municipal,1336,14.653400,-90.538300,Mercado municipal de abastos y comercio cotidiano de San Rafael Petzal.
Mercado Cantonal de San Rafael Petzal,GT1328,Jueves y Domingos,Mayorista,779,14.656400,-90.541300,Plaza y mercado cantonal de comercio vecinal en San Rafael Petzal.
Mercado de Productores y Artesanos de San Rafael Petzal,GT1328,Sábados,Mayorista,480,14.650400,-90.535300,Mercado de productores locales para venta al por mayor en San Rafael Petzal.
Mercado Municipal Central de San Gaspar Ixchil,GT1329,Diario,Cantonal/Municipal,1414,14.658400,-90.543300,Mercado municipal de abastos y comercio cotidiano de San Gaspar Ixchil.
Mercado Cantonal de San Gaspar Ixchil,GT1329,Jueves y Domingos,Cantonal/Municipal,762,14.661400,-90.546300,Plaza y mercado cantonal de comercio vecinal en San Gaspar Ixchil.
Mercado de Productores y Artesanos de San Gaspar Ixchil,GT1329,Sábados,Artesanal,361,14.655400,-90.540300,Mercado de productores locales para venta al por mayor en San Gaspar Ixchil.
Mercado Municipal Central de Santiago Chimaltenango,GT1330,Diario,Cantonal/Municipal,631,14.663400,-90.548300,Mercado municipal de abastos y comercio cotidiano de Santiago Chimaltenango.
Mercado Cantonal de Santiago Chimaltenango,GT1330,Jueves y Domingos,Mixto,786,14.666400,-90.551300,Plaza y mercado cantonal de comercio vecinal en Santiago Chimaltenango.
Mercado de Productores y Artesanos de Santiago Chimaltenango,GT1330,Sábados,Mayorista,158,14.660400,-90.545300,Mercado de productores locales para venta al por mayor en Santiago Chimaltenango.
Mercado Municipal Central de Santa Ana Huista,GT1331,Diario,Cantonal/Municipal,948,14.668400,-90.553300,Mercado municipal de abastos y comercio cotidiano de Santa Ana Huista.
Mercado Cantonal de Santa Ana Huista,GT1331,Jueves y Domingos,Artesanal,756,14.671400,-90.556300,Plaza y mercado cantonal de comercio vecinal en Santa Ana Huista.
Mercado de Productores y Artesanos de Santa Ana Huista,GT1331,Sábados,Artesanal,521,14.665400,-90.550300,Mercado de productores locales para venta al por mayor en Santa Ana Huista.
Mercado Municipal Central de Unión Cantinil,GT1332,Diario,Cantonal/Municipal,1151,14.673400,-90.558300,Mercado municipal de abastos y comercio cotidiano de Unión Cantinil.
Mercado Cantonal de Unión Cantinil,GT1332,Jueves y Domingos,Mayorista,755,14.676400,-90.561300,Plaza y mercado cantonal de comercio vecinal en Unión Cantinil.
Mercado de Productores y Artesanos de Unión Cantinil,GT1332,Sábados,Mayorista,521,14.670400,-90.555300,Mercado de productores locales para venta al por mayor en Unión Cantinil.
Mercado Municipal Central de Petatán,GT1333,Diario,Cantonal/Municipal,485,14.678400,-90.563300,Mercado municipal de abastos y comercio cotidiano de Petatán.
Mercado Cantonal de Petatán,GT1333,Jueves y Domingos,Cantonal/Municipal,651,14.681400,-90.566300,Plaza y mercado cantonal de comercio vecinal en Petatán.
Mercado de Productores y Artesanos de Petatán,GT1333,Sábados,Artesanal,379,14.675400,-90.560300,Mercado de productores locales para venta al por mayor en Petatán.
Mercado Municipal Central de Santa Cruz del Quiché,GT1401,Diario,Cantonal/Municipal,847,15.086100,-91.204200,Mercado municipal de abastos y comercio cotidiano de Santa Cruz del Quiché.
Mercado Cantonal de Santa Cruz del Quiché,GT1401,Jueves y Domingos,Mixto,635,15.089100,-91.207200,Plaza y mercado cantonal de comercio vecinal en Santa Cruz del Quiché.
Mercado de Productores y Artesanos de Santa Cruz del Quiché,GT1401,Sábados,Mayorista,152,15.083100,-91.201200,Mercado de productores locales para venta al por mayor en Santa Cruz del Quiché.
Mercado Municipal Central de Chiché,GT1402,Diario,Cantonal/Municipal,906,14.688400,-90.573300,Mercado municipal de abastos y comercio cotidiano de Chiché.
Mercado Cantonal de Chiché,GT1402,Jueves y Domingos,Artesanal,504,14.691400,-90.576300,Plaza y mercado cantonal de comercio vecinal en Chiché.
Mercado de Productores y Artesanos de Chiché,GT1402,Sábados,Artesanal,547,14.685400,-90.570300,Mercado de productores locales para venta al por mayor en Chiché.
Mercado Municipal Central de Chinique,GT1403,Diario,Cantonal/Municipal,466,14.693400,-90.578300,Mercado municipal de abastos y comercio cotidiano de Chinique.
Mercado Cantonal de Chinique,GT1403,Jueves y Domingos,Mayorista,660,14.696400,-90.581300,Plaza y mercado cantonal de comercio vecinal en Chinique.
Mercado de Productores y Artesanos de Chinique,GT1403,Sábados,Mayorista,234,14.690400,-90.575300,Mercado de productores locales para venta al por mayor en Chinique.
Mercado Municipal Central de Zacualpa,GT1404,Diario,Cantonal/Municipal,1113,14.698400,-90.583300,Mercado municipal de abastos y comercio cotidiano de Zacualpa.
Mercado Cantonal de Zacualpa,GT1404,Jueves y Domingos,Cantonal/Municipal,289,14.701400,-90.586300,Plaza y mercado cantonal de comercio vecinal en Zacualpa.
Mercado de Productores y Artesanos de Zacualpa,GT1404,Sábados,Artesanal,324,14.695400,-90.580300,Mercado de productores locales para venta al por mayor en Zacualpa.
Mercado Municipal Central de Chajul,GT1405,Diario,Cantonal/Municipal,640,14.703400,-90.588300,Mercado municipal de abastos y comercio cotidiano de Chajul.
Mercado Cantonal de Chajul,GT1405,Jueves y Domingos,Mixto,442,14.706400,-90.591300,Plaza y mercado cantonal de comercio vecinal en Chajul.
Mercado de Productores y Artesanos de Chajul,GT1405,Sábados,Mayorista,207,14.700400,-90.585300,Mercado de productores locales para venta al por mayor en Chajul.
Mercado Municipal Central de Chichicastenango,GT1406,Diario,Cantonal/Municipal,1118,14.708400,-90.593300,Mercado municipal de abastos y comercio cotidiano de Chichicastenango.
Mercado Cantonal de Chichicastenango,GT1406,Jueves y Domingos,Artesanal,638,14.711400,-90.596300,Plaza y mercado cantonal de comercio vecinal en Chichicastenango.
Mercado de Productores y Artesanos de Chichicastenango,GT1406,Sábados,Artesanal,184,14.705400,-90.590300,Mercado de productores locales para venta al por mayor en Chichicastenango.
Mercado Municipal Central de Patzité,GT1407,Diario,Cantonal/Municipal,685,14.713400,-90.598300,Mercado municipal de abastos y comercio cotidiano de Patzité.
Mercado Cantonal de Patzité,GT1407,Jueves y Domingos,Mayorista,411,14.716400,-90.601300,Plaza y mercado cantonal de comercio vecinal en Patzité.
Mercado de Productores y Artesanos de Patzité,GT1407,Sábados,Mayorista,516,14.710400,-90.595300,Mercado de productores locales para venta al por mayor en Patzité.
Mercado Municipal Central de San Antonio Ilotenango,GT1408,Diario,Cantonal/Municipal,823,14.718400,-90.603300,Mercado municipal de abastos y comercio cotidiano de San Antonio Ilotenango.
Mercado Cantonal de San Antonio Ilotenango,GT1408,Jueves y Domingos,Cantonal/Municipal,260,14.721400,-90.606300,Plaza y mercado cantonal de comercio vecinal en San Antonio Ilotenango.
Mercado de Productores y Artesanos de San Antonio Ilotenango,GT1408,Sábados,Artesanal,391,14.715400,-90.600300,Mercado de productores locales para venta al por mayor en San Antonio Ilotenango.
Mercado Municipal Central de San Pedro Jocopilas,GT1409,Diario,Cantonal/Municipal,1118,14.723400,-90.608300,Mercado municipal de abastos y comercio cotidiano de San Pedro Jocopilas.
Mercado Cantonal de San Pedro Jocopilas,GT1409,Jueves y Domingos,Mixto,745,14.726400,-90.611300,Plaza y mercado cantonal de comercio vecinal en San Pedro Jocopilas.
Mercado de Productores y Artesanos de San Pedro Jocopilas,GT1409,Sábados,Mayorista,243,14.720400,-90.605300,Mercado de productores locales para venta al por mayor en San Pedro Jocopilas.
Mercado Municipal Central de Cunén,GT1410,Diario,Cantonal/Municipal,744,14.628400,-90.513300,Mercado municipal de abastos y comercio cotidiano de Cunén.
Mercado Cantonal de Cunén,GT1410,Jueves y Domingos,Artesanal,531,14.631400,-90.516300,Plaza y mercado cantonal de comercio vecinal en Cunén.
Mercado de Productores y Artesanos de Cunén,GT1410,Sábados,Artesanal,460,14.625400,-90.510300,Mercado de productores locales para venta al por mayor en Cunén.
Mercado Municipal Central de San Juan Cotzal,GT1411,Diario,Cantonal/Municipal,999,14.633400,-90.518300,Mercado municipal de abastos y comercio cotidiano de San Juan Cotzal.
Mercado Cantonal de San Juan Cotzal,GT1411,Jueves y Domingos,Mayorista,496,14.636400,-90.521300,Plaza y mercado cantonal de comercio vecinal en San Juan Cotzal.
Mercado de Productores y Artesanos de San Juan Cotzal,GT1411,Sábados,Mayorista,393,14.630400,-90.515300,Mercado de productores locales para venta al por mayor en San Juan Cotzal.
Mercado Municipal Central de Joyabaj,GT1412,Diario,Cantonal/Municipal,947,14.638400,-90.523300,Mercado municipal de abastos y comercio cotidiano de Joyabaj.
Mercado Cantonal de Joyabaj,GT1412,Jueves y Domingos,Cantonal/Municipal,726,14.641400,-90.526300,Plaza y mercado cantonal de comercio vecinal en Joyabaj.
Mercado de Productores y Artesanos de Joyabaj,GT1412,Sábados,Artesanal,560,14.635400,-90.520300,Mercado de productores locales para venta al por mayor en Joyabaj.
Mercado Municipal Central de Nebaj,GT1413,Diario,Cantonal/Municipal,595,14.643400,-90.528300,Mercado municipal de abastos y comercio cotidiano de Nebaj.
Mercado Cantonal de Nebaj,GT1413,Jueves y Domingos,Mixto,338,14.646400,-90.531300,Plaza y mercado cantonal de comercio vecinal en Nebaj.
Mercado de Productores y Artesanos de Nebaj,GT1413,Sábados,Mayorista,592,14.640400,-90.525300,Mercado de productores locales para venta al por mayor en Nebaj.
Mercado Municipal Central de San Andrés Sajcabajá,GT1414,Diario,Cantonal/Municipal,1242,14.648400,-90.533300,Mercado municipal de abastos y comercio cotidiano de San Andrés Sajcabajá.
Mercado Cantonal de San Andrés Sajcabajá,GT1414,Jueves y Domingos,Artesanal,260,14.651400,-90.536300,Plaza y mercado cantonal de comercio vecinal en San Andrés Sajcabajá.
Mercado de Productores y Artesanos de San Andrés Sajcabajá,GT1414,Sábados,Artesanal,241,14.645400,-90.530300,Mercado de productores locales para venta al por mayor en San Andrés Sajcabajá.
Mercado Municipal Central de Uspantán,GT1415,Diario,Cantonal/Municipal,659,14.653400,-90.538300,Mercado municipal de abastos y comercio cotidiano de Uspantán.
Mercado Cantonal de Uspantán,GT1415,Jueves y Domingos,Mayorista,335,14.656400,-90.541300,Plaza y mercado cantonal de comercio vecinal en Uspantán.
Mercado de Productores y Artesanos de Uspantán,GT1415,Sábados,Mayorista,227,14.650400,-90.535300,Mercado de productores locales para venta al por mayor en Uspantán.
Mercado Municipal Central de Sacapulas,GT1416,Diario,Cantonal/Municipal,699,14.658400,-90.543300,Mercado municipal de abastos y comercio cotidiano de Sacapulas.
Mercado Cantonal de Sacapulas,GT1416,Jueves y Domingos,Cantonal/Municipal,529,14.661400,-90.546300,Plaza y mercado cantonal de comercio vecinal en Sacapulas.
Mercado de Productores y Artesanos de Sacapulas,GT1416,Sábados,Artesanal,524,14.655400,-90.540300,Mercado de productores locales para venta al por mayor en Sacapulas.
Mercado Municipal Central de San Bartolomé Jocotenango,GT1417,Diario,Cantonal/Municipal,906,14.663400,-90.548300,Mercado municipal de abastos y comercio cotidiano de San Bartolomé Jocotenango.
Mercado Cantonal de San Bartolomé Jocotenango,GT1417,Jueves y Domingos,Mixto,602,14.666400,-90.551300,Plaza y mercado cantonal de comercio vecinal en San Bartolomé Jocotenango.
Mercado de Productores y Artesanos de San Bartolomé Jocotenango,GT1417,Sábados,Mayorista,350,14.660400,-90.545300,Mercado de productores locales para venta al por mayor en San Bartolomé Jocotenango.
Mercado Municipal Central de Canillá,GT1418,Diario,Cantonal/Municipal,691,14.668400,-90.553300,Mercado municipal de abastos y comercio cotidiano de Canillá.
Mercado Cantonal de Canillá,GT1418,Jueves y Domingos,Artesanal,791,14.671400,-90.556300,Plaza y mercado cantonal de comercio vecinal en Canillá.
Mercado de Productores y Artesanos de Canillá,GT1418,Sábados,Artesanal,423,14.665400,-90.550300,Mercado de productores locales para venta al por mayor en Canillá.
Mercado Municipal Central de Chicamán,GT1419,Diario,Cantonal/Municipal,950,14.673400,-90.558300,Mercado municipal de abastos y comercio cotidiano de Chicamán.
Mercado Cantonal de Chicamán,GT1419,Jueves y Domingos,Mayorista,624,14.676400,-90.561300,Plaza y mercado cantonal de comercio vecinal en Chicamán.
Mercado de Productores y Artesanos de Chicamán,GT1419,Sábados,Mayorista,292,14.670400,-90.555300,Mercado de productores locales para venta al por mayor en Chicamán.
Mercado Municipal Central de Ixcán,GT1420,Diario,Cantonal/Municipal,1325,14.678400,-90.563300,Mercado municipal de abastos y comercio cotidiano de Ixcán.
Mercado Cantonal de Ixcán,GT1420,Jueves y Domingos,Cantonal/Municipal,277,14.681400,-90.566300,Plaza y mercado cantonal de comercio vecinal en Ixcán.
Mercado de Productores y Artesanos de Ixcán,GT1420,Sábados,Artesanal,424,14.675400,-90.560300,Mercado de productores locales para venta al por mayor en Ixcán.
Mercado Municipal Central de Pachalum,GT1421,Diario,Cantonal/Municipal,590,14.683400,-90.568300,Mercado municipal de abastos y comercio cotidiano de Pachalum.
Mercado Cantonal de Pachalum,GT1421,Jueves y Domingos,Mixto,612,14.686400,-90.571300,Plaza y mercado cantonal de comercio vecinal en Pachalum.
Mercado de Productores y Artesanos de Pachalum,GT1421,Sábados,Mayorista,363,14.680400,-90.565300,Mercado de productores locales para venta al por mayor en Pachalum.
Mercado Municipal Central de Salamá,GT1501,Diario,Cantonal/Municipal,969,15.161400,-90.354200,Mercado municipal de abastos y comercio cotidiano de Salamá.
Mercado Cantonal de Salamá,GT1501,Jueves y Domingos,Artesanal,577,15.164400,-90.357200,Plaza y mercado cantonal de comercio vecinal en Salamá.
Mercado de Productores y Artesanos de Salamá,GT1501,Sábados,Artesanal,332,15.158400,-90.351200,Mercado de productores locales para venta al por mayor en Salamá.
Mercado Municipal Central de San Miguel Chicaj,GT1502,Diario,Cantonal/Municipal,1399,14.693400,-90.578300,Mercado municipal de abastos y comercio cotidiano de San Miguel Chicaj.
Mercado Cantonal de San Miguel Chicaj,GT1502,Jueves y Domingos,Mayorista,535,14.696400,-90.581300,Plaza y mercado cantonal de comercio vecinal en San Miguel Chicaj.
Mercado de Productores y Artesanos de San Miguel Chicaj,GT1502,Sábados,Mayorista,397,14.690400,-90.575300,Mercado de productores locales para venta al por mayor en San Miguel Chicaj.
Mercado Municipal Central de Rabinal,GT1503,Diario,Cantonal/Municipal,405,14.698400,-90.583300,Mercado municipal de abastos y comercio cotidiano de Rabinal.
Mercado Cantonal de Rabinal,GT1503,Jueves y Domingos,Cantonal/Municipal,295,14.701400,-90.586300,Plaza y mercado cantonal de comercio vecinal en Rabinal.
Mercado de Productores y Artesanos de Rabinal,GT1503,Sábados,Artesanal,474,14.695400,-90.580300,Mercado de productores locales para venta al por mayor en Rabinal.
Mercado Municipal Central de Cubulco,GT1504,Diario,Cantonal/Municipal,1338,14.703400,-90.588300,Mercado municipal de abastos y comercio cotidiano de Cubulco.
Mercado Cantonal de Cubulco,GT1504,Jueves y Domingos,Mixto,566,14.706400,-90.591300,Plaza y mercado cantonal de comercio vecinal en Cubulco.
Mercado de Productores y Artesanos de Cubulco,GT1504,Sábados,Mayorista,535,14.700400,-90.585300,Mercado de productores locales para venta al por mayor en Cubulco.
Mercado Municipal Central de Granados,GT1505,Diario,Cantonal/Municipal,529,14.708400,-90.593300,Mercado municipal de abastos y comercio cotidiano de Granados.
Mercado Cantonal de Granados,GT1505,Jueves y Domingos,Artesanal,747,14.711400,-90.596300,Plaza y mercado cantonal de comercio vecinal en Granados.
Mercado de Productores y Artesanos de Granados,GT1505,Sábados,Artesanal,303,14.705400,-90.590300,Mercado de productores locales para venta al por mayor en Granados.
Mercado Municipal Central de El Chol,GT1506,Diario,Cantonal/Municipal,846,14.713400,-90.598300,Mercado municipal de abastos y comercio cotidiano de El Chol.
Mercado Cantonal de El Chol,GT1506,Jueves y Domingos,Mayorista,639,14.716400,-90.601300,Plaza y mercado cantonal de comercio vecinal en El Chol.
Mercado de Productores y Artesanos de El Chol,GT1506,Sábados,Mayorista,522,14.710400,-90.595300,Mercado de productores locales para venta al por mayor en El Chol.
Mercado Municipal Central de San Jerónimo,GT1507,Diario,Cantonal/Municipal,833,14.718400,-90.603300,Mercado municipal de abastos y comercio cotidiano de San Jerónimo.
Mercado Cantonal de San Jerónimo,GT1507,Jueves y Domingos,Cantonal/Municipal,706,14.721400,-90.606300,Plaza y mercado cantonal de comercio vecinal en San Jerónimo.
Mercado de Productores y Artesanos de San Jerónimo,GT1507,Sábados,Artesanal,237,14.715400,-90.600300,Mercado de productores locales para venta al por mayor en San Jerónimo.
Mercado Municipal Central de Purulhá,GT1508,Diario,Cantonal/Municipal,1061,14.723400,-90.608300,Mercado municipal de abastos y comercio cotidiano de Purulhá.
Mercado Cantonal de Purulhá,GT1508,Jueves y Domingos,Mixto,490,14.726400,-90.611300,Plaza y mercado cantonal de comercio vecinal en Purulhá.
Mercado de Productores y Artesanos de Purulhá,GT1508,Sábados,Mayorista,272,14.720400,-90.605300,Mercado de productores locales para venta al por mayor en Purulhá.
Mercado Municipal Central de Cobán,GT1601,Diario,Cantonal/Municipal,667,15.470800,-90.370800,Mercado municipal de abastos y comercio cotidiano de Cobán.
Mercado Cantonal de Cobán,GT1601,Jueves y Domingos,Artesanal,779,15.473800,-90.373800,Plaza y mercado cantonal de comercio vecinal en Cobán.
Mercado de Productores y Artesanos de Cobán,GT1601,Sábados,Artesanal,536,15.467800,-90.367800,Mercado de productores locales para venta al por mayor en Cobán.
Mercado Municipal Central de Santa Cruz Verapaz,GT1602,Diario,Cantonal/Municipal,1393,14.633400,-90.518300,Mercado municipal de abastos y comercio cotidiano de Santa Cruz Verapaz.
Mercado Cantonal de Santa Cruz Verapaz,GT1602,Jueves y Domingos,Mayorista,551,14.636400,-90.521300,Plaza y mercado cantonal de comercio vecinal en Santa Cruz Verapaz.
Mercado de Productores y Artesanos de Santa Cruz Verapaz,GT1602,Sábados,Mayorista,557,14.630400,-90.515300,Mercado de productores locales para venta al por mayor en Santa Cruz Verapaz.
Mercado Municipal Central de San Cristóbal Verapaz,GT1603,Diario,Cantonal/Municipal,499,14.638400,-90.523300,Mercado municipal de abastos y comercio cotidiano de San Cristóbal Verapaz.
Mercado Cantonal de San Cristóbal Verapaz,GT1603,Jueves y Domingos,Cantonal/Municipal,247,14.641400,-90.526300,Plaza y mercado cantonal de comercio vecinal en San Cristóbal Verapaz.
Mercado de Productores y Artesanos de San Cristóbal Verapaz,GT1603,Sábados,Artesanal,150,14.635400,-90.520300,Mercado de productores locales para venta al por mayor en San Cristóbal Verapaz.
Mercado Municipal Central de Tactic,GT1604,Diario,Cantonal/Municipal,1341,14.643400,-90.528300,Mercado municipal de abastos y comercio cotidiano de Tactic.
Mercado Cantonal de Tactic,GT1604,Jueves y Domingos,Mixto,216,14.646400,-90.531300,Plaza y mercado cantonal de comercio vecinal en Tactic.
Mercado de Productores y Artesanos de Tactic,GT1604,Sábados,Mayorista,163,14.640400,-90.525300,Mercado de productores locales para venta al por mayor en Tactic.
Mercado Municipal Central de Tamahú,GT1605,Diario,Cantonal/Municipal,723,14.648400,-90.533300,Mercado municipal de abastos y comercio cotidiano de Tamahú.
Mercado Cantonal de Tamahú,GT1605,Jueves y Domingos,Artesanal,651,14.651400,-90.536300,Plaza y mercado cantonal de comercio vecinal en Tamahú.
Mercado de Productores y Artesanos de Tamahú,GT1605,Sábados,Artesanal,333,14.645400,-90.530300,Mercado de productores locales para venta al por mayor en Tamahú.
Mercado Municipal Central de Tucurú,GT1606,Diario,Cantonal/Municipal,401,14.653400,-90.538300,Mercado municipal de abastos y comercio cotidiano de Tucurú.
Mercado Cantonal de Tucurú,GT1606,Jueves y Domingos,Mayorista,638,14.656400,-90.541300,Plaza y mercado cantonal de comercio vecinal en Tucurú.
Mercado de Productores y Artesanos de Tucurú,GT1606,Sábados,Mayorista,203,14.650400,-90.535300,Mercado de productores locales para venta al por mayor en Tucurú.
Mercado Municipal Central de Panzós,GT1607,Diario,Cantonal/Municipal,670,14.658400,-90.543300,Mercado municipal de abastos y comercio cotidiano de Panzós.
Mercado Cantonal de Panzós,GT1607,Jueves y Domingos,Cantonal/Municipal,509,14.661400,-90.546300,Plaza y mercado cantonal de comercio vecinal en Panzós.
Mercado de Productores y Artesanos de Panzós,GT1607,Sábados,Artesanal,181,14.655400,-90.540300,Mercado de productores locales para venta al por mayor en Panzós.
Mercado Municipal Central de Senahú,GT1608,Diario,Cantonal/Municipal,961,14.663400,-90.548300,Mercado municipal de abastos y comercio cotidiano de Senahú.
Mercado Cantonal de Senahú,GT1608,Jueves y Domingos,Mixto,295,14.666400,-90.551300,Plaza y mercado cantonal de comercio vecinal en Senahú.
Mercado de Productores y Artesanos de Senahú,GT1608,Sábados,Mayorista,435,14.660400,-90.545300,Mercado de productores locales para venta al por mayor en Senahú.
Mercado Municipal Central de San Pedro Carchá,GT1609,Diario,Cantonal/Municipal,1138,14.668400,-90.553300,Mercado municipal de abastos y comercio cotidiano de San Pedro Carchá.
Mercado Cantonal de San Pedro Carchá,GT1609,Jueves y Domingos,Artesanal,456,14.671400,-90.556300,Plaza y mercado cantonal de comercio vecinal en San Pedro Carchá.
Mercado de Productores y Artesanos de San Pedro Carchá,GT1609,Sábados,Artesanal,142,14.665400,-90.550300,Mercado de productores locales para venta al por mayor en San Pedro Carchá.
Mercado Municipal Central de San Juan Chamelco,GT1610,Diario,Cantonal/Municipal,1161,14.673400,-90.558300,Mercado municipal de abastos y comercio cotidiano de San Juan Chamelco.
Mercado Cantonal de San Juan Chamelco,GT1610,Jueves y Domingos,Mayorista,369,14.676400,-90.561300,Plaza y mercado cantonal de comercio vecinal en San Juan Chamelco.
Mercado de Productores y Artesanos de San Juan Chamelco,GT1610,Sábados,Mayorista,126,14.670400,-90.555300,Mercado de productores locales para venta al por mayor en San Juan Chamelco.
Mercado Municipal Central de Lanquín,GT1611,Diario,Cantonal/Municipal,1211,14.678400,-90.563300,Mercado municipal de abastos y comercio cotidiano de Lanquín.
Mercado Cantonal de Lanquín,GT1611,Jueves y Domingos,Cantonal/Municipal,512,14.681400,-90.566300,Plaza y mercado cantonal de comercio vecinal en Lanquín.
Mercado de Productores y Artesanos de Lanquín,GT1611,Sábados,Artesanal,471,14.675400,-90.560300,Mercado de productores locales para venta al por mayor en Lanquín.
Mercado Municipal Central de Cahabón,GT1612,Diario,Cantonal/Municipal,879,14.683400,-90.568300,Mercado municipal de abastos y comercio cotidiano de Cahabón.
Mercado Cantonal de Cahabón,GT1612,Jueves y Domingos,Mixto,639,14.686400,-90.571300,Plaza y mercado cantonal de comercio vecinal en Cahabón.
Mercado de Productores y Artesanos de Cahabón,GT1612,Sábados,Mayorista,435,14.680400,-90.565300,Mercado de productores locales para venta al por mayor en Cahabón.
Mercado Municipal Central de Chisec,GT1613,Diario,Cantonal/Municipal,586,14.688400,-90.573300,Mercado municipal de abastos y comercio cotidiano de Chisec.
Mercado Cantonal de Chisec,GT1613,Jueves y Domingos,Artesanal,297,14.691400,-90.576300,Plaza y mercado cantonal de comercio vecinal en Chisec.
Mercado de Productores y Artesanos de Chisec,GT1613,Sábados,Artesanal,100,14.685400,-90.570300,Mercado de productores locales para venta al por mayor en Chisec.
Mercado Municipal Central de Chahal,GT1614,Diario,Cantonal/Municipal,837,14.693400,-90.578300,Mercado municipal de abastos y comercio cotidiano de Chahal.
Mercado Cantonal de Chahal,GT1614,Jueves y Domingos,Mayorista,688,14.696400,-90.581300,Plaza y mercado cantonal de comercio vecinal en Chahal.
Mercado de Productores y Artesanos de Chahal,GT1614,Sábados,Mayorista,139,14.690400,-90.575300,Mercado de productores locales para venta al por mayor en Chahal.
Mercado Municipal Central de Fray Bartolomé de Las Casas,GT1615,Diario,Cantonal/Municipal,671,14.698400,-90.583300,Mercado municipal de abastos y comercio cotidiano de Fray Bartolomé de Las Casas.
Mercado Cantonal de Fray Bartolomé de Las Casas,GT1615,Jueves y Domingos,Cantonal/Municipal,431,14.701400,-90.586300,Plaza y mercado cantonal de comercio vecinal en Fray Bartolomé de Las Casas.
Mercado de Productores y Artesanos de Fray Bartolomé de Las Casas,GT1615,Sábados,Artesanal,365,14.695400,-90.580300,Mercado de productores locales para venta al por mayor en Fray Bartolomé de Las Casas.
Mercado Municipal Central de Santa Catalina La Tinta,GT1616,Diario,Cantonal/Municipal,1311,14.703400,-90.588300,Mercado municipal de abastos y comercio cotidiano de Santa Catalina La Tinta.
Mercado Cantonal de Santa Catalina La Tinta,GT1616,Jueves y Domingos,Mixto,209,14.706400,-90.591300,Plaza y mercado cantonal de comercio vecinal en Santa Catalina La Tinta.
Mercado de Productores y Artesanos de Santa Catalina La Tinta,GT1616,Sábados,Mayorista,104,14.700400,-90.585300,Mercado de productores locales para venta al por mayor en Santa Catalina La Tinta.
Mercado Municipal Central de Raxruhá,GT1617,Diario,Cantonal/Municipal,1103,14.708400,-90.593300,Mercado municipal de abastos y comercio cotidiano de Raxruhá.
Mercado Cantonal de Raxruhá,GT1617,Jueves y Domingos,Artesanal,323,14.711400,-90.596300,Plaza y mercado cantonal de comercio vecinal en Raxruhá.
Mercado de Productores y Artesanos de Raxruhá,GT1617,Sábados,Artesanal,540,14.705400,-90.590300,Mercado de productores locales para venta al por mayor en Raxruhá.
Mercado Municipal Central de Flores,GT1701,Diario,Cantonal/Municipal,1264,17.009200,-89.982800,Mercado municipal de abastos y comercio cotidiano de Flores.
Mercado Cantonal de Flores,GT1701,Jueves y Domingos,Mayorista,335,17.012200,-89.985800,Plaza y mercado cantonal de comercio vecinal en Flores.
Mercado de Productores y Artesanos de Flores,GT1701,Sábados,Mayorista,344,17.006200,-89.979800,Mercado de productores locales para venta al por mayor en Flores.
Mercado Municipal Central de San José,GT1702,Diario,Cantonal/Municipal,545,14.718400,-90.603300,Mercado municipal de abastos y comercio cotidiano de San José.
Mercado Cantonal de San José,GT1702,Jueves y Domingos,Cantonal/Municipal,434,14.721400,-90.606300,Plaza y mercado cantonal de comercio vecinal en San José.
Mercado de Productores y Artesanos de San José,GT1702,Sábados,Artesanal,296,14.715400,-90.600300,Mercado de productores locales para venta al por mayor en San José.
Mercado Municipal Central de San Benito,GT1703,Diario,Cantonal/Municipal,582,14.723400,-90.608300,Mercado municipal de abastos y comercio cotidiano de San Benito.
Mercado Cantonal de San Benito,GT1703,Jueves y Domingos,Mixto,304,14.726400,-90.611300,Plaza y mercado cantonal de comercio vecinal en San Benito.
Mercado de Productores y Artesanos de San Benito,GT1703,Sábados,Mayorista,152,14.720400,-90.605300,Mercado de productores locales para venta al por mayor en San Benito.
Mercado Municipal Central de San Andrés,GT1704,Diario,Cantonal/Municipal,1041,14.628400,-90.513300,Mercado municipal de abastos y comercio cotidiano de San Andrés.
Mercado Cantonal de San Andrés,GT1704,Jueves y Domingos,Artesanal,576,14.631400,-90.516300,Plaza y mercado cantonal de comercio vecinal en San Andrés.
Mercado de Productores y Artesanos de San Andrés,GT1704,Sábados,Artesanal,551,14.625400,-90.510300,Mercado de productores locales para venta al por mayor en San Andrés.
Mercado Municipal Central de La Libertad,GT1705,Diario,Cantonal/Municipal,1012,14.633400,-90.518300,Mercado municipal de abastos y comercio cotidiano de La Libertad.
Mercado Cantonal de La Libertad,GT1705,Jueves y Domingos,Mayorista,340,14.636400,-90.521300,Plaza y mercado cantonal de comercio vecinal en La Libertad.
Mercado de Productores y Artesanos de La Libertad,GT1705,Sábados,Mayorista,295,14.630400,-90.515300,Mercado de productores locales para venta al por mayor en La Libertad.
Mercado Municipal Central de San Francisco,GT1706,Diario,Cantonal/Municipal,672,14.638400,-90.523300,Mercado municipal de abastos y comercio cotidiano de San Francisco.
Mercado Cantonal de San Francisco,GT1706,Jueves y Domingos,Cantonal/Municipal,346,14.641400,-90.526300,Plaza y mercado cantonal de comercio vecinal en San Francisco.
Mercado de Productores y Artesanos de San Francisco,GT1706,Sábados,Artesanal,135,14.635400,-90.520300,Mercado de productores locales para venta al por mayor en San Francisco.
Mercado Municipal Central de Santa Ana,GT1707,Diario,Cantonal/Municipal,1486,14.643400,-90.528300,Mercado municipal de abastos y comercio cotidiano de Santa Ana.
Mercado Cantonal de Santa Ana,GT1707,Jueves y Domingos,Mixto,776,14.646400,-90.531300,Plaza y mercado cantonal de comercio vecinal en Santa Ana.
Mercado de Productores y Artesanos de Santa Ana,GT1707,Sábados,Mayorista,104,14.640400,-90.525300,Mercado de productores locales para venta al por mayor en Santa Ana.
Mercado Municipal Central de Dolores,GT1708,Diario,Cantonal/Municipal,736,14.648400,-90.533300,Mercado municipal de abastos y comercio cotidiano de Dolores.
Mercado Cantonal de Dolores,GT1708,Jueves y Domingos,Artesanal,650,14.651400,-90.536300,Plaza y mercado cantonal de comercio vecinal en Dolores.
Mercado de Productores y Artesanos de Dolores,GT1708,Sábados,Artesanal,279,14.645400,-90.530300,Mercado de productores locales para venta al por mayor en Dolores.
Mercado Municipal Central de San Luis,GT1709,Diario,Cantonal/Municipal,836,14.653400,-90.538300,Mercado municipal de abastos y comercio cotidiano de San Luis.
Mercado Cantonal de San Luis,GT1709,Jueves y Domingos,Mayorista,355,14.656400,-90.541300,Plaza y mercado cantonal de comercio vecinal en San Luis.
Mercado de Productores y Artesanos de San Luis,GT1709,Sábados,Mayorista,570,14.650400,-90.535300,Mercado de productores locales para venta al por mayor en San Luis.
Mercado Municipal Central de Sayaxché,GT1710,Diario,Cantonal/Municipal,1243,14.658400,-90.543300,Mercado municipal de abastos y comercio cotidiano de Sayaxché.
Mercado Cantonal de Sayaxché,GT1710,Jueves y Domingos,Cantonal/Municipal,653,14.661400,-90.546300,Plaza y mercado cantonal de comercio vecinal en Sayaxché.
Mercado de Productores y Artesanos de Sayaxché,GT1710,Sábados,Artesanal,540,14.655400,-90.540300,Mercado de productores locales para venta al por mayor en Sayaxché.
Mercado Municipal Central de Melchor de Mencos,GT1711,Diario,Cantonal/Municipal,844,14.663400,-90.548300,Mercado municipal de abastos y comercio cotidiano de Melchor de Mencos.
Mercado Cantonal de Melchor de Mencos,GT1711,Jueves y Domingos,Mixto,288,14.666400,-90.551300,Plaza y mercado cantonal de comercio vecinal en Melchor de Mencos.
Mercado de Productores y Artesanos de Melchor de Mencos,GT1711,Sábados,Mayorista,559,14.660400,-90.545300,Mercado de productores locales para venta al por mayor en Melchor de Mencos.
Mercado Municipal Central de Poptún,GT1712,Diario,Cantonal/Municipal,605,14.668400,-90.553300,Mercado municipal de abastos y comercio cotidiano de Poptún.
Mercado Cantonal de Poptún,GT1712,Jueves y Domingos,Artesanal,343,14.671400,-90.556300,Plaza y mercado cantonal de comercio vecinal en Poptún.
Mercado de Productores y Artesanos de Poptún,GT1712,Sábados,Artesanal,485,14.665400,-90.550300,Mercado de productores locales para venta al por mayor en Poptún.
Mercado Municipal Central de Las Cruces,GT1713,Diario,Cantonal/Municipal,652,14.673400,-90.558300,Mercado municipal de abastos y comercio cotidiano de Las Cruces.
Mercado Cantonal de Las Cruces,GT1713,Jueves y Domingos,Mayorista,593,14.676400,-90.561300,Plaza y mercado cantonal de comercio vecinal en Las Cruces.
Mercado de Productores y Artesanos de Las Cruces,GT1713,Sábados,Mayorista,279,14.670400,-90.555300,Mercado de productores locales para venta al por mayor en Las Cruces.
Mercado Municipal Central de El Chal,GT1714,Diario,Cantonal/Municipal,1279,14.678400,-90.563300,Mercado municipal de abastos y comercio cotidiano de El Chal.
Mercado Cantonal de El Chal,GT1714,Jueves y Domingos,Cantonal/Municipal,522,14.681400,-90.566300,Plaza y mercado cantonal de comercio vecinal en El Chal.
Mercado de Productores y Artesanos de El Chal,GT1714,Sábados,Artesanal,505,14.675400,-90.560300,Mercado de productores locales para venta al por mayor en El Chal.
Mercado Municipal Central de Puerto Barrios,GT1801,Diario,Cantonal/Municipal,686,15.782800,-88.649400,Mercado municipal de abastos y comercio cotidiano de Puerto Barrios.
Mercado Cantonal de Puerto Barrios,GT1801,Jueves y Domingos,Mixto,453,15.785800,-88.652400,Plaza y mercado cantonal de comercio vecinal en Puerto Barrios.
Mercado de Productores y Artesanos de Puerto Barrios,GT1801,Sábados,Mayorista,241,15.779800,-88.646400,Mercado de productores locales para venta al por mayor en Puerto Barrios.
Mercado Municipal Central de Lívingston,GT1802,Diario,Cantonal/Municipal,572,14.688400,-90.573300,Mercado municipal de abastos y comercio cotidiano de Lívingston.
Mercado Cantonal de Lívingston,GT1802,Jueves y Domingos,Artesanal,454,14.691400,-90.576300,Plaza y mercado cantonal de comercio vecinal en Lívingston.
Mercado de Productores y Artesanos de Lívingston,GT1802,Sábados,Artesanal,383,14.685400,-90.570300,Mercado de productores locales para venta al por mayor en Lívingston.
Mercado Municipal Central de El Estor,GT1803,Diario,Cantonal/Municipal,983,14.693400,-90.578300,Mercado municipal de abastos y comercio cotidiano de El Estor.
Mercado Cantonal de El Estor,GT1803,Jueves y Domingos,Mayorista,227,14.696400,-90.581300,Plaza y mercado cantonal de comercio vecinal en El Estor.
Mercado de Productores y Artesanos de El Estor,GT1803,Sábados,Mayorista,534,14.690400,-90.575300,Mercado de productores locales para venta al por mayor en El Estor.
Mercado Municipal Central de Morales,GT1804,Diario,Cantonal/Municipal,1017,14.698400,-90.583300,Mercado municipal de abastos y comercio cotidiano de Morales.
Mercado Cantonal de Morales,GT1804,Jueves y Domingos,Cantonal/Municipal,410,14.701400,-90.586300,Plaza y mercado cantonal de comercio vecinal en Morales.
Mercado de Productores y Artesanos de Morales,GT1804,Sábados,Artesanal,365,14.695400,-90.580300,Mercado de productores locales para venta al por mayor en Morales.
Mercado Municipal Central de Los Amates,GT1805,Diario,Cantonal/Municipal,1443,14.703400,-90.588300,Mercado municipal de abastos y comercio cotidiano de Los Amates.
Mercado Cantonal de Los Amates,GT1805,Jueves y Domingos,Mixto,393,14.706400,-90.591300,Plaza y mercado cantonal de comercio vecinal en Los Amates.
Mercado de Productores y Artesanos de Los Amates,GT1805,Sábados,Mayorista,482,14.700400,-90.585300,Mercado de productores locales para venta al por mayor en Los Amates.
Mercado Municipal Central de Zacapa,GT1901,Diario,Cantonal/Municipal,1202,15.049400,-89.610300,Mercado municipal de abastos y comercio cotidiano de Zacapa.
Mercado Cantonal de Zacapa,GT1901,Jueves y Domingos,Artesanal,502,15.052400,-89.613300,Plaza y mercado cantonal de comercio vecinal en Zacapa.
Mercado de Productores y Artesanos de Zacapa,GT1901,Sábados,Artesanal,430,15.046400,-89.607300,Mercado de productores locales para venta al por mayor en Zacapa.
Mercado Municipal Central de Estanzuela,GT1902,Diario,Cantonal/Municipal,511,14.713400,-90.598300,Mercado municipal de abastos y comercio cotidiano de Estanzuela.
Mercado Cantonal de Estanzuela,GT1902,Jueves y Domingos,Mayorista,445,14.716400,-90.601300,Plaza y mercado cantonal de comercio vecinal en Estanzuela.
Mercado de Productores y Artesanos de Estanzuela,GT1902,Sábados,Mayorista,353,14.710400,-90.595300,Mercado de productores locales para venta al por mayor en Estanzuela.
Mercado Municipal Central de Río Hondo,GT1903,Diario,Cantonal/Municipal,1190,14.718400,-90.603300,Mercado municipal de abastos y comercio cotidiano de Río Hondo.
Mercado Cantonal de Río Hondo,GT1903,Jueves y Domingos,Cantonal/Municipal,315,14.721400,-90.606300,Plaza y mercado cantonal de comercio vecinal en Río Hondo.
Mercado de Productores y Artesanos de Río Hondo,GT1903,Sábados,Artesanal,223,14.715400,-90.600300,Mercado de productores locales para venta al por mayor en Río Hondo.
Mercado Municipal Central de Gualán,GT1904,Diario,Cantonal/Municipal,1423,14.723400,-90.608300,Mercado municipal de abastos y comercio cotidiano de Gualán.
Mercado Cantonal de Gualán,GT1904,Jueves y Domingos,Mixto,272,14.726400,-90.611300,Plaza y mercado cantonal de comercio vecinal en Gualán.
Mercado de Productores y Artesanos de Gualán,GT1904,Sábados,Mayorista,370,14.720400,-90.605300,Mercado de productores locales para venta al por mayor en Gualán.
Mercado Municipal Central de Teculután,GT1905,Diario,Cantonal/Municipal,424,14.628400,-90.513300,Mercado municipal de abastos y comercio cotidiano de Teculután.
Mercado Cantonal de Teculután,GT1905,Jueves y Domingos,Artesanal,569,14.631400,-90.516300,Plaza y mercado cantonal de comercio vecinal en Teculután.
Mercado de Productores y Artesanos de Teculután,GT1905,Sábados,Artesanal,578,14.625400,-90.510300,Mercado de productores locales para venta al por mayor en Teculután.
Mercado Municipal Central de Usumatlán,GT1906,Diario,Cantonal/Municipal,1048,14.633400,-90.518300,Mercado municipal de abastos y comercio cotidiano de Usumatlán.
Mercado Cantonal de Usumatlán,GT1906,Jueves y Domingos,Mayorista,335,14.636400,-90.521300,Plaza y mercado cantonal de comercio vecinal en Usumatlán.
Mercado de Productores y Artesanos de Usumatlán,GT1906,Sábados,Mayorista,298,14.630400,-90.515300,Mercado de productores locales para venta al por mayor en Usumatlán.
Mercado Municipal Central de Cabañas,GT1907,Diario,Cantonal/Municipal,1261,14.638400,-90.523300,Mercado municipal de abastos y comercio cotidiano de Cabañas.
Mercado Cantonal de Cabañas,GT1907,Jueves y Domingos,Cantonal/Municipal,574,14.641400,-90.526300,Plaza y mercado cantonal de comercio vecinal en Cabañas.
Mercado de Productores y Artesanos de Cabañas,GT1907,Sábados,Artesanal,379,14.635400,-90.520300,Mercado de productores locales para venta al por mayor en Cabañas.
Mercado Municipal Central de San Diego,GT1908,Diario,Cantonal/Municipal,753,14.643400,-90.528300,Mercado municipal de abastos y comercio cotidiano de San Diego.
Mercado Cantonal de San Diego,GT1908,Jueves y Domingos,Mixto,682,14.646400,-90.531300,Plaza y mercado cantonal de comercio vecinal en San Diego.
Mercado de Productores y Artesanos de San Diego,GT1908,Sábados,Mayorista,588,14.640400,-90.525300,Mercado de productores locales para venta al por mayor en San Diego.
Mercado Municipal Central de La Unión,GT1909,Diario,Cantonal/Municipal,549,14.648400,-90.533300,Mercado municipal de abastos y comercio cotidiano de La Unión.
Mercado Cantonal de La Unión,GT1909,Jueves y Domingos,Artesanal,217,14.651400,-90.536300,Plaza y mercado cantonal de comercio vecinal en La Unión.
Mercado de Productores y Artesanos de La Unión,GT1909,Sábados,Artesanal,400,14.645400,-90.530300,Mercado de productores locales para venta al por mayor en La Unión.
Mercado Municipal Central de Huité,GT1910,Diario,Cantonal/Municipal,538,14.653400,-90.538300,Mercado municipal de abastos y comercio cotidiano de Huité.
Mercado Cantonal de Huité,GT1910,Jueves y Domingos,Mayorista,214,14.656400,-90.541300,Plaza y mercado cantonal de comercio vecinal en Huité.
Mercado de Productores y Artesanos de Huité,GT1910,Sábados,Mayorista,234,14.650400,-90.535300,Mercado de productores locales para venta al por mayor en Huité.
Mercado Municipal Central de San Jorge,GT1911,Diario,Cantonal/Municipal,841,14.658400,-90.543300,Mercado municipal de abastos y comercio cotidiano de San Jorge.
Mercado Cantonal de San Jorge,GT1911,Jueves y Domingos,Cantonal/Municipal,240,14.661400,-90.546300,Plaza y mercado cantonal de comercio vecinal en San Jorge.
Mercado de Productores y Artesanos de San Jorge,GT1911,Sábados,Artesanal,572,14.655400,-90.540300,Mercado de productores locales para venta al por mayor en San Jorge.
Mercado Municipal Central de Chiquimula,GT2001,Diario,Cantonal/Municipal,523,14.833600,-89.561700,Mercado municipal de abastos y comercio cotidiano de Chiquimula.
Mercado Cantonal de Chiquimula,GT2001,Jueves y Domingos,Mixto,607,14.836600,-89.564700,Plaza y mercado cantonal de comercio vecinal en Chiquimula.
Mercado de Productores y Artesanos de Chiquimula,GT2001,Sábados,Mayorista,359,14.830600,-89.558700,Mercado de productores locales para venta al por mayor en Chiquimula.
Mercado Municipal Central de San José La Arada,GT2002,Diario,Cantonal/Municipal,986,14.668400,-90.553300,Mercado municipal de abastos y comercio cotidiano de San José La Arada.
Mercado Cantonal de San José La Arada,GT2002,Jueves y Domingos,Artesanal,713,14.671400,-90.556300,Plaza y mercado cantonal de comercio vecinal en San José La Arada.
Mercado de Productores y Artesanos de San José La Arada,GT2002,Sábados,Artesanal,492,14.665400,-90.550300,Mercado de productores locales para venta al por mayor en San José La Arada.
Mercado Municipal Central de San Juan Ermita,GT2003,Diario,Cantonal/Municipal,1250,14.673400,-90.558300,Mercado municipal de abastos y comercio cotidiano de San Juan Ermita.
Mercado Cantonal de San Juan Ermita,GT2003,Jueves y Domingos,Mayorista,633,14.676400,-90.561300,Plaza y mercado cantonal de comercio vecinal en San Juan Ermita.
Mercado de Productores y Artesanos de San Juan Ermita,GT2003,Sábados,Mayorista,459,14.670400,-90.555300,Mercado de productores locales para venta al por mayor en San Juan Ermita.
Mercado Municipal Central de Jocotán,GT2004,Diario,Cantonal/Municipal,1223,14.678400,-90.563300,Mercado municipal de abastos y comercio cotidiano de Jocotán.
Mercado Cantonal de Jocotán,GT2004,Jueves y Domingos,Cantonal/Municipal,284,14.681400,-90.566300,Plaza y mercado cantonal de comercio vecinal en Jocotán.
Mercado de Productores y Artesanos de Jocotán,GT2004,Sábados,Artesanal,427,14.675400,-90.560300,Mercado de productores locales para venta al por mayor en Jocotán.
Mercado Municipal Central de Camotán,GT2005,Diario,Cantonal/Municipal,1498,14.683400,-90.568300,Mercado municipal de abastos y comercio cotidiano de Camotán.
Mercado Cantonal de Camotán,GT2005,Jueves y Domingos,Mixto,750,14.686400,-90.571300,Plaza y mercado cantonal de comercio vecinal en Camotán.
Mercado de Productores y Artesanos de Camotán,GT2005,Sábados,Mayorista,415,14.680400,-90.565300,Mercado de productores locales para venta al por mayor en Camotán.
Mercado Municipal Central de Olopa,GT2006,Diario,Cantonal/Municipal,712,14.688400,-90.573300,Mercado municipal de abastos y comercio cotidiano de Olopa.
Mercado Cantonal de Olopa,GT2006,Jueves y Domingos,Artesanal,484,14.691400,-90.576300,Plaza y mercado cantonal de comercio vecinal en Olopa.
Mercado de Productores y Artesanos de Olopa,GT2006,Sábados,Artesanal,142,14.685400,-90.570300,Mercado de productores locales para venta al por mayor en Olopa.
Mercado Municipal Central de Esquipulas,GT2007,Diario,Cantonal/Municipal,1034,14.693400,-90.578300,Mercado municipal de abastos y comercio cotidiano de Esquipulas.
Mercado Cantonal de Esquipulas,GT2007,Jueves y Domingos,Mayorista,280,14.696400,-90.581300,Plaza y mercado cantonal de comercio vecinal en Esquipulas.
Mercado de Productores y Artesanos de Esquipulas,GT2007,Sábados,Mayorista,361,14.690400,-90.575300,Mercado de productores locales para venta al por mayor en Esquipulas.
Mercado Municipal Central de Concepción Las Minas,GT2008,Diario,Cantonal/Municipal,816,14.698400,-90.583300,Mercado municipal de abastos y comercio cotidiano de Concepción Las Minas.
Mercado Cantonal de Concepción Las Minas,GT2008,Jueves y Domingos,Cantonal/Municipal,359,14.701400,-90.586300,Plaza y mercado cantonal de comercio vecinal en Concepción Las Minas.
Mercado de Productores y Artesanos de Concepción Las Minas,GT2008,Sábados,Artesanal,374,14.695400,-90.580300,Mercado de productores locales para venta al por mayor en Concepción Las Minas.
Mercado Municipal Central de Quezaltepeque,GT2009,Diario,Cantonal/Municipal,1069,14.703400,-90.588300,Mercado municipal de abastos y comercio cotidiano de Quezaltepeque.
Mercado Cantonal de Quezaltepeque,GT2009,Jueves y Domingos,Mixto,600,14.706400,-90.591300,Plaza y mercado cantonal de comercio vecinal en Quezaltepeque.
Mercado de Productores y Artesanos de Quezaltepeque,GT2009,Sábados,Mayorista,400,14.700400,-90.585300,Mercado de productores locales para venta al por mayor en Quezaltepeque.
Mercado Municipal Central de San Jacinto,GT2010,Diario,Cantonal/Municipal,535,14.708400,-90.593300,Mercado municipal de abastos y comercio cotidiano de San Jacinto.
Mercado Cantonal de San Jacinto,GT2010,Jueves y Domingos,Artesanal,517,14.711400,-90.596300,Plaza y mercado cantonal de comercio vecinal en San Jacinto.
Mercado de Productores y Artesanos de San Jacinto,GT2010,Sábados,Artesanal,457,14.705400,-90.590300,Mercado de productores locales para venta al por mayor en San Jacinto.
Mercado Municipal Central de Ipala,GT2011,Diario,Cantonal/Municipal,1295,14.713400,-90.598300,Mercado municipal de abastos y comercio cotidiano de Ipala.
Mercado Cantonal de Ipala,GT2011,Jueves y Domingos,Mayorista,444,14.716400,-90.601300,Plaza y mercado cantonal de comercio vecinal en Ipala.
Mercado de Productores y Artesanos de Ipala,GT2011,Sábados,Mayorista,129,14.710400,-90.595300,Mercado de productores locales para venta al por mayor en Ipala.
Mercado Municipal Central de Jalapa,GT2101,Diario,Cantonal/Municipal,900,14.724700,-90.078900,Mercado municipal de abastos y comercio cotidiano de Jalapa.
Mercado Cantonal de Jalapa,GT2101,Jueves y Domingos,Cantonal/Municipal,288,14.727700,-90.081900,Plaza y mercado cantonal de comercio vecinal en Jalapa.
Mercado de Productores y Artesanos de Jalapa,GT2101,Sábados,Artesanal,573,14.721700,-90.075900,Mercado de productores locales para venta al por mayor en Jalapa.
Mercado Municipal Central de San Pedro Pinula,GT2102,Diario,Cantonal/Municipal,1289,14.723400,-90.608300,Mercado municipal de abastos y comercio cotidiano de San Pedro Pinula.
Mercado Cantonal de San Pedro Pinula,GT2102,Jueves y Domingos,Mixto,318,14.726400,-90.611300,Plaza y mercado cantonal de comercio vecinal en San Pedro Pinula.
Mercado de Productores y Artesanos de San Pedro Pinula,GT2102,Sábados,Mayorista,332,14.720400,-90.605300,Mercado de productores locales para venta al por mayor en San Pedro Pinula.
Mercado Municipal Central de San Luis Jilotepeque,GT2103,Diario,Cantonal/Municipal,512,14.628400,-90.513300,Mercado municipal de abastos y comercio cotidiano de San Luis Jilotepeque.
Mercado Cantonal de San Luis Jilotepeque,GT2103,Jueves y Domingos,Artesanal,516,14.631400,-90.516300,Plaza y mercado cantonal de comercio vecinal en San Luis Jilotepeque.
Mercado de Productores y Artesanos de San Luis Jilotepeque,GT2103,Sábados,Artesanal,441,14.625400,-90.510300,Mercado de productores locales para venta al por mayor en San Luis Jilotepeque.
Mercado Municipal Central de San Manuel Chaparrón,GT2104,Diario,Cantonal/Municipal,759,14.633400,-90.518300,Mercado municipal de abastos y comercio cotidiano de San Manuel Chaparrón.
Mercado Cantonal de San Manuel Chaparrón,GT2104,Jueves y Domingos,Mayorista,322,14.636400,-90.521300,Plaza y mercado cantonal de comercio vecinal en San Manuel Chaparrón.
Mercado de Productores y Artesanos de San Manuel Chaparrón,GT2104,Sábados,Mayorista,106,14.630400,-90.515300,Mercado de productores locales para venta al por mayor en San Manuel Chaparrón.
Mercado Municipal Central de San Carlos Alzatate,GT2105,Diario,Cantonal/Municipal,681,14.638400,-90.523300,Mercado municipal de abastos y comercio cotidiano de San Carlos Alzatate.
Mercado Cantonal de San Carlos Alzatate,GT2105,Jueves y Domingos,Cantonal/Municipal,211,14.641400,-90.526300,Plaza y mercado cantonal de comercio vecinal en San Carlos Alzatate.
Mercado de Productores y Artesanos de San Carlos Alzatate,GT2105,Sábados,Artesanal,183,14.635400,-90.520300,Mercado de productores locales para venta al por mayor en San Carlos Alzatate.
Mercado Municipal Central de Monjas,GT2106,Diario,Cantonal/Municipal,1416,14.643400,-90.528300,Mercado municipal de abastos y comercio cotidiano de Monjas.
Mercado Cantonal de Monjas,GT2106,Jueves y Domingos,Mixto,555,14.646400,-90.531300,Plaza y mercado cantonal de comercio vecinal en Monjas.
Mercado de Productores y Artesanos de Monjas,GT2106,Sábados,Mayorista,367,14.640400,-90.525300,Mercado de productores locales para venta al por mayor en Monjas.
Mercado Municipal Central de Mataquescuintla,GT2107,Diario,Cantonal/Municipal,1459,14.648400,-90.533300,Mercado municipal de abastos y comercio cotidiano de Mataquescuintla.
Mercado Cantonal de Mataquescuintla,GT2107,Jueves y Domingos,Artesanal,465,14.651400,-90.536300,Plaza y mercado cantonal de comercio vecinal en Mataquescuintla.
Mercado de Productores y Artesanos de Mataquescuintla,GT2107,Sábados,Artesanal,185,14.645400,-90.530300,Mercado de productores locales para venta al por mayor en Mataquescuintla.
Mercado Municipal Central de Jutiapa,GT2201,Diario,Cantonal/Municipal,1161,14.316700,-89.917500,Mercado municipal de abastos y comercio cotidiano de Jutiapa.
Mercado Cantonal de Jutiapa,GT2201,Jueves y Domingos,Mayorista,329,14.319700,-89.920500,Plaza y mercado cantonal de comercio vecinal en Jutiapa.
Mercado de Productores y Artesanos de Jutiapa,GT2201,Sábados,Mayorista,483,14.313700,-89.914500,Mercado de productores locales para venta al por mayor en Jutiapa.
Mercado Municipal Central de El Progreso,GT2202,Diario,Cantonal/Municipal,950,14.658400,-90.543300,Mercado municipal de abastos y comercio cotidiano de El Progreso.
Mercado Cantonal de El Progreso,GT2202,Jueves y Domingos,Cantonal/Municipal,320,14.661400,-90.546300,Plaza y mercado cantonal de comercio vecinal en El Progreso.
Mercado de Productores y Artesanos de El Progreso,GT2202,Sábados,Artesanal,494,14.655400,-90.540300,Mercado de productores locales para venta al por mayor en El Progreso.
Mercado Municipal Central de Santa Catarina Mita,GT2203,Diario,Cantonal/Municipal,460,14.663400,-90.548300,Mercado municipal de abastos y comercio cotidiano de Santa Catarina Mita.
Mercado Cantonal de Santa Catarina Mita,GT2203,Jueves y Domingos,Mixto,543,14.666400,-90.551300,Plaza y mercado cantonal de comercio vecinal en Santa Catarina Mita.
Mercado de Productores y Artesanos de Santa Catarina Mita,GT2203,Sábados,Mayorista,513,14.660400,-90.545300,Mercado de productores locales para venta al por mayor en Santa Catarina Mita.
Mercado Municipal Central de Agua Blanca,GT2204,Diario,Cantonal/Municipal,1279,14.668400,-90.553300,Mercado municipal de abastos y comercio cotidiano de Agua Blanca.
Mercado Cantonal de Agua Blanca,GT2204,Jueves y Domingos,Artesanal,478,14.671400,-90.556300,Plaza y mercado cantonal de comercio vecinal en Agua Blanca.
Mercado de Productores y Artesanos de Agua Blanca,GT2204,Sábados,Artesanal,368,14.665400,-90.550300,Mercado de productores locales para venta al por mayor en Agua Blanca.
Mercado Municipal Central de Asunción Mita,GT2205,Diario,Cantonal/Municipal,530,14.673400,-90.558300,Mercado municipal de abastos y comercio cotidiano de Asunción Mita.
Mercado Cantonal de Asunción Mita,GT2205,Jueves y Domingos,Mayorista,469,14.676400,-90.561300,Plaza y mercado cantonal de comercio vecinal en Asunción Mita.
Mercado de Productores y Artesanos de Asunción Mita,GT2205,Sábados,Mayorista,464,14.670400,-90.555300,Mercado de productores locales para venta al por mayor en Asunción Mita.
Mercado Municipal Central de Yupiltepeque,GT2206,Diario,Cantonal/Municipal,557,14.678400,-90.563300,Mercado municipal de abastos y comercio cotidiano de Yupiltepeque.
Mercado Cantonal de Yupiltepeque,GT2206,Jueves y Domingos,Cantonal/Municipal,708,14.681400,-90.566300,Plaza y mercado cantonal de comercio vecinal en Yupiltepeque.
Mercado de Productores y Artesanos de Yupiltepeque,GT2206,Sábados,Artesanal,333,14.675400,-90.560300,Mercado de productores locales para venta al por mayor en Yupiltepeque.
Mercado Municipal Central de Atescatempa,GT2207,Diario,Cantonal/Municipal,1446,14.683400,-90.568300,Mercado municipal de abastos y comercio cotidiano de Atescatempa.
Mercado Cantonal de Atescatempa,GT2207,Jueves y Domingos,Mixto,568,14.686400,-90.571300,Plaza y mercado cantonal de comercio vecinal en Atescatempa.
Mercado de Productores y Artesanos de Atescatempa,GT2207,Sábados,Mayorista,128,14.680400,-90.565300,Mercado de productores locales para venta al por mayor en Atescatempa.
Mercado Municipal Central de Jerez,GT2208,Diario,Cantonal/Municipal,1423,14.688400,-90.573300,Mercado municipal de abastos y comercio cotidiano de Jerez.
Mercado Cantonal de Jerez,GT2208,Jueves y Domingos,Artesanal,780,14.691400,-90.576300,Plaza y mercado cantonal de comercio vecinal en Jerez.
Mercado de Productores y Artesanos de Jerez,GT2208,Sábados,Artesanal,185,14.685400,-90.570300,Mercado de productores locales para venta al por mayor en Jerez.
Mercado Municipal Central de El Adelanto,GT2209,Diario,Cantonal/Municipal,1153,14.693400,-90.578300,Mercado municipal de abastos y comercio cotidiano de El Adelanto.
Mercado Cantonal de El Adelanto,GT2209,Jueves y Domingos,Mayorista,361,14.696400,-90.581300,Plaza y mercado cantonal de comercio vecinal en El Adelanto.
Mercado de Productores y Artesanos de El Adelanto,GT2209,Sábados,Mayorista,230,14.690400,-90.575300,Mercado de productores locales para venta al por mayor en El Adelanto.
Mercado Municipal Central de Zapotitlán,GT2210,Diario,Cantonal/Municipal,610,14.698400,-90.583300,Mercado municipal de abastos y comercio cotidiano de Zapotitlán.
Mercado Cantonal de Zapotitlán,GT2210,Jueves y Domingos,Cantonal/Municipal,787,14.701400,-90.586300,Plaza y mercado cantonal de comercio vecinal en Zapotitlán.
Mercado de Productores y Artesanos de Zapotitlán,GT2210,Sábados,Artesanal,445,14.695400,-90.580300,Mercado de productores locales para venta al por mayor en Zapotitlán.
Mercado Municipal Central de Comapa,GT2211,Diario,Cantonal/Municipal,636,14.703400,-90.588300,Mercado municipal de abastos y comercio cotidiano de Comapa.
Mercado Cantonal de Comapa,GT2211,Jueves y Domingos,Mixto,433,14.706400,-90.591300,Plaza y mercado cantonal de comercio vecinal en Comapa.
Mercado de Productores y Artesanos de Comapa,GT2211,Sábados,Mayorista,479,14.700400,-90.585300,Mercado de productores locales para venta al por mayor en Comapa.
Mercado Municipal Central de Jalpatagua,GT2212,Diario,Cantonal/Municipal,1442,14.708400,-90.593300,Mercado municipal de abastos y comercio cotidiano de Jalpatagua.
Mercado Cantonal de Jalpatagua,GT2212,Jueves y Domingos,Artesanal,202,14.711400,-90.596300,Plaza y mercado cantonal de comercio vecinal en Jalpatagua.
Mercado de Productores y Artesanos de Jalpatagua,GT2212,Sábados,Artesanal,122,14.705400,-90.590300,Mercado de productores locales para venta al por mayor en Jalpatagua.
Mercado Municipal Central de Conguaco,GT2213,Diario,Cantonal/Municipal,425,14.713400,-90.598300,Mercado municipal de abastos y comercio cotidiano de Conguaco.
Mercado Cantonal de Conguaco,GT2213,Jueves y Domingos,Mayorista,450,14.716400,-90.601300,Plaza y mercado cantonal de comercio vecinal en Conguaco.
Mercado de Productores y Artesanos de Conguaco,GT2213,Sábados,Mayorista,123,14.710400,-90.595300,Mercado de productores locales para venta al por mayor en Conguaco.
Mercado Municipal Central de Moyuta,GT2214,Diario,Cantonal/Municipal,1366,14.718400,-90.603300,Mercado municipal de abastos y comercio cotidiano de Moyuta.
Mercado Cantonal de Moyuta,GT2214,Jueves y Domingos,Cantonal/Municipal,572,14.721400,-90.606300,Plaza y mercado cantonal de comercio vecinal en Moyuta.
Mercado de Productores y Artesanos de Moyuta,GT2214,Sábados,Artesanal,296,14.715400,-90.600300,Mercado de productores locales para venta al por mayor en Moyuta.
Mercado Municipal Central de Pasaco,GT2215,Diario,Cantonal/Municipal,707,14.723400,-90.608300,Mercado municipal de abastos y comercio cotidiano de Pasaco.
Mercado Cantonal de Pasaco,GT2215,Jueves y Domingos,Mixto,383,14.726400,-90.611300,Plaza y mercado cantonal de comercio vecinal en Pasaco.
Mercado de Productores y Artesanos de Pasaco,GT2215,Sábados,Mayorista,576,14.720400,-90.605300,Mercado de productores locales para venta al por mayor en Pasaco.
Mercado Municipal Central de San José Acatempa,GT2216,Diario,Cantonal/Municipal,472,14.628400,-90.513300,Mercado municipal de abastos y comercio cotidiano de San José Acatempa.
Mercado Cantonal de San José Acatempa,GT2216,Jueves y Domingos,Artesanal,766,14.631400,-90.516300,Plaza y mercado cantonal de comercio vecinal en San José Acatempa.
Mercado de Productores y Artesanos de San José Acatempa,GT2216,Sábados,Artesanal,511,14.625400,-90.510300,Mercado de productores locales para venta al por mayor en San José Acatempa.
Mercado Municipal Central de Quesada,GT2217,Diario,Cantonal/Municipal,1258,14.633400,-90.518300,Mercado municipal de abastos y comercio cotidiano de Quesada.
Mercado Cantonal de Quesada,GT2217,Jueves y Domingos,Mayorista,429,14.636400,-90.521300,Plaza y mercado cantonal de comercio vecinal en Quesada.
Mercado de Productores y Artesanos de Quesada,GT2217,Sábados,Mayorista,264,14.630400,-90.515300,Mercado de productores locales para venta al por mayor en Quesada.
