codigo,tramo_codigo,tipo_incidencia,descripcion,fecha_reporte,activo
INC_0000,TRM_1_32_0000,Derrumbe,Reporte de Derrumbe activo en el tramo Tramo RN-7 Cobán-Quiché (Lago De Amatitlan - Santiago Sacatepéquez) - Ref 1. Tomar precauciones o vías alternas.,2026-07-06 20:30:00,true
INC_0001,TRM_2_33_0001,Bloqueo,Reporte de Bloqueo de carreteras por manifestación en el tramo Tramo RN-7 Cobán-Quiché (Guatemala - San Bartolomé Milpas Altas) - Ref 2. Tomar precauciones o vías alternas.,2026-07-06 05:30:00,false
INC_0002,TRM_3_34_0002,Trabajos,Reporte de Trabajos de bacheo en el tramo Tramo CA-1 Occidente (Santa Catarina Pinula - San Lucas Sacatepéquez) - Ref 3. Tomar precauciones o vías alternas.,2026-07-06 22:30:00,false
INC_0003,TRM_4_35_0003,Accidente,Reporte de Accidente vial obstruyendo carril en el tramo Tramo RN-15 Sacapulas (San José Pinula - Santa Lucía Milpas Altas) - Ref 4. Tomar precauciones o vías alternas.,2026-07-06 21:30:00,true
INC_0004,TRM_5_36_0004,Fuerte,Reporte de Fuerte neblina y lluvias en el tramo Tramo RN-7 Cobán-Quiché (San José del Golfo - Magdalena Milpas Altas) - Ref 5. Tomar precauciones o vías alternas.,2026-07-06 11:30:00,false
INC_0005,TRM_6_37_0005,Inundación,Reporte de Inundación por desborde de río en el tramo Tramo CA-1 Occidente (Palencia - Santa María de Jesús) - Ref 6. Tomar precauciones o vías alternas.,2026-07-06 11:30:00,false
INC_0006,TRM_7_38_0006,Derrumbe,Reporte de Derrumbe activo en el tramo Tramo RN-11 Panajachel (Chinautla - Ciudad Vieja) - Ref 7. Tomar precauciones o vías alternas.,2026-07-06 22:30:00,true
INC_0007,TRM_8_39_0007,Bloqueo,Reporte de Bloqueo de carreteras por manifestación en el tramo Tramo RN-9 Salcajá (San Pedro Ayampuc - San Miguel Dueñas) - Ref 8. Tomar precauciones o vías alternas.,2026-07-06 12:30:00,false
INC_0008,TRM_9_40_0008,Trabajos,Reporte de Trabajos de bacheo en el tramo Tramo RN-15 Sacapulas (Mixco - Alotenango) - Ref 9. Tomar precauciones o vías alternas.,2026-07-06 18:30:00,false
INC_0009,TRM_10_41_0009,Accidente,Reporte de Accidente vial obstruyendo carril en el tramo Tramo RN-11 Panajachel (San Pedro Sacatepéquez - San Antonio Aguas Calientes) - Ref 10. Tomar precauciones o vías alternas.,2026-07-06 08:30:00,false
INC_0010,TRM_11_42_0010,Fuerte,Reporte de Fuerte neblina y lluvias en el tramo Tramo RN-11 Panajachel (San Juan Sacatepéquez - Santa Catarina Barahona) - Ref 11. Tomar precauciones o vías alternas.,2026-07-06 07:30:00,true
INC_0011,TRM_12_43_0011,Inundación,Reporte de Inundación por desborde de río en el tramo Tramo RN-9 Salcajá (San Raimundo - Chimaltenango) - Ref 12. Tomar precauciones o vías alternas.,2026-07-06 22:30:00,true
INC_0012,TRM_13_44_0012,Derrumbe,Reporte de Derrumbe activo en el tramo Tramo RN-15 Sacapulas (Chuarrancho - San José Poaquil) - Ref 13. Tomar precauciones o vías alternas.,2026-07-06 10:30:00,true
INC_0013,TRM_14_45_0013,Bloqueo,Reporte de Bloqueo de carreteras por manifestación en el tramo Tramo CA-1 Occidente (Fraijanes - San Martín Jilotepeque) - Ref 14. Tomar precauciones o vías alternas.,2026-07-06 16:30:00,true
INC_0014,TRM_15_46_0014,Trabajos,Reporte de Trabajos de bacheo en el tramo Tramo Ruta Nacional RN-1 (Amatitlán - Comalapa) - Ref 15. Tomar precauciones o vías alternas.,2026-07-06 13:30:00,true
INC_0015,TRM_16_47_0015,Accidente,Reporte de Accidente vial obstruyendo carril en el tramo Tramo RN-15 Sacapulas (Villa Nueva - Santa Apolonia) - Ref 16. Tomar precauciones o vías alternas.,2026-07-06 07:30:00,false
INC_0016,TRM_17_48_0016,Fuerte,Reporte de Fuerte neblina y lluvias en el tramo Tramo Ruta Nacional RN-1 (Villa Canales - Tecpán Guatemala) - Ref 17. Tomar precauciones o vías alternas.,2026-07-06 11:30:00,true
INC_0017,TRM_18_49_0017,Inundación,Reporte de Inundación por desborde de río en el tramo Tramo RN-7 Cobán-Quiché (Petapa - Patzún) - Ref 18. Tomar precauciones o vías alternas.,2026-07-06 19:30:00,true
INC_0018,TRM_19_50_0018,Derrumbe,Reporte de Derrumbe activo en el tramo Tramo CA-1 Occidente (Guastatoya - Pochuta) - Ref 19. Tomar precauciones o vías alternas.,2026-07-06 13:30:00,true
INC_0019,TRM_20_51_0019,Bloqueo,Reporte de Bloqueo de carreteras por manifestación en el tramo Tramo RN-9 Salcajá (Morazán - Patzicía) - Ref 20. Tomar precauciones o vías alternas.,2026-07-06 15:30:00,true
INC_0020,TRM_21_52_0020,Trabajos,Reporte de Trabajos de bacheo en el tramo Tramo Ruta Nacional RN-1 (San Agustín Acasaguastlán - Santa Cruz Balanyá) - Ref 21. Tomar precauciones o vías alternas.,2026-07-06 08:30:00,false
INC_0021,TRM_22_53_0021,Accidente,Reporte de Accidente vial obstruyendo carril en el tramo Tramo RN-9 Salcajá (San Cristóbal Acasaguastlán - Acatenango) - Ref 22. Tomar precauciones o vías alternas.,2026-07-06 11:30:00,true
INC_0022,TRM_23_54_0022,Fuerte,Reporte de Fuerte neblina y lluvias en el tramo Tramo RN-11 Panajachel (El Jícaro - Yepocapa) - Ref 23. Tomar precauciones o vías alternas.,2026-07-06 21:30:00,false
INC_0023,TRM_24_55_0023,Inundación,Reporte de Inundación por desborde de río en el tramo Tramo RN-9 Salcajá (Sanarate - San Andrés Itzapa) - Ref 24. Tomar precauciones o vías alternas.,2026-07-06 22:30:00,false
INC_0024,TRM_25_56_0024,Derrumbe,Reporte de Derrumbe activo en el tramo Tramo RN-7 Cobán-Quiché (Sansare - Parramos) - Ref 25. Tomar precauciones o vías alternas.,2026-07-06 22:30:00,true
INC_0025,TRM_26_57_0025,Bloqueo,Reporte de Bloqueo de carreteras por manifestación en el tramo Tramo RN-9 Salcajá (San Antonio La Paz - Zaragoza) - Ref 26. Tomar precauciones o vías alternas.,2026-07-06 09:30:00,false
INC_0026,TRM_27_58_0026,Trabajos,Reporte de Trabajos de bacheo en el tramo Tramo RN-11 Panajachel (Antigua Guatemala - El Tejar) - Ref 27. Tomar precauciones o vías alternas.,2026-07-06 11:30:00,true
INC_0027,TRM_28_59_0027,Accidente,Reporte de Accidente vial obstruyendo carril en el tramo Tramo CA-1 Occidente (Jocotenango - Escuintla) - Ref 28. Tomar precauciones o vías alternas.,2026-07-06 13:30:00,false
INC_0028,TRM_29_60_0028,Fuerte,Reporte de Fuerte neblina y lluvias en el tramo Tramo RN-15 Sacapulas (Pastores - Santa Lucía Cotzumalguapa) - Ref 29. Tomar precauciones o vías alternas.,2026-07-06 08:30:00,false
INC_0029,TRM_30_61_0029,Inundación,Reporte de Inundación por desborde de río en el tramo Tramo RN-7 Cobán-Quiché (Sumpango - La Democracia) - Ref 30. Tomar precauciones o vías alternas.,2026-07-06 23:30:00,false
INC_0030,TRM_31_62_0030,Derrumbe,Reporte de Derrumbe activo en el tramo Tramo RN-15 Sacapulas (Santo Domingo Xenacoj - Siquinalá) - Ref 31. Tomar precauciones o vías alternas.,2026-07-06 14:30:00,false
INC_0031,TRM_32_63_0031,Bloqueo,Reporte de Bloqueo de carreteras por manifestación en el tramo Tramo RN-11 Panajachel (Santiago Sacatepéquez - Masagua) - Ref 32. Tomar precauciones o vías alternas.,2026-07-06 02:30:00,true
INC_0032,TRM_33_64_0032,Trabajos,Reporte de Trabajos de bacheo en el tramo Tramo RN-11 Panajachel (San Bartolomé Milpas Altas - Tiquisate) - Ref 33. Tomar precauciones o vías alternas.,2026-07-06 02:30:00,true
INC_0033,TRM_34_65_0033,Accidente,Reporte de Accidente vial obstruyendo carril en el tramo Tramo CA-1 Occidente (San Lucas Sacatepéquez - La Gomera) - Ref 34. Tomar precauciones o vías alternas.,2026-07-06 08:30:00,false
INC_0034,TRM_35_66_0034,Fuerte,Reporte de Fuerte neblina y lluvias en el tramo Tramo Ruta Nacional RN-1 (Santa Lucía Milpas Altas - Guanagazapa) - Ref 35. Tomar precauciones o vías alternas.,2026-07-06 21:30:00,true
INC_0035,TRM_36_67_0035,Inundación,Reporte de Inundación por desborde de río en el tramo Tramo Ruta Nacional RN-1 (Magdalena Milpas Altas - San José) - Ref 36. Tomar precauciones o vías alternas.,2026-07-06 04:30:00,false
INC_0036,TRM_37_68_0036,Derrumbe,Reporte de Derrumbe activo en el tramo Tramo RN-15 Sacapulas (Santa María de Jesús - Iztapa) - Ref 37. Tomar precauciones o vías alternas.,2026-07-06 09:30:00,true
INC_0037,TRM_38_69_0037,Bloqueo,Reporte de Bloqueo de carreteras por manifestación en el tramo Tramo RN-11 Panajachel (Ciudad Vieja - Palín) - Ref 38. Tomar precauciones o vías alternas.,2026-07-06 09:30:00,true
INC_0038,TRM_39_70_0038,Trabajos,Reporte de Trabajos de bacheo en el tramo Tramo RN-7 Cobán-Quiché (San Miguel Dueñas - San Vicente Pacaya) - Ref 39. Tomar precauciones o vías alternas.,2026-07-06 11:30:00,true
INC_0039,TRM_40_71_0039,Accidente,Reporte de Accidente vial obstruyendo carril en el tramo Tramo RN-11 Panajachel (Alotenango - Nueva Concepción) - Ref 40. Tomar precauciones o vías alternas.,2026-07-06 10:30:00,false
INC_0040,TRM_41_72_0040,Fuerte,Reporte de Fuerte neblina y lluvias en el tramo Tramo CA-1 Occidente (San Antonio Aguas Calientes - Sipacate) - Ref 41. Tomar precauciones o vías alternas.,2026-07-06 11:30:00,false
INC_0041,TRM_42_73_0041,Inundación,Reporte de Inundación por desborde de río en el tramo Tramo RN-9 Salcajá (Santa Catarina Barahona - Cuilapa) - Ref 42. Tomar precauciones o vías alternas.,2026-07-06 14:30:00,true
INC_0042,TRM_43_74_0042,Derrumbe,Reporte de Derrumbe activo en el tramo Tramo CA-1 Occidente (Chimaltenango - Barberena) - Ref 43. Tomar precauciones o vías alternas.,2026-07-06 02:30:00,true
INC_0043,TRM_44_75_0043,Bloqueo,Reporte de Bloqueo de carreteras por manifestación en el tramo Tramo CA-1 Occidente (San José Poaquil - Santa Rosa de Lima) - Ref 44. Tomar precauciones o vías alternas.,2026-07-06 15:30:00,true
INC_0044,TRM_45_76_0044,Trabajos,Reporte de Trabajos de bacheo en el tramo Tramo RN-7 Cobán-Quiché (San Martín Jilotepeque - Casillas) - Ref 45. Tomar precauciones o vías alternas.,2026-07-06 02:30:00,true
INC_0045,TRM_46_77_0045,Accidente,Reporte de Accidente vial obstruyendo carril en el tramo Tramo Ruta Nacional RN-1 (Comalapa - San Rafael Las Flores) - Ref 46. Tomar precauciones o vías alternas.,2026-07-06 22:30:00,false
INC_0046,TRM_47_78_0046,Fuerte,Reporte de Fuerte neblina y lluvias en el tramo Tramo RN-7 Cobán-Quiché (Santa Apolonia - Oratorio) - Ref 47. Tomar precauciones o vías alternas.,2026-07-06 03:30:00,false
INC_0047,TRM_48_79_0047,Inundación,Reporte de Inundación por desborde de río en el tramo Tramo RN-7 Cobán-Quiché (Tecpán Guatemala - San Juan Tecuaco) - Ref 48. Tomar precauciones o vías alternas.,2026-07-06 20:30:00,false
INC_0048,TRM_49_80_0048,Derrumbe,Reporte de Derrumbe activo en el tramo Tramo RN-11 Panajachel (Patzún - Chiquimulilla) - Ref 49. Tomar precauciones o vías alternas.,2026-07-06 11:30:00,true
INC_0049,TRM_50_81_0049,Bloqueo,Reporte de Bloqueo de carreteras por manifestación en el tramo Tramo RN-11 Panajachel (Pochuta - Taxisco) - Ref 50. Tomar precauciones o vías alternas.,2026-07-06 15:30:00,true
INC_0050,TRM_51_82_0050,Trabajos,Reporte de Trabajos de bacheo en el tramo Tramo RN-11 Panajachel (Patzicía - Santa María Ixhuatán) - Ref 51. Tomar precauciones o vías alternas.,2026-07-06 15:30:00,false
INC_0051,TRM_52_83_0051,Accidente,Reporte de Accidente vial obstruyendo carril en el tramo Tramo Ruta Nacional RN-1 (Santa Cruz Balanyá - Guazacapán) - Ref 52. Tomar precauciones o vías alternas.,2026-07-06 18:30:00,true
INC_0052,TRM_53_84_0052,Fuerte,Reporte de Fuerte neblina y lluvias en el tramo Tramo RN-9 Salcajá (Acatenango - Santa Cruz Naranjo) - Ref 53. Tomar precauciones o vías alternas.,2026-07-06 07:30:00,false
INC_0053,TRM_54_85_0053,Inundación,Reporte de Inundación por desborde de río en el tramo Tramo RN-9 Salcajá (Yepocapa - Pueblo Nuevo Viñas) - Ref 54. Tomar precauciones o vías alternas.,2026-07-06 13:30:00,false
INC_0054,TRM_55_86_0054,Derrumbe,Reporte de Derrumbe activo en el tramo Tramo RN-15 Sacapulas (San Andrés Itzapa - Nueva Santa Rosa) - Ref 55. Tomar precauciones o vías alternas.,2026-07-06 15:30:00,false
INC_0055,TRM_56_87_0055,Bloqueo,Reporte de Bloqueo de carreteras por manifestación en el tramo Tramo Ruta Nacional RN-1 (Parramos - Lago De Atitlan) - Ref 56. Tomar precauciones o vías alternas.,2026-07-06 16:30:00,false
INC_0056,TRM_57_88_0056,Trabajos,Reporte de Trabajos de bacheo en el tramo Tramo CA-1 Occidente (Zaragoza - Sololá) - Ref 57. Tomar precauciones o vías alternas.,2026-07-06 16:30:00,false
INC_0057,TRM_58_89_0057,Accidente,Reporte de Accidente vial obstruyendo carril en el tramo Tramo RN-15 Sacapulas (El Tejar - San José Chacayá) - Ref 58. Tomar precauciones o vías alternas.,2026-07-06 18:30:00,false
INC_0058,TRM_59_90_0058,Fuerte,Reporte de Fuerte neblina y lluvias en el tramo Tramo RN-11 Panajachel (Escuintla - Santa María Visitación) - Ref 59. Tomar precauciones o vías alternas.,2026-07-06 14:30:00,false
INC_0059,TRM_60_91_0059,Inundación,Reporte de Inundación por desborde de río en el tramo Tramo RN-11 Panajachel (Santa Lucía Cotzumalguapa - Santa Lucía Utatlán) - Ref 60. Tomar precauciones o vías alternas.,2026-07-06 18:30:00,false
INC_0060,TRM_61_92_0060,Derrumbe,Reporte de Derrumbe activo en el tramo Tramo RN-9 Salcajá (La Democracia - Nahualá) - Ref 61. Tomar precauciones o vías alternas.,2026-07-06 14:30:00,false
INC_0061,TRM_62_93_0061,Bloqueo,Reporte de Bloqueo de carreteras por manifestación en el tramo Tramo RN-7 Cobán-Quiché (Siquinalá - Santa Catarina Ixtahuacán) - Ref 62. Tomar precauciones o vías alternas.,2026-07-06 18:30:00,false
INC_0062,TRM_63_94_0062,Trabajos,Reporte de Trabajos de bacheo en el tramo Tramo Ruta Nacional RN-1 (Masagua - Santa Clara La Laguna) - Ref 63. Tomar precauciones o vías alternas.,2026-07-06 02:30:00,false
INC_0063,TRM_64_95_0063,Accidente,Reporte de Accidente vial obstruyendo carril en el tramo Tramo RN-15 Sacapulas (Tiquisate - Concepción) - Ref 64. Tomar precauciones o vías alternas.,2026-07-06 07:30:00,false
INC_0064,TRM_65_96_0064,Fuerte,Reporte de Fuerte neblina y lluvias en el tramo Tramo CA-1 Occidente (La Gomera - San Andrés Semetabaj) - Ref 65. Tomar precauciones o vías alternas.,2026-07-06 07:30:00,false
INC_0065,TRM_66_97_0065,Inundación,Reporte de Inundación por desborde de río en el tramo Tramo RN-15 Sacapulas (Guanagazapa - Panajachel) - Ref 66. Tomar precauciones o vías alternas.,2026-07-06 06:30:00,true
INC_0066,TRM_67_98_0066,Derrumbe,Reporte de Derrumbe activo en el tramo Tramo RN-11 Panajachel (San José - Santa Catarina Palopó) - Ref 67. Tomar precauciones o vías alternas.,2026-07-06 02:30:00,true
INC_0067,TRM_68_99_0067,Bloqueo,Reporte de Bloqueo de carreteras por manifestación en el tramo Tramo RN-15 Sacapulas (Iztapa - San Antonio Palopó) - Ref 68. Tomar precauciones o vías alternas.,2026-07-06 04:30:00,false
INC_0068,TRM_69_100_0068,Trabajos,Reporte de Trabajos de bacheo en el tramo Tramo RN-7 Cobán-Quiché (Palín - San Lucas Tolimán) - Ref 69. Tomar precauciones o vías alternas.,2026-07-06 10:30:00,true
INC_0069,TRM_70_101_0069,Accidente,Reporte de Accidente vial obstruyendo carril en el tramo Tramo Ruta Nacional RN-1 (San Vicente Pacaya - Santa Cruz La Laguna) - Ref 70. Tomar precauciones o vías alternas.,2026-07-06 14:30:00,false
INC_0070,TRM_71_102_0070,Fuerte,Reporte de Fuerte neblina y lluvias en el tramo Tramo RN-7 Cobán-Quiché (Nueva Concepción - San Pablo La Laguna) - Ref 71. Tomar precauciones o vías alternas.,2026-07-06 13:30:00,true
INC_0071,TRM_72_103_0071,Inundación,Reporte de Inundación por desborde de río en el tramo Tramo RN-11 Panajachel (Sipacate - San Marcos La Laguna) - Ref 72. Tomar precauciones o vías alternas.,2026-07-06 05:30:00,false
INC_0072,TRM_73_104_0072,Derrumbe,Reporte de Derrumbe activo en el tramo Tramo RN-7 Cobán-Quiché (Cuilapa - San Juan La Laguna) - Ref 73. Tomar precauciones o vías alternas.,2026-07-06 05:30:00,true
INC_0073,TRM_74_105_0073,Bloqueo,Reporte de Bloqueo de carreteras por manifestación en el tramo Tramo RN-7 Cobán-Quiché (Barberena - San Pedro La Laguna) - Ref 74. Tomar precauciones o vías alternas.,2026-07-06 04:30:00,false
INC_0074,TRM_75_106_0074,Trabajos,Reporte de Trabajos de bacheo en el tramo Tramo RN-11 Panajachel (Santa Rosa de Lima - Santiago Atitlán) - Ref 75. Tomar precauciones o vías alternas.,2026-07-06 20:30:00,false
INC_0075,TRM_76_107_0075,Accidente,Reporte de Accidente vial obstruyendo carril en el tramo Tramo CA-1 Occidente (Casillas - Totonicapán) - Ref 76. Tomar precauciones o vías alternas.,2026-07-06 03:30:00,false
INC_0076,TRM_77_108_0076,Fuerte,Reporte de Fuerte neblina y lluvias en el tramo Tramo RN-7 Cobán-Quiché (San Rafael Las Flores - San Cristóbal Totonicapán) - Ref 77. Tomar precauciones o vías alternas.,2026-07-06 20:30:00,true
INC_0077,TRM_78_109_0077,Inundación,Reporte de Inundación por desborde de río en el tramo Tramo RN-11 Panajachel (Oratorio - San Francisco El Alto) - Ref 78. Tomar precauciones o vías alternas.,2026-07-06 12:30:00,false
INC_0078,TRM_79_110_0078,Derrumbe,Reporte de Derrumbe activo en el tramo Tramo Ruta Nacional RN-1 (San Juan Tecuaco - San Andrés Xecul) - Ref 79. Tomar precauciones o vías alternas.,2026-07-06 04:30:00,true
INC_0079,TRM_80_111_0079,Bloqueo,Reporte de Bloqueo de carreteras por manifestación en el tramo Tramo Ruta Nacional RN-1 (Chiquimulilla - Momostenango) - Ref 80. Tomar precauciones o vías alternas.,2026-07-06 14:30:00,true
INC_0080,TRM_81_112_0080,Trabajos,Reporte de Trabajos de bacheo en el tramo Tramo Ruta Nacional RN-1 (Taxisco - Santa María Chiquimula) - Ref 81. Tomar precauciones o vías alternas.,2026-07-06 13:30:00,false
INC_0081,TRM_82_113_0081,Accidente,Reporte de Accidente vial obstruyendo carril en el tramo Tramo RN-11 Panajachel (Santa María Ixhuatán - Santa Lucía La Reforma) - Ref 82. Tomar precauciones o vías alternas.,2026-07-06 19:30:00,false
INC_0082,TRM_83_114_0082,Fuerte,Reporte de Fuerte neblina y lluvias en el tramo Tramo Ruta Nacional RN-1 (Guazacapán - San Bartolo) - Ref 83. Tomar precauciones o vías alternas.,2026-07-06 10:30:00,true
INC_0083,TRM_84_115_0083,Inundación,Reporte de Inundación por desborde de río en el tramo Tramo Ruta Nacional RN-1 (Santa Cruz Naranjo - Quetzaltenango) - Ref 84. Tomar precauciones o vías alternas.,2026-07-06 02:30:00,true
INC_0084,TRM_85_116_0084,Derrumbe,Reporte de Derrumbe activo en el tramo Tramo RN-15 Sacapulas (Pueblo Nuevo Viñas - Salcajá) - Ref 85. Tomar precauciones o vías alternas.,2026-07-06 01:30:00,true
INC_0085,TRM_86_117_0085,Bloqueo,Reporte de Bloqueo de carreteras por manifestación en el tramo Tramo RN-7 Cobán-Quiché (Nueva Santa Rosa - Olintepeque) - Ref 86. Tomar precauciones o vías alternas.,2026-07-06 13:30:00,false
INC_0086,TRM_87_118_0086,Trabajos,Reporte de Trabajos de bacheo en el tramo Tramo RN-9 Salcajá (Lago De Atitlan - San Carlos Sija) - Ref 87. Tomar precauciones o vías alternas.,2026-07-06 07:30:00,true
INC_0087,TRM_88_119_0087,Accidente,Reporte de Accidente vial obstruyendo carril en el tramo Tramo Ruta Nacional RN-1 (Sololá - Sibilia) - Ref 88. Tomar precauciones o vías alternas.,2026-07-06 02:30:00,false
INC_0088,TRM_89_120_0088,Fuerte,Reporte de Fuerte neblina y lluvias en el tramo Tramo RN-7 Cobán-Quiché (San José Chacayá - Cabricán) - Ref 89. Tomar precauciones o vías alternas.,2026-07-06 08:30:00,false
INC_0089,TRM_90_121_0089,Inundación,Reporte de Inundación por desborde de río en el tramo Tramo RN-11 Panajachel (Santa María Visitación - Cajolá) - Ref 90. Tomar precauciones o vías alternas.,2026-07-06 13:30:00,true
INC_0090,TRM_91_122_0090,Derrumbe,Reporte de Derrumbe activo en el tramo Tramo RN-15 Sacapulas (Santa Lucía Utatlán - San Miguel Sigüila) - Ref 91. Tomar precauciones o vías alternas.,2026-07-06 03:30:00,false
INC_0091,TRM_92_123_0091,Bloqueo,Reporte de Bloqueo de carreteras por manifestación en el tramo Tramo CA-1 Occidente (Nahualá - Ostuncalco) - Ref 92. Tomar precauciones o vías alternas.,2026-07-06 22:30:00,false
INC_0092,TRM_93_124_0092,Trabajos,Reporte de Trabajos de bacheo en el tramo Tramo RN-9 Salcajá (Santa Catarina Ixtahuacán - San Mateo) - Ref 93. Tomar precauciones o vías alternas.,2026-07-06 17:30:00,false
INC_0093,TRM_94_125_0093,Accidente,Reporte de Accidente vial obstruyendo carril en el tramo Tramo RN-7 Cobán-Quiché (Santa Clara La Laguna - Concepción Chiquirichapa) - Ref 94. Tomar precauciones o vías alternas.,2026-07-06 17:30:00,true
INC_0094,TRM_95_126_0094,Fuerte,Reporte de Fuerte neblina y lluvias en el tramo Tramo RN-11 Panajachel (Concepción - San Martín Sacatepéquez) - Ref 95. Tomar precauciones o vías alternas.,2026-07-06 06:30:00,false
INC_0095,TRM_96_127_0095,Inundación,Reporte de Inundación por desborde de río en el tramo Tramo RN-11 Panajachel (San Andrés Semetabaj - Almolonga) - Ref 96. Tomar precauciones o vías alternas.,2026-07-06 12:30:00,true
INC_0096,TRM_97_128_0096,Derrumbe,Reporte de Derrumbe activo en el tramo Tramo RN-7 Cobán-Quiché (Panajachel - Cantel) - Ref 97. Tomar precauciones o vías alternas.,2026-07-06 06:30:00,true
INC_0097,TRM_98_129_0097,Bloqueo,Reporte de Bloqueo de carreteras por manifestación en el tramo Tramo RN-15 Sacapulas (Santa Catarina Palopó - Huitán) - Ref 98. Tomar precauciones o vías alternas.,2026-07-06 08:30:00,true
INC_0098,TRM_99_130_0098,Trabajos,Reporte de Trabajos de bacheo en el tramo Tramo RN-11 Panajachel (San Antonio Palopó - Zunil) - Ref 99. Tomar precauciones o vías alternas.,2026-07-06 18:30:00,true
INC_0099,TRM_100_131_0099,Accidente,Reporte de Accidente vial obstruyendo carril en el tramo Tramo CA-1 Occidente (San Lucas Tolimán - Colomba) - Ref 100. Tomar precauciones o vías alternas.,2026-07-06 22:30:00,true
INC_0100,TRM_101_132_0100,Fuerte,Reporte de Fuerte neblina y lluvias en el tramo Tramo RN-15 Sacapulas (Santa Cruz La Laguna - San Francisco La Unión) - Ref 101. Tomar precauciones o vías alternas.,2026-07-06 08:30:00,false
INC_0101,TRM_102_133_0101,Inundación,Reporte de Inundación por desborde de río en el tramo Tramo RN-7 Cobán-Quiché (San Pablo La Laguna - El Palmar) - Ref 102. Tomar precauciones o vías alternas.,2026-07-06 13:30:00,true
INC_0102,TRM_103_134_0102,Derrumbe,Reporte de Derrumbe activo en el tramo Tramo CA-1 Occidente (San Marcos La Laguna - Coatepeque) - Ref 103. Tomar precauciones o vías alternas.,2026-07-06 17:30:00,false
INC_0103,TRM_104_135_0103,Bloqueo,Reporte de Bloqueo de carreteras por manifestación en el tramo Tramo RN-15 Sacapulas (San Juan La Laguna - Génova) - Ref 104. Tomar precauciones o vías alternas.,2026-07-06 11:30:00,true
INC_0104,TRM_105_136_0104,Trabajos,Reporte de Trabajos de bacheo en el tramo Tramo RN-11 Panajachel (San Pedro La Laguna - Flores Costa Cuca) - Ref 105. Tomar precauciones o vías alternas.,2026-07-06 10:30:00,false
INC_0105,TRM_106_137_0105,Accidente,Reporte de Accidente vial obstruyendo carril en el tramo Tramo RN-15 Sacapulas (Santiago Atitlán - La Esperanza) - Ref 106. Tomar precauciones o vías alternas.,2026-07-06 22:30:00,false
INC_0106,TRM_107_138_0106,Fuerte,Reporte de Fuerte neblina y lluvias en el tramo Tramo RN-15 Sacapulas (Totonicapán - Palestina de Los Altos) - Ref 107. Tomar precauciones o vías alternas.,2026-07-06 15:30:00,true
INC_0107,TRM_108_139_0107,Inundación,Reporte de Inundación por desborde de río en el tramo Tramo Ruta Nacional RN-1 (San Cristóbal Totonicapán - Mazatenango) - Ref 108. Tomar precauciones o vías alternas.,2026-07-06 12:30:00,false
INC_0108,TRM_109_140_0108,Derrumbe,Reporte de Derrumbe activo en el tramo Tramo RN-15 Sacapulas (San Francisco El Alto - Cuyotenango) - Ref 109. Tomar precauciones o vías alternas.,2026-07-06 22:30:00,false
INC_0109,TRM_110_141_0109,Bloqueo,Reporte de Bloqueo de carreteras por manifestación en el tramo Tramo RN-11 Panajachel (San Andrés Xecul - San Francisco Zapotitlán) - Ref 110. Tomar precauciones o vías alternas.,2026-07-06 07:30:00,false
INC_0110,TRM_111_142_0110,Trabajos,Reporte de Trabajos de bacheo en el tramo Tramo Ruta Nacional RN-1 (Momostenango - San Bernardino) - Ref 111. Tomar precauciones o vías alternas.,2026-07-06 06:30:00,false
INC_0111,TRM_112_143_0111,Accidente,Reporte de Accidente vial obstruyendo carril en el tramo Tramo RN-15 Sacapulas (Santa María Chiquimula - San José El Ídolo) - Ref 112. Tomar precauciones o vías alternas.,2026-07-06 15:30:00,true
INC_0112,TRM_113_144_0112,Fuerte,Reporte de Fuerte neblina y lluvias en el tramo Tramo RN-7 Cobán-Quiché (Santa Lucía La Reforma - Santo Domingo Suchitepéquez) - Ref 113. Tomar precauciones o vías alternas.,2026-07-06 06:30:00,false
INC_0113,TRM_114_145_0113,Inundación,Reporte de Inundación por desborde de río en el tramo Tramo CA-1 Occidente (San Bartolo - San Lorenzo) - Ref 114. Tomar precauciones o vías alternas.,2026-07-06 05:30:00,false
INC_0114,TRM_115_146_0114,Derrumbe,Reporte de Derrumbe activo en el tramo Tramo RN-7 Cobán-Quiché (Quetzaltenango - Samayac) - Ref 115. Tomar precauciones o vías alternas.,2026-07-06 12:30:00,true
INC_0115,TRM_116_147_0115,Bloqueo,Reporte de Bloqueo de carreteras por manifestación en el tramo Tramo RN-9 Salcajá (Salcajá - San Pablo Jocopilas) - Ref 116. Tomar precauciones o vías alternas.,2026-07-06 13:30:00,false
INC_0116,TRM_117_148_0116,Trabajos,Reporte de Trabajos de bacheo en el tramo Tramo RN-11 Panajachel (Olintepeque - San Antonio Suchitepéquez) - Ref 117. Tomar precauciones o vías alternas.,2026-07-06 03:30:00,true
INC_0117,TRM_118_149_0117,Accidente,Reporte de Accidente vial obstruyendo carril en el tramo Tramo RN-7 Cobán-Quiché (San Carlos Sija - San Miguel Panán) - Ref 118. Tomar precauciones o vías alternas.,2026-07-06 18:30:00,true
INC_0118,TRM_119_150_0118,Fuerte,Reporte de Fuerte neblina y lluvias en el tramo Tramo RN-11 Panajachel (Sibilia - San Gabriel) - Ref 119. Tomar precauciones o vías alternas.,2026-07-06 03:30:00,false
INC_0119,TRM_120_151_0119,Inundación,Reporte de Inundación por desborde de río en el tramo Tramo RN-7 Cobán-Quiché (Cabricán - Chicacao) - Ref 120. Tomar precauciones o vías alternas.,2026-07-06 19:30:00,true
INC_0120,TRM_121_152_0120,Derrumbe,Reporte de Derrumbe activo en el tramo Tramo RN-11 Panajachel (Cajolá - Patulul) - Ref 121. Tomar precauciones o vías alternas.,2026-07-06 01:30:00,false
INC_0121,TRM_122_153_0121,Bloqueo,Reporte de Bloqueo de carreteras por manifestación en el tramo Tramo RN-11 Panajachel (San Miguel Sigüila - Santa Bárbara) - Ref 122. Tomar precauciones o vías alternas.,2026-07-06 14:30:00,true
INC_0122,TRM_123_154_0122,Trabajos,Reporte de Trabajos de bacheo en el tramo Tramo Ruta Nacional RN-1 (Ostuncalco - San Juan Bautista) - Ref 123. Tomar precauciones o vías alternas.,2026-07-06 20:30:00,false
INC_0123,TRM_124_155_0123,Accidente,Reporte de Accidente vial obstruyendo carril en el tramo Tramo RN-9 Salcajá (San Mateo - Santo Tomás La Unión) - Ref 124. Tomar precauciones o vías alternas.,2026-07-06 10:30:00,false
INC_0124,TRM_125_156_0124,Fuerte,Reporte de Fuerte neblina y lluvias en el tramo Tramo RN-9 Salcajá (Concepción Chiquirichapa - Zunilito) - Ref 125. Tomar precauciones o vías alternas.,2026-07-06 08:30:00,true
INC_0125,TRM_126_157_0125,Inundación,Reporte de Inundación por desborde de río en el tramo Tramo Ruta Nacional RN-1 (San Martín Sacatepéquez - Pueblo Nuevo) - Ref 126. Tomar precauciones o vías alternas.,2026-07-06 13:30:00,false
INC_0126,TRM_127_158_0126,Derrumbe,Reporte de Derrumbe activo en el tramo Tramo CA-1 Occidente (Almolonga - Río Bravo) - Ref 127. Tomar precauciones o vías alternas.,2026-07-06 08:30:00,true
INC_0127,TRM_128_159_0127,Bloqueo,Reporte de Bloqueo de carreteras por manifestación en el tramo Tramo CA-1 Occidente (Cantel - San José La Máquina) - Ref 128. Tomar precauciones o vías alternas.,2026-07-06 07:30:00,false
INC_0128,TRM_129_160_0128,Trabajos,Reporte de Trabajos de bacheo en el tramo Tramo RN-15 Sacapulas (Huitán - Retalhuleu) - Ref 129. Tomar precauciones o vías alternas.,2026-07-06 03:30:00,false
INC_0129,TRM_130_161_0129,Accidente,Reporte de Accidente vial obstruyendo carril en el tramo Tramo RN-11 Panajachel (Zunil - San Sebastián) - Ref 130. Tomar precauciones o vías alternas.,2026-07-06 07:30:00,true
INC_0130,TRM_131_162_0130,Fuerte,Reporte de Fuerte neblina y lluvias en el tramo Tramo RN-7 Cobán-Quiché (Colomba - Santa Cruz Muluá) - Ref 131. Tomar precauciones o vías alternas.,2026-07-06 18:30:00,false
INC_0131,TRM_132_163_0131,Inundación,Reporte de Inundación por desborde de río en el tramo Tramo RN-9 Salcajá (San Francisco La Unión - San Martín Zapotitlán) - Ref 132. Tomar precauciones o vías alternas.,2026-07-06 18:30:00,true
INC_0132,TRM_133_164_0132,Derrumbe,Reporte de Derrumbe activo en el tramo Tramo RN-7 Cobán-Quiché (El Palmar - San Felipe) - Ref 133. Tomar precauciones o vías alternas.,2026-07-06 20:30:00,true
INC_0133,TRM_134_165_0133,Bloqueo,Reporte de Bloqueo de carreteras por manifestación en el tramo Tramo RN-7 Cobán-Quiché (Coatepeque - San Andrés Villa Seca) - Ref 134. Tomar precauciones o vías alternas.,2026-07-06 02:30:00,true
INC_0134,TRM_135_166_0134,Trabajos,Reporte de Trabajos de bacheo en el tramo Tramo RN-7 Cobán-Quiché (Génova - Champerico) - Ref 135. Tomar precauciones o vías alternas.,2026-07-06 20:30:00,true
INC_0135,TRM_136_167_0135,Accidente,Reporte de Accidente vial obstruyendo carril en el tramo Tramo CA-1 Occidente (Flores Costa Cuca - Nuevo San Carlos) - Ref 136. Tomar precauciones o vías alternas.,2026-07-06 15:30:00,false
INC_0136,TRM_137_168_0136,Fuerte,Reporte de Fuerte neblina y lluvias en el tramo Tramo Ruta Nacional RN-1 (La Esperanza - El Asintal) - Ref 137. Tomar precauciones o vías alternas.,2026-07-06 05:30:00,true
INC_0137,TRM_138_169_0137,Inundación,Reporte de Inundación por desborde de río en el tramo Tramo Ruta Nacional RN-1 (Palestina de Los Altos - San Marcos) - Ref 138. Tomar precauciones o vías alternas.,2026-07-06 04:30:00,true
INC_0138,TRM_139_170_0138,Derrumbe,Reporte de Derrumbe activo en el tramo Tramo RN-11 Panajachel (Mazatenango - San Pedro Sacatepéquez) - Ref 139. Tomar precauciones o vías alternas.,2026-07-06 06:30:00,false
INC_0139,TRM_140_171_0139,Bloqueo,Reporte de Bloqueo de carreteras por manifestación en el tramo Tramo CA-1 Occidente (Cuyotenango - San Antonio Sacatepéquez) - Ref 140. Tomar precauciones o vías alternas.,2026-07-06 10:30:00,true
INC_0140,TRM_141_172_0140,Trabajos,Reporte de Trabajos de bacheo en el tramo Tramo Ruta Nacional RN-1 (San Francisco Zapotitlán - Comitancillo) - Ref 141. Tomar precauciones o vías alternas.,2026-07-06 17:30:00,false
INC_0141,TRM_142_173_0141,Accidente,Reporte de Accidente vial obstruyendo carril en el tramo Tramo RN-7 Cobán-Quiché (San Bernardino - San Miguel Ixtahuacán) - Ref 142. Tomar precauciones o vías alternas.,2026-07-06 01:30:00,false
INC_0142,TRM_143_174_0142,Fuerte,Reporte de Fuerte neblina y lluvias en el tramo Tramo CA-1 Occidente (San José El Ídolo - Concepción Tutuapa) - Ref 143. Tomar precauciones o vías alternas.,2026-07-06 16:30:00,true
INC_0143,TRM_144_175_0143,Inundación,Reporte de Inundación por desborde de río en el tramo Tramo RN-9 Salcajá (Santo Domingo Suchitepéquez - Tacaná) - Ref 144. Tomar precauciones o vías alternas.,2026-07-06 23:30:00,true
INC_0144,TRM_145_176_0144,Derrumbe,Reporte de Derrumbe activo en el tramo Tramo RN-7 Cobán-Quiché (San Lorenzo - Sibinal) - Ref 145. Tomar precauciones o vías alternas.,2026-07-06 10:30:00,true
INC_0145,TRM_146_177_0145,Bloqueo,Reporte de Bloqueo de carreteras por manifestación en el tramo Tramo RN-9 Salcajá (Samayac - Tajumulco) - Ref 146. Tomar precauciones o vías alternas.,2026-07-06 18:30:00,true
INC_0146,TRM_147_178_0146,Trabajos,Reporte de Trabajos de bacheo en el tramo Tramo CA-1 Occidente (San Pablo Jocopilas - Tejutla) - Ref 147. Tomar precauciones o vías alternas.,2026-07-06 04:30:00,true
INC_0147,TRM_148_179_0147,Accidente,Reporte de Accidente vial obstruyendo carril en el tramo Tramo CA-1 Occidente (San Antonio Suchitepéquez - San Rafael Pie de la Cuesta) - Ref 148. Tomar precauciones o vías alternas.,2026-07-06 11:30:00,true
INC_0148,TRM_149_180_0148,Fuerte,Reporte de Fuerte neblina y lluvias en el tramo Tramo RN-11 Panajachel (San Miguel Panán - Nuevo Progreso) - Ref 149. Tomar precauciones o vías alternas.,2026-07-06 14:30:00,false
INC_0149,TRM_150_181_0149,Inundación,Reporte de Inundación por desborde de río en el tramo Tramo RN-7 Cobán-Quiché (San Gabriel - El Tumbador) - Ref 150. Tomar precauciones o vías alternas.,2026-07-06 11:30:00,false
INC_0150,TRM_151_182_0150,Derrumbe,Reporte de Derrumbe activo en el tramo Tramo CA-1 Occidente (Chicacao - El Rodeo) - Ref 151. Tomar precauciones o vías alternas.,2026-07-06 23:30:00,false
INC_0151,TRM_152_183_0151,Bloqueo,Reporte de Bloqueo de carreteras por manifestación en el tramo Tramo RN-9 Salcajá (Patulul - Malacatán) - Ref 152. Tomar precauciones o vías alternas.,2026-07-06 09:30:00,true
INC_0152,TRM_153_184_0152,Trabajos,Reporte de Trabajos de bacheo en el tramo Tramo RN-11 Panajachel (Santa Bárbara - Catarina) - Ref 153. Tomar precauciones o vías alternas.,2026-07-06 20:30:00,false
INC_0153,TRM_154_185_0153,Accidente,Reporte de Accidente vial obstruyendo carril en el tramo Tramo RN-9 Salcajá (San Juan Bautista - Ayutla) - Ref 154. Tomar precauciones o vías alternas.,2026-07-06 10:30:00,true
INC_0154,TRM_155_186_0154,Fuerte,Reporte de Fuerte neblina y lluvias en el tramo Tramo Ruta Nacional RN-1 (Santo Tomás La Unión - Ocós) - Ref 155. Tomar precauciones o vías alternas.,2026-07-06 22:30:00,true
INC_0155,TRM_156_187_0155,Inundación,Reporte de Inundación por desborde de río en el tramo Tramo Ruta Nacional RN-1 (Zunilito - San Pablo) - Ref 156. Tomar precauciones o vías alternas.,2026-07-06 09:30:00,true
INC_0156,TRM_157_188_0156,Derrumbe,Reporte de Derrumbe activo en el tramo Tramo CA-1 Occidente (Pueblo Nuevo - El Quetzal) - Ref 157. Tomar precauciones o vías alternas.,2026-07-06 18:30:00,true
INC_0157,TRM_158_189_0157,Bloqueo,Reporte de Bloqueo de carreteras por manifestación en el tramo Tramo RN-7 Cobán-Quiché (Río Bravo - La Reforma) - Ref 158. Tomar precauciones o vías alternas.,2026-07-06 15:30:00,true
INC_0158,TRM_159_190_0158,Trabajos,Reporte de Trabajos de bacheo en el tramo Tramo CA-1 Occidente (San José La Máquina - Pajapita) - Ref 159. Tomar precauciones o vías alternas.,2026-07-06 22:30:00,false
INC_0159,TRM_160_191_0159,Accidente,Reporte de Accidente vial obstruyendo carril en el tramo Tramo RN-7 Cobán-Quiché (Retalhuleu - Ixchiguán) - Ref 160. Tomar precauciones o vías alternas.,2026-07-06 13:30:00,true
INC_0160,TRM_161_192_0160,Fuerte,Reporte de Fuerte neblina y lluvias en el tramo Tramo RN-11 Panajachel (San Sebastián - San José Ojetenam) - Ref 161. Tomar precauciones o vías alternas.,2026-07-06 20:30:00,true
INC_0161,TRM_162_193_0161,Inundación,Reporte de Inundación por desborde de río en el tramo Tramo RN-7 Cobán-Quiché (Santa Cruz Muluá - San Cristóbal Cucho) - Ref 162. Tomar precauciones o vías alternas.,2026-07-06 20:30:00,true
INC_0162,TRM_163_194_0162,Derrumbe,Reporte de Derrumbe activo en el tramo Tramo Ruta Nacional RN-1 (San Martín Zapotitlán - Sipacapa) - Ref 163. Tomar precauciones o vías alternas.,2026-07-06 18:30:00,true
INC_0163,TRM_164_195_0163,Bloqueo,Reporte de Bloqueo de carreteras por manifestación en el tramo Tramo RN-11 Panajachel (San Felipe - Esquipulas Palo Gordo) - Ref 164. Tomar precauciones o vías alternas.,2026-07-06 07:30:00,true
INC_0164,TRM_165_196_0164,Trabajos,Reporte de Trabajos de bacheo en el tramo Tramo RN-7 Cobán-Quiché (San Andrés Villa Seca - Río Blanco) - Ref 165. Tomar precauciones o vías alternas.,2026-07-06 15:30:00,true
INC_0165,TRM_166_197_0165,Accidente,Reporte de Accidente vial obstruyendo carril en el tramo Tramo CA-1 Occidente (Champerico - San Lorenzo) - Ref 166. Tomar precauciones o vías alternas.,2026-07-06 13:30:00,true
INC_0166,TRM_167_198_0166,Fuerte,Reporte de Fuerte neblina y lluvias en el tramo Tramo Ruta Nacional RN-1 (Nuevo San Carlos - La Blanca) - Ref 167. Tomar precauciones o vías alternas.,2026-07-06 12:30:00,true
INC_0167,TRM_168_199_0167,Inundación,Reporte de Inundación por desborde de río en el tramo Tramo RN-11 Panajachel (El Asintal - Huehuetenango) - Ref 168. Tomar precauciones o vías alternas.,2026-07-06 09:30:00,false
INC_0168,TRM_169_200_0168,Derrumbe,Reporte de Derrumbe activo en el tramo Tramo RN-7 Cobán-Quiché (San Marcos - Chiantla) - Ref 169. Tomar precauciones o vías alternas.,2026-07-06 10:30:00,true
INC_0169,TRM_170_201_0169,Bloqueo,Reporte de Bloqueo de carreteras por manifestación en el tramo Tramo Ruta Nacional RN-1 (San Pedro Sacatepéquez - Malacatancito) - Ref 170. Tomar precauciones o vías alternas.,2026-07-06 06:30:00,false
INC_0170,TRM_171_202_0170,Trabajos,Reporte de Trabajos de bacheo en el tramo Tramo RN-15 Sacapulas (San Antonio Sacatepéquez - Cuilco) - Ref 171. Tomar precauciones o vías alternas.,2026-07-06 06:30:00,true
INC_0171,TRM_172_203_0171,Accidente,Reporte de Accidente vial obstruyendo carril en el tramo Tramo RN-7 Cobán-Quiché (Comitancillo - Nentón) - Ref 172. Tomar precauciones o vías alternas.,2026-07-06 08:30:00,true
INC_0172,TRM_173_204_0172,Fuerte,Reporte de Fuerte neblina y lluvias en el tramo Tramo CA-1 Occidente (San Miguel Ixtahuacán - San Pedro Necta) - Ref 173. Tomar precauciones o vías alternas.,2026-07-06 16:30:00,true
INC_0173,TRM_174_205_0173,Inundación,Reporte de Inundación por desborde de río en el tramo Tramo RN-9 Salcajá (Concepción Tutuapa - Jacaltenango) - Ref 174. Tomar precauciones o vías alternas.,2026-07-06 01:30:00,true
INC_0174,TRM_175_206_0174,Derrumbe,Reporte de Derrumbe activo en el tramo Tramo RN-11 Panajachel (Tacaná - Soloma) - Ref 175. Tomar precauciones o vías alternas.,2026-07-06 05:30:00,false
INC_0175,TRM_176_207_0175,Bloqueo,Reporte de Bloqueo de carreteras por manifestación en el tramo Tramo Ruta Nacional RN-1 (Sibinal - Ixtahuacán) - Ref 176. Tomar precauciones o vías alternas.,2026-07-06 22:30:00,true
INC_0176,TRM_177_208_0176,Trabajos,Reporte de Trabajos de bacheo en el tramo Tramo RN-7 Cobán-Quiché (Tajumulco - Santa Bárbara) - Ref 177. Tomar precauciones o vías alternas.,2026-07-06 15:30:00,false
INC_0177,TRM_178_209_0177,Accidente,Reporte de Accidente vial obstruyendo carril en el tramo Tramo RN-11 Panajachel (Tejutla - La Libertad) - Ref 178. Tomar precauciones o vías alternas.,2026-07-06 09:30:00,true
INC_0178,TRM_179_210_0178,Fuerte,Reporte de Fuerte neblina y lluvias en el tramo Tramo Ruta Nacional RN-1 (San Rafael Pie de la Cuesta - La Democracia) - Ref 179. Tomar precauciones o vías alternas.,2026-07-06 14:30:00,false
INC_0179,TRM_180_211_0179,Inundación,Reporte de Inundación por desborde de río en el tramo Tramo RN-9 Salcajá (Nuevo Progreso - San Miguel Acatán) - Ref 180. Tomar precauciones o vías alternas.,2026-07-06 10:30:00,false
INC_0180,TRM_181_212_0180,Derrumbe,Reporte de Derrumbe activo en el tramo Tramo RN-7 Cobán-Quiché (El Tumbador - San Rafael La Independencia) - Ref 181. Tomar precauciones o vías alternas.,2026-07-06 22:30:00,true
INC_0181,TRM_182_213_0181,Bloqueo,Reporte de Bloqueo de carreteras por manifestación en el tramo Tramo RN-7 Cobán-Quiché (El Rodeo - Todos Santos Cuchumatán) - Ref 182. Tomar precauciones o vías alternas.,2026-07-06 22:30:00,false
INC_0182,TRM_183_214_0182,Trabajos,Reporte de Trabajos de bacheo en el tramo Tramo RN-15 Sacapulas (Malacatán - San Juan Atitán) - Ref 183. Tomar precauciones o vías alternas.,2026-07-06 04:30:00,true
INC_0183,TRM_184_215_0183,Accidente,Reporte de Accidente vial obstruyendo carril en el tramo Tramo RN-9 Salcajá (Catarina - Santa Eulalia) - Ref 184. Tomar precauciones o vías alternas.,2026-07-06 08:30:00,false
INC_0184,TRM_185_216_0184,Fuerte,Reporte de Fuerte neblina y lluvias en el tramo Tramo RN-7 Cobán-Quiché (Ayutla - San Mateo Ixtatán) - Ref 185. Tomar precauciones o vías alternas.,2026-07-06 06:30:00,true
INC_0185,TRM_186_217_0185,Inundación,Reporte de Inundación por desborde de río en el tramo Tramo RN-9 Salcajá (Ocós - Colotenango) - Ref 186. Tomar precauciones o vías alternas.,2026-07-06 08:30:00,false
INC_0186,TRM_187_218_0186,Derrumbe,Reporte de Derrumbe activo en el tramo Tramo RN-9 Salcajá (San Pablo - San Sebastián Huehuetenango) - Ref 187. Tomar precauciones o vías alternas.,2026-07-06 15:30:00,false
INC_0187,TRM_188_219_0187,Bloqueo,Reporte de Bloqueo de carreteras por manifestación en el tramo Tramo RN-15 Sacapulas (El Quetzal - Tectitán) - Ref 188. Tomar precauciones o vías alternas.,2026-07-06 17:30:00,true
INC_0188,TRM_189_220_0188,Trabajos,Reporte de Trabajos de bacheo en el tramo Tramo Ruta Nacional RN-1 (La Reforma - Concepción Huista) - Ref 189. Tomar precauciones o vías alternas.,2026-07-06 19:30:00,false
INC_0189,TRM_190_221_0189,Accidente,Reporte de Accidente vial obstruyendo carril en el tramo Tramo RN-11 Panajachel (Pajapita - San Juan Ixcoy) - Ref 190. Tomar precauciones o vías alternas.,2026-07-06 02:30:00,false
INC_0190,TRM_191_222_0190,Fuerte,Reporte de Fuerte neblina y lluvias en el tramo Tramo RN-15 Sacapulas (Ixchiguán - San Antonio Huista) - Ref 191. Tomar precauciones o vías alternas.,2026-07-06 21:30:00,false
INC_0191,TRM_192_223_0191,Inundación,Reporte de Inundación por desborde de río en el tramo Tramo Ruta Nacional RN-1 (San José Ojetenam - San Sebastián Coatán) - Ref 192. Tomar precauciones o vías alternas.,2026-07-06 19:30:00,true
INC_0192,TRM_193_224_0192,Derrumbe,Reporte de Derrumbe activo en el tramo Tramo RN-11 Panajachel (San Cristóbal Cucho - Barillas) - Ref 193. Tomar precauciones o vías alternas.,2026-07-06 04:30:00,false
INC_0193,TRM_194_225_0193,Bloqueo,Reporte de Bloqueo de carreteras por manifestación en el tramo Tramo RN-11 Panajachel (Sipacapa - Aguacatán) - Ref 194. Tomar precauciones o vías alternas.,2026-07-06 11:30:00,true
INC_0194,TRM_195_226_0194,Trabajos,Reporte de Trabajos de bacheo en el tramo Tramo Ruta Nacional RN-1 (Esquipulas Palo Gordo - San Rafael Petzal) - Ref 195. Tomar precauciones o vías alternas.,2026-07-06 11:30:00,true
INC_0195,TRM_196_227_0195,Accidente,Reporte de Accidente vial obstruyendo carril en el tramo Tramo RN-15 Sacapulas (Río Blanco - San Gaspar Ixchil) - Ref 196. Tomar precauciones o vías alternas.,2026-07-06 10:30:00,true
INC_0196,TRM_197_228_0196,Fuerte,Reporte de Fuerte neblina y lluvias en el tramo Tramo RN-7 Cobán-Quiché (San Lorenzo - Santiago Chimaltenango) - Ref 197. Tomar precauciones o vías alternas.,2026-07-06 11:30:00,false
INC_0197,TRM_198_229_0197,Inundación,Reporte de Inundación por desborde de río en el tramo Tramo RN-11 Panajachel (La Blanca - Santa Ana Huista) - Ref 198. Tomar precauciones o vías alternas.,2026-07-06 19:30:00,false
INC_0198,TRM_199_230_0198,Derrumbe,Reporte de Derrumbe activo en el tramo Tramo RN-15 Sacapulas (Huehuetenango - Unión Cantinil) - Ref 199. Tomar precauciones o vías alternas.,2026-07-06 05:30:00,false
INC_0199,TRM_200_231_0199,Bloqueo,Reporte de Bloqueo de carreteras por manifestación en el tramo Tramo RN-11 Panajachel (Chiantla - Petatán) - Ref 200. Tomar precauciones o vías alternas.,2026-07-06 20:30:00,true
INC_0200,TRM_201_232_0200,Trabajos,Reporte de Trabajos de bacheo en el tramo Tramo CA-1 Occidente (Malacatancito - Santa Cruz del Quiché) - Ref 201. Tomar precauciones o vías alternas.,2026-07-06 10:30:00,false
INC_0201,TRM_202_233_0201,Accidente,Reporte de Accidente vial obstruyendo carril en el tramo Tramo RN-11 Panajachel (Cuilco - Chiché) - Ref 202. Tomar precauciones o vías alternas.,2026-07-06 10:30:00,true
INC_0202,TRM_203_234_0202,Fuerte,Reporte de Fuerte neblina y lluvias en el tramo Tramo RN-7 Cobán-Quiché (Nentón - Chinique) - Ref 203. Tomar precauciones o vías alternas.,2026-07-06 05:30:00,false
INC_0203,TRM_204_235_0203,Inundación,Reporte de Inundación por desborde de río en el tramo Tramo CA-1 Occidente (San Pedro Necta - Zacualpa) - Ref 204. Tomar precauciones o vías alternas.,2026-07-06 11:30:00,true
INC_0204,TRM_205_236_0204,Derrumbe,Reporte de Derrumbe activo en el tramo Tramo RN-7 Cobán-Quiché (Jacaltenango - Chajul) - Ref 205. Tomar precauciones o vías alternas.,2026-07-06 06:30:00,true
INC_0205,TRM_206_237_0205,Bloqueo,Reporte de Bloqueo de carreteras por manifestación en el tramo Tramo RN-9 Salcajá (Soloma - Chichicastenango) - Ref 206. Tomar precauciones o vías alternas.,2026-07-06 05:30:00,true
INC_0206,TRM_207_238_0206,Trabajos,Reporte de Trabajos de bacheo en el tramo Tramo RN-11 Panajachel (Ixtahuacán - Patzité) - Ref 207. Tomar precauciones o vías alternas.,2026-07-06 02:30:00,true
INC_0207,TRM_208_239_0207,Accidente,Reporte de Accidente vial obstruyendo carril en el tramo Tramo RN-7 Cobán-Quiché (Santa Bárbara - San Antonio Ilotenango) - Ref 208. Tomar precauciones o vías alternas.,2026-07-06 20:30:00,true
INC_0208,TRM_209_240_0208,Fuerte,Reporte de Fuerte neblina y lluvias en el tramo Tramo CA-1 Occidente (La Libertad - San Pedro Jocopilas) - Ref 209. Tomar precauciones o vías alternas.,2026-07-06 02:30:00,false
INC_0209,TRM_210_241_0209,Inundación,Reporte de Inundación por desborde de río en el tramo Tramo CA-1 Occidente (La Democracia - Cunén) - Ref 210. Tomar precauciones o vías alternas.,2026-07-06 17:30:00,true
INC_0210,TRM_211_242_0210,Derrumbe,Reporte de Derrumbe activo en el tramo Tramo RN-7 Cobán-Quiché (San Miguel Acatán - San Juan Cotzal) - Ref 211. Tomar precauciones o vías alternas.,2026-07-06 02:30:00,true
INC_0211,TRM_212_243_0211,Bloqueo,Reporte de Bloqueo de carreteras por manifestación en el tramo Tramo CA-1 Occidente (San Rafael La Independencia - Joyabaj) - Ref 212. Tomar precauciones o vías alternas.,2026-07-06 18:30:00,true
INC_0212,TRM_213_244_0212,Trabajos,Reporte de Trabajos de bacheo en el tramo Tramo RN-15 Sacapulas (Todos Santos Cuchumatán - Nebaj) - Ref 213. Tomar precauciones o vías alternas.,2026-07-06 12:30:00,false
INC_0213,TRM_214_245_0213,Accidente,Reporte de Accidente vial obstruyendo carril en el tramo Tramo CA-1 Occidente (San Juan Atitán - San Andrés Sajcabajá) - Ref 214. Tomar precauciones o vías alternas.,2026-07-06 02:30:00,false
INC_0214,TRM_215_246_0214,Fuerte,Reporte de Fuerte neblina y lluvias en el tramo Tramo RN-9 Salcajá (Santa Eulalia - Uspantán) - Ref 215. Tomar precauciones o vías alternas.,2026-07-06 04:30:00,false
INC_0215,TRM_216_247_0215,Inundación,Reporte de Inundación por desborde de río en el tramo Tramo RN-15 Sacapulas (San Mateo Ixtatán - Sacapulas) - Ref 216. Tomar precauciones o vías alternas.,2026-07-06 20:30:00,true
INC_0216,TRM_217_248_0216,Derrumbe,Reporte de Derrumbe activo en el tramo Tramo RN-9 Salcajá (Colotenango - San Bartolomé Jocotenango) - Ref 217. Tomar precauciones o vías alternas.,2026-07-06 05:30:00,false
INC_0217,TRM_218_249_0217,Bloqueo,Reporte de Bloqueo de carreteras por manifestación en el tramo Tramo RN-9 Salcajá (San Sebastián Huehuetenango - Canillá) - Ref 218. Tomar precauciones o vías alternas.,2026-07-06 10:30:00,false
INC_0218,TRM_219_250_0218,Trabajos,Reporte de Trabajos de bacheo en el tramo Tramo RN-11 Panajachel (Tectitán - Chicamán) - Ref 219. Tomar precauciones o vías alternas.,2026-07-06 13:30:00,true
INC_0219,TRM_220_251_0219,Accidente,Reporte de Accidente vial obstruyendo carril en el tramo Tramo Ruta Nacional RN-1 (Concepción Huista - Ixcán) - Ref 220. Tomar precauciones o vías alternas.,2026-07-06 05:30:00,true
INC_0220,TRM_221_252_0220,Fuerte,Reporte de Fuerte neblina y lluvias en el tramo Tramo RN-15 Sacapulas (San Juan Ixcoy - Pachalum) - Ref 221. Tomar precauciones o vías alternas.,2026-07-06 16:30:00,true
INC_0221,TRM_222_253_0221,Inundación,Reporte de Inundación por desborde de río en el tramo Tramo RN-9 Salcajá (San Antonio Huista - Salamá) - Ref 222. Tomar precauciones o vías alternas.,2026-07-06 02:30:00,true
INC_0222,TRM_223_254_0222,Derrumbe,Reporte de Derrumbe activo en el tramo Tramo RN-11 Panajachel (San Sebastián Coatán - San Miguel Chicaj) - Ref 223. Tomar precauciones o vías alternas.,2026-07-06 05:30:00,false
INC_0223,TRM_224_255_0223,Bloqueo,Reporte de Bloqueo de carreteras por manifestación en el tramo Tramo RN-7 Cobán-Quiché (Barillas - Rabinal) - Ref 224. Tomar precauciones o vías alternas.,2026-07-06 13:30:00,true
INC_0224,TRM_225_256_0224,Trabajos,Reporte de Trabajos de bacheo en el tramo Tramo RN-11 Panajachel (Aguacatán - Cubulco) - Ref 225. Tomar precauciones o vías alternas.,2026-07-06 11:30:00,false
INC_0225,TRM_226_257_0225,Accidente,Reporte de Accidente vial obstruyendo carril en el tramo Tramo RN-15 Sacapulas (San Rafael Petzal - Granados) - Ref 226. Tomar precauciones o vías alternas.,2026-07-06 17:30:00,false
INC_0226,TRM_227_258_0226,Fuerte,Reporte de Fuerte neblina y lluvias en el tramo Tramo RN-9 Salcajá (San Gaspar Ixchil - El Chol) - Ref 227. Tomar precauciones o vías alternas.,2026-07-06 15:30:00,false
INC_0227,TRM_228_259_0227,Inundación,Reporte de Inundación por desborde de río en el tramo Tramo CA-1 Occidente (Santiago Chimaltenango - San Jerónimo) - Ref 228. Tomar precauciones o vías alternas.,2026-07-06 10:30:00,false
INC_0228,TRM_229_260_0228,Derrumbe,Reporte de Derrumbe activo en el tramo Tramo RN-11 Panajachel (Santa Ana Huista - Purulhá) - Ref 229. Tomar precauciones o vías alternas.,2026-07-06 17:30:00,true
INC_0229,TRM_230_261_0229,Bloqueo,Reporte de Bloqueo de carreteras por manifestación en el tramo Tramo CA-1 Occidente (Unión Cantinil - Cobán) - Ref 230. Tomar precauciones o vías alternas.,2026-07-06 08:30:00,true
INC_0230,TRM_231_262_0230,Trabajos,Reporte de Trabajos de bacheo en el tramo Tramo RN-11 Panajachel (Petatán - Santa Cruz Verapaz) - Ref 231. Tomar precauciones o vías alternas.,2026-07-06 21:30:00,true
INC_0231,TRM_232_263_0231,Accidente,Reporte de Accidente vial obstruyendo carril en el tramo Tramo CA-1 Occidente (Santa Cruz del Quiché - San Cristóbal Verapaz) - Ref 232. Tomar precauciones o vías alternas.,2026-07-06 19:30:00,true
INC_0232,TRM_233_264_0232,Fuerte,Reporte de Fuerte neblina y lluvias en el tramo Tramo RN-7 Cobán-Quiché (Chiché - Tactic) - Ref 233. Tomar precauciones o vías alternas.,2026-07-06 17:30:00,true
INC_0233,TRM_234_265_0233,Inundación,Reporte de Inundación por desborde de río en el tramo Tramo Ruta Nacional RN-1 (Chinique - Tamahú) - Ref 234. Tomar precauciones o vías alternas.,2026-07-06 05:30:00,true
INC_0234,TRM_235_266_0234,Derrumbe,Reporte de Derrumbe activo en el tramo Tramo Ruta Nacional RN-1 (Zacualpa - Tucurú) - Ref 235. Tomar precauciones o vías alternas.,2026-07-06 17:30:00,true
INC_0235,TRM_236_267_0235,Bloqueo,Reporte de Bloqueo de carreteras por manifestación en el tramo Tramo RN-15 Sacapulas (Chajul - Panzós) - Ref 236. Tomar precauciones o vías alternas.,2026-07-06 21:30:00,false
INC_0236,TRM_237_268_0236,Trabajos,Reporte de Trabajos de bacheo en el tramo Tramo RN-15 Sacapulas (Chichicastenango - Senahú) - Ref 237. Tomar precauciones o vías alternas.,2026-07-06 23:30:00,true
INC_0237,TRM_238_269_0237,Accidente,Reporte de Accidente vial obstruyendo carril en el tramo Tramo RN-11 Panajachel (Patzité - San Pedro Carchá) - Ref 238. Tomar precauciones o vías alternas.,2026-07-06 11:30:00,true
INC_0238,TRM_239_270_0238,Fuerte,Reporte de Fuerte neblina y lluvias en el tramo Tramo RN-11 Panajachel (San Antonio Ilotenango - San Juan Chamelco) - Ref 239. Tomar precauciones o vías alternas.,2026-07-06 02:30:00,true
INC_0239,TRM_240_271_0239,Inundación,Reporte de Inundación por desborde de río en el tramo Tramo RN-11 Panajachel (San Pedro Jocopilas - Lanquín) - Ref 240. Tomar precauciones o vías alternas.,2026-07-06 22:30:00,false
INC_0240,TRM_241_272_0240,Derrumbe,Reporte de Derrumbe activo en el tramo Tramo RN-11 Panajachel (Cunén - Cahabón) - Ref 241. Tomar precauciones o vías alternas.,2026-07-06 01:30:00,false
INC_0241,TRM_242_273_0241,Bloqueo,Reporte de Bloqueo de carreteras por manifestación en el tramo Tramo CA-1 Occidente (San Juan Cotzal - Chisec) - Ref 242. Tomar precauciones o vías alternas.,2026-07-06 15:30:00,false
INC_0242,TRM_243_274_0242,Trabajos,Reporte de Trabajos de bacheo en el tramo Tramo RN-9 Salcajá (Joyabaj - Chahal) - Ref 243. Tomar precauciones o vías alternas.,2026-07-06 01:30:00,true
INC_0243,TRM_244_275_0243,Accidente,Reporte de Accidente vial obstruyendo carril en el tramo Tramo Ruta Nacional RN-1 (Nebaj - Fray Bartolomé de Las Casas) - Ref 244. Tomar precauciones o vías alternas.,2026-07-06 18:30:00,true
INC_0244,TRM_245_276_0244,Fuerte,Reporte de Fuerte neblina y lluvias en el tramo Tramo RN-11 Panajachel (San Andrés Sajcabajá - Santa Catalina La Tinta) - Ref 245. Tomar precauciones o vías alternas.,2026-07-06 15:30:00,true
INC_0245,TRM_246_277_0245,Inundación,Reporte de Inundación por desborde de río en el tramo Tramo RN-15 Sacapulas (Uspantán - Raxruhá) - Ref 246. Tomar precauciones o vías alternas.,2026-07-06 04:30:00,false
INC_0246,TRM_247_278_0246,Derrumbe,Reporte de Derrumbe activo en el tramo Tramo RN-11 Panajachel (Sacapulas - Flores) - Ref 247. Tomar precauciones o vías alternas.,2026-07-06 07:30:00,false
INC_0247,TRM_248_279_0247,Bloqueo,Reporte de Bloqueo de carreteras por manifestación en el tramo Tramo RN-11 Panajachel (San Bartolomé Jocotenango - San José) - Ref 248. Tomar precauciones o vías alternas.,2026-07-06 23:30:00,false
INC_0248,TRM_249_280_0248,Trabajos,Reporte de Trabajos de bacheo en el tramo Tramo RN-11 Panajachel (Canillá - San Benito) - Ref 249. Tomar precauciones o vías alternas.,2026-07-06 12:30:00,false
INC_0249,TRM_250_281_0249,Accidente,Reporte de Accidente vial obstruyendo carril en el tramo Tramo Ruta Nacional RN-1 (Chicamán - San Andrés) - Ref 250. Tomar precauciones o vías alternas.,2026-07-06 09:30:00,false
INC_0250,TRM_251_282_0250,Fuerte,Reporte de Fuerte neblina y lluvias en el tramo Tramo CA-1 Occidente (Ixcán - La Libertad) - Ref 251. Tomar precauciones o vías alternas.,2026-07-06 23:30:00,true
INC_0251,TRM_252_283_0251,Inundación,Reporte de Inundación por desborde de río en el tramo Tramo RN-11 Panajachel (Pachalum - San Francisco) - Ref 252. Tomar precauciones o vías alternas.,2026-07-06 23:30:00,false
INC_0252,TRM_253_284_0252,Derrumbe,Reporte de Derrumbe activo en el tramo Tramo RN-7 Cobán-Quiché (Salamá - Santa Ana) - Ref 253. Tomar precauciones o vías alternas.,2026-07-06 07:30:00,true
INC_0253,TRM_254_285_0253,Bloqueo,Reporte de Bloqueo de carreteras por manifestación en el tramo Tramo Ruta Nacional RN-1 (San Miguel Chicaj - Dolores) - Ref 254. Tomar precauciones o vías alternas.,2026-07-06 19:30:00,true
INC_0254,TRM_255_286_0254,Trabajos,Reporte de Trabajos de bacheo en el tramo Tramo RN-15 Sacapulas (Rabinal - San Luis) - Ref 255. Tomar precauciones o vías alternas.,2026-07-06 14:30:00,false
INC_0255,TRM_256_287_0255,Accidente,Reporte de Accidente vial obstruyendo carril en el tramo Tramo RN-11 Panajachel (Cubulco - Sayaxché) - Ref 256. Tomar precauciones o vías alternas.,2026-07-06 13:30:00,true
INC_0256,TRM_257_288_0256,Fuerte,Reporte de Fuerte neblina y lluvias en el tramo Tramo RN-15 Sacapulas (Granados - Melchor de Mencos) - Ref 257. Tomar precauciones o vías alternas.,2026-07-06 16:30:00,false
INC_0257,TRM_258_289_0257,Inundación,Reporte de Inundación por desborde de río en el tramo Tramo RN-9 Salcajá (El Chol - Poptún) - Ref 258. Tomar precauciones o vías alternas.,2026-07-06 09:30:00,true
INC_0258,TRM_259_290_0258,Derrumbe,Reporte de Derrumbe activo en el tramo Tramo RN-9 Salcajá (San Jerónimo - Las Cruces) - Ref 259. Tomar precauciones o vías alternas.,2026-07-06 02:30:00,true
INC_0259,TRM_260_291_0259,Bloqueo,Reporte de Bloqueo de carreteras por manifestación en el tramo Tramo RN-7 Cobán-Quiché (Purulhá - El Chal) - Ref 260. Tomar precauciones o vías alternas.,2026-07-06 16:30:00,false
INC_0260,TRM_261_292_0260,Trabajos,Reporte de Trabajos de bacheo en el tramo Tramo CA-1 Occidente (Cobán - Puerto Barrios) - Ref 261. Tomar precauciones o vías alternas.,2026-07-06 01:30:00,false
INC_0261,TRM_262_293_0261,Accidente,Reporte de Accidente vial obstruyendo carril en el tramo Tramo RN-15 Sacapulas (Santa Cruz Verapaz - Lívingston) - Ref 262. Tomar precauciones o vías alternas.,2026-07-06 16:30:00,false
INC_0262,TRM_263_294_0262,Fuerte,Reporte de Fuerte neblina y lluvias en el tramo Tramo CA-1 Occidente (San Cristóbal Verapaz - El Estor) - Ref 263. Tomar precauciones o vías alternas.,2026-07-06 10:30:00,true
INC_0263,TRM_264_295_0263,Inundación,Reporte de Inundación por desborde de río en el tramo Tramo RN-7 Cobán-Quiché (Tactic - Morales) - Ref 264. Tomar precauciones o vías alternas.,2026-07-06 09:30:00,true
INC_0264,TRM_265_296_0264,Derrumbe,Reporte de Derrumbe activo en el tramo Tramo RN-11 Panajachel (Tamahú - Los Amates) - Ref 265. Tomar precauciones o vías alternas.,2026-07-06 02:30:00,false
INC_0265,TRM_266_297_0265,Bloqueo,Reporte de Bloqueo de carreteras por manifestación en el tramo Tramo RN-7 Cobán-Quiché (Tucurú - Zacapa) - Ref 266. Tomar precauciones o vías alternas.,2026-07-06 19:30:00,true
INC_0266,TRM_267_298_0266,Trabajos,Reporte de Trabajos de bacheo en el tramo Tramo RN-15 Sacapulas (Panzós - Estanzuela) - Ref 267. Tomar precauciones o vías alternas.,2026-07-06 06:30:00,false
INC_0267,TRM_268_299_0267,Accidente,Reporte de Accidente vial obstruyendo carril en el tramo Tramo CA-1 Occidente (Senahú - Río Hondo) - Ref 268. Tomar precauciones o vías alternas.,2026-07-06 09:30:00,false
INC_0268,TRM_269_300_0268,Fuerte,Reporte de Fuerte neblina y lluvias en el tramo Tramo RN-15 Sacapulas (San Pedro Carchá - Gualán) - Ref 269. Tomar precauciones o vías alternas.,2026-07-06 15:30:00,true
INC_0269,TRM_270_301_0269,Inundación,Reporte de Inundación por desborde de río en el tramo Tramo RN-15 Sacapulas (San Juan Chamelco - Teculután) - Ref 270. Tomar precauciones o vías alternas.,2026-07-06 14:30:00,true
INC_0270,TRM_271_302_0270,Derrumbe,Reporte de Derrumbe activo en el tramo Tramo RN-15 Sacapulas (Lanquín - Usumatlán) - Ref 271. Tomar precauciones o vías alternas.,2026-07-06 14:30:00,false
INC_0271,TRM_272_303_0271,Bloqueo,Reporte de Bloqueo de carreteras por manifestación en el tramo Tramo RN-15 Sacapulas (Cahabón - Cabañas) - Ref 272. Tomar precauciones o vías alternas.,2026-07-06 18:30:00,true
INC_0272,TRM_273_304_0272,Trabajos,Reporte de Trabajos de bacheo en el tramo Tramo RN-15 Sacapulas (Chisec - San Diego) - Ref 273. Tomar precauciones o vías alternas.,2026-07-06 19:30:00,true
INC_0273,TRM_274_305_0273,Accidente,Reporte de Accidente vial obstruyendo carril en el tramo Tramo RN-7 Cobán-Quiché (Chahal - La Unión) - Ref 274. Tomar precauciones o vías alternas.,2026-07-06 04:30:00,false
INC_0274,TRM_275_306_0274,Fuerte,Reporte de Fuerte neblina y lluvias en el tramo Tramo RN-7 Cobán-Quiché (Fray Bartolomé de Las Casas - Huité) - Ref 275. Tomar precauciones o vías alternas.,2026-07-06 02:30:00,false
INC_0275,TRM_276_307_0275,Inundación,Reporte de Inundación por desborde de río en el tramo Tramo RN-9 Salcajá (Santa Catalina La Tinta - San Jorge) - Ref 276. Tomar precauciones o vías alternas.,2026-07-06 03:30:00,true
INC_0276,TRM_277_308_0276,Derrumbe,Reporte de Derrumbe activo en el tramo Tramo RN-7 Cobán-Quiché (Raxruhá - Chiquimula) - Ref 277. Tomar precauciones o vías alternas.,2026-07-06 03:30:00,false
INC_0277,TRM_278_309_0277,Bloqueo,Reporte de Bloqueo de carreteras por manifestación en el tramo Tramo RN-9 Salcajá (Flores - San José La Arada) - Ref 278. Tomar precauciones o vías alternas.,2026-07-06 02:30:00,false
INC_0278,TRM_279_310_0278,Trabajos,Reporte de Trabajos de bacheo en el tramo Tramo CA-1 Occidente (San José - San Juan Ermita) - Ref 279. Tomar precauciones o vías alternas.,2026-07-06 14:30:00,true
INC_0279,TRM_280_311_0279,Accidente,Reporte de Accidente vial obstruyendo carril en el tramo Tramo Ruta Nacional RN-1 (San Benito - Jocotán) - Ref 280. Tomar precauciones o vías alternas.,2026-07-06 08:30:00,true
INC_0280,TRM_281_312_0280,Fuerte,Reporte de Fuerte neblina y lluvias en el tramo Tramo RN-15 Sacapulas (San Andrés - Camotán) - Ref 281. Tomar precauciones o vías alternas.,2026-07-06 23:30:00,false
INC_0281,TRM_282_313_0281,Inundación,Reporte de Inundación por desborde de río en el tramo Tramo CA-1 Occidente (La Libertad - Olopa) - Ref 282. Tomar precauciones o vías alternas.,2026-07-06 20:30:00,false
INC_0282,TRM_283_314_0282,Derrumbe,Reporte de Derrumbe activo en el tramo Tramo CA-1 Occidente (San Francisco - Esquipulas) - Ref 283. Tomar precauciones o vías alternas.,2026-07-06 14:30:00,false
INC_0283,TRM_284_315_0283,Bloqueo,Reporte de Bloqueo de carreteras por manifestación en el tramo Tramo RN-15 Sacapulas (Santa Ana - Concepción Las Minas) - Ref 284. Tomar precauciones o vías alternas.,2026-07-06 11:30:00,true
INC_0284,TRM_285_316_0284,Trabajos,Reporte de Trabajos de bacheo en el tramo Tramo Ruta Nacional RN-1 (Dolores - Quezaltepeque) - Ref 285. Tomar precauciones o vías alternas.,2026-07-06 02:30:00,true
INC_0285,TRM_286_317_0285,Accidente,Reporte de Accidente vial obstruyendo carril en el tramo Tramo RN-9 Salcajá (San Luis - San Jacinto) - Ref 286. Tomar precauciones o vías alternas.,2026-07-06 15:30:00,false
INC_0286,TRM_287_318_0286,Fuerte,Reporte de Fuerte neblina y lluvias en el tramo Tramo RN-7 Cobán-Quiché (Sayaxché - Ipala) - Ref 287. Tomar precauciones o vías alternas.,2026-07-06 21:30:00,false
INC_0287,TRM_288_319_0287,Inundación,Reporte de Inundación por desborde de río en el tramo Tramo RN-11 Panajachel (Melchor de Mencos - Jalapa) - Ref 288. Tomar precauciones o vías alternas.,2026-07-06 23:30:00,true
INC_0288,TRM_289_320_0288,Derrumbe,Reporte de Derrumbe activo en el tramo Tramo RN-15 Sacapulas (Poptún - San Pedro Pinula) - Ref 289. Tomar precauciones o vías alternas.,2026-07-06 22:30:00,true
INC_0289,TRM_290_321_0289,Bloqueo,Reporte de Bloqueo de carreteras por manifestación en el tramo Tramo RN-15 Sacapulas (Las Cruces - San Luis Jilotepeque) - Ref 290. Tomar precauciones o vías alternas.,2026-07-06 04:30:00,false
INC_0290,TRM_291_322_0290,Trabajos,Reporte de Trabajos de bacheo en el tramo Tramo Ruta Nacional RN-1 (El Chal - San Manuel Chaparrón) - Ref 291. Tomar precauciones o vías alternas.,2026-07-06 20:30:00,true
INC_0291,TRM_292_323_0291,Accidente,Reporte de Accidente vial obstruyendo carril en el tramo Tramo Ruta Nacional RN-1 (Puerto Barrios - San Carlos Alzatate) - Ref 292. Tomar precauciones o vías alternas.,2026-07-06 01:30:00,false
INC_0292,TRM_293_324_0292,Fuerte,Reporte de Fuerte neblina y lluvias en el tramo Tramo CA-1 Occidente (Lívingston - Monjas) - Ref 293. Tomar precauciones o vías alternas.,2026-07-06 15:30:00,false
INC_0293,TRM_294_325_0293,Inundación,Reporte de Inundación por desborde de río en el tramo Tramo CA-1 Occidente (El Estor - Mataquescuintla) - Ref 294. Tomar precauciones o vías alternas.,2026-07-06 03:30:00,false
INC_0294,TRM_295_326_0294,Derrumbe,Reporte de Derrumbe activo en el tramo Tramo RN-15 Sacapulas (Morales - Jutiapa) - Ref 295. Tomar precauciones o vías alternas.,2026-07-06 02:30:00,false
INC_0295,TRM_296_327_0295,Bloqueo,Reporte de Bloqueo de carreteras por manifestación en el tramo Tramo RN-9 Salcajá (Los Amates - El Progreso) - Ref 296. Tomar precauciones o vías alternas.,2026-07-06 11:30:00,false
INC_0296,TRM_297_328_0296,Trabajos,Reporte de Trabajos de bacheo en el tramo Tramo RN-9 Salcajá (Zacapa - Santa Catarina Mita) - Ref 297. Tomar precauciones o vías alternas.,2026-07-06 04:30:00,false
INC_0297,TRM_298_329_0297,Accidente,Reporte de Accidente vial obstruyendo carril en el tramo Tramo CA-1 Occidente (Estanzuela - Agua Blanca) - Ref 298. Tomar precauciones o vías alternas.,2026-07-06 13:30:00,true
INC_0298,TRM_299_330_0298,Fuerte,Reporte de Fuerte neblina y lluvias en el tramo Tramo RN-7 Cobán-Quiché (Río Hondo - Asunción Mita) - Ref 299. Tomar precauciones o vías alternas.,2026-07-06 16:30:00,true
INC_0299,TRM_300_331_0299,Inundación,Reporte de Inundación por desborde de río en el tramo Tramo RN-11 Panajachel (Gualán - Yupiltepeque) - Ref 300. Tomar precauciones o vías alternas.,2026-07-06 13:30:00,true
INC_0300,TRM_301_332_0300,Derrumbe,Reporte de Derrumbe activo en el tramo Tramo RN-11 Panajachel (Teculután - Atescatempa) - Ref 301. Tomar precauciones o vías alternas.,2026-07-06 12:30:00,false
INC_0301,TRM_302_333_0301,Bloqueo,Reporte de Bloqueo de carreteras por manifestación en el tramo Tramo RN-7 Cobán-Quiché (Usumatlán - Jerez) - Ref 302. Tomar precauciones o vías alternas.,2026-07-06 04:30:00,true
INC_0302,TRM_303_334_0302,Trabajos,Reporte de Trabajos de bacheo en el tramo Tramo RN-11 Panajachel (Cabañas - El Adelanto) - Ref 303. Tomar precauciones o vías alternas.,2026-07-06 02:30:00,true
INC_0303,TRM_304_335_0303,Accidente,Reporte de Accidente vial obstruyendo carril en el tramo Tramo Ruta Nacional RN-1 (San Diego - Zapotitlán) - Ref 304. Tomar precauciones o vías alternas.,2026-07-06 21:30:00,true
INC_0304,TRM_305_336_0304,Fuerte,Reporte de Fuerte neblina y lluvias en el tramo Tramo CA-1 Occidente (La Unión - Comapa) - Ref 305. Tomar precauciones o vías alternas.,2026-07-06 17:30:00,true
INC_0305,TRM_306_337_0305,Inundación,Reporte de Inundación por desborde de río en el tramo Tramo CA-1 Occidente (Huité - Jalpatagua) - Ref 306. Tomar precauciones o vías alternas.,2026-07-06 10:30:00,false
INC_0306,TRM_307_338_0306,Derrumbe,Reporte de Derrumbe activo en el tramo Tramo RN-7 Cobán-Quiché (San Jorge - Conguaco) - Ref 307. Tomar precauciones o vías alternas.,2026-07-06 22:30:00,true
INC_0307,TRM_308_339_0307,Bloqueo,Reporte de Bloqueo de carreteras por manifestación en el tramo Tramo CA-1 Occidente (Chiquimula - Moyuta) - Ref 308. Tomar precauciones o vías alternas.,2026-07-06 18:30:00,true
INC_0308,TRM_309_340_0308,Trabajos,Reporte de Trabajos de bacheo en el tramo Tramo RN-15 Sacapulas (San José La Arada - Pasaco) - Ref 309. Tomar precauciones o vías alternas.,2026-07-06 08:30:00,true
INC_0309,TRM_310_341_0309,Accidente,Reporte de Accidente vial obstruyendo carril en el tramo Tramo RN-7 Cobán-Quiché (San Juan Ermita - San José Acatempa) - Ref 310. Tomar precauciones o vías alternas.,2026-07-06 18:30:00,true
INC_0310,TRM_311_342_0310,Fuerte,Reporte de Fuerte neblina y lluvias en el tramo Tramo RN-9 Salcajá (Jocotán - Quesada) - Ref 311. Tomar precauciones o vías alternas.,2026-07-06 15:30:00,false
INC_0311,TRM_312_1_0311,Inundación,Reporte de Inundación por desborde de río en el tramo Tramo RN-11 Panajachel (Camotán - Lago De Amatitlan) - Ref 312. Tomar precauciones o vías alternas.,2026-07-06 13:30:00,true
INC_0312,TRM_313_2_0312,Derrumbe,Reporte de Derrumbe activo en el tramo Tramo RN-7 Cobán-Quiché (Olopa - Guatemala) - Ref 313. Tomar precauciones o vías alternas.,2026-07-06 11:30:00,false
INC_0313,TRM_314_3_0313,Bloqueo,Reporte de Bloqueo de carreteras por manifestación en el tramo Tramo RN-9 Salcajá (Esquipulas - Santa Catarina Pinula) - Ref 314. Tomar precauciones o vías alternas.,2026-07-06 08:30:00,true
INC_0314,TRM_315_4_0314,Trabajos,Reporte de Trabajos de bacheo en el tramo Tramo RN-7 Cobán-Quiché (Concepción Las Minas - San José Pinula) - Ref 315. Tomar precauciones o vías alternas.,2026-07-06 07:30:00,true
INC_0315,TRM_316_5_0315,Accidente,Reporte de Accidente vial obstruyendo carril en el tramo Tramo CA-1 Occidente (Quezaltepeque - San José del Golfo) - Ref 316. Tomar precauciones o vías alternas.,2026-07-06 04:30:00,true
INC_0316,TRM_317_6_0316,Fuerte,Reporte de Fuerte neblina y lluvias en el tramo Tramo Ruta Nacional RN-1 (San Jacinto - Palencia) - Ref 317. Tomar precauciones o vías alternas.,2026-07-06 16:30:00,false
INC_0317,TRM_318_7_0317,Inundación,Reporte de Inundación por desborde de río en el tramo Tramo CA-1 Occidente (Ipala - Chinautla) - Ref 318. Tomar precauciones o vías alternas.,2026-07-06 21:30:00,false
INC_0318,TRM_319_8_0318,Derrumbe,Reporte de Derrumbe activo en el tramo Tramo Ruta Nacional RN-1 (Jalapa - San Pedro Ayampuc) - Ref 319. Tomar precauciones o vías alternas.,2026-07-06 21:30:00,false
INC_0319,TRM_320_9_0319,Bloqueo,Reporte de Bloqueo de carreteras por manifestación en el tramo Tramo RN-9 Salcajá (San Pedro Pinula - Mixco) - Ref 320. Tomar precauciones o vías alternas.,2026-07-06 05:30:00,false
INC_0320,TRM_321_10_0320,Trabajos,Reporte de Trabajos de bacheo en el tramo Tramo RN-9 Salcajá (San Luis Jilotepeque - San Pedro Sacatepéquez) - Ref 321. Tomar precauciones o vías alternas.,2026-07-06 12:30:00,true
INC_0321,TRM_322_11_0321,Accidente,Reporte de Accidente vial obstruyendo carril en el tramo Tramo RN-7 Cobán-Quiché (San Manuel Chaparrón - San Juan Sacatepéquez) - Ref 322. Tomar precauciones o vías alternas.,2026-07-06 01:30:00,true
INC_0322,TRM_323_12_0322,Fuerte,Reporte de Fuerte neblina y lluvias en el tramo Tramo Ruta Nacional RN-1 (San Carlos Alzatate - San Raimundo) - Ref 323. Tomar precauciones o vías alternas.,2026-07-06 06:30:00,false
INC_0323,TRM_324_13_0323,Inundación,Reporte de Inundación por desborde de río en el tramo Tramo CA-1 Occidente (Monjas - Chuarrancho) - Ref 324. Tomar precauciones o vías alternas.,2026-07-06 19:30:00,true
INC_0324,TRM_325_14_0324,Derrumbe,Reporte de Derrumbe activo en el tramo Tramo Ruta Nacional RN-1 (Mataquescuintla - Fraijanes) - Ref 325. Tomar precauciones o vías alternas.,2026-07-06 02:30:00,true
INC_0325,TRM_326_15_0325,Bloqueo,Reporte de Bloqueo de carreteras por manifestación en el tramo Tramo RN-15 Sacapulas (Jutiapa - Amatitlán) - Ref 326. Tomar precauciones o vías alternas.,2026-07-06 21:30:00,false
INC_0326,TRM_327_16_0326,Trabajos,Reporte de Trabajos de bacheo en el tramo Tramo RN-7 Cobán-Quiché (El Progreso - Villa Nueva) - Ref 327. Tomar precauciones o vías alternas.,2026-07-06 15:30:00,false
INC_0327,TRM_328_17_0327,Accidente,Reporte de Accidente vial obstruyendo carril en el tramo Tramo RN-9 Salcajá (Santa Catarina Mita - Villa Canales) - Ref 328. Tomar precauciones o vías alternas.,2026-07-06 10:30:00,false
INC_0328,TRM_329_18_0328,Fuerte,Reporte de Fuerte neblina y lluvias en el tramo Tramo RN-15 Sacapulas (Agua Blanca - Petapa) - Ref 329. Tomar precauciones o vías alternas.,2026-07-06 13:30:00,true
INC_0329,TRM_330_19_0329,Inundación,Reporte de Inundación por desborde de río en el tramo Tramo RN-15 Sacapulas (Asunción Mita - Guastatoya) - Ref 330. Tomar precauciones o vías alternas.,2026-07-06 10:30:00,false
INC_0330,TRM_331_20_0330,Derrumbe,Reporte de Derrumbe activo en el tramo Tramo CA-1 Occidente (Yupiltepeque - Morazán) - Ref 331. Tomar precauciones o vías alternas.,2026-07-06 20:30:00,false
INC_0331,TRM_332_21_0331,Bloqueo,Reporte de Bloqueo de carreteras por manifestación en el tramo Tramo RN-9 Salcajá (Atescatempa - San Agustín Acasaguastlán) - Ref 332. Tomar precauciones o vías alternas.,2026-07-06 23:30:00,true
INC_0332,TRM_333_22_0332,Trabajos,Reporte de Trabajos de bacheo en el tramo Tramo RN-7 Cobán-Quiché (Jerez - San Cristóbal Acasaguastlán) - Ref 333. Tomar precauciones o vías alternas.,2026-07-06 05:30:00,false
INC_0333,TRM_334_23_0333,Accidente,Reporte de Accidente vial obstruyendo carril en el tramo Tramo RN-15 Sacapulas (El Adelanto - El Jícaro) - Ref 334. Tomar precauciones o vías alternas.,2026-07-06 01:30:00,true
INC_0334,TRM_335_24_0334,Fuerte,Reporte de Fuerte neblina y lluvias en el tramo Tramo CA-1 Occidente (Zapotitlán - Sanarate) - Ref 335. Tomar precauciones o vías alternas.,2026-07-06 20:30:00,true
INC_0335,TRM_336_25_0335,Inundación,Reporte de Inundación por desborde de río en el tramo Tramo RN-7 Cobán-Quiché (Comapa - Sansare) - Ref 336. Tomar precauciones o vías alternas.,2026-07-06 11:30:00,false
INC_0336,TRM_337_26_0336,Derrumbe,Reporte de Derrumbe activo en el tramo Tramo RN-7 Cobán-Quiché (Jalpatagua - San Antonio La Paz) - Ref 337. Tomar precauciones o vías alternas.,2026-07-06 14:30:00,false
INC_0337,TRM_338_27_0337,Bloqueo,Reporte de Bloqueo de carreteras por manifestación en el tramo Tramo CA-1 Occidente (Conguaco - Antigua Guatemala) - Ref 338. Tomar precauciones o vías alternas.,2026-07-06 11:30:00,false
INC_0338,TRM_339_28_0338,Trabajos,Reporte de Trabajos de bacheo en el tramo Tramo RN-15 Sacapulas (Moyuta - Jocotenango) - Ref 339. Tomar precauciones o vías alternas.,2026-07-06 14:30:00,false
INC_0339,TRM_340_29_0339,Accidente,Reporte de Accidente vial obstruyendo carril en el tramo Tramo Ruta Nacional RN-1 (Pasaco - Pastores) - Ref 340. Tomar precauciones o vías alternas.,2026-07-06 06:30:00,true
INC_0340,TRM_341_30_0340,Fuerte,Reporte de Fuerte neblina y lluvias en el tramo Tramo RN-11 Panajachel (San José Acatempa - Sumpango) - Ref 341. Tomar precauciones o vías alternas.,2026-07-06 05:30:00,false
INC_0341,TRM_342_31_0341,Inundación,Reporte de Inundación por desborde de río en el tramo Tramo RN-15 Sacapulas (Quesada - Santo Domingo Xenacoj) - Ref 342. Tomar precauciones o vías alternas.,2026-07-06 19:30:00,true
INC_0342,TRM_1_32_0342,Derrumbe,Reporte de Derrumbe activo en el tramo Tramo RN-7 Cobán-Quiché (Lago De Amatitlan - Santiago Sacatepéquez) - Ref 343. Tomar precauciones o vías alternas.,2026-07-06 04:30:00,false
INC_0343,TRM_2_33_0343,Bloqueo,Reporte de Bloqueo de carreteras por manifestación en el tramo Tramo RN-11 Panajachel (Guatemala - San Bartolomé Milpas Altas) - Ref 344. Tomar precauciones o vías alternas.,2026-07-06 03:30:00,false
INC_0344,TRM_3_34_0344,Trabajos,Reporte de Trabajos de bacheo en el tramo Tramo CA-1 Occidente (Santa Catarina Pinula - San Lucas Sacatepéquez) - Ref 345. Tomar precauciones o vías alternas.,2026-07-06 03:30:00,false
INC_0345,TRM_4_35_0345,Accidente,Reporte de Accidente vial obstruyendo carril en el tramo Tramo RN-9 Salcajá (San José Pinula - Santa Lucía Milpas Altas) - Ref 346. Tomar precauciones o vías alternas.,2026-07-06 10:30:00,false
INC_0346,TRM_5_36_0346,Fuerte,Reporte de Fuerte neblina y lluvias en el tramo Tramo CA-1 Occidente (San José del Golfo - Magdalena Milpas Altas) - Ref 347. Tomar precauciones o vías alternas.,2026-07-06 05:30:00,false
INC_0347,TRM_6_37_0347,Inundación,Reporte de Inundación por desborde de río en el tramo Tramo CA-1 Occidente (Palencia - Santa María de Jesús) - Ref 348. Tomar precauciones o vías alternas.,2026-07-06 01:30:00,true
INC_0348,TRM_7_38_0348,Derrumbe,Reporte de Derrumbe activo en el tramo Tramo RN-9 Salcajá (Chinautla - Ciudad Vieja) - Ref 349. Tomar precauciones o vías alternas.,2026-07-06 17:30:00,false
INC_0349,TRM_8_39_0349,Bloqueo,Reporte de Bloqueo de carreteras por manifestación en el tramo Tramo Ruta Nacional RN-1 (San Pedro Ayampuc - San Miguel Dueñas) - Ref 350. Tomar precauciones o vías alternas.,2026-07-06 08:30:00,false
INC_0350,TRM_9_40_0350,Trabajos,Reporte de Trabajos de bacheo en el tramo Tramo RN-11 Panajachel (Mixco - Alotenango) - Ref 351. Tomar precauciones o vías alternas.,2026-07-06 03:30:00,false
INC_0351,TRM_10_41_0351,Accidente,Reporte de Accidente vial obstruyendo carril en el tramo Tramo CA-1 Occidente (San Pedro Sacatepéquez - San Antonio Aguas Calientes) - Ref 352. Tomar precauciones o vías alternas.,2026-07-06 18:30:00,false
INC_0352,TRM_11_42_0352,Fuerte,Reporte de Fuerte neblina y lluvias en el tramo Tramo RN-11 Panajachel (San Juan Sacatepéquez - Santa Catarina Barahona) - Ref 353. Tomar precauciones o vías alternas.,2026-07-06 14:30:00,true
INC_0353,TRM_12_43_0353,Inundación,Reporte de Inundación por desborde de río en el tramo Tramo RN-7 Cobán-Quiché (San Raimundo - Chimaltenango) - Ref 354. Tomar precauciones o vías alternas.,2026-07-06 20:30:00,true
INC_0354,TRM_13_44_0354,Derrumbe,Reporte de Derrumbe activo en el tramo Tramo RN-11 Panajachel (Chuarrancho - San José Poaquil) - Ref 355. Tomar precauciones o vías alternas.,2026-07-06 13:30:00,true
INC_0355,TRM_14_45_0355,Bloqueo,Reporte de Bloqueo de carreteras por manifestación en el tramo Tramo RN-7 Cobán-Quiché (Fraijanes - San Martín Jilotepeque) - Ref 356. Tomar precauciones o vías alternas.,2026-07-06 23:30:00,false
INC_0356,TRM_15_46_0356,Trabajos,Reporte de Trabajos de bacheo en el tramo Tramo RN-15 Sacapulas (Amatitlán - Comalapa) - Ref 357. Tomar precauciones o vías alternas.,2026-07-06 01:30:00,false
INC_0357,TRM_16_47_0357,Accidente,Reporte de Accidente vial obstruyendo carril en el tramo Tramo RN-11 Panajachel (Villa Nueva - Santa Apolonia) - Ref 358. Tomar precauciones o vías alternas.,2026-07-06 23:30:00,true
INC_0358,TRM_17_48_0358,Fuerte,Reporte de Fuerte neblina y lluvias en el tramo Tramo RN-7 Cobán-Quiché (Villa Canales - Tecpán Guatemala) - Ref 359. Tomar precauciones o vías alternas.,2026-07-06 23:30:00,true
INC_0359,TRM_18_49_0359,Inundación,Reporte de Inundación por desborde de río en el tramo Tramo RN-7 Cobán-Quiché (Petapa - Patzún) - Ref 360. Tomar precauciones o vías alternas.,2026-07-06 08:30:00,false
INC_0360,TRM_19_50_0360,Derrumbe,Reporte de Derrumbe activo en el tramo Tramo RN-15 Sacapulas (Guastatoya - Pochuta) - Ref 361. Tomar precauciones o vías alternas.,2026-07-06 21:30:00,false
INC_0361,TRM_20_51_0361,Bloqueo,Reporte de Bloqueo de carreteras por manifestación en el tramo Tramo RN-15 Sacapulas (Morazán - Patzicía) - Ref 362. Tomar precauciones o vías alternas.,2026-07-06 21:30:00,true
INC_0362,TRM_21_52_0362,Trabajos,Reporte de Trabajos de bacheo en el tramo Tramo CA-1 Occidente (San Agustín Acasaguastlán - Santa Cruz Balanyá) - Ref 363. Tomar precauciones o vías alternas.,2026-07-06 15:30:00,true
INC_0363,TRM_22_53_0363,Accidente,Reporte de Accidente vial obstruyendo carril en el tramo Tramo RN-15 Sacapulas (San Cristóbal Acasaguastlán - Acatenango) - Ref 364. Tomar precauciones o vías alternas.,2026-07-06 14:30:00,false
INC_0364,TRM_23_54_0364,Fuerte,Reporte de Fuerte neblina y lluvias en el tramo Tramo CA-1 Occidente (El Jícaro - Yepocapa) - Ref 365. Tomar precauciones o vías alternas.,2026-07-06 07:30:00,true
INC_0365,TRM_24_55_0365,Inundación,Reporte de Inundación por desborde de río en el tramo Tramo RN-7 Cobán-Quiché (Sanarate - San Andrés Itzapa) - Ref 366. Tomar precauciones o vías alternas.,2026-07-06 22:30:00,true
INC_0366,TRM_25_56_0366,Derrumbe,Reporte de Derrumbe activo en el tramo Tramo RN-11 Panajachel (Sansare - Parramos) - Ref 367. Tomar precauciones o vías alternas.,2026-07-06 13:30:00,false
INC_0367,TRM_26_57_0367,Bloqueo,Reporte de Bloqueo de carreteras por manifestación en el tramo Tramo RN-7 Cobán-Quiché (San Antonio La Paz - Zaragoza) - Ref 368. Tomar precauciones o vías alternas.,2026-07-06 08:30:00,true
INC_0368,TRM_27_58_0368,Trabajos,Reporte de Trabajos de bacheo en el tramo Tramo RN-9 Salcajá (Antigua Guatemala - El Tejar) - Ref 369. Tomar precauciones o vías alternas.,2026-07-06 18:30:00,false
INC_0369,TRM_28_59_0369,Accidente,Reporte de Accidente vial obstruyendo carril en el tramo Tramo RN-15 Sacapulas (Jocotenango - Escuintla) - Ref 370. Tomar precauciones o vías alternas.,2026-07-06 11:30:00,false
INC_0370,TRM_29_60_0370,Fuerte,Reporte de Fuerte neblina y lluvias en el tramo Tramo CA-1 Occidente (Pastores - Santa Lucía Cotzumalguapa) - Ref 371. Tomar precauciones o vías alternas.,2026-07-06 19:30:00,false
INC_0371,TRM_30_61_0371,Inundación,Reporte de Inundación por desborde de río en el tramo Tramo RN-11 Panajachel (Sumpango - La Democracia) - Ref 372. Tomar precauciones o vías alternas.,2026-07-06 16:30:00,false
INC_0372,TRM_31_62_0372,Derrumbe,Reporte de Derrumbe activo en el tramo Tramo RN-15 Sacapulas (Santo Domingo Xenacoj - Siquinalá) - Ref 373. Tomar precauciones o vías alternas.,2026-07-06 20:30:00,false
INC_0373,TRM_32_63_0373,Bloqueo,Reporte de Bloqueo de carreteras por manifestación en el tramo Tramo Ruta Nacional RN-1 (Santiago Sacatepéquez - Masagua) - Ref 374. Tomar precauciones o vías alternas.,2026-07-06 01:30:00,true
INC_0374,TRM_33_64_0374,Trabajos,Reporte de Trabajos de bacheo en el tramo Tramo RN-7 Cobán-Quiché (San Bartolomé Milpas Altas - Tiquisate) - Ref 375. Tomar precauciones o vías alternas.,2026-07-06 15:30:00,false
INC_0375,TRM_34_65_0375,Accidente,Reporte de Accidente vial obstruyendo carril en el tramo Tramo CA-1 Occidente (San Lucas Sacatepéquez - La Gomera) - Ref 376. Tomar precauciones o vías alternas.,2026-07-06 02:30:00,true
INC_0376,TRM_35_66_0376,Fuerte,Reporte de Fuerte neblina y lluvias en el tramo Tramo Ruta Nacional RN-1 (Santa Lucía Milpas Altas - Guanagazapa) - Ref 377. Tomar precauciones o vías alternas.,2026-07-06 21:30:00,true
INC_0377,TRM_36_67_0377,Inundación,Reporte de Inundación por desborde de río en el tramo Tramo RN-15 Sacapulas (Magdalena Milpas Altas - San José) - Ref 378. Tomar precauciones o vías alternas.,2026-07-06 12:30:00,true
INC_0378,TRM_37_68_0378,Derrumbe,Reporte de Derrumbe activo en el tramo Tramo CA-1 Occidente (Santa María de Jesús - Iztapa) - Ref 379. Tomar precauciones o vías alternas.,2026-07-06 16:30:00,true
INC_0379,TRM_38_69_0379,Bloqueo,Reporte de Bloqueo de carreteras por manifestación en el tramo Tramo RN-11 Panajachel (Ciudad Vieja - Palín) - Ref 380. Tomar precauciones o vías alternas.,2026-07-06 21:30:00,true
INC_0380,TRM_39_70_0380,Trabajos,Reporte de Trabajos de bacheo en el tramo Tramo RN-9 Salcajá (San Miguel Dueñas - San Vicente Pacaya) - Ref 381. Tomar precauciones o vías alternas.,2026-07-06 18:30:00,true
INC_0381,TRM_40_71_0381,Accidente,Reporte de Accidente vial obstruyendo carril en el tramo Tramo RN-9 Salcajá (Alotenango - Nueva Concepción) - Ref 382. Tomar precauciones o vías alternas.,2026-07-06 03:30:00,false
INC_0382,TRM_41_72_0382,Fuerte,Reporte de Fuerte neblina y lluvias en el tramo Tramo RN-15 Sacapulas (San Antonio Aguas Calientes - Sipacate) - Ref 383. Tomar precauciones o vías alternas.,2026-07-06 11:30:00,false
INC_0383,TRM_42_73_0383,Inundación,Reporte de Inundación por desborde de río en el tramo Tramo RN-9 Salcajá (Santa Catarina Barahona - Cuilapa) - Ref 384. Tomar precauciones o vías alternas.,2026-07-06 17:30:00,true
INC_0384,TRM_43_74_0384,Derrumbe,Reporte de Derrumbe activo en el tramo Tramo RN-11 Panajachel (Chimaltenango - Barberena) - Ref 385. Tomar precauciones o vías alternas.,2026-07-06 21:30:00,false
INC_0385,TRM_44_75_0385,Bloqueo,Reporte de Bloqueo de carreteras por manifestación en el tramo Tramo RN-11 Panajachel (San José Poaquil - Santa Rosa de Lima) - Ref 386. Tomar precauciones o vías alternas.,2026-07-06 19:30:00,false
INC_0386,TRM_45_76_0386,Trabajos,Reporte de Trabajos de bacheo en el tramo Tramo RN-9 Salcajá (San Martín Jilotepeque - Casillas) - Ref 387. Tomar precauciones o vías alternas.,2026-07-06 14:30:00,true
INC_0387,TRM_46_77_0387,Accidente,Reporte de Accidente vial obstruyendo carril en el tramo Tramo Ruta Nacional RN-1 (Comalapa - San Rafael Las Flores) - Ref 388. Tomar precauciones o vías alternas.,2026-07-06 02:30:00,false
INC_0388,TRM_47_78_0388,Fuerte,Reporte de Fuerte neblina y lluvias en el tramo Tramo RN-15 Sacapulas (Santa Apolonia - Oratorio) - Ref 389. Tomar precauciones o vías alternas.,2026-07-06 06:30:00,false
INC_0389,TRM_48_79_0389,Inundación,Reporte de Inundación por desborde de río en el tramo Tramo CA-1 Occidente (Tecpán Guatemala - San Juan Tecuaco) - Ref 390. Tomar precauciones o vías alternas.,2026-07-06 03:30:00,true
INC_0390,TRM_49_80_0390,Derrumbe,Reporte de Derrumbe activo en el tramo Tramo RN-7 Cobán-Quiché (Patzún - Chiquimulilla) - Ref 391. Tomar precauciones o vías alternas.,2026-07-06 11:30:00,true
INC_0391,TRM_50_81_0391,Bloqueo,Reporte de Bloqueo de carreteras por manifestación en el tramo Tramo RN-9 Salcajá (Pochuta - Taxisco) - Ref 392. Tomar precauciones o vías alternas.,2026-07-06 23:30:00,true
INC_0392,TRM_51_82_0392,Trabajos,Reporte de Trabajos de bacheo en el tramo Tramo RN-9 Salcajá (Patzicía - Santa María Ixhuatán) - Ref 393. Tomar precauciones o vías alternas.,2026-07-06 14:30:00,true
INC_0393,TRM_52_83_0393,Accidente,Reporte de Accidente vial obstruyendo carril en el tramo Tramo RN-11 Panajachel (Santa Cruz Balanyá - Guazacapán) - Ref 394. Tomar precauciones o vías alternas.,2026-07-06 12:30:00,false
INC_0394,TRM_53_84_0394,Fuerte,Reporte de Fuerte neblina y lluvias en el tramo Tramo CA-1 Occidente (Acatenango - Santa Cruz Naranjo) - Ref 395. Tomar precauciones o vías alternas.,2026-07-06 16:30:00,true
INC_0395,TRM_54_85_0395,Inundación,Reporte de Inundación por desborde de río en el tramo Tramo RN-11 Panajachel (Yepocapa - Pueblo Nuevo Viñas) - Ref 396. Tomar precauciones o vías alternas.,2026-07-06 23:30:00,false
INC_0396,TRM_55_86_0396,Derrumbe,Reporte de Derrumbe activo en el tramo Tramo RN-7 Cobán-Quiché (San Andrés Itzapa - Nueva Santa Rosa) - Ref 397. Tomar precauciones o vías alternas.,2026-07-06 08:30:00,false
INC_0397,TRM_56_87_0397,Bloqueo,Reporte de Bloqueo de carreteras por manifestación en el tramo Tramo RN-7 Cobán-Quiché (Parramos - Lago De Atitlan) - Ref 398. Tomar precauciones o vías alternas.,2026-07-06 05:30:00,false
INC_0398,TRM_57_88_0398,Trabajos,Reporte de Trabajos de bacheo en el tramo Tramo RN-15 Sacapulas (Zaragoza - Sololá) - Ref 399. Tomar precauciones o vías alternas.,2026-07-06 19:30:00,true
INC_0399,TRM_58_89_0399,Accidente,Reporte de Accidente vial obstruyendo carril en el tramo Tramo CA-1 Occidente (El Tejar - San José Chacayá) - Ref 400. Tomar precauciones o vías alternas.,2026-07-06 03:30:00,false
INC_0400,TRM_59_90_0400,Fuerte,Reporte de Fuerte neblina y lluvias en el tramo Tramo RN-9 Salcajá (Escuintla - Santa María Visitación) - Ref 401. Tomar precauciones o vías alternas.,2026-07-06 17:30:00,false
INC_0401,TRM_60_91_0401,Inundación,Reporte de Inundación por desborde de río en el tramo Tramo Ruta Nacional RN-1 (Santa Lucía Cotzumalguapa - Santa Lucía Utatlán) - Ref 402. Tomar precauciones o vías alternas.,2026-07-06 21:30:00,true
INC_0402,TRM_61_92_0402,Derrumbe,Reporte de Derrumbe activo en el tramo Tramo Ruta Nacional RN-1 (La Democracia - Nahualá) - Ref 403. Tomar precauciones o vías alternas.,2026-07-06 16:30:00,true
INC_0403,TRM_62_93_0403,Bloqueo,Reporte de Bloqueo de carreteras por manifestación en el tramo Tramo RN-15 Sacapulas (Siquinalá - Santa Catarina Ixtahuacán) - Ref 404. Tomar precauciones o vías alternas.,2026-07-06 09:30:00,false
INC_0404,TRM_63_94_0404,Trabajos,Reporte de Trabajos de bacheo en el tramo Tramo RN-9 Salcajá (Masagua - Santa Clara La Laguna) - Ref 405. Tomar precauciones o vías alternas.,2026-07-06 20:30:00,false
INC_0405,TRM_64_95_0405,Accidente,Reporte de Accidente vial obstruyendo carril en el tramo Tramo RN-7 Cobán-Quiché (Tiquisate - Concepción) - Ref 406. Tomar precauciones o vías alternas.,2026-07-06 10:30:00,false
INC_0406,TRM_65_96_0406,Fuerte,Reporte de Fuerte neblina y lluvias en el tramo Tramo RN-11 Panajachel (La Gomera - San Andrés Semetabaj) - Ref 407. Tomar precauciones o vías alternas.,2026-07-06 21:30:00,true
INC_0407,TRM_66_97_0407,Inundación,Reporte de Inundación por desborde de río en el tramo Tramo RN-7 Cobán-Quiché (Guanagazapa - Panajachel) - Ref 408. Tomar precauciones o vías alternas.,2026-07-06 23:30:00,false
INC_0408,TRM_67_98_0408,Derrumbe,Reporte de Derrumbe activo en el tramo Tramo RN-11 Panajachel (San José - Santa Catarina Palopó) - Ref 409. Tomar precauciones o vías alternas.,2026-07-06 07:30:00,false
INC_0409,TRM_68_99_0409,Bloqueo,Reporte de Bloqueo de carreteras por manifestación en el tramo Tramo RN-15 Sacapulas (Iztapa - San Antonio Palopó) - Ref 410. Tomar precauciones o vías alternas.,2026-07-06 07:30:00,false
INC_0410,TRM_69_100_0410,Trabajos,Reporte de Trabajos de bacheo en el tramo Tramo RN-9 Salcajá (Palín - San Lucas Tolimán) - Ref 411. Tomar precauciones o vías alternas.,2026-07-06 12:30:00,true
INC_0411,TRM_70_101_0411,Accidente,Reporte de Accidente vial obstruyendo carril en el tramo Tramo RN-11 Panajachel (San Vicente Pacaya - Santa Cruz La Laguna) - Ref 412. Tomar precauciones o vías alternas.,2026-07-06 22:30:00,true
INC_0412,TRM_71_102_0412,Fuerte,Reporte de Fuerte neblina y lluvias en el tramo Tramo RN-9 Salcajá (Nueva Concepción - San Pablo La Laguna) - Ref 413. Tomar precauciones o vías alternas.,2026-07-06 18:30:00,false
INC_0413,TRM_72_103_0413,Inundación,Reporte de Inundación por desborde de río en el tramo Tramo CA-1 Occidente (Sipacate - San Marcos La Laguna) - Ref 414. Tomar precauciones o vías alternas.,2026-07-06 08:30:00,true
INC_0414,TRM_73_104_0414,Derrumbe,Reporte de Derrumbe activo en el tramo Tramo RN-11 Panajachel (Cuilapa - San Juan La Laguna) - Ref 415. Tomar precauciones o vías alternas.,2026-07-06 12:30:00,true
INC_0415,TRM_74_105_0415,Bloqueo,Reporte de Bloqueo de carreteras por manifestación en el tramo Tramo RN-7 Cobán-Quiché (Barberena - San Pedro La Laguna) - Ref 416. Tomar precauciones o vías alternas.,2026-07-06 15:30:00,true
INC_0416,TRM_75_106_0416,Trabajos,Reporte de Trabajos de bacheo en el tramo Tramo Ruta Nacional RN-1 (Santa Rosa de Lima - Santiago Atitlán) - Ref 417. Tomar precauciones o vías alternas.,2026-07-06 18:30:00,false
INC_0417,TRM_76_107_0417,Accidente,Reporte de Accidente vial obstruyendo carril en el tramo Tramo RN-9 Salcajá (Casillas - Totonicapán) - Ref 418. Tomar precauciones o vías alternas.,2026-07-06 14:30:00,false
INC_0418,TRM_77_108_0418,Fuerte,Reporte de Fuerte neblina y lluvias en el tramo Tramo CA-1 Occidente (San Rafael Las Flores - San Cristóbal Totonicapán) - Ref 419. Tomar precauciones o vías alternas.,2026-07-06 02:30:00,false
INC_0419,TRM_78_109_0419,Inundación,Reporte de Inundación por desborde de río en el tramo Tramo Ruta Nacional RN-1 (Oratorio - San Francisco El Alto) - Ref 420. Tomar precauciones o vías alternas.,2026-07-06 21:30:00,true
INC_0420,TRM_79_110_0420,Derrumbe,Reporte de Derrumbe activo en el tramo Tramo RN-9 Salcajá (San Juan Tecuaco - San Andrés Xecul) - Ref 421. Tomar precauciones o vías alternas.,2026-07-06 18:30:00,false
INC_0421,TRM_80_111_0421,Bloqueo,Reporte de Bloqueo de carreteras por manifestación en el tramo Tramo RN-15 Sacapulas (Chiquimulilla - Momostenango) - Ref 422. Tomar precauciones o vías alternas.,2026-07-06 07:30:00,false
INC_0422,TRM_81_112_0422,Trabajos,Reporte de Trabajos de bacheo en el tramo Tramo RN-9 Salcajá (Taxisco - Santa María Chiquimula) - Ref 423. Tomar precauciones o vías alternas.,2026-07-06 22:30:00,false
INC_0423,TRM_82_113_0423,Accidente,Reporte de Accidente vial obstruyendo carril en el tramo Tramo RN-11 Panajachel (Santa María Ixhuatán - Santa Lucía La Reforma) - Ref 424. Tomar precauciones o vías alternas.,2026-07-06 23:30:00,false
INC_0424,TRM_83_114_0424,Fuerte,Reporte de Fuerte neblina y lluvias en el tramo Tramo Ruta Nacional RN-1 (Guazacapán - San Bartolo) - Ref 425. Tomar precauciones o vías alternas.,2026-07-06 16:30:00,false
INC_0425,TRM_84_115_0425,Inundación,Reporte de Inundación por desborde de río en el tramo Tramo RN-7 Cobán-Quiché (Santa Cruz Naranjo - Quetzaltenango) - Ref 426. Tomar precauciones o vías alternas.,2026-07-06 06:30:00,false
INC_0426,TRM_85_116_0426,Derrumbe,Reporte de Derrumbe activo en el tramo Tramo Ruta Nacional RN-1 (Pueblo Nuevo Viñas - Salcajá) - Ref 427. Tomar precauciones o vías alternas.,2026-07-06 15:30:00,false
INC_0427,TRM_86_117_0427,Bloqueo,Reporte de Bloqueo de carreteras por manifestación en el tramo Tramo RN-15 Sacapulas (Nueva Santa Rosa - Olintepeque) - Ref 428. Tomar precauciones o vías alternas.,2026-07-06 19:30:00,false
INC_0428,TRM_87_118_0428,Trabajos,Reporte de Trabajos de bacheo en el tramo Tramo RN-15 Sacapulas (Lago De Atitlan - San Carlos Sija) - Ref 429. Tomar precauciones o vías alternas.,2026-07-06 12:30:00,true
INC_0429,TRM_88_119_0429,Accidente,Reporte de Accidente vial obstruyendo carril en el tramo Tramo Ruta Nacional RN-1 (Sololá - Sibilia) - Ref 430. Tomar precauciones o vías alternas.,2026-07-06 18:30:00,true
INC_0430,TRM_89_120_0430,Fuerte,Reporte de Fuerte neblina y lluvias en el tramo Tramo RN-11 Panajachel (San José Chacayá - Cabricán) - Ref 431. Tomar precauciones o vías alternas.,2026-07-06 08:30:00,true
INC_0431,TRM_90_121_0431,Inundación,Reporte de Inundación por desborde de río en el tramo Tramo RN-7 Cobán-Quiché (Santa María Visitación - Cajolá) - Ref 432. Tomar precauciones o vías alternas.,2026-07-06 05:30:00,true
INC_0432,TRM_91_122_0432,Derrumbe,Reporte de Derrumbe activo en el tramo Tramo RN-7 Cobán-Quiché (Santa Lucía Utatlán - San Miguel Sigüila) - Ref 433. Tomar precauciones o vías alternas.,2026-07-06 16:30:00,true
INC_0433,TRM_92_123_0433,Bloqueo,Reporte de Bloqueo de carreteras por manifestación en el tramo Tramo RN-9 Salcajá (Nahualá - Ostuncalco) - Ref 434. Tomar precauciones o vías alternas.,2026-07-06 03:30:00,true
INC_0434,TRM_93_124_0434,Trabajos,Reporte de Trabajos de bacheo en el tramo Tramo CA-1 Occidente (Santa Catarina Ixtahuacán - San Mateo) - Ref 435. Tomar precauciones o vías alternas.,2026-07-06 17:30:00,true
INC_0435,TRM_94_125_0435,Accidente,Reporte de Accidente vial obstruyendo carril en el tramo Tramo RN-15 Sacapulas (Santa Clara La Laguna - Concepción Chiquirichapa) - Ref 436. Tomar precauciones o vías alternas.,2026-07-06 23:30:00,true
INC_0436,TRM_95_126_0436,Fuerte,Reporte de Fuerte neblina y lluvias en el tramo Tramo RN-11 Panajachel (Concepción - San Martín Sacatepéquez) - Ref 437. Tomar precauciones o vías alternas.,2026-07-06 07:30:00,true
INC_0437,TRM_96_127_0437,Inundación,Reporte de Inundación por desborde de río en el tramo Tramo RN-11 Panajachel (San Andrés Semetabaj - Almolonga) - Ref 438. Tomar precauciones o vías alternas.,2026-07-06 02:30:00,true
INC_0438,TRM_97_128_0438,Derrumbe,Reporte de Derrumbe activo en el tramo Tramo CA-1 Occidente (Panajachel - Cantel) - Ref 439. Tomar precauciones o vías alternas.,2026-07-06 20:30:00,true
INC_0439,TRM_98_129_0439,Bloqueo,Reporte de Bloqueo de carreteras por manifestación en el tramo Tramo RN-15 Sacapulas (Santa Catarina Palopó - Huitán) - Ref 440. Tomar precauciones o vías alternas.,2026-07-06 03:30:00,true
INC_0440,TRM_99_130_0440,Trabajos,Reporte de Trabajos de bacheo en el tramo Tramo CA-1 Occidente (San Antonio Palopó - Zunil) - Ref 441. Tomar precauciones o vías alternas.,2026-07-06 03:30:00,true
INC_0441,TRM_100_131_0441,Accidente,Reporte de Accidente vial obstruyendo carril en el tramo Tramo Ruta Nacional RN-1 (San Lucas Tolimán - Colomba) - Ref 442. Tomar precauciones o vías alternas.,2026-07-06 02:30:00,true
INC_0442,TRM_101_132_0442,Fuerte,Reporte de Fuerte neblina y lluvias en el tramo Tramo RN-9 Salcajá (Santa Cruz La Laguna - San Francisco La Unión) - Ref 443. Tomar precauciones o vías alternas.,2026-07-06 07:30:00,false
INC_0443,TRM_102_133_0443,Inundación,Reporte de Inundación por desborde de río en el tramo Tramo RN-15 Sacapulas (San Pablo La Laguna - El Palmar) - Ref 444. Tomar precauciones o vías alternas.,2026-07-06 20:30:00,false
INC_0444,TRM_103_134_0444,Derrumbe,Reporte de Derrumbe activo en el tramo Tramo RN-11 Panajachel (San Marcos La Laguna - Coatepeque) - Ref 445. Tomar precauciones o vías alternas.,2026-07-06 06:30:00,true
INC_0445,TRM_104_135_0445,Bloqueo,Reporte de Bloqueo de carreteras por manifestación en el tramo Tramo CA-1 Occidente (San Juan La Laguna - Génova) - Ref 446. Tomar precauciones o vías alternas.,2026-07-06 20:30:00,false
INC_0446,TRM_105_136_0446,Trabajos,Reporte de Trabajos de bacheo en el tramo Tramo CA-1 Occidente (San Pedro La Laguna - Flores Costa Cuca) - Ref 447. Tomar precauciones o vías alternas.,2026-07-06 07:30:00,true
INC_0447,TRM_106_137_0447,Accidente,Reporte de Accidente vial obstruyendo carril en el tramo Tramo CA-1 Occidente (Santiago Atitlán - La Esperanza) - Ref 448. Tomar precauciones o vías alternas.,2026-07-06 10:30:00,false
INC_0448,TRM_107_138_0448,Fuerte,Reporte de Fuerte neblina y lluvias en el tramo Tramo Ruta Nacional RN-1 (Totonicapán - Palestina de Los Altos) - Ref 449. Tomar precauciones o vías alternas.,2026-07-06 05:30:00,false
INC_0449,TRM_108_139_0449,Inundación,Reporte de Inundación por desborde de río en el tramo Tramo CA-1 Occidente (San Cristóbal Totonicapán - Mazatenango) - Ref 450. Tomar precauciones o vías alternas.,2026-07-06 13:30:00,false
INC_0450,TRM_109_140_0450,Derrumbe,Reporte de Derrumbe activo en el tramo Tramo RN-7 Cobán-Quiché (San Francisco El Alto - Cuyotenango) - Ref 451. Tomar precauciones o vías alternas.,2026-07-06 22:30:00,false
INC_0451,TRM_110_141_0451,Bloqueo,Reporte de Bloqueo de carreteras por manifestación en el tramo Tramo Ruta Nacional RN-1 (San Andrés Xecul - San Francisco Zapotitlán) - Ref 452. Tomar precauciones o vías alternas.,2026-07-06 18:30:00,true
INC_0452,TRM_111_142_0452,Trabajos,Reporte de Trabajos de bacheo en el tramo Tramo RN-7 Cobán-Quiché (Momostenango - San Bernardino) - Ref 453. Tomar precauciones o vías alternas.,2026-07-06 19:30:00,false
INC_0453,TRM_112_143_0453,Accidente,Reporte de Accidente vial obstruyendo carril en el tramo Tramo RN-15 Sacapulas (Santa María Chiquimula - San José El Ídolo) - Ref 454. Tomar precauciones o vías alternas.,2026-07-06 23:30:00,false
INC_0454,TRM_113_144_0454,Fuerte,Reporte de Fuerte neblina y lluvias en el tramo Tramo RN-11 Panajachel (Santa Lucía La Reforma - Santo Domingo Suchitepéquez) - Ref 455. Tomar precauciones o vías alternas.,2026-07-06 04:30:00,true
INC_0455,TRM_114_145_0455,Inundación,Reporte de Inundación por desborde de río en el tramo Tramo RN-7 Cobán-Quiché (San Bartolo - San Lorenzo) - Ref 456. Tomar precauciones o vías alternas.,2026-07-06 09:30:00,true
INC_0456,TRM_115_146_0456,Derrumbe,Reporte de Derrumbe activo en el tramo Tramo Ruta Nacional RN-1 (Quetzaltenango - Samayac) - Ref 457. Tomar precauciones o vías alternas.,2026-07-06 17:30:00,false
INC_0457,TRM_116_147_0457,Bloqueo,Reporte de Bloqueo de carreteras por manifestación en el tramo Tramo RN-7 Cobán-Quiché (Salcajá - San Pablo Jocopilas) - Ref 458. Tomar precauciones o vías alternas.,2026-07-06 18:30:00,true
INC_0458,TRM_117_148_0458,Trabajos,Reporte de Trabajos de bacheo en el tramo Tramo RN-9 Salcajá (Olintepeque - San Antonio Suchitepéquez) - Ref 459. Tomar precauciones o vías alternas.,2026-07-06 13:30:00,false
INC_0459,TRM_118_149_0459,Accidente,Reporte de Accidente vial obstruyendo carril en el tramo Tramo CA-1 Occidente (San Carlos Sija - San Miguel Panán) - Ref 460. Tomar precauciones o vías alternas.,2026-07-06 03:30:00,false
INC_0460,TRM_119_150_0460,Fuerte,Reporte de Fuerte neblina y lluvias en el tramo Tramo RN-15 Sacapulas (Sibilia - San Gabriel) - Ref 461. Tomar precauciones o vías alternas.,2026-07-06 06:30:00,false
INC_0461,TRM_120_151_0461,Inundación,Reporte de Inundación por desborde de río en el tramo Tramo RN-15 Sacapulas (Cabricán - Chicacao) - Ref 462. Tomar precauciones o vías alternas.,2026-07-06 16:30:00,false
INC_0462,TRM_121_152_0462,Derrumbe,Reporte de Derrumbe activo en el tramo Tramo RN-11 Panajachel (Cajolá - Patulul) - Ref 463. Tomar precauciones o vías alternas.,2026-07-06 09:30:00,false
INC_0463,TRM_122_153_0463,Bloqueo,Reporte de Bloqueo de carreteras por manifestación en el tramo Tramo CA-1 Occidente (San Miguel Sigüila - Santa Bárbara) - Ref 464. Tomar precauciones o vías alternas.,2026-07-06 07:30:00,false
INC_0464,TRM_123_154_0464,Trabajos,Reporte de Trabajos de bacheo en el tramo Tramo RN-15 Sacapulas (Ostuncalco - San Juan Bautista) - Ref 465. Tomar precauciones o vías alternas.,2026-07-06 21:30:00,false
INC_0465,TRM_124_155_0465,Accidente,Reporte de Accidente vial obstruyendo carril en el tramo Tramo RN-15 Sacapulas (San Mateo - Santo Tomás La Unión) - Ref 466. Tomar precauciones o vías alternas.,2026-07-06 17:30:00,false
INC_0466,TRM_125_156_0466,Fuerte,Reporte de Fuerte neblina y lluvias en el tramo Tramo RN-11 Panajachel (Concepción Chiquirichapa - Zunilito) - Ref 467. Tomar precauciones o vías alternas.,2026-07-06 07:30:00,true
INC_0467,TRM_126_157_0467,Inundación,Reporte de Inundación por desborde de río en el tramo Tramo Ruta Nacional RN-1 (San Martín Sacatepéquez - Pueblo Nuevo) - Ref 468. Tomar precauciones o vías alternas.,2026-07-06 23:30:00,false
INC_0468,TRM_127_158_0468,Derrumbe,Reporte de Derrumbe activo en el tramo Tramo RN-7 Cobán-Quiché (Almolonga - Río Bravo) - Ref 469. Tomar precauciones o vías alternas.,2026-07-06 15:30:00,false
INC_0469,TRM_128_159_0469,Bloqueo,Reporte de Bloqueo de carreteras por manifestación en el tramo Tramo RN-15 Sacapulas (Cantel - San José La Máquina) - Ref 470. Tomar precauciones o vías alternas.,2026-07-06 20:30:00,false
INC_0470,TRM_129_160_0470,Trabajos,Reporte de Trabajos de bacheo en el tramo Tramo RN-9 Salcajá (Huitán - Retalhuleu) - Ref 471. Tomar precauciones o vías alternas.,2026-07-06 23:30:00,true
INC_0471,TRM_130_161_0471,Accidente,Reporte de Accidente vial obstruyendo carril en el tramo Tramo Ruta Nacional RN-1 (Zunil - San Sebastián) - Ref 472. Tomar precauciones o vías alternas.,2026-07-06 04:30:00,false
INC_0472,TRM_131_162_0472,Fuerte,Reporte de Fuerte neblina y lluvias en el tramo Tramo RN-15 Sacapulas (Colomba - Santa Cruz Muluá) - Ref 473. Tomar precauciones o vías alternas.,2026-07-06 14:30:00,true
INC_0473,TRM_132_163_0473,Inundación,Reporte de Inundación por desborde de río en el tramo Tramo RN-7 Cobán-Quiché (San Francisco La Unión - San Martín Zapotitlán) - Ref 474. Tomar precauciones o vías alternas.,2026-07-06 12:30:00,false
INC_0474,TRM_133_164_0474,Derrumbe,Reporte de Derrumbe activo en el tramo Tramo RN-11 Panajachel (El Palmar - San Felipe) - Ref 475. Tomar precauciones o vías alternas.,2026-07-06 12:30:00,true
INC_0475,TRM_134_165_0475,Bloqueo,Reporte de Bloqueo de carreteras por manifestación en el tramo Tramo RN-15 Sacapulas (Coatepeque - San Andrés Villa Seca) - Ref 476. Tomar precauciones o vías alternas.,2026-07-06 04:30:00,false
INC_0476,TRM_135_166_0476,Trabajos,Reporte de Trabajos de bacheo en el tramo Tramo Ruta Nacional RN-1 (Génova - Champerico) - Ref 477. Tomar precauciones o vías alternas.,2026-07-06 12:30:00,true
INC_0477,TRM_136_167_0477,Accidente,Reporte de Accidente vial obstruyendo carril en el tramo Tramo RN-7 Cobán-Quiché (Flores Costa Cuca - Nuevo San Carlos) - Ref 478. Tomar precauciones o vías alternas.,2026-07-06 15:30:00,false
INC_0478,TRM_137_168_0478,Fuerte,Reporte de Fuerte neblina y lluvias en el tramo Tramo RN-7 Cobán-Quiché (La Esperanza - El Asintal) - Ref 479. Tomar precauciones o vías alternas.,2026-07-06 07:30:00,false
INC_0479,TRM_138_169_0479,Inundación,Reporte de Inundación por desborde de río en el tramo Tramo RN-15 Sacapulas (Palestina de Los Altos - San Marcos) - Ref 480. Tomar precauciones o vías alternas.,2026-07-06 22:30:00,true
INC_0480,TRM_139_170_0480,Derrumbe,Reporte de Derrumbe activo en el tramo Tramo RN-15 Sacapulas (Mazatenango - San Pedro Sacatepéquez) - Ref 481. Tomar precauciones o vías alternas.,2026-07-06 12:30:00,false
INC_0481,TRM_140_171_0481,Bloqueo,Reporte de Bloqueo de carreteras por manifestación en el tramo Tramo Ruta Nacional RN-1 (Cuyotenango - San Antonio Sacatepéquez) - Ref 482. Tomar precauciones o vías alternas.,2026-07-06 10:30:00,true
INC_0482,TRM_141_172_0482,Trabajos,Reporte de Trabajos de bacheo en el tramo Tramo RN-11 Panajachel (San Francisco Zapotitlán - Comitancillo) - Ref 483. Tomar precauciones o vías alternas.,2026-07-06 07:30:00,false
INC_0483,TRM_142_173_0483,Accidente,Reporte de Accidente vial obstruyendo carril en el tramo Tramo RN-9 Salcajá (San Bernardino - San Miguel Ixtahuacán) - Ref 484. Tomar precauciones o vías alternas.,2026-07-06 20:30:00,false
INC_0484,TRM_143_174_0484,Fuerte,Reporte de Fuerte neblina y lluvias en el tramo Tramo RN-11 Panajachel (San José El Ídolo - Concepción Tutuapa) - Ref 485. Tomar precauciones o vías alternas.,2026-07-06 09:30:00,true
INC_0485,TRM_144_175_0485,Inundación,Reporte de Inundación por desborde de río en el tramo Tramo RN-9 Salcajá (Santo Domingo Suchitepéquez - Tacaná) - Ref 486. Tomar precauciones o vías alternas.,2026-07-06 03:30:00,true
INC_0486,TRM_145_176_0486,Derrumbe,Reporte de Derrumbe activo en el tramo Tramo RN-9 Salcajá (San Lorenzo - Sibinal) - Ref 487. Tomar precauciones o vías alternas.,2026-07-06 01:30:00,false
INC_0487,TRM_146_177_0487,Bloqueo,Reporte de Bloqueo de carreteras por manifestación en el tramo Tramo Ruta Nacional RN-1 (Samayac - Tajumulco) - Ref 488. Tomar precauciones o vías alternas.,2026-07-06 21:30:00,false
INC_0488,TRM_147_178_0488,Trabajos,Reporte de Trabajos de bacheo en el tramo Tramo CA-1 Occidente (San Pablo Jocopilas - Tejutla) - Ref 489. Tomar precauciones o vías alternas.,2026-07-06 02:30:00,true
INC_0489,TRM_148_179_0489,Accidente,Reporte de Accidente vial obstruyendo carril en el tramo Tramo RN-15 Sacapulas (San Antonio Suchitepéquez - San Rafael Pie de la Cuesta) - Ref 490. Tomar precauciones o vías alternas.,2026-07-06 07:30:00,false
INC_0490,TRM_149_180_0490,Fuerte,Reporte de Fuerte neblina y lluvias en el tramo Tramo RN-15 Sacapulas (San Miguel Panán - Nuevo Progreso) - Ref 491. Tomar precauciones o vías alternas.,2026-07-06 05:30:00,false
INC_0491,TRM_150_181_0491,Inundación,Reporte de Inundación por desborde de río en el tramo Tramo RN-9 Salcajá (San Gabriel - El Tumbador) - Ref 492. Tomar precauciones o vías alternas.,2026-07-06 01:30:00,true
INC_0492,TRM_151_182_0492,Derrumbe,Reporte de Derrumbe activo en el tramo Tramo RN-11 Panajachel (Chicacao - El Rodeo) - Ref 493. Tomar precauciones o vías alternas.,2026-07-06 19:30:00,false
INC_0493,TRM_152_183_0493,Bloqueo,Reporte de Bloqueo de carreteras por manifestación en el tramo Tramo RN-7 Cobán-Quiché (Patulul - Malacatán) - Ref 494. Tomar precauciones o vías alternas.,2026-07-06 08:30:00,false
INC_0494,TRM_153_184_0494,Trabajos,Reporte de Trabajos de bacheo en el tramo Tramo RN-15 Sacapulas (Santa Bárbara - Catarina) - Ref 495. Tomar precauciones o vías alternas.,2026-07-06 16:30:00,false
INC_0495,TRM_154_185_0495,Accidente,Reporte de Accidente vial obstruyendo carril en el tramo Tramo RN-9 Salcajá (San Juan Bautista - Ayutla) - Ref 496. Tomar precauciones o vías alternas.,2026-07-06 05:30:00,true
INC_0496,TRM_155_186_0496,Fuerte,Reporte de Fuerte neblina y lluvias en el tramo Tramo RN-7 Cobán-Quiché (Santo Tomás La Unión - Ocós) - Ref 497. Tomar precauciones o vías alternas.,2026-07-06 05:30:00,true
INC_0497,TRM_156_187_0497,Inundación,Reporte de Inundación por desborde de río en el tramo Tramo RN-15 Sacapulas (Zunilito - San Pablo) - Ref 498. Tomar precauciones o vías alternas.,2026-07-06 04:30:00,false
INC_0498,TRM_157_188_0498,Derrumbe,Reporte de Derrumbe activo en el tramo Tramo Ruta Nacional RN-1 (Pueblo Nuevo - El Quetzal) - Ref 499. Tomar precauciones o vías alternas.,2026-07-06 23:30:00,false
INC_0499,TRM_158_189_0499,Bloqueo,Reporte de Bloqueo de carreteras por manifestación en el tramo Tramo RN-11 Panajachel (Río Bravo - La Reforma) - Ref 500. Tomar precauciones o vías alternas.,2026-07-06 18:30:00,true
INC_0500,TRM_159_190_0500,Trabajos,Reporte de Trabajos de bacheo en el tramo Tramo RN-11 Panajachel (San José La Máquina - Pajapita) - Ref 501. Tomar precauciones o vías alternas.,2026-07-06 10:30:00,true
INC_0501,TRM_160_191_0501,Accidente,Reporte de Accidente vial obstruyendo carril en el tramo Tramo RN-9 Salcajá (Retalhuleu - Ixchiguán) - Ref 502. Tomar precauciones o vías alternas.,2026-07-06 17:30:00,true
INC_0502,TRM_161_192_0502,Fuerte,Reporte de Fuerte neblina y lluvias en el tramo Tramo RN-7 Cobán-Quiché (San Sebastián - San José Ojetenam) - Ref 503. Tomar precauciones o vías alternas.,2026-07-06 06:30:00,true
INC_0503,TRM_162_193_0503,Inundación,Reporte de Inundación por desborde de río en el tramo Tramo CA-1 Occidente (Santa Cruz Muluá - San Cristóbal Cucho) - Ref 504. Tomar precauciones o vías alternas.,2026-07-06 20:30:00,false
INC_0504,TRM_163_194_0504,Derrumbe,Reporte de Derrumbe activo en el tramo Tramo RN-9 Salcajá (San Martín Zapotitlán - Sipacapa) - Ref 505. Tomar precauciones o vías alternas.,2026-07-06 10:30:00,true
INC_0505,TRM_164_195_0505,Bloqueo,Reporte de Bloqueo de carreteras por manifestación en el tramo Tramo RN-15 Sacapulas (San Felipe - Esquipulas Palo Gordo) - Ref 506. Tomar precauciones o vías alternas.,2026-07-06 09:30:00,false
INC_0506,TRM_165_196_0506,Trabajos,Reporte de Trabajos de bacheo en el tramo Tramo RN-9 Salcajá (San Andrés Villa Seca - Río Blanco) - Ref 507. Tomar precauciones o vías alternas.,2026-07-06 19:30:00,false
INC_0507,TRM_166_197_0507,Accidente,Reporte de Accidente vial obstruyendo carril en el tramo Tramo RN-9 Salcajá (Champerico - San Lorenzo) - Ref 508. Tomar precauciones o vías alternas.,2026-07-06 01:30:00,true
INC_0508,TRM_167_198_0508,Fuerte,Reporte de Fuerte neblina y lluvias en el tramo Tramo RN-7 Cobán-Quiché (Nuevo San Carlos - La Blanca) - Ref 509. Tomar precauciones o vías alternas.,2026-07-06 22:30:00,true
INC_0509,TRM_168_199_0509,Inundación,Reporte de Inundación por desborde de río en el tramo Tramo RN-15 Sacapulas (El Asintal - Huehuetenango) - Ref 510. Tomar precauciones o vías alternas.,2026-07-06 16:30:00,false
INC_0510,TRM_169_200_0510,Derrumbe,Reporte de Derrumbe activo en el tramo Tramo RN-11 Panajachel (San Marcos - Chiantla) - Ref 511. Tomar precauciones o vías alternas.,2026-07-06 05:30:00,false
INC_0511,TRM_170_201_0511,Bloqueo,Reporte de Bloqueo de carreteras por manifestación en el tramo Tramo RN-15 Sacapulas (San Pedro Sacatepéquez - Malacatancito) - Ref 512. Tomar precauciones o vías alternas.,2026-07-06 13:30:00,true
INC_0512,TRM_171_202_0512,Trabajos,Reporte de Trabajos de bacheo en el tramo Tramo Ruta Nacional RN-1 (San Antonio Sacatepéquez - Cuilco) - Ref 513. Tomar precauciones o vías alternas.,2026-07-06 08:30:00,true
INC_0513,TRM_172_203_0513,Accidente,Reporte de Accidente vial obstruyendo carril en el tramo Tramo RN-9 Salcajá (Comitancillo - Nentón) - Ref 514. Tomar precauciones o vías alternas.,2026-07-06 18:30:00,true
INC_0514,TRM_173_204_0514,Fuerte,Reporte de Fuerte neblina y lluvias en el tramo Tramo Ruta Nacional RN-1 (San Miguel Ixtahuacán - San Pedro Necta) - Ref 515. Tomar precauciones o vías alternas.,2026-07-06 19:30:00,true
INC_0515,TRM_174_205_0515,Inundación,Reporte de Inundación por desborde de río en el tramo Tramo CA-1 Occidente (Concepción Tutuapa - Jacaltenango) - Ref 516. Tomar precauciones o vías alternas.,2026-07-06 05:30:00,false
INC_0516,TRM_175_206_0516,Derrumbe,Reporte de Derrumbe activo en el tramo Tramo CA-1 Occidente (Tacaná - Soloma) - Ref 517. Tomar precauciones o vías alternas.,2026-07-06 19:30:00,true
INC_0517,TRM_176_207_0517,Bloqueo,Reporte de Bloqueo de carreteras por manifestación en el tramo Tramo CA-1 Occidente (Sibinal - Ixtahuacán) - Ref 518. Tomar precauciones o vías alternas.,2026-07-06 04:30:00,true
INC_0518,TRM_177_208_0518,Trabajos,Reporte de Trabajos de bacheo en el tramo Tramo RN-7 Cobán-Quiché (Tajumulco - Santa Bárbara) - Ref 519. Tomar precauciones o vías alternas.,2026-07-06 08:30:00,false
INC_0519,TRM_178_209_0519,Accidente,Reporte de Accidente vial obstruyendo carril en el tramo Tramo RN-11 Panajachel (Tejutla - La Libertad) - Ref 520. Tomar precauciones o vías alternas.,2026-07-06 13:30:00,true
INC_0520,TRM_179_210_0520,Fuerte,Reporte de Fuerte neblina y lluvias en el tramo Tramo RN-15 Sacapulas (San Rafael Pie de la Cuesta - La Democracia) - Ref 521. Tomar precauciones o vías alternas.,2026-07-06 14:30:00,false
INC_0521,TRM_180_211_0521,Inundación,Reporte de Inundación por desborde de río en el tramo Tramo RN-15 Sacapulas (Nuevo Progreso - San Miguel Acatán) - Ref 522. Tomar precauciones o vías alternas.,2026-07-06 08:30:00,true
INC_0522,TRM_181_212_0522,Derrumbe,Reporte de Derrumbe activo en el tramo Tramo RN-7 Cobán-Quiché (El Tumbador - San Rafael La Independencia) - Ref 523. Tomar precauciones o vías alternas.,2026-07-06 19:30:00,false
INC_0523,TRM_182_213_0523,Bloqueo,Reporte de Bloqueo de carreteras por manifestación en el tramo Tramo RN-7 Cobán-Quiché (El Rodeo - Todos Santos Cuchumatán) - Ref 524. Tomar precauciones o vías alternas.,2026-07-06 04:30:00,false
INC_0524,TRM_183_214_0524,Trabajos,Reporte de Trabajos de bacheo en el tramo Tramo RN-11 Panajachel (Malacatán - San Juan Atitán) - Ref 525. Tomar precauciones o vías alternas.,2026-07-06 11:30:00,false
INC_0525,TRM_184_215_0525,Accidente,Reporte de Accidente vial obstruyendo carril en el tramo Tramo RN-7 Cobán-Quiché (Catarina - Santa Eulalia) - Ref 526. Tomar precauciones o vías alternas.,2026-07-06 22:30:00,true
INC_0526,TRM_185_216_0526,Fuerte,Reporte de Fuerte neblina y lluvias en el tramo Tramo RN-7 Cobán-Quiché (Ayutla - San Mateo Ixtatán) - Ref 527. Tomar precauciones o vías alternas.,2026-07-06 04:30:00,false
INC_0527,TRM_186_217_0527,Inundación,Reporte de Inundación por desborde de río en el tramo Tramo RN-9 Salcajá (Ocós - Colotenango) - Ref 528. Tomar precauciones o vías alternas.,2026-07-06 08:30:00,false
INC_0528,TRM_187_218_0528,Derrumbe,Reporte de Derrumbe activo en el tramo Tramo RN-11 Panajachel (San Pablo - San Sebastián Huehuetenango) - Ref 529. Tomar precauciones o vías alternas.,2026-07-06 14:30:00,false
INC_0529,TRM_188_219_0529,Bloqueo,Reporte de Bloqueo de carreteras por manifestación en el tramo Tramo RN-9 Salcajá (El Quetzal - Tectitán) - Ref 530. Tomar precauciones o vías alternas.,2026-07-06 16:30:00,true
INC_0530,TRM_189_220_0530,Trabajos,Reporte de Trabajos de bacheo en el tramo Tramo RN-9 Salcajá (La Reforma - Concepción Huista) - Ref 531. Tomar precauciones o vías alternas.,2026-07-06 06:30:00,false
INC_0531,TRM_190_221_0531,Accidente,Reporte de Accidente vial obstruyendo carril en el tramo Tramo RN-11 Panajachel (Pajapita - San Juan Ixcoy) - Ref 532. Tomar precauciones o vías alternas.,2026-07-06 18:30:00,true
INC_0532,TRM_191_222_0532,Fuerte,Reporte de Fuerte neblina y lluvias en el tramo Tramo Ruta Nacional RN-1 (Ixchiguán - San Antonio Huista) - Ref 533. Tomar precauciones o vías alternas.,2026-07-06 16:30:00,false
INC_0533,TRM_192_223_0533,Inundación,Reporte de Inundación por desborde de río en el tramo Tramo CA-1 Occidente (San José Ojetenam - San Sebastián Coatán) - Ref 534. Tomar precauciones o vías alternas.,2026-07-06 04:30:00,false
INC_0534,TRM_193_224_0534,Derrumbe,Reporte de Derrumbe activo en el tramo Tramo RN-11 Panajachel (San Cristóbal Cucho - Barillas) - Ref 535. Tomar precauciones o vías alternas.,2026-07-06 06:30:00,true
INC_0535,TRM_194_225_0535,Bloqueo,Reporte de Bloqueo de carreteras por manifestación en el tramo Tramo Ruta Nacional RN-1 (Sipacapa - Aguacatán) - Ref 536. Tomar precauciones o vías alternas.,2026-07-06 03:30:00,true
INC_0536,TRM_195_226_0536,Trabajos,Reporte de Trabajos de bacheo en el tramo Tramo CA-1 Occidente (Esquipulas Palo Gordo - San Rafael Petzal) - Ref 537. Tomar precauciones o vías alternas.,2026-07-06 06:30:00,false
INC_0537,TRM_196_227_0537,Accidente,Reporte de Accidente vial obstruyendo carril en el tramo Tramo RN-15 Sacapulas (Río Blanco - San Gaspar Ixchil) - Ref 538. Tomar precauciones o vías alternas.,2026-07-06 18:30:00,false
INC_0538,TRM_197_228_0538,Fuerte,Reporte de Fuerte neblina y lluvias en el tramo Tramo Ruta Nacional RN-1 (San Lorenzo - Santiago Chimaltenango) - Ref 539. Tomar precauciones o vías alternas.,2026-07-06 21:30:00,false
INC_0539,TRM_198_229_0539,Inundación,Reporte de Inundación por desborde de río en el tramo Tramo CA-1 Occidente (La Blanca - Santa Ana Huista) - Ref 540. Tomar precauciones o vías alternas.,2026-07-06 06:30:00,false
INC_0540,TRM_199_230_0540,Derrumbe,Reporte de Derrumbe activo en el tramo Tramo RN-9 Salcajá (Huehuetenango - Unión Cantinil) - Ref 541. Tomar precauciones o vías alternas.,2026-07-06 12:30:00,true
INC_0541,TRM_200_231_0541,Bloqueo,Reporte de Bloqueo de carreteras por manifestación en el tramo Tramo RN-11 Panajachel (Chiantla - Petatán) - Ref 542. Tomar precauciones o vías alternas.,2026-07-06 17:30:00,false
INC_0542,TRM_201_232_0542,Trabajos,Reporte de Trabajos de bacheo en el tramo Tramo RN-11 Panajachel (Malacatancito - Santa Cruz del Quiché) - Ref 543. Tomar precauciones o vías alternas.,2026-07-06 08:30:00,true
INC_0543,TRM_202_233_0543,Accidente,Reporte de Accidente vial obstruyendo carril en el tramo Tramo Ruta Nacional RN-1 (Cuilco - Chiché) - Ref 544. Tomar precauciones o vías alternas.,2026-07-06 23:30:00,true
INC_0544,TRM_203_234_0544,Fuerte,Reporte de Fuerte neblina y lluvias en el tramo Tramo RN-9 Salcajá (Nentón - Chinique) - Ref 545. Tomar precauciones o vías alternas.,2026-07-06 17:30:00,false
INC_0545,TRM_204_235_0545,Inundación,Reporte de Inundación por desborde de río en el tramo Tramo RN-11 Panajachel (San Pedro Necta - Zacualpa) - Ref 546. Tomar precauciones o vías alternas.,2026-07-06 18:30:00,false
INC_0546,TRM_205_236_0546,Derrumbe,Reporte de Derrumbe activo en el tramo Tramo RN-15 Sacapulas (Jacaltenango - Chajul) - Ref 547. Tomar precauciones o vías alternas.,2026-07-06 04:30:00,false
INC_0547,TRM_206_237_0547,Bloqueo,Reporte de Bloqueo de carreteras por manifestación en el tramo Tramo RN-9 Salcajá (Soloma - Chichicastenango) - Ref 548. Tomar precauciones o vías alternas.,2026-07-06 09:30:00,false
INC_0548,TRM_207_238_0548,Trabajos,Reporte de Trabajos de bacheo en el tramo Tramo RN-7 Cobán-Quiché (Ixtahuacán - Patzité) - Ref 549. Tomar precauciones o vías alternas.,2026-07-06 13:30:00,true
INC_0549,TRM_208_239_0549,Accidente,Reporte de Accidente vial obstruyendo carril en el tramo Tramo Ruta Nacional RN-1 (Santa Bárbara - San Antonio Ilotenango) - Ref 550. Tomar precauciones o vías alternas.,2026-07-06 02:30:00,true
INC_0550,TRM_209_240_0550,Fuerte,Reporte de Fuerte neblina y lluvias en el tramo Tramo CA-1 Occidente (La Libertad - San Pedro Jocopilas) - Ref 551. Tomar precauciones o vías alternas.,2026-07-06 19:30:00,false
INC_0551,TRM_210_241_0551,Inundación,Reporte de Inundación por desborde de río en el tramo Tramo RN-15 Sacapulas (La Democracia - Cunén) - Ref 552. Tomar precauciones o vías alternas.,2026-07-06 15:30:00,true
INC_0552,TRM_211_242_0552,Derrumbe,Reporte de Derrumbe activo en el tramo Tramo CA-1 Occidente (San Miguel Acatán - San Juan Cotzal) - Ref 553. Tomar precauciones o vías alternas.,2026-07-06 09:30:00,false
INC_0553,TRM_212_243_0553,Bloqueo,Reporte de Bloqueo de carreteras por manifestación en el tramo Tramo RN-7 Cobán-Quiché (San Rafael La Independencia - Joyabaj) - Ref 554. Tomar precauciones o vías alternas.,2026-07-06 04:30:00,true
INC_0554,TRM_213_244_0554,Trabajos,Reporte de Trabajos de bacheo en el tramo Tramo RN-11 Panajachel (Todos Santos Cuchumatán - Nebaj) - Ref 555. Tomar precauciones o vías alternas.,2026-07-06 13:30:00,false
INC_0555,TRM_214_245_0555,Accidente,Reporte de Accidente vial obstruyendo carril en el tramo Tramo Ruta Nacional RN-1 (San Juan Atitán - San Andrés Sajcabajá) - Ref 556. Tomar precauciones o vías alternas.,2026-07-06 16:30:00,false
INC_0556,TRM_215_246_0556,Fuerte,Reporte de Fuerte neblina y lluvias en el tramo Tramo CA-1 Occidente (Santa Eulalia - Uspantán) - Ref 557. Tomar precauciones o vías alternas.,2026-07-06 05:30:00,true
INC_0557,TRM_216_247_0557,Inundación,Reporte de Inundación por desborde de río en el tramo Tramo RN-11 Panajachel (San Mateo Ixtatán - Sacapulas) - Ref 558. Tomar precauciones o vías alternas.,2026-07-06 21:30:00,true
INC_0558,TRM_217_248_0558,Derrumbe,Reporte de Derrumbe activo en el tramo Tramo RN-9 Salcajá (Colotenango - San Bartolomé Jocotenango) - Ref 559. Tomar precauciones o vías alternas.,2026-07-06 03:30:00,false
INC_0559,TRM_218_249_0559,Bloqueo,Reporte de Bloqueo de carreteras por manifestación en el tramo Tramo Ruta Nacional RN-1 (San Sebastián Huehuetenango - Canillá) - Ref 560. Tomar precauciones o vías alternas.,2026-07-06 21:30:00,true
INC_0560,TRM_219_250_0560,Trabajos,Reporte de Trabajos de bacheo en el tramo Tramo RN-9 Salcajá (Tectitán - Chicamán) - Ref 561. Tomar precauciones o vías alternas.,2026-07-06 03:30:00,true
INC_0561,TRM_220_251_0561,Accidente,Reporte de Accidente vial obstruyendo carril en el tramo Tramo RN-7 Cobán-Quiché (Concepción Huista - Ixcán) - Ref 562. Tomar precauciones o vías alternas.,2026-07-06 19:30:00,true
INC_0562,TRM_221_252_0562,Fuerte,Reporte de Fuerte neblina y lluvias en el tramo Tramo Ruta Nacional RN-1 (San Juan Ixcoy - Pachalum) - Ref 563. Tomar precauciones o vías alternas.,2026-07-06 20:30:00,true
INC_0563,TRM_222_253_0563,Inundación,Reporte de Inundación por desborde de río en el tramo Tramo Ruta Nacional RN-1 (San Antonio Huista - Salamá) - Ref 564. Tomar precauciones o vías alternas.,2026-07-06 01:30:00,true
INC_0564,TRM_223_254_0564,Derrumbe,Reporte de Derrumbe activo en el tramo Tramo RN-15 Sacapulas (San Sebastián Coatán - San Miguel Chicaj) - Ref 565. Tomar precauciones o vías alternas.,2026-07-06 16:30:00,false
INC_0565,TRM_224_255_0565,Bloqueo,Reporte de Bloqueo de carreteras por manifestación en el tramo Tramo RN-15 Sacapulas (Barillas - Rabinal) - Ref 566. Tomar precauciones o vías alternas.,2026-07-06 08:30:00,false
INC_0566,TRM_225_256_0566,Trabajos,Reporte de Trabajos de bacheo en el tramo Tramo RN-11 Panajachel (Aguacatán - Cubulco) - Ref 567. Tomar precauciones o vías alternas.,2026-07-06 07:30:00,true
INC_0567,TRM_226_257_0567,Accidente,Reporte de Accidente vial obstruyendo carril en el tramo Tramo RN-7 Cobán-Quiché (San Rafael Petzal - Granados) - Ref 568. Tomar precauciones o vías alternas.,2026-07-06 06:30:00,false
INC_0568,TRM_227_258_0568,Fuerte,Reporte de Fuerte neblina y lluvias en el tramo Tramo RN-7 Cobán-Quiché (San Gaspar Ixchil - El Chol) - Ref 569. Tomar precauciones o vías alternas.,2026-07-06 20:30:00,false
INC_0569,TRM_228_259_0569,Inundación,Reporte de Inundación por desborde de río en el tramo Tramo RN-15 Sacapulas (Santiago Chimaltenango - San Jerónimo) - Ref 570. Tomar precauciones o vías alternas.,2026-07-06 05:30:00,true
INC_0570,TRM_229_260_0570,Derrumbe,Reporte de Derrumbe activo en el tramo Tramo RN-9 Salcajá (Santa Ana Huista - Purulhá) - Ref 571. Tomar precauciones o vías alternas.,2026-07-06 21:30:00,true
INC_0571,TRM_230_261_0571,Bloqueo,Reporte de Bloqueo de carreteras por manifestación en el tramo Tramo RN-15 Sacapulas (Unión Cantinil - Cobán) - Ref 572. Tomar precauciones o vías alternas.,2026-07-06 09:30:00,true
INC_0572,TRM_231_262_0572,Trabajos,Reporte de Trabajos de bacheo en el tramo Tramo RN-11 Panajachel (Petatán - Santa Cruz Verapaz) - Ref 573. Tomar precauciones o vías alternas.,2026-07-06 11:30:00,false
INC_0573,TRM_232_263_0573,Accidente,Reporte de Accidente vial obstruyendo carril en el tramo Tramo Ruta Nacional RN-1 (Santa Cruz del Quiché - San Cristóbal Verapaz) - Ref 574. Tomar precauciones o vías alternas.,2026-07-06 06:30:00,true
INC_0574,TRM_233_264_0574,Fuerte,Reporte de Fuerte neblina y lluvias en el tramo Tramo CA-1 Occidente (Chiché - Tactic) - Ref 575. Tomar precauciones o vías alternas.,2026-07-06 20:30:00,false
INC_0575,TRM_234_265_0575,Inundación,Reporte de Inundación por desborde de río en el tramo Tramo Ruta Nacional RN-1 (Chinique - Tamahú) - Ref 576. Tomar precauciones o vías alternas.,2026-07-06 05:30:00,false
INC_0576,TRM_235_266_0576,Derrumbe,Reporte de Derrumbe activo en el tramo Tramo RN-11 Panajachel (Zacualpa - Tucurú) - Ref 577. Tomar precauciones o vías alternas.,2026-07-06 02:30:00,true
INC_0577,TRM_236_267_0577,Bloqueo,Reporte de Bloqueo de carreteras por manifestación en el tramo Tramo Ruta Nacional RN-1 (Chajul - Panzós) - Ref 578. Tomar precauciones o vías alternas.,2026-07-06 22:30:00,false
INC_0578,TRM_237_268_0578,Trabajos,Reporte de Trabajos de bacheo en el tramo Tramo CA-1 Occidente (Chichicastenango - Senahú) - Ref 579. Tomar precauciones o vías alternas.,2026-07-06 01:30:00,true
INC_0579,TRM_238_269_0579,Accidente,Reporte de Accidente vial obstruyendo carril en el tramo Tramo RN-11 Panajachel (Patzité - San Pedro Carchá) - Ref 580. Tomar precauciones o vías alternas.,2026-07-06 09:30:00,true
INC_0580,TRM_239_270_0580,Fuerte,Reporte de Fuerte neblina y lluvias en el tramo Tramo RN-7 Cobán-Quiché (San Antonio Ilotenango - San Juan Chamelco) - Ref 581. Tomar precauciones o vías alternas.,2026-07-06 03:30:00,true
INC_0581,TRM_240_271_0581,Inundación,Reporte de Inundación por desborde de río en el tramo Tramo RN-7 Cobán-Quiché (San Pedro Jocopilas - Lanquín) - Ref 582. Tomar precauciones o vías alternas.,2026-07-06 10:30:00,true
INC_0582,TRM_241_272_0582,Derrumbe,Reporte de Derrumbe activo en el tramo Tramo Ruta Nacional RN-1 (Cunén - Cahabón) - Ref 583. Tomar precauciones o vías alternas.,2026-07-06 14:30:00,false
INC_0583,TRM_242_273_0583,Bloqueo,Reporte de Bloqueo de carreteras por manifestación en el tramo Tramo RN-9 Salcajá (San Juan Cotzal - Chisec) - Ref 584. Tomar precauciones o vías alternas.,2026-07-06 16:30:00,false
INC_0584,TRM_243_274_0584,Trabajos,Reporte de Trabajos de bacheo en el tramo Tramo RN-9 Salcajá (Joyabaj - Chahal) - Ref 585. Tomar precauciones o vías alternas.,2026-07-06 08:30:00,true
INC_0585,TRM_244_275_0585,Accidente,Reporte de Accidente vial obstruyendo carril en el tramo Tramo CA-1 Occidente (Nebaj - Fray Bartolomé de Las Casas) - Ref 586. Tomar precauciones o vías alternas.,2026-07-06 05:30:00,false
INC_0586,TRM_245_276_0586,Fuerte,Reporte de Fuerte neblina y lluvias en el tramo Tramo CA-1 Occidente (San Andrés Sajcabajá - Santa Catalina La Tinta) - Ref 587. Tomar precauciones o vías alternas.,2026-07-06 12:30:00,true
INC_0587,TRM_246_277_0587,Inundación,Reporte de Inundación por desborde de río en el tramo Tramo RN-11 Panajachel (Uspantán - Raxruhá) - Ref 588. Tomar precauciones o vías alternas.,2026-07-06 12:30:00,false
INC_0588,TRM_247_278_0588,Derrumbe,Reporte de Derrumbe activo en el tramo Tramo Ruta Nacional RN-1 (Sacapulas - Flores) - Ref 589. Tomar precauciones o vías alternas.,2026-07-06 18:30:00,true
INC_0589,TRM_248_279_0589,Bloqueo,Reporte de Bloqueo de carreteras por manifestación en el tramo Tramo RN-11 Panajachel (San Bartolomé Jocotenango - San José) - Ref 590. Tomar precauciones o vías alternas.,2026-07-06 21:30:00,false
INC_0590,TRM_249_280_0590,Trabajos,Reporte de Trabajos de bacheo en el tramo Tramo CA-1 Occidente (Canillá - San Benito) - Ref 591. Tomar precauciones o vías alternas.,2026-07-06 12:30:00,true
INC_0591,TRM_250_281_0591,Accidente,Reporte de Accidente vial obstruyendo carril en el tramo Tramo RN-15 Sacapulas (Chicamán - San Andrés) - Ref 592. Tomar precauciones o vías alternas.,2026-07-06 07:30:00,true
INC_0592,TRM_251_282_0592,Fuerte,Reporte de Fuerte neblina y lluvias en el tramo Tramo CA-1 Occidente (Ixcán - La Libertad) - Ref 593. Tomar precauciones o vías alternas.,2026-07-06 16:30:00,false
INC_0593,TRM_252_283_0593,Inundación,Reporte de Inundación por desborde de río en el tramo Tramo Ruta Nacional RN-1 (Pachalum - San Francisco) - Ref 594. Tomar precauciones o vías alternas.,2026-07-06 20:30:00,false
INC_0594,TRM_253_284_0594,Derrumbe,Reporte de Derrumbe activo en el tramo Tramo RN-9 Salcajá (Salamá - Santa Ana) - Ref 595. Tomar precauciones o vías alternas.,2026-07-06 11:30:00,false
INC_0595,TRM_254_285_0595,Bloqueo,Reporte de Bloqueo de carreteras por manifestación en el tramo Tramo RN-11 Panajachel (San Miguel Chicaj - Dolores) - Ref 596. Tomar precauciones o vías alternas.,2026-07-06 09:30:00,false
INC_0596,TRM_255_286_0596,Trabajos,Reporte de Trabajos de bacheo en el tramo Tramo Ruta Nacional RN-1 (Rabinal - San Luis) - Ref 597. Tomar precauciones o vías alternas.,2026-07-06 14:30:00,true
INC_0597,TRM_256_287_0597,Accidente,Reporte de Accidente vial obstruyendo carril en el tramo Tramo RN-15 Sacapulas (Cubulco - Sayaxché) - Ref 598. Tomar precauciones o vías alternas.,2026-07-06 08:30:00,true
INC_0598,TRM_257_288_0598,Fuerte,Reporte de Fuerte neblina y lluvias en el tramo Tramo RN-7 Cobán-Quiché (Granados - Melchor de Mencos) - Ref 599. Tomar precauciones o vías alternas.,2026-07-06 07:30:00,true
INC_0599,TRM_258_289_0599,Inundación,Reporte de Inundación por desborde de río en el tramo Tramo RN-9 Salcajá (El Chol - Poptún) - Ref 600. Tomar precauciones o vías alternas.,2026-07-06 14:30:00,false
INC_0600,TRM_259_290_0600,Derrumbe,Reporte de Derrumbe activo en el tramo Tramo RN-15 Sacapulas (San Jerónimo - Las Cruces) - Ref 601. Tomar precauciones o vías alternas.,2026-07-06 17:30:00,false
INC_0601,TRM_260_291_0601,Bloqueo,Reporte de Bloqueo de carreteras por manifestación en el tramo Tramo RN-15 Sacapulas (Purulhá - El Chal) - Ref 602. Tomar precauciones o vías alternas.,2026-07-06 09:30:00,true
INC_0602,TRM_261_292_0602,Trabajos,Reporte de Trabajos de bacheo en el tramo Tramo Ruta Nacional RN-1 (Cobán - Puerto Barrios) - Ref 603. Tomar precauciones o vías alternas.,2026-07-06 13:30:00,false
INC_0603,TRM_262_293_0603,Accidente,Reporte de Accidente vial obstruyendo carril en el tramo Tramo CA-1 Occidente (Santa Cruz Verapaz - Lívingston) - Ref 604. Tomar precauciones o vías alternas.,2026-07-06 21:30:00,false
INC_0604,TRM_263_294_0604,Fuerte,Reporte de Fuerte neblina y lluvias en el tramo Tramo RN-15 Sacapulas (San Cristóbal Verapaz - El Estor) - Ref 605. Tomar precauciones o vías alternas.,2026-07-06 19:30:00,true
INC_0605,TRM_264_295_0605,Inundación,Reporte de Inundación por desborde de río en el tramo Tramo RN-9 Salcajá (Tactic - Morales) - Ref 606. Tomar precauciones o vías alternas.,2026-07-06 18:30:00,false
INC_0606,TRM_265_296_0606,Derrumbe,Reporte de Derrumbe activo en el tramo Tramo RN-9 Salcajá (Tamahú - Los Amates) - Ref 607. Tomar precauciones o vías alternas.,2026-07-06 18:30:00,true
INC_0607,TRM_266_297_0607,Bloqueo,Reporte de Bloqueo de carreteras por manifestación en el tramo Tramo RN-9 Salcajá (Tucurú - Zacapa) - Ref 608. Tomar precauciones o vías alternas.,2026-07-06 17:30:00,false
INC_0608,TRM_267_298_0608,Trabajos,Reporte de Trabajos de bacheo en el tramo Tramo RN-7 Cobán-Quiché (Panzós - Estanzuela) - Ref 609. Tomar precauciones o vías alternas.,2026-07-06 07:30:00,true
INC_0609,TRM_268_299_0609,Accidente,Reporte de Accidente vial obstruyendo carril en el tramo Tramo CA-1 Occidente (Senahú - Río Hondo) - Ref 610. Tomar precauciones o vías alternas.,2026-07-06 19:30:00,true
INC_0610,TRM_269_300_0610,Fuerte,Reporte de Fuerte neblina y lluvias en el tramo Tramo RN-15 Sacapulas (San Pedro Carchá - Gualán) - Ref 611. Tomar precauciones o vías alternas.,2026-07-06 16:30:00,false
INC_0611,TRM_270_301_0611,Inundación,Reporte de Inundación por desborde de río en el tramo Tramo RN-9 Salcajá (San Juan Chamelco - Teculután) - Ref 612. Tomar precauciones o vías alternas.,2026-07-06 10:30:00,false
INC_0612,TRM_271_302_0612,Derrumbe,Reporte de Derrumbe activo en el tramo Tramo RN-15 Sacapulas (Lanquín - Usumatlán) - Ref 613. Tomar precauciones o vías alternas.,2026-07-06 05:30:00,false
INC_0613,TRM_272_303_0613,Bloqueo,Reporte de Bloqueo de carreteras por manifestación en el tramo Tramo RN-7 Cobán-Quiché (Cahabón - Cabañas) - Ref 614. Tomar precauciones o vías alternas.,2026-07-06 20:30:00,false
INC_0614,TRM_273_304_0614,Trabajos,Reporte de Trabajos de bacheo en el tramo Tramo Ruta Nacional RN-1 (Chisec - San Diego) - Ref 615. Tomar precauciones o vías alternas.,2026-07-06 20:30:00,false
INC_0615,TRM_274_305_0615,Accidente,Reporte de Accidente vial obstruyendo carril en el tramo Tramo RN-11 Panajachel (Chahal - La Unión) - Ref 616. Tomar precauciones o vías alternas.,2026-07-06 07:30:00,false
INC_0616,TRM_275_306_0616,Fuerte,Reporte de Fuerte neblina y lluvias en el tramo Tramo RN-15 Sacapulas (Fray Bartolomé de Las Casas - Huité) - Ref 617. Tomar precauciones o vías alternas.,2026-07-06 13:30:00,false
INC_0617,TRM_276_307_0617,Inundación,Reporte de Inundación por desborde de río en el tramo Tramo RN-7 Cobán-Quiché (Santa Catalina La Tinta - San Jorge) - Ref 618. Tomar precauciones o vías alternas.,2026-07-06 08:30:00,true
INC_0618,TRM_277_308_0618,Derrumbe,Reporte de Derrumbe activo en el tramo Tramo Ruta Nacional RN-1 (Raxruhá - Chiquimula) - Ref 619. Tomar precauciones o vías alternas.,2026-07-06 03:30:00,true
INC_0619,TRM_278_309_0619,Bloqueo,Reporte de Bloqueo de carreteras por manifestación en el tramo Tramo Ruta Nacional RN-1 (Flores - San José La Arada) - Ref 620. Tomar precauciones o vías alternas.,2026-07-06 09:30:00,false
INC_0620,TRM_279_310_0620,Trabajos,Reporte de Trabajos de bacheo en el tramo Tramo RN-11 Panajachel (San José - San Juan Ermita) - Ref 621. Tomar precauciones o vías alternas.,2026-07-06 15:30:00,false
INC_0621,TRM_280_311_0621,Accidente,Reporte de Accidente vial obstruyendo carril en el tramo Tramo RN-9 Salcajá (San Benito - Jocotán) - Ref 622. Tomar precauciones o vías alternas.,2026-07-06 23:30:00,true
INC_0622,TRM_281_312_0622,Fuerte,Reporte de Fuerte neblina y lluvias en el tramo Tramo RN-11 Panajachel (San Andrés - Camotán) - Ref 623. Tomar precauciones o vías alternas.,2026-07-06 04:30:00,false
INC_0623,TRM_282_313_0623,Inundación,Reporte de Inundación por desborde de río en el tramo Tramo CA-1 Occidente (La Libertad - Olopa) - Ref 624. Tomar precauciones o vías alternas.,2026-07-06 03:30:00,false
INC_0624,TRM_283_314_0624,Derrumbe,Reporte de Derrumbe activo en el tramo Tramo RN-9 Salcajá (San Francisco - Esquipulas) - Ref 625. Tomar precauciones o vías alternas.,2026-07-06 08:30:00,true
INC_0625,TRM_284_315_0625,Bloqueo,Reporte de Bloqueo de carreteras por manifestación en el tramo Tramo RN-9 Salcajá (Santa Ana - Concepción Las Minas) - Ref 626. Tomar precauciones o vías alternas.,2026-07-06 20:30:00,false
INC_0626,TRM_285_316_0626,Trabajos,Reporte de Trabajos de bacheo en el tramo Tramo RN-11 Panajachel (Dolores - Quezaltepeque) - Ref 627. Tomar precauciones o vías alternas.,2026-07-06 01:30:00,false
INC_0627,TRM_286_317_0627,Accidente,Reporte de Accidente vial obstruyendo carril en el tramo Tramo Ruta Nacional RN-1 (San Luis - San Jacinto) - Ref 628. Tomar precauciones o vías alternas.,2026-07-06 22:30:00,true
INC_0628,TRM_287_318_0628,Fuerte,Reporte de Fuerte neblina y lluvias en el tramo Tramo RN-15 Sacapulas (Sayaxché - Ipala) - Ref 629. Tomar precauciones o vías alternas.,2026-07-06 01:30:00,true
INC_0629,TRM_288_319_0629,Inundación,Reporte de Inundación por desborde de río en el tramo Tramo RN-15 Sacapulas (Melchor de Mencos - Jalapa) - Ref 630. Tomar precauciones o vías alternas.,2026-07-06 17:30:00,false
INC_0630,TRM_289_320_0630,Derrumbe,Reporte de Derrumbe activo en el tramo Tramo Ruta Nacional RN-1 (Poptún - San Pedro Pinula) - Ref 631. Tomar precauciones o vías alternas.,2026-07-06 14:30:00,false
INC_0631,TRM_290_321_0631,Bloqueo,Reporte de Bloqueo de carreteras por manifestación en el tramo Tramo RN-15 Sacapulas (Las Cruces - San Luis Jilotepeque) - Ref 632. Tomar precauciones o vías alternas.,2026-07-06 09:30:00,false
INC_0632,TRM_291_322_0632,Trabajos,Reporte de Trabajos de bacheo en el tramo Tramo RN-7 Cobán-Quiché (El Chal - San Manuel Chaparrón) - Ref 633. Tomar precauciones o vías alternas.,2026-07-06 19:30:00,false
INC_0633,TRM_292_323_0633,Accidente,Reporte de Accidente vial obstruyendo carril en el tramo Tramo Ruta Nacional RN-1 (Puerto Barrios - San Carlos Alzatate) - Ref 634. Tomar precauciones o vías alternas.,2026-07-06 16:30:00,false
INC_0634,TRM_293_324_0634,Fuerte,Reporte de Fuerte neblina y lluvias en el tramo Tramo RN-9 Salcajá (Lívingston - Monjas) - Ref 635. Tomar precauciones o vías alternas.,2026-07-06 12:30:00,false
INC_0635,TRM_294_325_0635,Inundación,Reporte de Inundación por desborde de río en el tramo Tramo Ruta Nacional RN-1 (El Estor - Mataquescuintla) - Ref 636. Tomar precauciones o vías alternas.,2026-07-06 08:30:00,false
INC_0636,TRM_295_326_0636,Derrumbe,Reporte de Derrumbe activo en el tramo Tramo Ruta Nacional RN-1 (Morales - Jutiapa) - Ref 637. Tomar precauciones o vías alternas.,2026-07-06 06:30:00,false
INC_0637,TRM_296_327_0637,Bloqueo,Reporte de Bloqueo de carreteras por manifestación en el tramo Tramo RN-15 Sacapulas (Los Amates - El Progreso) - Ref 638. Tomar precauciones o vías alternas.,2026-07-06 22:30:00,true
INC_0638,TRM_297_328_0638,Trabajos,Reporte de Trabajos de bacheo en el tramo Tramo RN-15 Sacapulas (Zacapa - Santa Catarina Mita) - Ref 639. Tomar precauciones o vías alternas.,2026-07-06 07:30:00,true
INC_0639,TRM_298_329_0639,Accidente,Reporte de Accidente vial obstruyendo carril en el tramo Tramo RN-9 Salcajá (Estanzuela - Agua Blanca) - Ref 640. Tomar precauciones o vías alternas.,2026-07-06 14:30:00,false
INC_0640,TRM_299_330_0640,Fuerte,Reporte de Fuerte neblina y lluvias en el tramo Tramo RN-11 Panajachel (Río Hondo - Asunción Mita) - Ref 641. Tomar precauciones o vías alternas.,2026-07-06 06:30:00,true
INC_0641,TRM_300_331_0641,Inundación,Reporte de Inundación por desborde de río en el tramo Tramo RN-9 Salcajá (Gualán - Yupiltepeque) - Ref 642. Tomar precauciones o vías alternas.,2026-07-06 01:30:00,true
INC_0642,TRM_301_332_0642,Derrumbe,Reporte de Derrumbe activo en el tramo Tramo CA-1 Occidente (Teculután - Atescatempa) - Ref 643. Tomar precauciones o vías alternas.,2026-07-06 06:30:00,true
INC_0643,TRM_302_333_0643,Bloqueo,Reporte de Bloqueo de carreteras por manifestación en el tramo Tramo RN-7 Cobán-Quiché (Usumatlán - Jerez) - Ref 644. Tomar precauciones o vías alternas.,2026-07-06 01:30:00,false
INC_0644,TRM_303_334_0644,Trabajos,Reporte de Trabajos de bacheo en el tramo Tramo RN-9 Salcajá (Cabañas - El Adelanto) - Ref 645. Tomar precauciones o vías alternas.,2026-07-06 08:30:00,true
INC_0645,TRM_304_335_0645,Accidente,Reporte de Accidente vial obstruyendo carril en el tramo Tramo RN-11 Panajachel (San Diego - Zapotitlán) - Ref 646. Tomar precauciones o vías alternas.,2026-07-06 09:30:00,false
INC_0646,TRM_305_336_0646,Fuerte,Reporte de Fuerte neblina y lluvias en el tramo Tramo RN-9 Salcajá (La Unión - Comapa) - Ref 647. Tomar precauciones o vías alternas.,2026-07-06 15:30:00,false
INC_0647,TRM_306_337_0647,Inundación,Reporte de Inundación por desborde de río en el tramo Tramo RN-7 Cobán-Quiché (Huité - Jalpatagua) - Ref 648. Tomar precauciones o vías alternas.,2026-07-06 18:30:00,true
INC_0648,TRM_307_338_0648,Derrumbe,Reporte de Derrumbe activo en el tramo Tramo RN-7 Cobán-Quiché (San Jorge - Conguaco) - Ref 649. Tomar precauciones o vías alternas.,2026-07-06 20:30:00,false
INC_0649,TRM_308_339_0649,Bloqueo,Reporte de Bloqueo de carreteras por manifestación en el tramo Tramo RN-11 Panajachel (Chiquimula - Moyuta) - Ref 650. Tomar precauciones o vías alternas.,2026-07-06 06:30:00,false
INC_0650,TRM_309_340_0650,Trabajos,Reporte de Trabajos de bacheo en el tramo Tramo RN-15 Sacapulas (San José La Arada - Pasaco) - Ref 651. Tomar precauciones o vías alternas.,2026-07-06 09:30:00,true
INC_0651,TRM_310_341_0651,Accidente,Reporte de Accidente vial obstruyendo carril en el tramo Tramo RN-15 Sacapulas (San Juan Ermita - San José Acatempa) - Ref 652. Tomar precauciones o vías alternas.,2026-07-06 17:30:00,false
INC_0652,TRM_311_342_0652,Fuerte,Reporte de Fuerte neblina y lluvias en el tramo Tramo Ruta Nacional RN-1 (Jocotán - Quesada) - Ref 653. Tomar precauciones o vías alternas.,2026-07-06 10:30:00,true
INC_0653,TRM_312_1_0653,Inundación,Reporte de Inundación por desborde de río en el tramo Tramo Ruta Nacional RN-1 (Camotán - Lago De Amatitlan) - Ref 654. Tomar precauciones o vías alternas.,2026-07-06 19:30:00,false
INC_0654,TRM_313_2_0654,Derrumbe,Reporte de Derrumbe activo en el tramo Tramo RN-7 Cobán-Quiché (Olopa - Guatemala) - Ref 655. Tomar precauciones o vías alternas.,2026-07-06 22:30:00,true
INC_0655,TRM_314_3_0655,Bloqueo,Reporte de Bloqueo de carreteras por manifestación en el tramo Tramo RN-15 Sacapulas (Esquipulas - Santa Catarina Pinula) - Ref 656. Tomar precauciones o vías alternas.,2026-07-06 21:30:00,false
INC_0656,TRM_315_4_0656,Trabajos,Reporte de Trabajos de bacheo en el tramo Tramo Ruta Nacional RN-1 (Concepción Las Minas - San José Pinula) - Ref 657. Tomar precauciones o vías alternas.,2026-07-06 04:30:00,false
INC_0657,TRM_316_5_0657,Accidente,Reporte de Accidente vial obstruyendo carril en el tramo Tramo RN-9 Salcajá (Quezaltepeque - San José del Golfo) - Ref 658. Tomar precauciones o vías alternas.,2026-07-06 19:30:00,false
INC_0658,TRM_317_6_0658,Fuerte,Reporte de Fuerte neblina y lluvias en el tramo Tramo CA-1 Occidente (San Jacinto - Palencia) - Ref 659. Tomar precauciones o vías alternas.,2026-07-06 20:30:00,false
INC_0659,TRM_318_7_0659,Inundación,Reporte de Inundación por desborde de río en el tramo Tramo RN-11 Panajachel (Ipala - Chinautla) - Ref 660. Tomar precauciones o vías alternas.,2026-07-06 01:30:00,false
INC_0660,TRM_319_8_0660,Derrumbe,Reporte de Derrumbe activo en el tramo Tramo RN-7 Cobán-Quiché (Jalapa - San Pedro Ayampuc) - Ref 661. Tomar precauciones o vías alternas.,2026-07-06 02:30:00,false
INC_0661,TRM_320_9_0661,Bloqueo,Reporte de Bloqueo de carreteras por manifestación en el tramo Tramo CA-1 Occidente (San Pedro Pinula - Mixco) - Ref 662. Tomar precauciones o vías alternas.,2026-07-06 09:30:00,false
INC_0662,TRM_321_10_0662,Trabajos,Reporte de Trabajos de bacheo en el tramo Tramo RN-11 Panajachel (San Luis Jilotepeque - San Pedro Sacatepéquez) - Ref 663. Tomar precauciones o vías alternas.,2026-07-06 02:30:00,true
INC_0663,TRM_322_11_0663,Accidente,Reporte de Accidente vial obstruyendo carril en el tramo Tramo Ruta Nacional RN-1 (San Manuel Chaparrón - San Juan Sacatepéquez) - Ref 664. Tomar precauciones o vías alternas.,2026-07-06 05:30:00,true
INC_0664,TRM_323_12_0664,Fuerte,Reporte de Fuerte neblina y lluvias en el tramo Tramo RN-7 Cobán-Quiché (San Carlos Alzatate - San Raimundo) - Ref 665. Tomar precauciones o vías alternas.,2026-07-06 21:30:00,true
INC_0665,TRM_324_13_0665,Inundación,Reporte de Inundación por desborde de río en el tramo Tramo Ruta Nacional RN-1 (Monjas - Chuarrancho) - Ref 666. Tomar precauciones o vías alternas.,2026-07-06 04:30:00,true
INC_0666,TRM_325_14_0666,Derrumbe,Reporte de Derrumbe activo en el tramo Tramo RN-9 Salcajá (Mataquescuintla - Fraijanes) - Ref 667. Tomar precauciones o vías alternas.,2026-07-06 04:30:00,false
INC_0667,TRM_326_15_0667,Bloqueo,Reporte de Bloqueo de carreteras por manifestación en el tramo Tramo CA-1 Occidente (Jutiapa - Amatitlán) - Ref 668. Tomar precauciones o vías alternas.,2026-07-06 19:30:00,false
INC_0668,TRM_327_16_0668,Trabajos,Reporte de Trabajos de bacheo en el tramo Tramo RN-15 Sacapulas (El Progreso - Villa Nueva) - Ref 669. Tomar precauciones o vías alternas.,2026-07-06 10:30:00,false
INC_0669,TRM_328_17_0669,Accidente,Reporte de Accidente vial obstruyendo carril en el tramo Tramo Ruta Nacional RN-1 (Santa Catarina Mita - Villa Canales) - Ref 670. Tomar precauciones o vías alternas.,2026-07-06 05:30:00,true
INC_0670,TRM_329_18_0670,Fuerte,Reporte de Fuerte neblina y lluvias en el tramo Tramo RN-11 Panajachel (Agua Blanca - Petapa) - Ref 671. Tomar precauciones o vías alternas.,2026-07-06 10:30:00,false
INC_0671,TRM_330_19_0671,Inundación,Reporte de Inundación por desborde de río en el tramo Tramo RN-11 Panajachel (Asunción Mita - Guastatoya) - Ref 672. Tomar precauciones o vías alternas.,2026-07-06 22:30:00,false
INC_0672,TRM_331_20_0672,Derrumbe,Reporte de Derrumbe activo en el tramo Tramo RN-15 Sacapulas (Yupiltepeque - Morazán) - Ref 673. Tomar precauciones o vías alternas.,2026-07-06 22:30:00,true
INC_0673,TRM_332_21_0673,Bloqueo,Reporte de Bloqueo de carreteras por manifestación en el tramo Tramo RN-15 Sacapulas (Atescatempa - San Agustín Acasaguastlán) - Ref 674. Tomar precauciones o vías alternas.,2026-07-06 17:30:00,true
INC_0674,TRM_333_22_0674,Trabajos,Reporte de Trabajos de bacheo en el tramo Tramo CA-1 Occidente (Jerez - San Cristóbal Acasaguastlán) - Ref 675. Tomar precauciones o vías alternas.,2026-07-06 22:30:00,false
INC_0675,TRM_334_23_0675,Accidente,Reporte de Accidente vial obstruyendo carril en el tramo Tramo RN-11 Panajachel (El Adelanto - El Jícaro) - Ref 676. Tomar precauciones o vías alternas.,2026-07-06 17:30:00,false
INC_0676,TRM_335_24_0676,Fuerte,Reporte de Fuerte neblina y lluvias en el tramo Tramo RN-7 Cobán-Quiché (Zapotitlán - Sanarate) - Ref 677. Tomar precauciones o vías alternas.,2026-07-06 05:30:00,true
INC_0677,TRM_336_25_0677,Inundación,Reporte de Inundación por desborde de río en el tramo Tramo RN-7 Cobán-Quiché (Comapa - Sansare) - Ref 678. Tomar precauciones o vías alternas.,2026-07-06 14:30:00,false
INC_0678,TRM_337_26_0678,Derrumbe,Reporte de Derrumbe activo en el tramo Tramo RN-15 Sacapulas (Jalpatagua - San Antonio La Paz) - Ref 679. Tomar precauciones o vías alternas.,2026-07-06 07:30:00,false
INC_0679,TRM_338_27_0679,Bloqueo,Reporte de Bloqueo de carreteras por manifestación en el tramo Tramo RN-9 Salcajá (Conguaco - Antigua Guatemala) - Ref 680. Tomar precauciones o vías alternas.,2026-07-06 20:30:00,false
INC_0680,TRM_339_28_0680,Trabajos,Reporte de Trabajos de bacheo en el tramo Tramo RN-7 Cobán-Quiché (Moyuta - Jocotenango) - Ref 681. Tomar precauciones o vías alternas.,2026-07-06 07:30:00,false
INC_0681,TRM_340_29_0681,Accidente,Reporte de Accidente vial obstruyendo carril en el tramo Tramo CA-1 Occidente (Pasaco - Pastores) - Ref 682. Tomar precauciones o vías alternas.,2026-07-06 14:30:00,false
INC_0682,TRM_341_30_0682,Fuerte,Reporte de Fuerte neblina y lluvias en el tramo Tramo CA-1 Occidente (San José Acatempa - Sumpango) - Ref 683. Tomar precauciones o vías alternas.,2026-07-06 02:30:00,false
INC_0683,TRM_342_31_0683,Inundación,Reporte de Inundación por desborde de río en el tramo Tramo RN-15 Sacapulas (Quesada - Santo Domingo Xenacoj) - Ref 684. Tomar precauciones o vías alternas.,2026-07-06 09:30:00,true
INC_0684,TRM_1_32_0684,Derrumbe,Reporte de Derrumbe activo en el tramo Tramo RN-7 Cobán-Quiché (Lago De Amatitlan - Santiago Sacatepéquez) - Ref 685. Tomar precauciones o vías alternas.,2026-07-06 06:30:00,true
INC_0685,TRM_2_33_0685,Bloqueo,Reporte de Bloqueo de carreteras por manifestación en el tramo Tramo CA-1 Occidente (Guatemala - San Bartolomé Milpas Altas) - Ref 686. Tomar precauciones o vías alternas.,2026-07-06 01:30:00,false
INC_0686,TRM_3_34_0686,Trabajos,Reporte de Trabajos de bacheo en el tramo Tramo RN-9 Salcajá (Santa Catarina Pinula - San Lucas Sacatepéquez) - Ref 687. Tomar precauciones o vías alternas.,2026-07-06 18:30:00,true
INC_0687,TRM_4_35_0687,Accidente,Reporte de Accidente vial obstruyendo carril en el tramo Tramo Ruta Nacional RN-1 (San José Pinula - Santa Lucía Milpas Altas) - Ref 688. Tomar precauciones o vías alternas.,2026-07-06 07:30:00,true
INC_0688,TRM_5_36_0688,Fuerte,Reporte de Fuerte neblina y lluvias en el tramo Tramo RN-15 Sacapulas (San José del Golfo - Magdalena Milpas Altas) - Ref 689. Tomar precauciones o vías alternas.,2026-07-06 20:30:00,false
INC_0689,TRM_6_37_0689,Inundación,Reporte de Inundación por desborde de río en el tramo Tramo CA-1 Occidente (Palencia - Santa María de Jesús) - Ref 690. Tomar precauciones o vías alternas.,2026-07-06 08:30:00,true
INC_0690,TRM_7_38_0690,Derrumbe,Reporte de Derrumbe activo en el tramo Tramo RN-11 Panajachel (Chinautla - Ciudad Vieja) - Ref 691. Tomar precauciones o vías alternas.,2026-07-06 05:30:00,true
INC_0691,TRM_8_39_0691,Bloqueo,Reporte de Bloqueo de carreteras por manifestación en el tramo Tramo RN-7 Cobán-Quiché (San Pedro Ayampuc - San Miguel Dueñas) - Ref 692. Tomar precauciones o vías alternas.,2026-07-06 12:30:00,true
INC_0692,TRM_9_40_0692,Trabajos,Reporte de Trabajos de bacheo en el tramo Tramo Ruta Nacional RN-1 (Mixco - Alotenango) - Ref 693. Tomar precauciones o vías alternas.,2026-07-06 03:30:00,false
INC_0693,TRM_10_41_0693,Accidente,Reporte de Accidente vial obstruyendo carril en el tramo Tramo RN-7 Cobán-Quiché (San Pedro Sacatepéquez - San Antonio Aguas Calientes) - Ref 694. Tomar precauciones o vías alternas.,2026-07-06 02:30:00,true
INC_0694,TRM_11_42_0694,Fuerte,Reporte de Fuerte neblina y lluvias en el tramo Tramo CA-1 Occidente (San Juan Sacatepéquez - Santa Catarina Barahona) - Ref 695. Tomar precauciones o vías alternas.,2026-07-06 04:30:00,true
INC_0695,TRM_12_43_0695,Inundación,Reporte de Inundación por desborde de río en el tramo Tramo RN-11 Panajachel (San Raimundo - Chimaltenango) - Ref 696. Tomar precauciones o vías alternas.,2026-07-06 01:30:00,true
INC_0696,TRM_13_44_0696,Derrumbe,Reporte de Derrumbe activo en el tramo Tramo CA-1 Occidente (Chuarrancho - San José Poaquil) - Ref 697. Tomar precauciones o vías alternas.,2026-07-06 18:30:00,true
INC_0697,TRM_14_45_0697,Bloqueo,Reporte de Bloqueo de carreteras por manifestación en el tramo Tramo RN-9 Salcajá (Fraijanes - San Martín Jilotepeque) - Ref 698. Tomar precauciones o vías alternas.,2026-07-06 07:30:00,true
INC_0698,TRM_15_46_0698,Trabajos,Reporte de Trabajos de bacheo en el tramo Tramo RN-7 Cobán-Quiché (Amatitlán - Comalapa) - Ref 699. Tomar precauciones o vías alternas.,2026-07-06 21:30:00,true
INC_0699,TRM_16_47_0699,Accidente,Reporte de Accidente vial obstruyendo carril en el tramo Tramo Ruta Nacional RN-1 (Villa Nueva - Santa Apolonia) - Ref 700. Tomar precauciones o vías alternas.,2026-07-06 03:30:00,true
INC_0700,TRM_17_48_0700,Fuerte,Reporte de Fuerte neblina y lluvias en el tramo Tramo RN-9 Salcajá (Villa Canales - Tecpán Guatemala) - Ref 701. Tomar precauciones o vías alternas.,2026-07-06 10:30:00,true
INC_0701,TRM_18_49_0701,Inundación,Reporte de Inundación por desborde de río en el tramo Tramo RN-15 Sacapulas (Petapa - Patzún) - Ref 702. Tomar precauciones o vías alternas.,2026-07-06 20:30:00,true
INC_0702,TRM_19_50_0702,Derrumbe,Reporte de Derrumbe activo en el tramo Tramo CA-1 Occidente (Guastatoya - Pochuta) - Ref 703. Tomar precauciones o vías alternas.,2026-07-06 06:30:00,true
INC_0703,TRM_20_51_0703,Bloqueo,Reporte de Bloqueo de carreteras por manifestación en el tramo Tramo RN-15 Sacapulas (Morazán - Patzicía) - Ref 704. Tomar precauciones o vías alternas.,2026-07-06 08:30:00,false
INC_0704,TRM_21_52_0704,Trabajos,Reporte de Trabajos de bacheo en el tramo Tramo RN-15 Sacapulas (San Agustín Acasaguastlán - Santa Cruz Balanyá) - Ref 705. Tomar precauciones o vías alternas.,2026-07-06 10:30:00,false
INC_0705,TRM_22_53_0705,Accidente,Reporte de Accidente vial obstruyendo carril en el tramo Tramo Ruta Nacional RN-1 (San Cristóbal Acasaguastlán - Acatenango) - Ref 706. Tomar precauciones o vías alternas.,2026-07-06 22:30:00,true
INC_0706,TRM_23_54_0706,Fuerte,Reporte de Fuerte neblina y lluvias en el tramo Tramo RN-7 Cobán-Quiché (El Jícaro - Yepocapa) - Ref 707. Tomar precauciones o vías alternas.,2026-07-06 14:30:00,false
INC_0707,TRM_24_55_0707,Inundación,Reporte de Inundación por desborde de río en el tramo Tramo Ruta Nacional RN-1 (Sanarate - San Andrés Itzapa) - Ref 708. Tomar precauciones o vías alternas.,2026-07-06 02:30:00,false
INC_0708,TRM_25_56_0708,Derrumbe,Reporte de Derrumbe activo en el tramo Tramo RN-9 Salcajá (Sansare - Parramos) - Ref 709. Tomar precauciones o vías alternas.,2026-07-06 12:30:00,false
INC_0709,TRM_26_57_0709,Bloqueo,Reporte de Bloqueo de carreteras por manifestación en el tramo Tramo RN-11 Panajachel (San Antonio La Paz - Zaragoza) - Ref 710. Tomar precauciones o vías alternas.,2026-07-06 15:30:00,true
INC_0710,TRM_27_58_0710,Trabajos,Reporte de Trabajos de bacheo en el tramo Tramo RN-7 Cobán-Quiché (Antigua Guatemala - El Tejar) - Ref 711. Tomar precauciones o vías alternas.,2026-07-06 01:30:00,true
INC_0711,TRM_28_59_0711,Accidente,Reporte de Accidente vial obstruyendo carril en el tramo Tramo Ruta Nacional RN-1 (Jocotenango - Escuintla) - Ref 712. Tomar precauciones o vías alternas.,2026-07-06 06:30:00,true
INC_0712,TRM_29_60_0712,Fuerte,Reporte de Fuerte neblina y lluvias en el tramo Tramo CA-1 Occidente (Pastores - Santa Lucía Cotzumalguapa) - Ref 713. Tomar precauciones o vías alternas.,2026-07-06 05:30:00,true
INC_0713,TRM_30_61_0713,Inundación,Reporte de Inundación por desborde de río en el tramo Tramo RN-7 Cobán-Quiché (Sumpango - La Democracia) - Ref 714. Tomar precauciones o vías alternas.,2026-07-06 21:30:00,false
INC_0714,TRM_31_62_0714,Derrumbe,Reporte de Derrumbe activo en el tramo Tramo RN-11 Panajachel (Santo Domingo Xenacoj - Siquinalá) - Ref 715. Tomar precauciones o vías alternas.,2026-07-06 22:30:00,false
INC_0715,TRM_32_63_0715,Bloqueo,Reporte de Bloqueo de carreteras por manifestación en el tramo Tramo Ruta Nacional RN-1 (Santiago Sacatepéquez - Masagua) - Ref 716. Tomar precauciones o vías alternas.,2026-07-06 22:30:00,false
INC_0716,TRM_33_64_0716,Trabajos,Reporte de Trabajos de bacheo en el tramo Tramo Ruta Nacional RN-1 (San Bartolomé Milpas Altas - Tiquisate) - Ref 717. Tomar precauciones o vías alternas.,2026-07-06 07:30:00,false
INC_0717,TRM_34_65_0717,Accidente,Reporte de Accidente vial obstruyendo carril en el tramo Tramo RN-7 Cobán-Quiché (San Lucas Sacatepéquez - La Gomera) - Ref 718. Tomar precauciones o vías alternas.,2026-07-06 23:30:00,false
INC_0718,TRM_35_66_0718,Fuerte,Reporte de Fuerte neblina y lluvias en el tramo Tramo RN-11 Panajachel (Santa Lucía Milpas Altas - Guanagazapa) - Ref 719. Tomar precauciones o vías alternas.,2026-07-06 04:30:00,false
INC_0719,TRM_36_67_0719,Inundación,Reporte de Inundación por desborde de río en el tramo Tramo CA-1 Occidente (Magdalena Milpas Altas - San José) - Ref 720. Tomar precauciones o vías alternas.,2026-07-06 18:30:00,false
INC_0720,TRM_37_68_0720,Derrumbe,Reporte de Derrumbe activo en el tramo Tramo RN-15 Sacapulas (Santa María de Jesús - Iztapa) - Ref 721. Tomar precauciones o vías alternas.,2026-07-06 19:30:00,true
INC_0721,TRM_38_69_0721,Bloqueo,Reporte de Bloqueo de carreteras por manifestación en el tramo Tramo RN-15 Sacapulas (Ciudad Vieja - Palín) - Ref 722. Tomar precauciones o vías alternas.,2026-07-06 06:30:00,false
INC_0722,TRM_39_70_0722,Trabajos,Reporte de Trabajos de bacheo en el tramo Tramo RN-7 Cobán-Quiché (San Miguel Dueñas - San Vicente Pacaya) - Ref 723. Tomar precauciones o vías alternas.,2026-07-06 05:30:00,true
INC_0723,TRM_40_71_0723,Accidente,Reporte de Accidente vial obstruyendo carril en el tramo Tramo Ruta Nacional RN-1 (Alotenango - Nueva Concepción) - Ref 724. Tomar precauciones o vías alternas.,2026-07-06 11:30:00,true
INC_0724,TRM_41_72_0724,Fuerte,Reporte de Fuerte neblina y lluvias en el tramo Tramo Ruta Nacional RN-1 (San Antonio Aguas Calientes - Sipacate) - Ref 725. Tomar precauciones o vías alternas.,2026-07-06 09:30:00,false
INC_0725,TRM_42_73_0725,Inundación,Reporte de Inundación por desborde de río en el tramo Tramo CA-1 Occidente (Santa Catarina Barahona - Cuilapa) - Ref 726. Tomar precauciones o vías alternas.,2026-07-06 13:30:00,true
INC_0726,TRM_43_74_0726,Derrumbe,Reporte de Derrumbe activo en el tramo Tramo RN-15 Sacapulas (Chimaltenango - Barberena) - Ref 727. Tomar precauciones o vías alternas.,2026-07-06 21:30:00,false
INC_0727,TRM_44_75_0727,Bloqueo,Reporte de Bloqueo de carreteras por manifestación en el tramo Tramo RN-11 Panajachel (San José Poaquil - Santa Rosa de Lima) - Ref 728. Tomar precauciones o vías alternas.,2026-07-06 23:30:00,true
INC_0728,TRM_45_76_0728,Trabajos,Reporte de Trabajos de bacheo en el tramo Tramo CA-1 Occidente (San Martín Jilotepeque - Casillas) - Ref 729. Tomar precauciones o vías alternas.,2026-07-06 11:30:00,false
INC_0729,TRM_46_77_0729,Accidente,Reporte de Accidente vial obstruyendo carril en el tramo Tramo RN-15 Sacapulas (Comalapa - San Rafael Las Flores) - Ref 730. Tomar precauciones o vías alternas.,2026-07-06 15:30:00,false
INC_0730,TRM_47_78_0730,Fuerte,Reporte de Fuerte neblina y lluvias en el tramo Tramo RN-11 Panajachel (Santa Apolonia - Oratorio) - Ref 731. Tomar precauciones o vías alternas.,2026-07-06 19:30:00,false
INC_0731,TRM_48_79_0731,Inundación,Reporte de Inundación por desborde de río en el tramo Tramo RN-15 Sacapulas (Tecpán Guatemala - San Juan Tecuaco) - Ref 732. Tomar precauciones o vías alternas.,2026-07-06 22:30:00,false
INC_0732,TRM_49_80_0732,Derrumbe,Reporte de Derrumbe activo en el tramo Tramo RN-9 Salcajá (Patzún - Chiquimulilla) - Ref 733. Tomar precauciones o vías alternas.,2026-07-06 11:30:00,true
INC_0733,TRM_50_81_0733,Bloqueo,Reporte de Bloqueo de carreteras por manifestación en el tramo Tramo RN-9 Salcajá (Pochuta - Taxisco) - Ref 734. Tomar precauciones o vías alternas.,2026-07-06 10:30:00,true
INC_0734,TRM_51_82_0734,Trabajos,Reporte de Trabajos de bacheo en el tramo Tramo CA-1 Occidente (Patzicía - Santa María Ixhuatán) - Ref 735. Tomar precauciones o vías alternas.,2026-07-06 23:30:00,false
INC_0735,TRM_52_83_0735,Accidente,Reporte de Accidente vial obstruyendo carril en el tramo Tramo RN-15 Sacapulas (Santa Cruz Balanyá - Guazacapán) - Ref 736. Tomar precauciones o vías alternas.,2026-07-06 11:30:00,true
INC_0736,TRM_53_84_0736,Fuerte,Reporte de Fuerte neblina y lluvias en el tramo Tramo RN-7 Cobán-Quiché (Acatenango - Santa Cruz Naranjo) - Ref 737. Tomar precauciones o vías alternas.,2026-07-06 10:30:00,false
INC_0737,TRM_54_85_0737,Inundación,Reporte de Inundación por desborde de río en el tramo Tramo RN-11 Panajachel (Yepocapa - Pueblo Nuevo Viñas) - Ref 738. Tomar precauciones o vías alternas.,2026-07-06 08:30:00,true
INC_0738,TRM_55_86_0738,Derrumbe,Reporte de Derrumbe activo en el tramo Tramo CA-1 Occidente (San Andrés Itzapa - Nueva Santa Rosa) - Ref 739. Tomar precauciones o vías alternas.,2026-07-06 13:30:00,true
INC_0739,TRM_56_87_0739,Bloqueo,Reporte de Bloqueo de carreteras por manifestación en el tramo Tramo RN-11 Panajachel (Parramos - Lago De Atitlan) - Ref 740. Tomar precauciones o vías alternas.,2026-07-06 20:30:00,true
INC_0740,TRM_57_88_0740,Trabajos,Reporte de Trabajos de bacheo en el tramo Tramo RN-7 Cobán-Quiché (Zaragoza - Sololá) - Ref 741. Tomar precauciones o vías alternas.,2026-07-06 03:30:00,true
INC_0741,TRM_58_89_0741,Accidente,Reporte de Accidente vial obstruyendo carril en el tramo Tramo RN-7 Cobán-Quiché (El Tejar - San José Chacayá) - Ref 742. Tomar precauciones o vías alternas.,2026-07-06 05:30:00,false
INC_0742,TRM_59_90_0742,Fuerte,Reporte de Fuerte neblina y lluvias en el tramo Tramo RN-11 Panajachel (Escuintla - Santa María Visitación) - Ref 743. Tomar precauciones o vías alternas.,2026-07-06 16:30:00,false
INC_0743,TRM_60_91_0743,Inundación,Reporte de Inundación por desborde de río en el tramo Tramo CA-1 Occidente (Santa Lucía Cotzumalguapa - Santa Lucía Utatlán) - Ref 744. Tomar precauciones o vías alternas.,2026-07-06 10:30:00,false
INC_0744,TRM_61_92_0744,Derrumbe,Reporte de Derrumbe activo en el tramo Tramo RN-11 Panajachel (La Democracia - Nahualá) - Ref 745. Tomar precauciones o vías alternas.,2026-07-06 17:30:00,false
INC_0745,TRM_62_93_0745,Bloqueo,Reporte de Bloqueo de carreteras por manifestación en el tramo Tramo Ruta Nacional RN-1 (Siquinalá - Santa Catarina Ixtahuacán) - Ref 746. Tomar precauciones o vías alternas.,2026-07-06 09:30:00,false
INC_0746,TRM_63_94_0746,Trabajos,Reporte de Trabajos de bacheo en el tramo Tramo RN-7 Cobán-Quiché (Masagua - Santa Clara La Laguna) - Ref 747. Tomar precauciones o vías alternas.,2026-07-06 10:30:00,true
INC_0747,TRM_64_95_0747,Accidente,Reporte de Accidente vial obstruyendo carril en el tramo Tramo CA-1 Occidente (Tiquisate - Concepción) - Ref 748. Tomar precauciones o vías alternas.,2026-07-06 23:30:00,true
INC_0748,TRM_65_96_0748,Fuerte,Reporte de Fuerte neblina y lluvias en el tramo Tramo RN-7 Cobán-Quiché (La Gomera - San Andrés Semetabaj) - Ref 749. Tomar precauciones o vías alternas.,2026-07-06 20:30:00,true
INC_0749,TRM_66_97_0749,Inundación,Reporte de Inundación por desborde de río en el tramo Tramo Ruta Nacional RN-1 (Guanagazapa - Panajachel) - Ref 750. Tomar precauciones o vías alternas.,2026-07-06 22:30:00,true
INC_0750,TRM_67_98_0750,Derrumbe,Reporte de Derrumbe activo en el tramo Tramo RN-11 Panajachel (San José - Santa Catarina Palopó) - Ref 751. Tomar precauciones o vías alternas.,2026-07-06 07:30:00,true
INC_0751,TRM_68_99_0751,Bloqueo,Reporte de Bloqueo de carreteras por manifestación en el tramo Tramo RN-7 Cobán-Quiché (Iztapa - San Antonio Palopó) - Ref 752. Tomar precauciones o vías alternas.,2026-07-06 08:30:00,true
INC_0752,TRM_69_100_0752,Trabajos,Reporte de Trabajos de bacheo en el tramo Tramo Ruta Nacional RN-1 (Palín - San Lucas Tolimán) - Ref 753. Tomar precauciones o vías alternas.,2026-07-06 22:30:00,true
INC_0753,TRM_70_101_0753,Accidente,Reporte de Accidente vial obstruyendo carril en el tramo Tramo RN-9 Salcajá (San Vicente Pacaya - Santa Cruz La Laguna) - Ref 754. Tomar precauciones o vías alternas.,2026-07-06 11:30:00,false
INC_0754,TRM_71_102_0754,Fuerte,Reporte de Fuerte neblina y lluvias en el tramo Tramo RN-11 Panajachel (Nueva Concepción - San Pablo La Laguna) - Ref 755. Tomar precauciones o vías alternas.,2026-07-06 20:30:00,false
INC_0755,TRM_72_103_0755,Inundación,Reporte de Inundación por desborde de río en el tramo Tramo RN-15 Sacapulas (Sipacate - San Marcos La Laguna) - Ref 756. Tomar precauciones o vías alternas.,2026-07-06 12:30:00,false
INC_0756,TRM_73_104_0756,Derrumbe,Reporte de Derrumbe activo en el tramo Tramo Ruta Nacional RN-1 (Cuilapa - San Juan La Laguna) - Ref 757. Tomar precauciones o vías alternas.,2026-07-06 20:30:00,false
INC_0757,TRM_74_105_0757,Bloqueo,Reporte de Bloqueo de carreteras por manifestación en el tramo Tramo RN-9 Salcajá (Barberena - San Pedro La Laguna) - Ref 758. Tomar precauciones o vías alternas.,2026-07-06 18:30:00,true
INC_0758,TRM_75_106_0758,Trabajos,Reporte de Trabajos de bacheo en el tramo Tramo RN-11 Panajachel (Santa Rosa de Lima - Santiago Atitlán) - Ref 759. Tomar precauciones o vías alternas.,2026-07-06 19:30:00,true
INC_0759,TRM_76_107_0759,Accidente,Reporte de Accidente vial obstruyendo carril en el tramo Tramo RN-7 Cobán-Quiché (Casillas - Totonicapán) - Ref 760. Tomar precauciones o vías alternas.,2026-07-06 05:30:00,true
INC_0760,TRM_77_108_0760,Fuerte,Reporte de Fuerte neblina y lluvias en el tramo Tramo CA-1 Occidente (San Rafael Las Flores - San Cristóbal Totonicapán) - Ref 761. Tomar precauciones o vías alternas.,2026-07-06 23:30:00,false
INC_0761,TRM_78_109_0761,Inundación,Reporte de Inundación por desborde de río en el tramo Tramo CA-1 Occidente (Oratorio - San Francisco El Alto) - Ref 762. Tomar precauciones o vías alternas.,2026-07-06 02:30:00,false
INC_0762,TRM_79_110_0762,Derrumbe,Reporte de Derrumbe activo en el tramo Tramo Ruta Nacional RN-1 (San Juan Tecuaco - San Andrés Xecul) - Ref 763. Tomar precauciones o vías alternas.,2026-07-06 02:30:00,true
INC_0763,TRM_80_111_0763,Bloqueo,Reporte de Bloqueo de carreteras por manifestación en el tramo Tramo Ruta Nacional RN-1 (Chiquimulilla - Momostenango) - Ref 764. Tomar precauciones o vías alternas.,2026-07-06 23:30:00,true
INC_0764,TRM_81_112_0764,Trabajos,Reporte de Trabajos de bacheo en el tramo Tramo CA-1 Occidente (Taxisco - Santa María Chiquimula) - Ref 765. Tomar precauciones o vías alternas.,2026-07-06 03:30:00,true
INC_0765,TRM_82_113_0765,Accidente,Reporte de Accidente vial obstruyendo carril en el tramo Tramo RN-7 Cobán-Quiché (Santa María Ixhuatán - Santa Lucía La Reforma) - Ref 766. Tomar precauciones o vías alternas.,2026-07-06 21:30:00,false
INC_0766,TRM_83_114_0766,Fuerte,Reporte de Fuerte neblina y lluvias en el tramo Tramo RN-7 Cobán-Quiché (Guazacapán - San Bartolo) - Ref 767. Tomar precauciones o vías alternas.,2026-07-06 23:30:00,false
INC_0767,TRM_84_115_0767,Inundación,Reporte de Inundación por desborde de río en el tramo Tramo CA-1 Occidente (Santa Cruz Naranjo - Quetzaltenango) - Ref 768. Tomar precauciones o vías alternas.,2026-07-06 16:30:00,true
INC_0768,TRM_85_116_0768,Derrumbe,Reporte de Derrumbe activo en el tramo Tramo RN-7 Cobán-Quiché (Pueblo Nuevo Viñas - Salcajá) - Ref 769. Tomar precauciones o vías alternas.,2026-07-06 04:30:00,true
INC_0769,TRM_86_117_0769,Bloqueo,Reporte de Bloqueo de carreteras por manifestación en el tramo Tramo RN-7 Cobán-Quiché (Nueva Santa Rosa - Olintepeque) - Ref 770. Tomar precauciones o vías alternas.,2026-07-06 19:30:00,true
INC_0770,TRM_87_118_0770,Trabajos,Reporte de Trabajos de bacheo en el tramo Tramo RN-7 Cobán-Quiché (Lago De Atitlan - San Carlos Sija) - Ref 771. Tomar precauciones o vías alternas.,2026-07-06 14:30:00,true
INC_0771,TRM_88_119_0771,Accidente,Reporte de Accidente vial obstruyendo carril en el tramo Tramo Ruta Nacional RN-1 (Sololá - Sibilia) - Ref 772. Tomar precauciones o vías alternas.,2026-07-06 10:30:00,false
INC_0772,TRM_89_120_0772,Fuerte,Reporte de Fuerte neblina y lluvias en el tramo Tramo RN-15 Sacapulas (San José Chacayá - Cabricán) - Ref 773. Tomar precauciones o vías alternas.,2026-07-06 19:30:00,false
INC_0773,TRM_90_121_0773,Inundación,Reporte de Inundación por desborde de río en el tramo Tramo Ruta Nacional RN-1 (Santa María Visitación - Cajolá) - Ref 774. Tomar precauciones o vías alternas.,2026-07-06 04:30:00,false
INC_0774,TRM_91_122_0774,Derrumbe,Reporte de Derrumbe activo en el tramo Tramo RN-9 Salcajá (Santa Lucía Utatlán - San Miguel Sigüila) - Ref 775. Tomar precauciones o vías alternas.,2026-07-06 12:30:00,false
INC_0775,TRM_92_123_0775,Bloqueo,Reporte de Bloqueo de carreteras por manifestación en el tramo Tramo RN-9 Salcajá (Nahualá - Ostuncalco) - Ref 776. Tomar precauciones o vías alternas.,2026-07-06 09:30:00,true
INC_0776,TRM_93_124_0776,Trabajos,Reporte de Trabajos de bacheo en el tramo Tramo Ruta Nacional RN-1 (Santa Catarina Ixtahuacán - San Mateo) - Ref 777. Tomar precauciones o vías alternas.,2026-07-06 03:30:00,false
INC_0777,TRM_94_125_0777,Accidente,Reporte de Accidente vial obstruyendo carril en el tramo Tramo RN-7 Cobán-Quiché (Santa Clara La Laguna - Concepción Chiquirichapa) - Ref 778. Tomar precauciones o vías alternas.,2026-07-06 12:30:00,true
INC_0778,TRM_95_126_0778,Fuerte,Reporte de Fuerte neblina y lluvias en el tramo Tramo CA-1 Occidente (Concepción - San Martín Sacatepéquez) - Ref 779. Tomar precauciones o vías alternas.,2026-07-06 13:30:00,false
INC_0779,TRM_96_127_0779,Inundación,Reporte de Inundación por desborde de río en el tramo Tramo Ruta Nacional RN-1 (San Andrés Semetabaj - Almolonga) - Ref 780. Tomar precauciones o vías alternas.,2026-07-06 14:30:00,true
INC_0780,TRM_97_128_0780,Derrumbe,Reporte de Derrumbe activo en el tramo Tramo CA-1 Occidente (Panajachel - Cantel) - Ref 781. Tomar precauciones o vías alternas.,2026-07-06 07:30:00,true
INC_0781,TRM_98_129_0781,Bloqueo,Reporte de Bloqueo de carreteras por manifestación en el tramo Tramo CA-1 Occidente (Santa Catarina Palopó - Huitán) - Ref 782. Tomar precauciones o vías alternas.,2026-07-06 15:30:00,false
INC_0782,TRM_99_130_0782,Trabajos,Reporte de Trabajos de bacheo en el tramo Tramo CA-1 Occidente (San Antonio Palopó - Zunil) - Ref 783. Tomar precauciones o vías alternas.,2026-07-06 16:30:00,true
INC_0783,TRM_100_131_0783,Accidente,Reporte de Accidente vial obstruyendo carril en el tramo Tramo RN-15 Sacapulas (San Lucas Tolimán - Colomba) - Ref 784. Tomar precauciones o vías alternas.,2026-07-06 23:30:00,false
INC_0784,TRM_101_132_0784,Fuerte,Reporte de Fuerte neblina y lluvias en el tramo Tramo RN-11 Panajachel (Santa Cruz La Laguna - San Francisco La Unión) - Ref 785. Tomar precauciones o vías alternas.,2026-07-06 17:30:00,true
INC_0785,TRM_102_133_0785,Inundación,Reporte de Inundación por desborde de río en el tramo Tramo RN-7 Cobán-Quiché (San Pablo La Laguna - El Palmar) - Ref 786. Tomar precauciones o vías alternas.,2026-07-06 15:30:00,false
INC_0786,TRM_103_134_0786,Derrumbe,Reporte de Derrumbe activo en el tramo Tramo RN-15 Sacapulas (San Marcos La Laguna - Coatepeque) - Ref 787. Tomar precauciones o vías alternas.,2026-07-06 16:30:00,true
INC_0787,TRM_104_135_0787,Bloqueo,Reporte de Bloqueo de carreteras por manifestación en el tramo Tramo CA-1 Occidente (San Juan La Laguna - Génova) - Ref 788. Tomar precauciones o vías alternas.,2026-07-06 21:30:00,false
INC_0788,TRM_105_136_0788,Trabajos,Reporte de Trabajos de bacheo en el tramo Tramo RN-11 Panajachel (San Pedro La Laguna - Flores Costa Cuca) - Ref 789. Tomar precauciones o vías alternas.,2026-07-06 07:30:00,true
INC_0789,TRM_106_137_0789,Accidente,Reporte de Accidente vial obstruyendo carril en el tramo Tramo RN-9 Salcajá (Santiago Atitlán - La Esperanza) - Ref 790. Tomar precauciones o vías alternas.,2026-07-06 01:30:00,false
INC_0790,TRM_107_138_0790,Fuerte,Reporte de Fuerte neblina y lluvias en el tramo Tramo RN-15 Sacapulas (Totonicapán - Palestina de Los Altos) - Ref 791. Tomar precauciones o vías alternas.,2026-07-06 19:30:00,false
INC_0791,TRM_108_139_0791,Inundación,Reporte de Inundación por desborde de río en el tramo Tramo CA-1 Occidente (San Cristóbal Totonicapán - Mazatenango) - Ref 792. Tomar precauciones o vías alternas.,2026-07-06 15:30:00,true
INC_0792,TRM_109_140_0792,Derrumbe,Reporte de Derrumbe activo en el tramo Tramo RN-11 Panajachel (San Francisco El Alto - Cuyotenango) - Ref 793. Tomar precauciones o vías alternas.,2026-07-06 01:30:00,false
INC_0793,TRM_110_141_0793,Bloqueo,Reporte de Bloqueo de carreteras por manifestación en el tramo Tramo RN-11 Panajachel (San Andrés Xecul - San Francisco Zapotitlán) - Ref 794. Tomar precauciones o vías alternas.,2026-07-06 21:30:00,true
INC_0794,TRM_111_142_0794,Trabajos,Reporte de Trabajos de bacheo en el tramo Tramo RN-15 Sacapulas (Momostenango - San Bernardino) - Ref 795. Tomar precauciones o vías alternas.,2026-07-06 02:30:00,true
INC_0795,TRM_112_143_0795,Accidente,Reporte de Accidente vial obstruyendo carril en el tramo Tramo CA-1 Occidente (Santa María Chiquimula - San José El Ídolo) - Ref 796. Tomar precauciones o vías alternas.,2026-07-06 03:30:00,true
INC_0796,TRM_113_144_0796,Fuerte,Reporte de Fuerte neblina y lluvias en el tramo Tramo Ruta Nacional RN-1 (Santa Lucía La Reforma - Santo Domingo Suchitepéquez) - Ref 797. Tomar precauciones o vías alternas.,2026-07-06 07:30:00,true
INC_0797,TRM_114_145_0797,Inundación,Reporte de Inundación por desborde de río en el tramo Tramo Ruta Nacional RN-1 (San Bartolo - San Lorenzo) - Ref 798. Tomar precauciones o vías alternas.,2026-07-06 23:30:00,false
INC_0798,TRM_115_146_0798,Derrumbe,Reporte de Derrumbe activo en el tramo Tramo RN-7 Cobán-Quiché (Quetzaltenango - Samayac) - Ref 799. Tomar precauciones o vías alternas.,2026-07-06 01:30:00,false
INC_0799,TRM_116_147_0799,Bloqueo,Reporte de Bloqueo de carreteras por manifestación en el tramo Tramo CA-1 Occidente (Salcajá - San Pablo Jocopilas) - Ref 800. Tomar precauciones o vías alternas.,2026-07-06 04:30:00,true
INC_0800,TRM_117_148_0800,Trabajos,Reporte de Trabajos de bacheo en el tramo Tramo RN-7 Cobán-Quiché (Olintepeque - San Antonio Suchitepéquez) - Ref 801. Tomar precauciones o vías alternas.,2026-07-06 10:30:00,false
INC_0801,TRM_118_149_0801,Accidente,Reporte de Accidente vial obstruyendo carril en el tramo Tramo RN-7 Cobán-Quiché (San Carlos Sija - San Miguel Panán) - Ref 802. Tomar precauciones o vías alternas.,2026-07-06 07:30:00,false
INC_0802,TRM_119_150_0802,Fuerte,Reporte de Fuerte neblina y lluvias en el tramo Tramo RN-15 Sacapulas (Sibilia - San Gabriel) - Ref 803. Tomar precauciones o vías alternas.,2026-07-06 22:30:00,true
INC_0803,TRM_120_151_0803,Inundación,Reporte de Inundación por desborde de río en el tramo Tramo CA-1 Occidente (Cabricán - Chicacao) - Ref 804. Tomar precauciones o vías alternas.,2026-07-06 23:30:00,true
INC_0804,TRM_121_152_0804,Derrumbe,Reporte de Derrumbe activo en el tramo Tramo Ruta Nacional RN-1 (Cajolá - Patulul) - Ref 805. Tomar precauciones o vías alternas.,2026-07-06 10:30:00,false
INC_0805,TRM_122_153_0805,Bloqueo,Reporte de Bloqueo de carreteras por manifestación en el tramo Tramo CA-1 Occidente (San Miguel Sigüila - Santa Bárbara) - Ref 806. Tomar precauciones o vías alternas.,2026-07-06 02:30:00,true
INC_0806,TRM_123_154_0806,Trabajos,Reporte de Trabajos de bacheo en el tramo Tramo RN-11 Panajachel (Ostuncalco - San Juan Bautista) - Ref 807. Tomar precauciones o vías alternas.,2026-07-06 10:30:00,false
INC_0807,TRM_124_155_0807,Accidente,Reporte de Accidente vial obstruyendo carril en el tramo Tramo RN-9 Salcajá (San Mateo - Santo Tomás La Unión) - Ref 808. Tomar precauciones o vías alternas.,2026-07-06 02:30:00,false
INC_0808,TRM_125_156_0808,Fuerte,Reporte de Fuerte neblina y lluvias en el tramo Tramo CA-1 Occidente (Concepción Chiquirichapa - Zunilito) - Ref 809. Tomar precauciones o vías alternas.,2026-07-06 12:30:00,false
INC_0809,TRM_126_157_0809,Inundación,Reporte de Inundación por desborde de río en el tramo Tramo Ruta Nacional RN-1 (San Martín Sacatepéquez - Pueblo Nuevo) - Ref 810. Tomar precauciones o vías alternas.,2026-07-06 04:30:00,false
INC_0810,TRM_127_158_0810,Derrumbe,Reporte de Derrumbe activo en el tramo Tramo Ruta Nacional RN-1 (Almolonga - Río Bravo) - Ref 811. Tomar precauciones o vías alternas.,2026-07-06 11:30:00,false
INC_0811,TRM_128_159_0811,Bloqueo,Reporte de Bloqueo de carreteras por manifestación en el tramo Tramo RN-9 Salcajá (Cantel - San José La Máquina) - Ref 812. Tomar precauciones o vías alternas.,2026-07-06 06:30:00,false
INC_0812,TRM_129_160_0812,Trabajos,Reporte de Trabajos de bacheo en el tramo Tramo RN-9 Salcajá (Huitán - Retalhuleu) - Ref 813. Tomar precauciones o vías alternas.,2026-07-06 13:30:00,true
INC_0813,TRM_130_161_0813,Accidente,Reporte de Accidente vial obstruyendo carril en el tramo Tramo RN-7 Cobán-Quiché (Zunil - San Sebastián) - Ref 814. Tomar precauciones o vías alternas.,2026-07-06 19:30:00,false
INC_0814,TRM_131_162_0814,Fuerte,Reporte de Fuerte neblina y lluvias en el tramo Tramo CA-1 Occidente (Colomba - Santa Cruz Muluá) - Ref 815. Tomar precauciones o vías alternas.,2026-07-06 02:30:00,true
INC_0815,TRM_132_163_0815,Inundación,Reporte de Inundación por desborde de río en el tramo Tramo RN-9 Salcajá (San Francisco La Unión - San Martín Zapotitlán) - Ref 816. Tomar precauciones o vías alternas.,2026-07-06 06:30:00,false
INC_0816,TRM_133_164_0816,Derrumbe,Reporte de Derrumbe activo en el tramo Tramo CA-1 Occidente (El Palmar - San Felipe) - Ref 817. Tomar precauciones o vías alternas.,2026-07-06 12:30:00,false
INC_0817,TRM_134_165_0817,Bloqueo,Reporte de Bloqueo de carreteras por manifestación en el tramo Tramo RN-7 Cobán-Quiché (Coatepeque - San Andrés Villa Seca) - Ref 818. Tomar precauciones o vías alternas.,2026-07-06 19:30:00,false
INC_0818,TRM_135_166_0818,Trabajos,Reporte de Trabajos de bacheo en el tramo Tramo RN-9 Salcajá (Génova - Champerico) - Ref 819. Tomar precauciones o vías alternas.,2026-07-06 20:30:00,false
INC_0819,TRM_136_167_0819,Accidente,Reporte de Accidente vial obstruyendo carril en el tramo Tramo Ruta Nacional RN-1 (Flores Costa Cuca - Nuevo San Carlos) - Ref 820. Tomar precauciones o vías alternas.,2026-07-06 02:30:00,true
INC_0820,TRM_137_168_0820,Fuerte,Reporte de Fuerte neblina y lluvias en el tramo Tramo Ruta Nacional RN-1 (La Esperanza - El Asintal) - Ref 821. Tomar precauciones o vías alternas.,2026-07-06 02:30:00,false
INC_0821,TRM_138_169_0821,Inundación,Reporte de Inundación por desborde de río en el tramo Tramo RN-9 Salcajá (Palestina de Los Altos - San Marcos) - Ref 822. Tomar precauciones o vías alternas.,2026-07-06 19:30:00,false
INC_0822,TRM_139_170_0822,Derrumbe,Reporte de Derrumbe activo en el tramo Tramo CA-1 Occidente (Mazatenango - San Pedro Sacatepéquez) - Ref 823. Tomar precauciones o vías alternas.,2026-07-06 16:30:00,true
INC_0823,TRM_140_171_0823,Bloqueo,Reporte de Bloqueo de carreteras por manifestación en el tramo Tramo CA-1 Occidente (Cuyotenango - San Antonio Sacatepéquez) - Ref 824. Tomar precauciones o vías alternas.,2026-07-06 05:30:00,false
INC_0824,TRM_141_172_0824,Trabajos,Reporte de Trabajos de bacheo en el tramo Tramo CA-1 Occidente (San Francisco Zapotitlán - Comitancillo) - Ref 825. Tomar precauciones o vías alternas.,2026-07-06 06:30:00,true
INC_0825,TRM_142_173_0825,Accidente,Reporte de Accidente vial obstruyendo carril en el tramo Tramo CA-1 Occidente (San Bernardino - San Miguel Ixtahuacán) - Ref 826. Tomar precauciones o vías alternas.,2026-07-06 18:30:00,true
INC_0826,TRM_143_174_0826,Fuerte,Reporte de Fuerte neblina y lluvias en el tramo Tramo RN-7 Cobán-Quiché (San José El Ídolo - Concepción Tutuapa) - Ref 827. Tomar precauciones o vías alternas.,2026-07-06 20:30:00,false
INC_0827,TRM_144_175_0827,Inundación,Reporte de Inundación por desborde de río en el tramo Tramo Ruta Nacional RN-1 (Santo Domingo Suchitepéquez - Tacaná) - Ref 828. Tomar precauciones o vías alternas.,2026-07-06 15:30:00,true
INC_0828,TRM_145_176_0828,Derrumbe,Reporte de Derrumbe activo en el tramo Tramo RN-7 Cobán-Quiché (San Lorenzo - Sibinal) - Ref 829. Tomar precauciones o vías alternas.,2026-07-06 01:30:00,true
INC_0829,TRM_146_177_0829,Bloqueo,Reporte de Bloqueo de carreteras por manifestación en el tramo Tramo RN-11 Panajachel (Samayac - Tajumulco) - Ref 830. Tomar precauciones o vías alternas.,2026-07-06 23:30:00,true
INC_0830,TRM_147_178_0830,Trabajos,Reporte de Trabajos de bacheo en el tramo Tramo Ruta Nacional RN-1 (San Pablo Jocopilas - Tejutla) - Ref 831. Tomar precauciones o vías alternas.,2026-07-06 23:30:00,false
INC_0831,TRM_148_179_0831,Accidente,Reporte de Accidente vial obstruyendo carril en el tramo Tramo RN-15 Sacapulas (San Antonio Suchitepéquez - San Rafael Pie de la Cuesta) - Ref 832. Tomar precauciones o vías alternas.,2026-07-06 12:30:00,true
INC_0832,TRM_149_180_0832,Fuerte,Reporte de Fuerte neblina y lluvias en el tramo Tramo RN-9 Salcajá (San Miguel Panán - Nuevo Progreso) - Ref 833. Tomar precauciones o vías alternas.,2026-07-06 02:30:00,false
INC_0833,TRM_150_181_0833,Inundación,Reporte de Inundación por desborde de río en el tramo Tramo Ruta Nacional RN-1 (San Gabriel - El Tumbador) - Ref 834. Tomar precauciones o vías alternas.,2026-07-06 03:30:00,true
INC_0834,TRM_151_182_0834,Derrumbe,Reporte de Derrumbe activo en el tramo Tramo RN-15 Sacapulas (Chicacao - El Rodeo) - Ref 835. Tomar precauciones o vías alternas.,2026-07-06 13:30:00,false
INC_0835,TRM_152_183_0835,Bloqueo,Reporte de Bloqueo de carreteras por manifestación en el tramo Tramo RN-15 Sacapulas (Patulul - Malacatán) - Ref 836. Tomar precauciones o vías alternas.,2026-07-06 23:30:00,true
INC_0836,TRM_153_184_0836,Trabajos,Reporte de Trabajos de bacheo en el tramo Tramo CA-1 Occidente (Santa Bárbara - Catarina) - Ref 837. Tomar precauciones o vías alternas.,2026-07-06 22:30:00,true
INC_0837,TRM_154_185_0837,Accidente,Reporte de Accidente vial obstruyendo carril en el tramo Tramo RN-9 Salcajá (San Juan Bautista - Ayutla) - Ref 838. Tomar precauciones o vías alternas.,2026-07-06 13:30:00,true
INC_0838,TRM_155_186_0838,Fuerte,Reporte de Fuerte neblina y lluvias en el tramo Tramo RN-7 Cobán-Quiché (Santo Tomás La Unión - Ocós) - Ref 839. Tomar precauciones o vías alternas.,2026-07-06 15:30:00,true
INC_0839,TRM_156_187_0839,Inundación,Reporte de Inundación por desborde de río en el tramo Tramo CA-1 Occidente (Zunilito - San Pablo) - Ref 840. Tomar precauciones o vías alternas.,2026-07-06 10:30:00,true
INC_0840,TRM_157_188_0840,Derrumbe,Reporte de Derrumbe activo en el tramo Tramo Ruta Nacional RN-1 (Pueblo Nuevo - El Quetzal) - Ref 841. Tomar precauciones o vías alternas.,2026-07-06 13:30:00,false
INC_0841,TRM_158_189_0841,Bloqueo,Reporte de Bloqueo de carreteras por manifestación en el tramo Tramo CA-1 Occidente (Río Bravo - La Reforma) - Ref 842. Tomar precauciones o vías alternas.,2026-07-06 07:30:00,false
INC_0842,TRM_159_190_0842,Trabajos,Reporte de Trabajos de bacheo en el tramo Tramo RN-11 Panajachel (San José La Máquina - Pajapita) - Ref 843. Tomar precauciones o vías alternas.,2026-07-06 23:30:00,true
INC_0843,TRM_160_191_0843,Accidente,Reporte de Accidente vial obstruyendo carril en el tramo Tramo RN-9 Salcajá (Retalhuleu - Ixchiguán) - Ref 844. Tomar precauciones o vías alternas.,2026-07-06 02:30:00,false
INC_0844,TRM_161_192_0844,Fuerte,Reporte de Fuerte neblina y lluvias en el tramo Tramo RN-11 Panajachel (San Sebastián - San José Ojetenam) - Ref 845. Tomar precauciones o vías alternas.,2026-07-06 17:30:00,false
INC_0845,TRM_162_193_0845,Inundación,Reporte de Inundación por desborde de río en el tramo Tramo CA-1 Occidente (Santa Cruz Muluá - San Cristóbal Cucho) - Ref 846. Tomar precauciones o vías alternas.,2026-07-06 07:30:00,true
INC_0846,TRM_163_194_0846,Derrumbe,Reporte de Derrumbe activo en el tramo Tramo CA-1 Occidente (San Martín Zapotitlán - Sipacapa) - Ref 847. Tomar precauciones o vías alternas.,2026-07-06 13:30:00,true
INC_0847,TRM_164_195_0847,Bloqueo,Reporte de Bloqueo de carreteras por manifestación en el tramo Tramo RN-9 Salcajá (San Felipe - Esquipulas Palo Gordo) - Ref 848. Tomar precauciones o vías alternas.,2026-07-06 08:30:00,false
INC_0848,TRM_165_196_0848,Trabajos,Reporte de Trabajos de bacheo en el tramo Tramo RN-7 Cobán-Quiché (San Andrés Villa Seca - Río Blanco) - Ref 849. Tomar precauciones o vías alternas.,2026-07-06 13:30:00,true
INC_0849,TRM_166_197_0849,Accidente,Reporte de Accidente vial obstruyendo carril en el tramo Tramo RN-9 Salcajá (Champerico - San Lorenzo) - Ref 850. Tomar precauciones o vías alternas.,2026-07-06 08:30:00,true
INC_0850,TRM_167_198_0850,Fuerte,Reporte de Fuerte neblina y lluvias en el tramo Tramo Ruta Nacional RN-1 (Nuevo San Carlos - La Blanca) - Ref 851. Tomar precauciones o vías alternas.,2026-07-06 03:30:00,false
INC_0851,TRM_168_199_0851,Inundación,Reporte de Inundación por desborde de río en el tramo Tramo Ruta Nacional RN-1 (El Asintal - Huehuetenango) - Ref 852. Tomar precauciones o vías alternas.,2026-07-06 19:30:00,true
INC_0852,TRM_169_200_0852,Derrumbe,Reporte de Derrumbe activo en el tramo Tramo RN-11 Panajachel (San Marcos - Chiantla) - Ref 853. Tomar precauciones o vías alternas.,2026-07-06 04:30:00,true
INC_0853,TRM_170_201_0853,Bloqueo,Reporte de Bloqueo de carreteras por manifestación en el tramo Tramo RN-11 Panajachel (San Pedro Sacatepéquez - Malacatancito) - Ref 854. Tomar precauciones o vías alternas.,2026-07-06 03:30:00,true
INC_0854,TRM_171_202_0854,Trabajos,Reporte de Trabajos de bacheo en el tramo Tramo RN-9 Salcajá (San Antonio Sacatepéquez - Cuilco) - Ref 855. Tomar precauciones o vías alternas.,2026-07-06 07:30:00,false
INC_0855,TRM_172_203_0855,Accidente,Reporte de Accidente vial obstruyendo carril en el tramo Tramo Ruta Nacional RN-1 (Comitancillo - Nentón) - Ref 856. Tomar precauciones o vías alternas.,2026-07-06 09:30:00,false
INC_0856,TRM_173_204_0856,Fuerte,Reporte de Fuerte neblina y lluvias en el tramo Tramo CA-1 Occidente (San Miguel Ixtahuacán - San Pedro Necta) - Ref 857. Tomar precauciones o vías alternas.,2026-07-06 06:30:00,true
INC_0857,TRM_174_205_0857,Inundación,Reporte de Inundación por desborde de río en el tramo Tramo RN-7 Cobán-Quiché (Concepción Tutuapa - Jacaltenango) - Ref 858. Tomar precauciones o vías alternas.,2026-07-06 02:30:00,false
INC_0858,TRM_175_206_0858,Derrumbe,Reporte de Derrumbe activo en el tramo Tramo RN-7 Cobán-Quiché (Tacaná - Soloma) - Ref 859. Tomar precauciones o vías alternas.,2026-07-06 03:30:00,true
INC_0859,TRM_176_207_0859,Bloqueo,Reporte de Bloqueo de carreteras por manifestación en el tramo Tramo RN-7 Cobán-Quiché (Sibinal - Ixtahuacán) - Ref 860. Tomar precauciones o vías alternas.,2026-07-06 20:30:00,true
INC_0860,TRM_177_208_0860,Trabajos,Reporte de Trabajos de bacheo en el tramo Tramo RN-11 Panajachel (Tajumulco - Santa Bárbara) - Ref 861. Tomar precauciones o vías alternas.,2026-07-06 07:30:00,false
INC_0861,TRM_178_209_0861,Accidente,Reporte de Accidente vial obstruyendo carril en el tramo Tramo RN-9 Salcajá (Tejutla - La Libertad) - Ref 862. Tomar precauciones o vías alternas.,2026-07-06 02:30:00,false
INC_0862,TRM_179_210_0862,Fuerte,Reporte de Fuerte neblina y lluvias en el tramo Tramo RN-11 Panajachel (San Rafael Pie de la Cuesta - La Democracia) - Ref 863. Tomar precauciones o vías alternas.,2026-07-06 18:30:00,false
INC_0863,TRM_180_211_0863,Inundación,Reporte de Inundación por desborde de río en el tramo Tramo RN-15 Sacapulas (Nuevo Progreso - San Miguel Acatán) - Ref 864. Tomar precauciones o vías alternas.,2026-07-06 21:30:00,true
INC_0864,TRM_181_212_0864,Derrumbe,Reporte de Derrumbe activo en el tramo Tramo RN-15 Sacapulas (El Tumbador - San Rafael La Independencia) - Ref 865. Tomar precauciones o vías alternas.,2026-07-06 05:30:00,false
INC_0865,TRM_182_213_0865,Bloqueo,Reporte de Bloqueo de carreteras por manifestación en el tramo Tramo RN-11 Panajachel (El Rodeo - Todos Santos Cuchumatán) - Ref 866. Tomar precauciones o vías alternas.,2026-07-06 09:30:00,true
INC_0866,TRM_183_214_0866,Trabajos,Reporte de Trabajos de bacheo en el tramo Tramo RN-11 Panajachel (Malacatán - San Juan Atitán) - Ref 867. Tomar precauciones o vías alternas.,2026-07-06 04:30:00,true
INC_0867,TRM_184_215_0867,Accidente,Reporte de Accidente vial obstruyendo carril en el tramo Tramo CA-1 Occidente (Catarina - Santa Eulalia) - Ref 868. Tomar precauciones o vías alternas.,2026-07-06 12:30:00,true
INC_0868,TRM_185_216_0868,Fuerte,Reporte de Fuerte neblina y lluvias en el tramo Tramo RN-9 Salcajá (Ayutla - San Mateo Ixtatán) - Ref 869. Tomar precauciones o vías alternas.,2026-07-06 20:30:00,true
INC_0869,TRM_186_217_0869,Inundación,Reporte de Inundación por desborde de río en el tramo Tramo RN-7 Cobán-Quiché (Ocós - Colotenango) - Ref 870. Tomar precauciones o vías alternas.,2026-07-06 03:30:00,false
INC_0870,TRM_187_218_0870,Derrumbe,Reporte de Derrumbe activo en el tramo Tramo RN-7 Cobán-Quiché (San Pablo - San Sebastián Huehuetenango) - Ref 871. Tomar precauciones o vías alternas.,2026-07-06 17:30:00,false
INC_0871,TRM_188_219_0871,Bloqueo,Reporte de Bloqueo de carreteras por manifestación en el tramo Tramo RN-9 Salcajá (El Quetzal - Tectitán) - Ref 872. Tomar precauciones o vías alternas.,2026-07-06 02:30:00,false
INC_0872,TRM_189_220_0872,Trabajos,Reporte de Trabajos de bacheo en el tramo Tramo RN-9 Salcajá (La Reforma - Concepción Huista) - Ref 873. Tomar precauciones o vías alternas.,2026-07-06 13:30:00,false
INC_0873,TRM_190_221_0873,Accidente,Reporte de Accidente vial obstruyendo carril en el tramo Tramo RN-9 Salcajá (Pajapita - San Juan Ixcoy) - Ref 874. Tomar precauciones o vías alternas.,2026-07-06 11:30:00,true
INC_0874,TRM_191_222_0874,Fuerte,Reporte de Fuerte neblina y lluvias en el tramo Tramo RN-7 Cobán-Quiché (Ixchiguán - San Antonio Huista) - Ref 875. Tomar precauciones o vías alternas.,2026-07-06 03:30:00,true
INC_0875,TRM_192_223_0875,Inundación,Reporte de Inundación por desborde de río en el tramo Tramo Ruta Nacional RN-1 (San José Ojetenam - San Sebastián Coatán) - Ref 876. Tomar precauciones o vías alternas.,2026-07-06 20:30:00,true
INC_0876,TRM_193_224_0876,Derrumbe,Reporte de Derrumbe activo en el tramo Tramo Ruta Nacional RN-1 (San Cristóbal Cucho - Barillas) - Ref 877. Tomar precauciones o vías alternas.,2026-07-06 16:30:00,false
INC_0877,TRM_194_225_0877,Bloqueo,Reporte de Bloqueo de carreteras por manifestación en el tramo Tramo RN-9 Salcajá (Sipacapa - Aguacatán) - Ref 878. Tomar precauciones o vías alternas.,2026-07-06 07:30:00,true
INC_0878,TRM_195_226_0878,Trabajos,Reporte de Trabajos de bacheo en el tramo Tramo RN-11 Panajachel (Esquipulas Palo Gordo - San Rafael Petzal) - Ref 879. Tomar precauciones o vías alternas.,2026-07-06 22:30:00,false
INC_0879,TRM_196_227_0879,Accidente,Reporte de Accidente vial obstruyendo carril en el tramo Tramo RN-15 Sacapulas (Río Blanco - San Gaspar Ixchil) - Ref 880. Tomar precauciones o vías alternas.,2026-07-06 07:30:00,true
INC_0880,TRM_197_228_0880,Fuerte,Reporte de Fuerte neblina y lluvias en el tramo Tramo RN-9 Salcajá (San Lorenzo - Santiago Chimaltenango) - Ref 881. Tomar precauciones o vías alternas.,2026-07-06 19:30:00,true
INC_0881,TRM_198_229_0881,Inundación,Reporte de Inundación por desborde de río en el tramo Tramo Ruta Nacional RN-1 (La Blanca - Santa Ana Huista) - Ref 882. Tomar precauciones o vías alternas.,2026-07-06 13:30:00,false
INC_0882,TRM_199_230_0882,Derrumbe,Reporte de Derrumbe activo en el tramo Tramo Ruta Nacional RN-1 (Huehuetenango - Unión Cantinil) - Ref 883. Tomar precauciones o vías alternas.,2026-07-06 01:30:00,false
INC_0883,TRM_200_231_0883,Bloqueo,Reporte de Bloqueo de carreteras por manifestación en el tramo Tramo RN-9 Salcajá (Chiantla - Petatán) - Ref 884. Tomar precauciones o vías alternas.,2026-07-06 15:30:00,true
INC_0884,TRM_201_232_0884,Trabajos,Reporte de Trabajos de bacheo en el tramo Tramo Ruta Nacional RN-1 (Malacatancito - Santa Cruz del Quiché) - Ref 885. Tomar precauciones o vías alternas.,2026-07-06 10:30:00,false
INC_0885,TRM_202_233_0885,Accidente,Reporte de Accidente vial obstruyendo carril en el tramo Tramo RN-11 Panajachel (Cuilco - Chiché) - Ref 886. Tomar precauciones o vías alternas.,2026-07-06 01:30:00,true
INC_0886,TRM_203_234_0886,Fuerte,Reporte de Fuerte neblina y lluvias en el tramo Tramo CA-1 Occidente (Nentón - Chinique) - Ref 887. Tomar precauciones o vías alternas.,2026-07-06 07:30:00,false
INC_0887,TRM_204_235_0887,Inundación,Reporte de Inundación por desborde de río en el tramo Tramo RN-7 Cobán-Quiché (San Pedro Necta - Zacualpa) - Ref 888. Tomar precauciones o vías alternas.,2026-07-06 14:30:00,false
INC_0888,TRM_205_236_0888,Derrumbe,Reporte de Derrumbe activo en el tramo Tramo CA-1 Occidente (Jacaltenango - Chajul) - Ref 889. Tomar precauciones o vías alternas.,2026-07-06 22:30:00,false
INC_0889,TRM_206_237_0889,Bloqueo,Reporte de Bloqueo de carreteras por manifestación en el tramo Tramo RN-7 Cobán-Quiché (Soloma - Chichicastenango) - Ref 890. Tomar precauciones o vías alternas.,2026-07-06 13:30:00,false
INC_0890,TRM_207_238_0890,Trabajos,Reporte de Trabajos de bacheo en el tramo Tramo RN-7 Cobán-Quiché (Ixtahuacán - Patzité) - Ref 891. Tomar precauciones o vías alternas.,2026-07-06 13:30:00,false
INC_0891,TRM_208_239_0891,Accidente,Reporte de Accidente vial obstruyendo carril en el tramo Tramo RN-9 Salcajá (Santa Bárbara - San Antonio Ilotenango) - Ref 892. Tomar precauciones o vías alternas.,2026-07-06 04:30:00,true
INC_0892,TRM_209_240_0892,Fuerte,Reporte de Fuerte neblina y lluvias en el tramo Tramo Ruta Nacional RN-1 (La Libertad - San Pedro Jocopilas) - Ref 893. Tomar precauciones o vías alternas.,2026-07-06 01:30:00,false
INC_0893,TRM_210_241_0893,Inundación,Reporte de Inundación por desborde de río en el tramo Tramo RN-7 Cobán-Quiché (La Democracia - Cunén) - Ref 894. Tomar precauciones o vías alternas.,2026-07-06 05:30:00,false
INC_0894,TRM_211_242_0894,Derrumbe,Reporte de Derrumbe activo en el tramo Tramo Ruta Nacional RN-1 (San Miguel Acatán - San Juan Cotzal) - Ref 895. Tomar precauciones o vías alternas.,2026-07-06 03:30:00,true
INC_0895,TRM_212_243_0895,Bloqueo,Reporte de Bloqueo de carreteras por manifestación en el tramo Tramo Ruta Nacional RN-1 (San Rafael La Independencia - Joyabaj) - Ref 896. Tomar precauciones o vías alternas.,2026-07-06 10:30:00,false
INC_0896,TRM_213_244_0896,Trabajos,Reporte de Trabajos de bacheo en el tramo Tramo RN-15 Sacapulas (Todos Santos Cuchumatán - Nebaj) - Ref 897. Tomar precauciones o vías alternas.,2026-07-06 04:30:00,false
INC_0897,TRM_214_245_0897,Accidente,Reporte de Accidente vial obstruyendo carril en el tramo Tramo RN-15 Sacapulas (San Juan Atitán - San Andrés Sajcabajá) - Ref 898. Tomar precauciones o vías alternas.,2026-07-06 08:30:00,true
INC_0898,TRM_215_246_0898,Fuerte,Reporte de Fuerte neblina y lluvias en el tramo Tramo Ruta Nacional RN-1 (Santa Eulalia - Uspantán) - Ref 899. Tomar precauciones o vías alternas.,2026-07-06 22:30:00,true
INC_0899,TRM_216_247_0899,Inundación,Reporte de Inundación por desborde de río en el tramo Tramo RN-7 Cobán-Quiché (San Mateo Ixtatán - Sacapulas) - Ref 900. Tomar precauciones o vías alternas.,2026-07-06 02:30:00,true
INC_0900,TRM_217_248_0900,Derrumbe,Reporte de Derrumbe activo en el tramo Tramo CA-1 Occidente (Colotenango - San Bartolomé Jocotenango) - Ref 901. Tomar precauciones o vías alternas.,2026-07-06 02:30:00,true
INC_0901,TRM_218_249_0901,Bloqueo,Reporte de Bloqueo de carreteras por manifestación en el tramo Tramo RN-11 Panajachel (San Sebastián Huehuetenango - Canillá) - Ref 902. Tomar precauciones o vías alternas.,2026-07-06 02:30:00,true
INC_0902,TRM_219_250_0902,Trabajos,Reporte de Trabajos de bacheo en el tramo Tramo RN-11 Panajachel (Tectitán - Chicamán) - Ref 903. Tomar precauciones o vías alternas.,2026-07-06 12:30:00,false
INC_0903,TRM_220_251_0903,Accidente,Reporte de Accidente vial obstruyendo carril en el tramo Tramo RN-11 Panajachel (Concepción Huista - Ixcán) - Ref 904. Tomar precauciones o vías alternas.,2026-07-06 09:30:00,false
INC_0904,TRM_221_252_0904,Fuerte,Reporte de Fuerte neblina y lluvias en el tramo Tramo RN-7 Cobán-Quiché (San Juan Ixcoy - Pachalum) - Ref 905. Tomar precauciones o vías alternas.,2026-07-06 18:30:00,false
INC_0905,TRM_222_253_0905,Inundación,Reporte de Inundación por desborde de río en el tramo Tramo RN-7 Cobán-Quiché (San Antonio Huista - Salamá) - Ref 906. Tomar precauciones o vías alternas.,2026-07-06 05:30:00,true
INC_0906,TRM_223_254_0906,Derrumbe,Reporte de Derrumbe activo en el tramo Tramo RN-9 Salcajá (San Sebastián Coatán - San Miguel Chicaj) - Ref 907. Tomar precauciones o vías alternas.,2026-07-06 04:30:00,false
INC_0907,TRM_224_255_0907,Bloqueo,Reporte de Bloqueo de carreteras por manifestación en el tramo Tramo RN-9 Salcajá (Barillas - Rabinal) - Ref 908. Tomar precauciones o vías alternas.,2026-07-06 23:30:00,false
INC_0908,TRM_225_256_0908,Trabajos,Reporte de Trabajos de bacheo en el tramo Tramo RN-7 Cobán-Quiché (Aguacatán - Cubulco) - Ref 909. Tomar precauciones o vías alternas.,2026-07-06 03:30:00,true
INC_0909,TRM_226_257_0909,Accidente,Reporte de Accidente vial obstruyendo carril en el tramo Tramo CA-1 Occidente (San Rafael Petzal - Granados) - Ref 910. Tomar precauciones o vías alternas.,2026-07-06 16:30:00,false
INC_0910,TRM_227_258_0910,Fuerte,Reporte de Fuerte neblina y lluvias en el tramo Tramo CA-1 Occidente (San Gaspar Ixchil - El Chol) - Ref 911. Tomar precauciones o vías alternas.,2026-07-06 21:30:00,false
INC_0911,TRM_228_259_0911,Inundación,Reporte de Inundación por desborde de río en el tramo Tramo RN-9 Salcajá (Santiago Chimaltenango - San Jerónimo) - Ref 912. Tomar precauciones o vías alternas.,2026-07-06 15:30:00,true
INC_0912,TRM_229_260_0912,Derrumbe,Reporte de Derrumbe activo en el tramo Tramo Ruta Nacional RN-1 (Santa Ana Huista - Purulhá) - Ref 913. Tomar precauciones o vías alternas.,2026-07-06 02:30:00,false
INC_0913,TRM_230_261_0913,Bloqueo,Reporte de Bloqueo de carreteras por manifestación en el tramo Tramo CA-1 Occidente (Unión Cantinil - Cobán) - Ref 914. Tomar precauciones o vías alternas.,2026-07-06 02:30:00,true
INC_0914,TRM_231_262_0914,Trabajos,Reporte de Trabajos de bacheo en el tramo Tramo RN-7 Cobán-Quiché (Petatán - Santa Cruz Verapaz) - Ref 915. Tomar precauciones o vías alternas.,2026-07-06 05:30:00,true
INC_0915,TRM_232_263_0915,Accidente,Reporte de Accidente vial obstruyendo carril en el tramo Tramo CA-1 Occidente (Santa Cruz del Quiché - San Cristóbal Verapaz) - Ref 916. Tomar precauciones o vías alternas.,2026-07-06 06:30:00,true
INC_0916,TRM_233_264_0916,Fuerte,Reporte de Fuerte neblina y lluvias en el tramo Tramo RN-7 Cobán-Quiché (Chiché - Tactic) - Ref 917. Tomar precauciones o vías alternas.,2026-07-06 16:30:00,true
INC_0917,TRM_234_265_0917,Inundación,Reporte de Inundación por desborde de río en el tramo Tramo RN-7 Cobán-Quiché (Chinique - Tamahú) - Ref 918. Tomar precauciones o vías alternas.,2026-07-06 09:30:00,false
INC_0918,TRM_235_266_0918,Derrumbe,Reporte de Derrumbe activo en el tramo Tramo RN-11 Panajachel (Zacualpa - Tucurú) - Ref 919. Tomar precauciones o vías alternas.,2026-07-06 19:30:00,false
INC_0919,TRM_236_267_0919,Bloqueo,Reporte de Bloqueo de carreteras por manifestación en el tramo Tramo RN-11 Panajachel (Chajul - Panzós) - Ref 920. Tomar precauciones o vías alternas.,2026-07-06 21:30:00,true
INC_0920,TRM_237_268_0920,Trabajos,Reporte de Trabajos de bacheo en el tramo Tramo RN-15 Sacapulas (Chichicastenango - Senahú) - Ref 921. Tomar precauciones o vías alternas.,2026-07-06 07:30:00,true
INC_0921,TRM_238_269_0921,Accidente,Reporte de Accidente vial obstruyendo carril en el tramo Tramo RN-11 Panajachel (Patzité - San Pedro Carchá) - Ref 922. Tomar precauciones o vías alternas.,2026-07-06 12:30:00,true
INC_0922,TRM_239_270_0922,Fuerte,Reporte de Fuerte neblina y lluvias en el tramo Tramo RN-7 Cobán-Quiché (San Antonio Ilotenango - San Juan Chamelco) - Ref 923. Tomar precauciones o vías alternas.,2026-07-06 20:30:00,true
INC_0923,TRM_240_271_0923,Inundación,Reporte de Inundación por desborde de río en el tramo Tramo CA-1 Occidente (San Pedro Jocopilas - Lanquín) - Ref 924. Tomar precauciones o vías alternas.,2026-07-06 06:30:00,true
INC_0924,TRM_241_272_0924,Derrumbe,Reporte de Derrumbe activo en el tramo Tramo RN-11 Panajachel (Cunén - Cahabón) - Ref 925. Tomar precauciones o vías alternas.,2026-07-06 04:30:00,true
INC_0925,TRM_242_273_0925,Bloqueo,Reporte de Bloqueo de carreteras por manifestación en el tramo Tramo RN-11 Panajachel (San Juan Cotzal - Chisec) - Ref 926. Tomar precauciones o vías alternas.,2026-07-06 06:30:00,true
INC_0926,TRM_243_274_0926,Trabajos,Reporte de Trabajos de bacheo en el tramo Tramo RN-15 Sacapulas (Joyabaj - Chahal) - Ref 927. Tomar precauciones o vías alternas.,2026-07-06 11:30:00,true
INC_0927,TRM_244_275_0927,Accidente,Reporte de Accidente vial obstruyendo carril en el tramo Tramo RN-15 Sacapulas (Nebaj - Fray Bartolomé de Las Casas) - Ref 928. Tomar precauciones o vías alternas.,2026-07-06 08:30:00,false
INC_0928,TRM_245_276_0928,Fuerte,Reporte de Fuerte neblina y lluvias en el tramo Tramo RN-11 Panajachel (San Andrés Sajcabajá - Santa Catalina La Tinta) - Ref 929. Tomar precauciones o vías alternas.,2026-07-06 11:30:00,false
INC_0929,TRM_246_277_0929,Inundación,Reporte de Inundación por desborde de río en el tramo Tramo RN-11 Panajachel (Uspantán - Raxruhá) - Ref 930. Tomar precauciones o vías alternas.,2026-07-06 14:30:00,true
INC_0930,TRM_247_278_0930,Derrumbe,Reporte de Derrumbe activo en el tramo Tramo RN-11 Panajachel (Sacapulas - Flores) - Ref 931. Tomar precauciones o vías alternas.,2026-07-06 18:30:00,false
INC_0931,TRM_248_279_0931,Bloqueo,Reporte de Bloqueo de carreteras por manifestación en el tramo Tramo CA-1 Occidente (San Bartolomé Jocotenango - San José) - Ref 932. Tomar precauciones o vías alternas.,2026-07-06 19:30:00,false
INC_0932,TRM_249_280_0932,Trabajos,Reporte de Trabajos de bacheo en el tramo Tramo Ruta Nacional RN-1 (Canillá - San Benito) - Ref 933. Tomar precauciones o vías alternas.,2026-07-06 04:30:00,false
INC_0933,TRM_250_281_0933,Accidente,Reporte de Accidente vial obstruyendo carril en el tramo Tramo CA-1 Occidente (Chicamán - San Andrés) - Ref 934. Tomar precauciones o vías alternas.,2026-07-06 23:30:00,true
INC_0934,TRM_251_282_0934,Fuerte,Reporte de Fuerte neblina y lluvias en el tramo Tramo RN-9 Salcajá (Ixcán - La Libertad) - Ref 935. Tomar precauciones o vías alternas.,2026-07-06 18:30:00,false
INC_0935,TRM_252_283_0935,Inundación,Reporte de Inundación por desborde de río en el tramo Tramo RN-7 Cobán-Quiché (Pachalum - San Francisco) - Ref 936. Tomar precauciones o vías alternas.,2026-07-06 11:30:00,true
INC_0936,TRM_253_284_0936,Derrumbe,Reporte de Derrumbe activo en el tramo Tramo RN-7 Cobán-Quiché (Salamá - Santa Ana) - Ref 937. Tomar precauciones o vías alternas.,2026-07-06 16:30:00,true
INC_0937,TRM_254_285_0937,Bloqueo,Reporte de Bloqueo de carreteras por manifestación en el tramo Tramo CA-1 Occidente (San Miguel Chicaj - Dolores) - Ref 938. Tomar precauciones o vías alternas.,2026-07-06 06:30:00,true
INC_0938,TRM_255_286_0938,Trabajos,Reporte de Trabajos de bacheo en el tramo Tramo RN-11 Panajachel (Rabinal - San Luis) - Ref 939. Tomar precauciones o vías alternas.,2026-07-06 21:30:00,true
INC_0939,TRM_256_287_0939,Accidente,Reporte de Accidente vial obstruyendo carril en el tramo Tramo Ruta Nacional RN-1 (Cubulco - Sayaxché) - Ref 940. Tomar precauciones o vías alternas.,2026-07-06 15:30:00,true
INC_0940,TRM_257_288_0940,Fuerte,Reporte de Fuerte neblina y lluvias en el tramo Tramo RN-15 Sacapulas (Granados - Melchor de Mencos) - Ref 941. Tomar precauciones o vías alternas.,2026-07-06 20:30:00,true
INC_0941,TRM_258_289_0941,Inundación,Reporte de Inundación por desborde de río en el tramo Tramo RN-9 Salcajá (El Chol - Poptún) - Ref 942. Tomar precauciones o vías alternas.,2026-07-06 09:30:00,false
INC_0942,TRM_259_290_0942,Derrumbe,Reporte de Derrumbe activo en el tramo Tramo RN-7 Cobán-Quiché (San Jerónimo - Las Cruces) - Ref 943. Tomar precauciones o vías alternas.,2026-07-06 19:30:00,false
INC_0943,TRM_260_291_0943,Bloqueo,Reporte de Bloqueo de carreteras por manifestación en el tramo Tramo CA-1 Occidente (Purulhá - El Chal) - Ref 944. Tomar precauciones o vías alternas.,2026-07-06 21:30:00,true
INC_0944,TRM_261_292_0944,Trabajos,Reporte de Trabajos de bacheo en el tramo Tramo RN-11 Panajachel (Cobán - Puerto Barrios) - Ref 945. Tomar precauciones o vías alternas.,2026-07-06 19:30:00,false
INC_0945,TRM_262_293_0945,Accidente,Reporte de Accidente vial obstruyendo carril en el tramo Tramo Ruta Nacional RN-1 (Santa Cruz Verapaz - Lívingston) - Ref 946. Tomar precauciones o vías alternas.,2026-07-06 10:30:00,true
INC_0946,TRM_263_294_0946,Fuerte,Reporte de Fuerte neblina y lluvias en el tramo Tramo Ruta Nacional RN-1 (San Cristóbal Verapaz - El Estor) - Ref 947. Tomar precauciones o vías alternas.,2026-07-06 15:30:00,false
INC_0947,TRM_264_295_0947,Inundación,Reporte de Inundación por desborde de río en el tramo Tramo RN-9 Salcajá (Tactic - Morales) - Ref 948. Tomar precauciones o vías alternas.,2026-07-06 23:30:00,false
INC_0948,TRM_265_296_0948,Derrumbe,Reporte de Derrumbe activo en el tramo Tramo RN-11 Panajachel (Tamahú - Los Amates) - Ref 949. Tomar precauciones o vías alternas.,2026-07-06 06:30:00,false
INC_0949,TRM_266_297_0949,Bloqueo,Reporte de Bloqueo de carreteras por manifestación en el tramo Tramo RN-9 Salcajá (Tucurú - Zacapa) - Ref 950. Tomar precauciones o vías alternas.,2026-07-06 03:30:00,false
INC_0950,TRM_267_298_0950,Trabajos,Reporte de Trabajos de bacheo en el tramo Tramo RN-7 Cobán-Quiché (Panzós - Estanzuela) - Ref 951. Tomar precauciones o vías alternas.,2026-07-06 13:30:00,false
INC_0951,TRM_268_299_0951,Accidente,Reporte de Accidente vial obstruyendo carril en el tramo Tramo CA-1 Occidente (Senahú - Río Hondo) - Ref 952. Tomar precauciones o vías alternas.,2026-07-06 17:30:00,true
INC_0952,TRM_269_300_0952,Fuerte,Reporte de Fuerte neblina y lluvias en el tramo Tramo RN-7 Cobán-Quiché (San Pedro Carchá - Gualán) - Ref 953. Tomar precauciones o vías alternas.,2026-07-06 03:30:00,false
INC_0953,TRM_270_301_0953,Inundación,Reporte de Inundación por desborde de río en el tramo Tramo Ruta Nacional RN-1 (San Juan Chamelco - Teculután) - Ref 954. Tomar precauciones o vías alternas.,2026-07-06 23:30:00,true
INC_0954,TRM_271_302_0954,Derrumbe,Reporte de Derrumbe activo en el tramo Tramo CA-1 Occidente (Lanquín - Usumatlán) - Ref 955. Tomar precauciones o vías alternas.,2026-07-06 04:30:00,true
INC_0955,TRM_272_303_0955,Bloqueo,Reporte de Bloqueo de carreteras por manifestación en el tramo Tramo CA-1 Occidente (Cahabón - Cabañas) - Ref 956. Tomar precauciones o vías alternas.,2026-07-06 12:30:00,false
INC_0956,TRM_273_304_0956,Trabajos,Reporte de Trabajos de bacheo en el tramo Tramo CA-1 Occidente (Chisec - San Diego) - Ref 957. Tomar precauciones o vías alternas.,2026-07-06 19:30:00,true
INC_0957,TRM_274_305_0957,Accidente,Reporte de Accidente vial obstruyendo carril en el tramo Tramo Ruta Nacional RN-1 (Chahal - La Unión) - Ref 958. Tomar precauciones o vías alternas.,2026-07-06 15:30:00,false
INC_0958,TRM_275_306_0958,Fuerte,Reporte de Fuerte neblina y lluvias en el tramo Tramo RN-9 Salcajá (Fray Bartolomé de Las Casas - Huité) - Ref 959. Tomar precauciones o vías alternas.,2026-07-06 22:30:00,true
INC_0959,TRM_276_307_0959,Inundación,Reporte de Inundación por desborde de río en el tramo Tramo Ruta Nacional RN-1 (Santa Catalina La Tinta - San Jorge) - Ref 960. Tomar precauciones o vías alternas.,2026-07-06 09:30:00,true
INC_0960,TRM_277_308_0960,Derrumbe,Reporte de Derrumbe activo en el tramo Tramo Ruta Nacional RN-1 (Raxruhá - Chiquimula) - Ref 961. Tomar precauciones o vías alternas.,2026-07-06 15:30:00,true
INC_0961,TRM_278_309_0961,Bloqueo,Reporte de Bloqueo de carreteras por manifestación en el tramo Tramo RN-11 Panajachel (Flores - San José La Arada) - Ref 962. Tomar precauciones o vías alternas.,2026-07-06 16:30:00,false
INC_0962,TRM_279_310_0962,Trabajos,Reporte de Trabajos de bacheo en el tramo Tramo RN-15 Sacapulas (San José - San Juan Ermita) - Ref 963. Tomar precauciones o vías alternas.,2026-07-06 16:30:00,false
INC_0963,TRM_280_311_0963,Accidente,Reporte de Accidente vial obstruyendo carril en el tramo Tramo CA-1 Occidente (San Benito - Jocotán) - Ref 964. Tomar precauciones o vías alternas.,2026-07-06 13:30:00,true
INC_0964,TRM_281_312_0964,Fuerte,Reporte de Fuerte neblina y lluvias en el tramo Tramo RN-7 Cobán-Quiché (San Andrés - Camotán) - Ref 965. Tomar precauciones o vías alternas.,2026-07-06 08:30:00,true
INC_0965,TRM_282_313_0965,Inundación,Reporte de Inundación por desborde de río en el tramo Tramo RN-9 Salcajá (La Libertad - Olopa) - Ref 966. Tomar precauciones o vías alternas.,2026-07-06 09:30:00,false
INC_0966,TRM_283_314_0966,Derrumbe,Reporte de Derrumbe activo en el tramo Tramo Ruta Nacional RN-1 (San Francisco - Esquipulas) - Ref 967. Tomar precauciones o vías alternas.,2026-07-06 19:30:00,false
INC_0967,TRM_284_315_0967,Bloqueo,Reporte de Bloqueo de carreteras por manifestación en el tramo Tramo Ruta Nacional RN-1 (Santa Ana - Concepción Las Minas) - Ref 968. Tomar precauciones o vías alternas.,2026-07-06 15:30:00,true
INC_0968,TRM_285_316_0968,Trabajos,Reporte de Trabajos de bacheo en el tramo Tramo CA-1 Occidente (Dolores - Quezaltepeque) - Ref 969. Tomar precauciones o vías alternas.,2026-07-06 05:30:00,true
INC_0969,TRM_286_317_0969,Accidente,Reporte de Accidente vial obstruyendo carril en el tramo Tramo RN-7 Cobán-Quiché (San Luis - San Jacinto) - Ref 970. Tomar precauciones o vías alternas.,2026-07-06 15:30:00,false
INC_0970,TRM_287_318_0970,Fuerte,Reporte de Fuerte neblina y lluvias en el tramo Tramo RN-9 Salcajá (Sayaxché - Ipala) - Ref 971. Tomar precauciones o vías alternas.,2026-07-06 12:30:00,true
INC_0971,TRM_288_319_0971,Inundación,Reporte de Inundación por desborde de río en el tramo Tramo RN-11 Panajachel (Melchor de Mencos - Jalapa) - Ref 972. Tomar precauciones o vías alternas.,2026-07-06 21:30:00,true
INC_0972,TRM_289_320_0972,Derrumbe,Reporte de Derrumbe activo en el tramo Tramo RN-15 Sacapulas (Poptún - San Pedro Pinula) - Ref 973. Tomar precauciones o vías alternas.,2026-07-06 06:30:00,false
INC_0973,TRM_290_321_0973,Bloqueo,Reporte de Bloqueo de carreteras por manifestación en el tramo Tramo RN-7 Cobán-Quiché (Las Cruces - San Luis Jilotepeque) - Ref 974. Tomar precauciones o vías alternas.,2026-07-06 09:30:00,false
INC_0974,TRM_291_322_0974,Trabajos,Reporte de Trabajos de bacheo en el tramo Tramo RN-15 Sacapulas (El Chal - San Manuel Chaparrón) - Ref 975. Tomar precauciones o vías alternas.,2026-07-06 14:30:00,true
INC_0975,TRM_292_323_0975,Accidente,Reporte de Accidente vial obstruyendo carril en el tramo Tramo RN-15 Sacapulas (Puerto Barrios - San Carlos Alzatate) - Ref 976. Tomar precauciones o vías alternas.,2026-07-06 18:30:00,true
INC_0976,TRM_293_324_0976,Fuerte,Reporte de Fuerte neblina y lluvias en el tramo Tramo RN-7 Cobán-Quiché (Lívingston - Monjas) - Ref 977. Tomar precauciones o vías alternas.,2026-07-06 04:30:00,false
INC_0977,TRM_294_325_0977,Inundación,Reporte de Inundación por desborde de río en el tramo Tramo Ruta Nacional RN-1 (El Estor - Mataquescuintla) - Ref 978. Tomar precauciones o vías alternas.,2026-07-06 05:30:00,false
INC_0978,TRM_295_326_0978,Derrumbe,Reporte de Derrumbe activo en el tramo Tramo RN-7 Cobán-Quiché (Morales - Jutiapa) - Ref 979. Tomar precauciones o vías alternas.,2026-07-06 21:30:00,false
INC_0979,TRM_296_327_0979,Bloqueo,Reporte de Bloqueo de carreteras por manifestación en el tramo Tramo RN-7 Cobán-Quiché (Los Amates - El Progreso) - Ref 980. Tomar precauciones o vías alternas.,2026-07-06 23:30:00,true
INC_0980,TRM_297_328_0980,Trabajos,Reporte de Trabajos de bacheo en el tramo Tramo Ruta Nacional RN-1 (Zacapa - Santa Catarina Mita) - Ref 981. Tomar precauciones o vías alternas.,2026-07-06 01:30:00,true
INC_0981,TRM_298_329_0981,Accidente,Reporte de Accidente vial obstruyendo carril en el tramo Tramo RN-9 Salcajá (Estanzuela - Agua Blanca) - Ref 982. Tomar precauciones o vías alternas.,2026-07-06 21:30:00,true
INC_0982,TRM_299_330_0982,Fuerte,Reporte de Fuerte neblina y lluvias en el tramo Tramo RN-7 Cobán-Quiché (Río Hondo - Asunción Mita) - Ref 983. Tomar precauciones o vías alternas.,2026-07-06 09:30:00,true
INC_0983,TRM_300_331_0983,Inundación,Reporte de Inundación por desborde de río en el tramo Tramo CA-1 Occidente (Gualán - Yupiltepeque) - Ref 984. Tomar precauciones o vías alternas.,2026-07-06 17:30:00,true
INC_0984,TRM_301_332_0984,Derrumbe,Reporte de Derrumbe activo en el tramo Tramo Ruta Nacional RN-1 (Teculután - Atescatempa) - Ref 985. Tomar precauciones o vías alternas.,2026-07-06 05:30:00,false
INC_0985,TRM_302_333_0985,Bloqueo,Reporte de Bloqueo de carreteras por manifestación en el tramo Tramo Ruta Nacional RN-1 (Usumatlán - Jerez) - Ref 986. Tomar precauciones o vías alternas.,2026-07-06 22:30:00,false
INC_0986,TRM_303_334_0986,Trabajos,Reporte de Trabajos de bacheo en el tramo Tramo RN-9 Salcajá (Cabañas - El Adelanto) - Ref 987. Tomar precauciones o vías alternas.,2026-07-06 07:30:00,true
INC_0987,TRM_304_335_0987,Accidente,Reporte de Accidente vial obstruyendo carril en el tramo Tramo Ruta Nacional RN-1 (San Diego - Zapotitlán) - Ref 988. Tomar precauciones o vías alternas.,2026-07-06 17:30:00,false
INC_0988,TRM_305_336_0988,Fuerte,Reporte de Fuerte neblina y lluvias en el tramo Tramo RN-7 Cobán-Quiché (La Unión - Comapa) - Ref 989. Tomar precauciones o vías alternas.,2026-07-06 21:30:00,true
INC_0989,TRM_306_337_0989,Inundación,Reporte de Inundación por desborde de río en el tramo Tramo CA-1 Occidente (Huité - Jalpatagua) - Ref 990. Tomar precauciones o vías alternas.,2026-07-06 01:30:00,false
INC_0990,TRM_307_338_0990,Derrumbe,Reporte de Derrumbe activo en el tramo Tramo RN-15 Sacapulas (San Jorge - Conguaco) - Ref 991. Tomar precauciones o vías alternas.,2026-07-06 15:30:00,false
INC_0991,TRM_308_339_0991,Bloqueo,Reporte de Bloqueo de carreteras por manifestación en el tramo Tramo RN-15 Sacapulas (Chiquimula - Moyuta) - Ref 992. Tomar precauciones o vías alternas.,2026-07-06 10:30:00,false
INC_0992,TRM_309_340_0992,Trabajos,Reporte de Trabajos de bacheo en el tramo Tramo RN-11 Panajachel (San José La Arada - Pasaco) - Ref 993. Tomar precauciones o vías alternas.,2026-07-06 08:30:00,false
INC_0993,TRM_310_341_0993,Accidente,Reporte de Accidente vial obstruyendo carril en el tramo Tramo CA-1 Occidente (San Juan Ermita - San José Acatempa) - Ref 994. Tomar precauciones o vías alternas.,2026-07-06 15:30:00,false
INC_0994,TRM_311_342_0994,Fuerte,Reporte de Fuerte neblina y lluvias en el tramo Tramo RN-7 Cobán-Quiché (Jocotán - Quesada) - Ref 995. Tomar precauciones o vías alternas.,2026-07-06 03:30:00,false
INC_0995,TRM_312_1_0995,Inundación,Reporte de Inundación por desborde de río en el tramo Tramo Ruta Nacional RN-1 (Camotán - Lago De Amatitlan) - Ref 996. Tomar precauciones o vías alternas.,2026-07-06 07:30:00,true
INC_0996,TRM_313_2_0996,Derrumbe,Reporte de Derrumbe activo en el tramo Tramo RN-9 Salcajá (Olopa - Guatemala) - Ref 997. Tomar precauciones o vías alternas.,2026-07-06 19:30:00,false
INC_0997,TRM_314_3_0997,Bloqueo,Reporte de Bloqueo de carreteras por manifestación en el tramo Tramo Ruta Nacional RN-1 (Esquipulas - Santa Catarina Pinula) - Ref 998. Tomar precauciones o vías alternas.,2026-07-06 02:30:00,true
INC_0998,TRM_315_4_0998,Trabajos,Reporte de Trabajos de bacheo en el tramo Tramo RN-7 Cobán-Quiché (Concepción Las Minas - San José Pinula) - Ref 999. Tomar precauciones o vías alternas.,2026-07-06 03:30:00,false
INC_0999,TRM_316_5_0999,Accidente,Reporte de Accidente vial obstruyendo carril en el tramo Tramo RN-7 Cobán-Quiché (Quezaltepeque - San José del Golfo) - Ref 1000. Tomar precauciones o vías alternas.,2026-07-06 01:30:00,false
INC_1000,TRM_317_6_1000,Fuerte,Reporte de Fuerte neblina y lluvias en el tramo Tramo RN-15 Sacapulas (San Jacinto - Palencia) - Ref 1001. Tomar precauciones o vías alternas.,2026-07-06 03:30:00,false
INC_1001,TRM_318_7_1001,Inundación,Reporte de Inundación por desborde de río en el tramo Tramo RN-7 Cobán-Quiché (Ipala - Chinautla) - Ref 1002. Tomar precauciones o vías alternas.,2026-07-06 06:30:00,false
INC_1002,TRM_319_8_1002,Derrumbe,Reporte de Derrumbe activo en el tramo Tramo RN-11 Panajachel (Jalapa - San Pedro Ayampuc) - Ref 1003. Tomar precauciones o vías alternas.,2026-07-06 14:30:00,false
INC_1003,TRM_320_9_1003,Bloqueo,Reporte de Bloqueo de carreteras por manifestación en el tramo Tramo RN-7 Cobán-Quiché (San Pedro Pinula - Mixco) - Ref 1004. Tomar precauciones o vías alternas.,2026-07-06 03:30:00,false
INC_1004,TRM_321_10_1004,Trabajos,Reporte de Trabajos de bacheo en el tramo Tramo Ruta Nacional RN-1 (San Luis Jilotepeque - San Pedro Sacatepéquez) - Ref 1005. Tomar precauciones o vías alternas.,2026-07-06 14:30:00,true
INC_1005,TRM_322_11_1005,Accidente,Reporte de Accidente vial obstruyendo carril en el tramo Tramo RN-11 Panajachel (San Manuel Chaparrón - San Juan Sacatepéquez) - Ref 1006. Tomar precauciones o vías alternas.,2026-07-06 14:30:00,false
INC_1006,TRM_323_12_1006,Fuerte,Reporte de Fuerte neblina y lluvias en el tramo Tramo RN-15 Sacapulas (San Carlos Alzatate - San Raimundo) - Ref 1007. Tomar precauciones o vías alternas.,2026-07-06 11:30:00,false
INC_1007,TRM_324_13_1007,Inundación,Reporte de Inundación por desborde de río en el tramo Tramo RN-9 Salcajá (Monjas - Chuarrancho) - Ref 1008. Tomar precauciones o vías alternas.,2026-07-06 04:30:00,false
INC_1008,TRM_325_14_1008,Derrumbe,Reporte de Derrumbe activo en el tramo Tramo RN-7 Cobán-Quiché (Mataquescuintla - Fraijanes) - Ref 1009. Tomar precauciones o vías alternas.,2026-07-06 13:30:00,false
INC_1009,TRM_326_15_1009,Bloqueo,Reporte de Bloqueo de carreteras por manifestación en el tramo Tramo RN-7 Cobán-Quiché (Jutiapa - Amatitlán) - Ref 1010. Tomar precauciones o vías alternas.,2026-07-06 06:30:00,false
INC_1010,TRM_327_16_1010,Trabajos,Reporte de Trabajos de bacheo en el tramo Tramo RN-9 Salcajá (El Progreso - Villa Nueva) - Ref 1011. Tomar precauciones o vías alternas.,2026-07-06 06:30:00,false
INC_1011,TRM_328_17_1011,Accidente,Reporte de Accidente vial obstruyendo carril en el tramo Tramo Ruta Nacional RN-1 (Santa Catarina Mita - Villa Canales) - Ref 1012. Tomar precauciones o vías alternas.,2026-07-06 14:30:00,true
INC_1012,TRM_329_18_1012,Fuerte,Reporte de Fuerte neblina y lluvias en el tramo Tramo Ruta Nacional RN-1 (Agua Blanca - Petapa) - Ref 1013. Tomar precauciones o vías alternas.,2026-07-06 09:30:00,true
INC_1013,TRM_330_19_1013,Inundación,Reporte de Inundación por desborde de río en el tramo Tramo RN-15 Sacapulas (Asunción Mita - Guastatoya) - Ref 1014. Tomar precauciones o vías alternas.,2026-07-06 04:30:00,false
INC_1014,TRM_331_20_1014,Derrumbe,Reporte de Derrumbe activo en el tramo Tramo RN-11 Panajachel (Yupiltepeque - Morazán) - Ref 1015. Tomar precauciones o vías alternas.,2026-07-06 13:30:00,true
INC_1015,TRM_332_21_1015,Bloqueo,Reporte de Bloqueo de carreteras por manifestación en el tramo Tramo Ruta Nacional RN-1 (Atescatempa - San Agustín Acasaguastlán) - Ref 1016. Tomar precauciones o vías alternas.,2026-07-06 19:30:00,true
INC_1016,TRM_333_22_1016,Trabajos,Reporte de Trabajos de bacheo en el tramo Tramo RN-15 Sacapulas (Jerez - San Cristóbal Acasaguastlán) - Ref 1017. Tomar precauciones o vías alternas.,2026-07-06 18:30:00,false
INC_1017,TRM_334_23_1017,Accidente,Reporte de Accidente vial obstruyendo carril en el tramo Tramo RN-9 Salcajá (El Adelanto - El Jícaro) - Ref 1018. Tomar precauciones o vías alternas.,2026-07-06 06:30:00,true
INC_1018,TRM_335_24_1018,Fuerte,Reporte de Fuerte neblina y lluvias en el tramo Tramo RN-15 Sacapulas (Zapotitlán - Sanarate) - Ref 1019. Tomar precauciones o vías alternas.,2026-07-06 06:30:00,true
INC_1019,TRM_336_25_1019,Inundación,Reporte de Inundación por desborde de río en el tramo Tramo Ruta Nacional RN-1 (Comapa - Sansare) - Ref 1020. Tomar precauciones o vías alternas.,2026-07-06 20:30:00,false
